Brand,Model (Raw),Model (Clean),Slug,Track Sizes,Has Bottom Roller Data,Has Sprocket Data,Has Idler Data,Has Carrier Roller Data
"A.X.I.","FR300AA (Crane)","FR300AA","a.x.i.-fr300aa","300x55x82; 300x52.5x84","NO","NO","NO","NO"
"ACM","ME040","ME040","acm-me040","300x55x82; 300x52.5x84","NO","NO","NO","NO"
"ALLEN","AT14F","AT14F","allen-at14f","180x72x37","NO","NO","NO","NO"
"ALLEN","AT16","AT16","allen-at16","180x72x42","NO","NO","NO","NO"
"ALLtrack","AT1500","AT1500","alltrack-at1500","700x100x98","NO","NO","NO","NO"
"ALLtrack","AT2200","AT2200","alltrack-at2200","750x150x66","NO","NO","NO","NO"
"ASV","MD-70","MD-70","asv-md-70","457x101.6x56","NO","NO","NO","NO"
"ASV","POSI-TRAC 2800","POSI-TRAC2800","asv-posi-trac2800","457x101.6x56","NO","NO","NO","NO"
"ASV","POSI-TRAC 2810","POSI-TRAC2810","asv-posi-trac2810","457x101.6x56","NO","NO","NO","NO"
"ASV","POSI-TRAC 4800","POSI-TRAC4800","asv-posi-trac4800","457x101.6x56","NO","NO","NO","NO"
"ASV","POSI-TRAC 4810","POSI-TRAC4810","asv-posi-trac4810","457x101.6x56","NO","NO","NO","NO"
"ASV","POSI-TRAC HD4500","POSI-TRAC HD4500","asv-posi-trachd4500","457x101.6x56","NO","NO","NO","NO"
"ASV","POSI-TRAC HD4520","POSI-TRAC HD4520","asv-posi-trachd4520","457x101.6x56","NO","NO","NO","NO"
"ASV","PT 100","PT100","asv-pt100","457x101.6x56","NO","NO","NO","NO"
"ASV","PT 50","PT50","asv-pt50","381x101.6x42","NO","NO","NO","NO"
"ASV","PT 60","PT60","asv-pt60","381x101.6x42","NO","NO","NO","NO"
"ASV","PT 80","PT80","asv-pt80","457x101.6x51","NO","NO","NO","NO"
"ASV","RC 100","RC100","asv-rc100","457x101.6x50","NO","NO","NO","NO"
"ASV","RC 50","RC50","asv-rc50","381x101.6x42","NO","NO","NO","NO"
"ASV","RC 60","RC60","asv-rc60","381x101.6x42","NO","NO","NO","NO"
"ASV","RC 85","RC85","asv-rc85","457x101.6x50","NO","NO","NO","NO"
"ASV","RCV","RCV","asv-rcv","457x101.6x50","NO","NO","NO","NO"
"ASV","RT 50","RT50","asv-rt50","381x101.6x42","NO","NO","NO","NO"
"ASV","RT 65","RT65","asv-rt65","381x101.6x42","NO","NO","NO","NO"
"ASV","RT 75","RT75","asv-rt75","457x101.6x51","NO","NO","NO","NO"
"ASV","SC-50","SC-50","asv-sc-50","381x101.6x42","NO","NO","NO","NO"
"ASV","SR-80","SR-80","asv-sr-80","457x101.6x51","NO","NO","NO","NO"
"ASV","ST-50","ST-50","asv-st-50","381x101.6x42","NO","NO","NO","NO"
"ASV","VT-70","VT-70","asv-vt-70","381x101.6x42","NO","NO","NO","NO"
"ATN","ATN | PIAF450 (Platform - non-marking tracks)","ATN | PIAF450","atn-atnpiaf450","230x96x32; 230x48x64","NO","NO","NO","NO"
"ATN","ATN | PIAF560 (Platform - non-marking tracks)","ATN | PIAF560","atn-atnpiaf560","230x96x32; 230x48x64","NO","NO","NO","NO"
"ATN","ATN | PIAF800 (Platform - non-marking tracks)","ATN | PIAF800","atn-atnpiaf800","230x96x34; 230x48x68","NO","NO","NO","NO"
"ATN","ATN | PIAF810","ATN | PIAF810","atn-atnpiaf810","230x96x34; 230x48x68","NO","NO","NO","NO"
"ATN","ATN | PIAF811","ATN | PIAF811","atn-atnpiaf811","230x96x34; 230x48x68","NO","NO","NO","NO"
"Abbati","BBT954-5.16","BBT954-5.16","abbati-bbt954-516","180x72x37","NO","NO","NO","NO"
"Abbati","BBT954-5.17","BBT954-5.17","abbati-bbt954-517","180x60x38","NO","NO","NO","NO"
"Aces","HTC500 (Dumper)","HTC500","aces-htc500","180x60x37","NO","NO","NO","NO"
"Active","PT1300","PT1300","active-pt1300","180x60x30","NO","NO","NO","NO"
"Active","PT1320","PT1320","active-pt1320","180x60x34","NO","NO","NO","NO"
"Active","PT1460","PT1460","active-pt1460","180x60x37","NO","NO","NO","NO"
"Agri","DM10","DM10","agri-dm10","230x72x43","NO","NO","NO","NO"
"Aichi","FR300 (Crane)","FR300","aichi-fr300","300x55x82; 300x52.5x84","NO","NO","NO","NO"
"Aichi","RM040","RM040","aichi-rm040","200x72x42","NO","NO","NO","NO"
"Aichi","RV040 (Lifting platform)","RV040","aichi-rv040","200x72x42","NO","NO","NO","NO"
"Aichi","RV041 (Lifting platform)","RV041","aichi-rv041","200x72x42","NO","NO","NO","NO"
"Aichi","RV042 (Lifting platform)","RV042","aichi-rv042","230x72x50","NO","NO","NO","NO"
"Aichi","RV04A (Lifting platform)","RV04A","aichi-rv04a","230x72x42; 200x72x42","NO","NO","NO","NO"
"Aichi","RV060 (Lifting platform)","RV060","aichi-rv060","230x72x56","NO","NO","NO","NO"
"Aichi","RV061 (Lifting platform)","RV061","aichi-rv061","230x72x56","NO","NO","NO","NO"
"Airman","AX 17","AX17","airman-ax17","230x96x33; 230x48x66","NO","NO","NO","NO"
"Airman","AX 17 - 2","AX17 - 2","airman-ax17-2","230x96x33; 230x48x66","NO","NO","NO","NO"
"Airman","AX 17 - 2N","AX17 - 2N","airman-ax17-2n","230x96x33; 230x48x66","NO","NO","NO","NO"
"Airman","AX 17CGL-2N","AX17CGL-2N","airman-ax17cgl-2n","230x96x33; 230x48x66","NO","NO","NO","NO"
"Airman","AX 17U","AX17U","airman-ax17u","230x96x35; 230x48x70","NO","NO","NO","NO"
"Airman","AX08","AX08","airman-ax08","180x72x37","NO","NO","NO","NO"
"Airman","AX08-02","AX08-02","airman-ax08-02","180x72x37","NO","NO","NO","NO"
"Airman","AX08-2KT","AX08-2KT","airman-ax08-2kt","180x72x37","NO","NO","NO","NO"
"Airman","AX08GL-2","AX08GL-2","airman-ax08gl-2","180x72x37","NO","NO","NO","NO"
"Airman","AX10U","AX10U","airman-ax10u","180x72x40","NO","NO","NO","NO"
"Airman","AX12","AX12","airman-ax12","230x96x31; 230x48x62","NO","NO","NO","NO"
"Airman","AX12-2","AX12-2","airman-ax12-2","230x96x31; 230x48x62","NO","NO","NO","NO"
"Airman","AX15","AX15","airman-ax15","230x96x31; 230x48x62","NO","NO","NO","NO"
"Airman","AX15 U","AX15U","airman-ax15u","230x96x31; 230x48x62","NO","NO","NO","NO"
"Airman","AX15-2","AX15-2","airman-ax15-2","230x96x31; 230x48x62","NO","NO","NO","NO"
"Airman","AX16","AX16","airman-ax16","230x96x33; 230x48x63","NO","NO","NO","NO"
"Airman","AX16-2","AX16-2","airman-ax16-2","230x96x33; 230x48x66","NO","NO","NO","NO"
"Airman","AX16-3","AX16-3","airman-ax16-3","230x96x33; 230x48x66","NO","NO","NO","NO"
"Airman","AX16CBL-3","AX16CBL-3","airman-ax16cbl-3","230x96x33; 230x48x66","NO","NO","NO","NO"
"Airman","AX18-2","AX18-2","airman-ax18-2","250x52.5x73; 300x52.5x72","NO","NO","NO","NO"
"Airman","AX19U","AX19U","airman-ax19u","230x48x70","NO","NO","NO","NO"
"Airman","AX20-3","AX20-3","airman-ax20-3","250x107x38; 300x52.5x76","NO","NO","NO","NO"
"Airman","AX20U","AX20U","airman-ax20u","250x96x41; 250x47x84; 250x48x82","NO","NO","NO","NO"
"Airman","AX20UR","AX20UR","airman-ax20ur","250x107x38; 250x52.5x76; 300x52.5x76","NO","NO","NO","NO"
"Airman","AX22","AX22","airman-ax22","250x52.5x73; 300x52.5x72","NO","NO","NO","NO"
"Airman","AX22-1","AX22-1","airman-ax22-1","250x52.5x73; 300x52.5x72","NO","NO","NO","NO"
"Airman","AX22-2","AX22-2","airman-ax22-2","250x52.5x73; 300x52.5x72","NO","NO","NO","NO"
"Airman","AX22CGL","AX22CGL","airman-ax22cgl","250x52.5x73; 300x52.5x72","NO","NO","NO","NO"
"Airman","AX22UCGL","AX22UCGL","airman-ax22ucgl","250x52.5x73; 300x52.5x72","NO","NO","NO","NO"
"Airman","AX22UCGL4","AX22UCGL4","airman-ax22ucgl4","250x52.5x73; 300x52.5x72","NO","NO","NO","NO"
"Airman","AX25","AX25","airman-ax25","300x55x74; 250x52.5x76; 300x52.5x76","NO","NO","NO","NO"
"Airman","AX25-1","AX25-1","airman-ax25-1","300x55x74; 250x52.5x76; 300x52.5x76","NO","NO","NO","NO"
"Airman","AX25-2","AX25-2","airman-ax25-2","300x55x74; 250x52.5x76; 300x52.5x76","NO","NO","NO","NO"
"Airman","AX25-3","AX25-3","airman-ax25-3","250x52.5x73; 300x52.5x72","NO","NO","NO","NO"
"Airman","AX26U-6","AX26U-6","airman-ax26u-6","300x52.5x80","NO","NO","NO","NO"
"Airman","AX27","AX27","airman-ax27","300x52.5x78","NO","NO","NO","NO"
"Airman","AX27U","AX27U","airman-ax27u","300x52.5x78","NO","NO","NO","NO"
"Airman","AX27U-4","AX27U-4","airman-ax27u-4","300x52.5x80","NO","NO","NO","NO"
"Airman","AX29UCGL","AX29UCGL","airman-ax29ucgl","300x52.5x78","NO","NO","NO","NO"
"Airman","AX30","AX30","airman-ax30","300x55x80; 300x52.5x82","NO","NO","NO","NO"
"Airman","AX30-1","AX30-1","airman-ax30-1","300x52.5x82; 300x52.5x86","NO","NO","NO","NO"
"Airman","AX30-2","AX30-2","airman-ax30-2","300x55x80; 300x52.5x82","NO","NO","NO","NO"
"Airman","AX30-3","AX30-3","airman-ax30-3","300x52.5x82","NO","NO","NO","NO"
"Airman","AX30U-4","AX30U-4","airman-ax30u-4","300x52.5x86","NO","NO","NO","NO"
"Airman","AX30UR","AX30UR","airman-ax30ur","300x52.5x76","NO","NO","NO","NO"
"Airman","AX30UR-1","AX30UR-1","airman-ax30ur-1","300x55x74; 250x52.5x76; 300x52.5x76","NO","NO","NO","NO"
"Airman","AX30UR-2","AX30UR-2","airman-ax30ur-2","300x55x74; 250x52.5x76; 300x52.5x76","NO","NO","NO","NO"
"Airman","AX30UR-3","AX30UR-3","airman-ax30ur-3","300x52.5x82","NO","NO","NO","NO"
"Airman","AX32U","AX32U","airman-ax32u","300x52.5x82","NO","NO","NO","NO"
"Airman","AX33MU","AX33MU","airman-ax33mu","300x52.5x82","NO","NO","NO","NO"
"Airman","AX33U","AX33U","airman-ax33u","300x52.5x82","NO","NO","NO","NO"
"Airman","AX33U-6","AX33U-6","airman-ax33u-6","300x52.5x82","NO","NO","NO","NO"
"Airman","AX35","AX35","airman-ax35","300x55x80; 300x52.5x82","NO","NO","NO","NO"
"Airman","AX35-1","AX35-1","airman-ax35-1","300x55x80; 300x52.5x82","NO","NO","NO","NO"
"Airman","AX35-2","AX35-2","airman-ax35-2","300x52.5x82","NO","NO","NO","NO"
"Airman","AX35CGL-3","AX35CGL-3","airman-ax35cgl-3","300x52.5x82","NO","NO","NO","NO"
"Airman","AX35U","AX35U","airman-ax35u","300x52.5x86","NO","NO","NO","NO"
"Airman","AX35U-4","AX35U-4","airman-ax35u-4","300x52.5x86","NO","NO","NO","NO"
"Airman","AX36U","AX36U","airman-ax36u","300x52.5x86","NO","NO","NO","NO"
"Airman","AX36UCGL","AX36UCGL","airman-ax36ucgl","300x52.5x86","NO","NO","NO","NO"
"Airman","AX38UCGL","AX38UCGL","airman-ax38ucgl","300x52.5x86","NO","NO","NO","NO"
"Airman","AX40","AX40","airman-ax40","400x72.5x72","NO","NO","NO","NO"
"Airman","AX40-2","AX40-2","airman-ax40-2","400x72.5x72","NO","NO","NO","NO"
"Airman","AX40U","AX40U","airman-ax40u","400x72.5x72","NO","NO","NO","NO"
"Airman","AX40U-4","AX40U-4","airman-ax40u-4","400x73x72; 400x72.5x72","NO","NO","NO","NO"
"Airman","AX40UR-1","AX40UR-1","airman-ax40ur-1","400x72.5x72","NO","NO","NO","NO"
"Airman","AX40UR-2","AX40UR-2","airman-ax40ur-2","400x72.5x72","NO","NO","NO","NO"
"Airman","AX45","AX45","airman-ax45","400x72.5x72","NO","NO","NO","NO"
"Airman","AX45-2","AX45-2","airman-ax45-2","400x72.5x72","NO","NO","NO","NO"
"Airman","AX45CGL-2","AX45CGL-2","airman-ax45cgl-2","400x72.5x72","NO","NO","NO","NO"
"Airman","AX50","AX50","airman-ax50","400x142x37; 400x72.5x72","NO","NO","NO","NO"
"Airman","AX50-2","AX50-2","airman-ax50-2","400x72.5x72","NO","NO","NO","NO"
"Airman","AX50-3","AX50-3","airman-ax50-3","400x73x72; 400x72.5x72","NO","NO","NO","NO"
"Airman","AX50U","AX50U","airman-ax50u","400x72.5x72","NO","NO","NO","NO"
"Airman","AX50U-4","AX50U-4","airman-ax50u-4","400x73x74; 400x72.5x74","NO","NO","NO","NO"
"Airman","AX50UCGL","AX50UCGL","airman-ax50ucgl","400x72.5x72","NO","NO","NO","NO"
"Airman","AX52UCGL-5","AX52UCGL-5","airman-ax52ucgl-5","400x72.5x74","NO","NO","NO","NO"
"Airman","AX55U-6A","AX55U-6A","airman-ax55u-6a","400x72.5x74","NO","NO","NO","NO"
"Airman","AX55UR","AX55UR","airman-ax55ur","400x72.5x72","NO","NO","NO","NO"
"Airman","AX55UR-3","AX55UR-3","airman-ax55ur-3","400x72.5x72","NO","NO","NO","NO"
"Airman","AX58","AX58","airman-ax58","400x72.5x74","NO","NO","NO","NO"
"Airman","AX58MU","AX58MU","airman-ax58mu","400x73x74; 400x72.5x74","NO","NO","NO","NO"
"Airman","AXC12","AXC12","airman-axc12","230x96x31; 230x48x62","NO","NO","NO","NO"
"Airman","AXC15","AXC15","airman-axc15","230x96x31; 230x48x62","NO","NO","NO","NO"
"Airman","HM07S","HM07S","airman-hm07s","180x72x36","NO","NO","NO","NO"
"Airman","HM10","HM10","airman-hm10","200x72x42","NO","NO","NO","NO"
"Airman","HM10 NEW","HM10NEW","airman-hm10new","230x48x66","NO","NO","NO","NO"
"Airman","HM10G","HM10G","airman-hm10g","200x72x42","NO","NO","NO","NO"
"Airman","HM10SG","HM10SG","airman-hm10sg","200x72x42","NO","NO","NO","NO"
"Airman","HM15","HM15","airman-hm15","200x72x42","NO","NO","NO","NO"
"Airman","HM15 NEW","HM15NEW","airman-hm15new","230x96x33; 230x48x66","NO","NO","NO","NO"
"Airman","HM15S","HM15S","airman-hm15s","200x72x42","NO","NO","NO","NO"
"Airman","HM30SGZ","HM30SGZ","airman-hm30sgz","300x109x40; 300x52.5x82","NO","NO","NO","NO"
"Airman","HM35","HM35","airman-hm35","300x109x42; 300x52.5x86","NO","NO","NO","NO"
"Airman","HM45","HM45","airman-hm45","400x146x36; 400x72.5x72","NO","NO","NO","NO"
"Airman","HM45-2","HM45-2","airman-hm45-2","400x146x36; 400x72.5x72","NO","NO","NO","NO"
"Airman","HM45SG-2","HM45SG-2","airman-hm45sg-2","400x146x36; 400x72.5x72","NO","NO","NO","NO"
"Airman","HM50","HM50","airman-hm50","400x146x36; 400x72.5x72","NO","NO","NO","NO"
"Airman","HM55","HM55","airman-hm55","400x146x36; 400x72.5x72","NO","NO","NO","NO"
"Airman-Foredil","AX 16-2N","AX16-2N","airman-foredil-ax16-2n","230x96x33; 230x48x66","NO","NO","NO","NO"
"Airman-Foredil","AX 29U","AX29U","airman-foredil-ax29u","300x52.5x78","NO","NO","NO","NO"
"Airman-Foredil","AX 35","AX35","airman-foredil-ax35","300x55x80; 300x52.5x82","NO","NO","NO","NO"
"Airman-Foredil","AX 45","AX45","airman-foredil-ax45","400x72.5x72","NO","NO","NO","NO"
"Airman-Foredil","AX22","AX22","airman-foredil-ax22","250x52.5x73; 300x52.5x72","NO","NO","NO","NO"
"Almac","Athena-870","Athena-870","almac-athena-870","250x72x57","NO","NO","NO","NO"
"Almac","BIBI-1090EVO","BIBI-1090EVO","almac-bibi-1090evo","250x72x64","NO","NO","NO","NO"
"Almac","BIBI-1250CL","BIBI-1250CL","almac-bibi-1250cl","250x72x64","NO","NO","NO","NO"
"Almac","BIBI-1470HE","BIBI-1470HE","almac-bibi-1470he","250x72x64","NO","NO","NO","NO"
"Almac","BIBI-850BL","BIBI-850BL","almac-bibi-850bl","250x72x57","NO","NO","NO","NO"
"Almac","BIBI-850HE","BIBI-850HE","almac-bibi-850he","200x72x47","NO","NO","NO","NO"
"Almac","BIBI-870BL","BIBI-870BL","almac-bibi-870bl","250x72x57","NO","NO","NO","NO"
"Almac","BIEASY1,5","BIEASY1,5","almac-bieasy15","230x72x43","NO","NO","NO","NO"
"Almac","MULTI-LOADER 2.5","MULTI-LOADER2.5","almac-multi-loader25","250x72x64","NO","NO","NO","NO"
"Amerequip Eagle","TRAX40","TRAX40","amerequip-eagle-trax40","230x96x39; 250x48x78","NO","NO","NO","NO"
"American Direction Drill","DD10","DD10","american-direction-drill-dd10","230x72x56","NO","NO","NO","NO"
"American Direction Drill","DD2","DD2","american-direction-drill-dd2","230x72x56","NO","NO","NO","NO"
"American Direction Drill","DD3","DD3","american-direction-drill-dd3","320x52.5x88; 300x52.5x88","NO","NO","NO","NO"
"American Direction Drill","DD4","DD4","american-direction-drill-dd4","300x54x82; 300x52.5x84","NO","NO","NO","NO"
"American Direction Drill","DD6","DD6","american-direction-drill-dd6","400x73x74; 400x72.5x74","NO","NO","NO","NO"
"American Direction Drill","DD8","DD8","american-direction-drill-dd8","400x73x74; 400x72.5x74","NO","NO","NO","NO"
"Ammann","AMX 65","AMX65","ammann-amx65","400x72.5x76","NO","NO","NO","NO"
"Ammann","AMX85ZT","AMX85ZT","ammann-amx85zt","450x76x82","NO","NO","NO","NO"
"Andreoli","UT60EVO","UT60EVO","andreoli-ut60evo","230x78x42","NO","NO","NO","NO"
"Angel","WY1.3","WY1.3","angel-wy13","230x72x43","NO","NO","NO","NO"
"Angel","WY2.5","WY2.5","angel-wy25","300x55x76; 300x52.5x78","NO","NO","NO","NO"
"Angel","WY3.5","WY3.5","angel-wy35","300x55x82; 300x52.5x84","NO","NO","NO","NO"
"Antec","A12B","A12B","antec-a12b","230x72x43","NO","NO","NO","NO"
"Antec","A14sa","A14sa","antec-a14sa","230x72x43","NO","NO","NO","NO"
"Antec","HCC1051D","HCC1051D","antec-hcc1051d","180x72x37","NO","NO","NO","NO"
"Apageo","450 (H.D Drilling Machine)","450","apageo-450","250x72x52","NO","NO","NO","NO"
"Apageo","580 (H.D Drilling Machine)","580","apageo-580","250x72x52","NO","NO","NO","NO"
"Apageo","LWC100 ( Drilling Machine)","LWC100","apageo-lwc100","250x72x57","NO","NO","NO","NO"
"Aros China","1.5","1.5","aros-china-15","230x72x43","NO","NO","NO","NO"
"Astec","Mini-Excavator","Mini-Excavator","astec-mini-excavator","250x72x56; 300x52.5x92","NO","NO","NO","NO"
"Atex","XC750D","XC750D","atex-xc750d","200x72x38; 180x72x38","NO","NO","NO","NO"
"Atex","XG450M","XG450M","atex-xg450m","200x72x39","NO","NO","NO","NO"
"Athena","1090 (Lifting Platform)","1090","athena-1090","250x72x64","NO","NO","NO","NO"
"Atlas","100","100","atlas-100","200x72x41","NO","NO","NO","NO"
"Atlas","100B","100B","atlas-100b","200x72x41","NO","NO","NO","NO"
"Atlas","100CT","100CT","atlas-100ct","200x72x41","NO","NO","NO","NO"
"Atlas","110","110","atlas-110","200x72x41","NO","NO","NO","NO"
"Atlas","1104","1104","atlas-1104","200x72x41","NO","NO","NO","NO"
"Atlas","120","120","atlas-120","230x72x43","NO","NO","NO","NO"
"Atlas","120AB","120AB","atlas-120ab","230x72x42","NO","NO","NO","NO"
"Atlas","120RF","120RF","atlas-120rf","230x72x43","NO","NO","NO","NO"
"Atlas","404","404","atlas-404","230x72x43","NO","NO","NO","NO"
"Atlas","404R","404R","atlas-404r","230x72x43","NO","NO","NO","NO"
"Atlas","604","604","atlas-604","250x72x57","NO","NO","NO","NO"
"Atlas","604.2","604.2","atlas-6042","300x109x39; 300x52.5x80","NO","NO","NO","NO"
"Atlas","604R","604R","atlas-604r","250x72x57","NO","NO","NO","NO"
"Atlas","605R","605R","atlas-605r","400x72.5x72","NO","NO","NO","NO"
"Atlas","805R","805R","atlas-805r","450x71x86","NO","NO","NO","NO"
"Atlas","AM29R","AM29R","atlas-am29r","300x55x72; 300x52.5x74","NO","NO","NO","NO"
"Atlas","AM37R","AM37R","atlas-am37r","300x52.5x86","NO","NO","NO","NO"
"Atlas","AP604","AP604","atlas-ap604","230x72x43; 320x100x41","NO","NO","NO","NO"
"Atlas","AR100","AR100","atlas-ar100","230x72x42","NO","NO","NO","NO"
"Atlas","AR120","AR120","atlas-ar120","230x72x42","NO","NO","NO","NO"
"Atlas","CT045","CT045","atlas-ct045","200x72x34; 180x72x34","NO","NO","NO","NO"
"Atlas","CT100","CT100","atlas-ct100","200x72x41","NO","NO","NO","NO"
"Atlas","CT100R","CT100R","atlas-ct100r","200x72x41","NO","NO","NO","NO"
"Atlas","CT10N","CT10N","atlas-ct10n","230x72x43","NO","NO","NO","NO"
"Atlas","CT120","CT120","atlas-ct120","230x72x42","NO","NO","NO","NO"
"Atlas","CT12N","CT12N","atlas-ct12n","230x72x43","NO","NO","NO","NO"
"Atlas","CT27N","CT27N","atlas-ct27n","300x109x36; 300x52.5x74","NO","NO","NO","NO"
"Atlas","CT30N","CT30N","atlas-ct30n","300x109x39; 300x52.5x80","NO","NO","NO","NO"
"Atlas","CT35N","CT35N","atlas-ct35n","300x109x41; 300x52.5x84","NO","NO","NO","NO"
"Atlas","CT50N","CT50N","atlas-ct50n","400x142x38; 400x72.5x74","NO","NO","NO","NO"
"Atlas","CT7NX","CT7NX","atlas-ct7nx","180x72x37","NO","NO","NO","NO"
"Atlas","ISO7","ISO7","atlas-iso7","180x72x37","NO","NO","NO","NO"
"Ausa","25CM","25CM","ausa-25cm","180x60x30","NO","NO","NO","NO"
"Ausa","75","75","ausa-75","200x72x42","NO","NO","NO","NO"
"Ausa","80CMA","80CMA","ausa-80cma","250x72x48","NO","NO","NO","NO"
"Ausa","MH08","MH08","ausa-mh08","180x72x38","NO","NO","NO","NO"
"Ausa","MH15","MH15","ausa-mh15","230x48x66; 230x96x33","NO","NO","NO","NO"
"Ausa","MH25","MH25","ausa-mh25","300x52.5x74","NO","NO","NO","NO"
"Ausa","MH35","MH35","ausa-mh35","300x52.5x84","NO","NO","NO","NO"
"Ausa","MH35R","MH35R","ausa-mh35r","300x52.5x84","NO","NO","NO","NO"
"Ausa","MH55","MH55","ausa-mh55","400x72.5x72","NO","NO","NO","NO"
"Ausa","MH75","MH75","ausa-mh75","450x71x86","NO","NO","NO","NO"
"Avant Tecno","Dumper 1200","Dumper1200","avant-tecno-dumper1200","230x72x45","NO","NO","NO","NO"
"Avant Tecno","Dumper 1500","Dumper1500","avant-tecno-dumper1500","250x72x45","NO","NO","NO","NO"
"Awasi","75-6","75-6","awasi-75-6","450x71x86","NO","NO","NO","NO"
"BOART LONGYEAR","DeltaBase 420","DeltaBase420","boart-longyear-deltabase420","450x71x86","NO","NO","NO","NO"
"BOART LONGYEAR","DeltaBase 430","DeltaBase430","boart-longyear-deltabase430","450x71x86","NO","NO","NO","NO"
"Babyack","Babyack 1","Babyack1","babyack-babyack1","190x72x37; 180x72x37","NO","NO","NO","NO"
"Babyack","Babyack 2","Babyack2","babyack-babyack2","180x72x34","NO","NO","NO","NO"
"Bandit","19XP","19XP","bandit-19xp","400x72.5x76","NO","NO","NO","NO"
"Bandit","3200","3200","bandit-3200","300x52.5x84","NO","NO","NO","NO"
"Baraladi","EB40","EB40","baraladi-eb40","230x72x43","NO","NO","NO","NO"
"Baraladi","FB1.02","FB1.02","baraladi-fb102","230x72x43","NO","NO","NO","NO"
"Baraladi","FB1.2","FB1.2","baraladi-fb12","230x72x43","NO","NO","NO","NO"
"Baraladi","FB102B","FB102B","baraladi-fb102b","230x72x43","NO","NO","NO","NO"
"Baraladi","FB102EB","FB102EB","baraladi-fb102eb","230x72x43","NO","NO","NO","NO"
"Baraladi","FB203","FB203","baraladi-fb203","250x72x45","NO","NO","NO","NO"
"Baraladi","Granello","Granello","baraladi-granello","180x60x34","NO","NO","NO","NO"
"Baraladi","Minding","Minding","baraladi-minding","108x72x37; 180x72x37","NO","NO","NO","NO"
"Baratti","Scorpio","Scorpio","baratti-scorpio","190x72x37; 180x72x37","NO","NO","NO","NO"
"Barreto","1324STK","1324STK","barreto-1324stk","180x60x28","NO","NO","NO","NO"
"Barreto","13STKH","13STKH","barreto-13stkh","180x60x28","NO","NO","NO","NO"
"Barreto","16STKB","16STKB","barreto-16stkb","180x60x28","NO","NO","NO","NO"
"Barreto","1824TK","1824TK","barreto-1824tk","180x72x36","NO","NO","NO","NO"
"Barreto","2024RTK","2024RTK","barreto-2024rtk","180x72x36","NO","NO","NO","NO"
"Barreto","2036RTK","2036RTK","barreto-2036rtk","180x72x36","NO","NO","NO","NO"
"Barreto","2324RTK","2324RTK","barreto-2324rtk","180x72x36","NO","NO","NO","NO"
"Bastei","SLD151D","SLD151D","bastei-sld151d","180x72x37","NO","NO","NO","NO"
"Belle","5070","5070","belle-5070","200x72x37; 180x72x37","NO","NO","NO","NO"
"Bellon Maria","Monkey","Monkey","bellon-maria-monkey","170x60x34; 180x60x34","NO","NO","NO","NO"
"Benassi","M350H","M350H","benassi-m350h","180x60x35","NO","NO","NO","NO"
"Benassi","M450H","M450H","benassi-m450h","180x60x37","NO","NO","NO","NO"
"Benassi","M550H","M550H","benassi-m550h","180x60x37","NO","NO","NO","NO"
"Benati","M13","M13","benati-m13","230x72x43","NO","NO","NO","NO"
"Benati","M14","M14","benati-m14","230x72x43","NO","NO","NO","NO"
"Benati","M16","M16","benati-m16","230x72x45","NO","NO","NO","NO"
"Benfra","9.01","9.01","benfra-901","230x72x43","NO","NO","NO","NO"
"Benfra","9.01B","9.01B","benfra-901b","230x72x43","NO","NO","NO","NO"
"Benfra","9.02","9.02","benfra-902","230x72x43","NO","NO","NO","NO"
"Benfra","9.02B","9.02B","benfra-902b","250x72x52","NO","NO","NO","NO"
"Benfra","9.02S","9.02S","benfra-902s","230x72x43","NO","NO","NO","NO"
"Bentrac","M16","M16","bentrac-m16","230x72x45","NO","NO","NO","NO"
"Bentrac","M25","M25","bentrac-m25","300x54x74; 250x52.5x76; 300x52.5x76","NO","NO","NO","NO"
"Beretta","GT15","GT15","beretta-gt15","230x96x39; 250x48x78","NO","NO","NO","NO"
"Beretta","GT52","GT52","beretta-gt52","250x52.5x76; 300x52.5x76","NO","NO","NO","NO"
"Beretta","Skorpio2C","Skorpio2C","beretta-skorpio2c","230x72x43","NO","NO","NO","NO"
"Beretta","Spider","Spider","beretta-spider","230x72x43","NO","NO","NO","NO"
"Beretta","T 41 (Drilling Machine)","T41","beretta-t41","250x52.5x76; 300x52.5x76; 230x72x43","NO","NO","NO","NO"
"Beretta","T21 (Drilling Machine)","T21","beretta-t21","180x72x34","NO","NO","NO","NO"
"Beretta","T25 (Drilling Machine)","T25","beretta-t25","200x72x36; 180x72x36","NO","NO","NO","NO"
"Beretta","T43 (Drilling Machine)","T43","beretta-t43","230x72x43","NO","NO","NO","NO"
"Beretta","T43/2 (Drilling Machine)","T43/2","beretta-t432","250x72x52","NO","NO","NO","NO"
"Beretta","T44 (Drilling Machine)","T44","beretta-t44","250x107.5x37; 250x52.5x76; 300x52.5x76","NO","NO","NO","NO"
"Beretta","T45 (Drilling Machine)","T45","beretta-t45","230x72x43","NO","NO","NO","NO"
"Beretta","T46 (Drilling Machine)","T46","beretta-t46","250x107.5x37; 250x52.5x76; 300x52.5x76","NO","NO","NO","NO"
"Beretta","TD50","TD50","beretta-td50","230x72x56","NO","NO","NO","NO"
"Beretta","TD75","TD75","beretta-td75","230x72x56","NO","NO","NO","NO"
"Bergmann","Dumper","Dumper","bergmann-dumper","190x72x37","NO","NO","NO","NO"
"Bertani","C75","C75","bertani-c75","230x72x45","NO","NO","NO","NO"
"Bertolini","Mini-excavator","Mini-excavator","bertolini-mini-excavator","180x60x34; 180x60x38; 180x72x34","NO","NO","NO","NO"
"Betram","Crawler Crane","Crawler Crane","betram-crawlercrane","400x72.5x72","NO","NO","NO","NO"
"Bitelli","BB611C(Asphalt Finisher)","BB611C","bitelli-bb611c","250x72x52","NO","NO","NO","NO"
"Bluelift","Aerial Platform","Aerial Platform","bluelift-aerialplatform","230x72x43; 230x72x37; 230x96x39; 250x48x78","NO","NO","NO","NO"
"Bobcat","220","220","bobcat-220","230x96x33; 230x48x66","YES","NO","NO","NO"
"Bobcat","225","225","bobcat-225","","YES","NO","NO","NO"
"Bobcat","231","231","bobcat-231","","YES","NO","NO","NO"
"Bobcat","316","316","bobcat-316","180x72x38","NO","NO","NO","NO"
"Bobcat","319","319","bobcat-319","200x72x41","NO","NO","NO","NO"
"Bobcat","320","320","bobcat-320","230x96x33; 230x48x66; 230x72x45","YES","YES","NO","NO"
"Bobcat","320 L","320L","bobcat-320l","230x96x33; 230x48x66","YES","NO","NO","NO"
"Bobcat","320D","320D","bobcat-320d","","YES","NO","NO","NO"
"Bobcat","320E","320E","bobcat-320e","","YES","NO","NO","NO"
"Bobcat","320G","320G","bobcat-320g","","YES","NO","NO","NO"
"Bobcat","320J","320J","bobcat-320j","","YES","NO","NO","NO"
"Bobcat","321","321","bobcat-321","230x96x33; 230x48x66","NO","NO","NO","NO"
"Bobcat","322","322","bobcat-322","230x96x33; 230x48x66","YES","NO","NO","NO"
"Bobcat","322D","322D","bobcat-322d","","YES","NO","NO","NO"
"Bobcat","322E","322E","bobcat-322e","","YES","NO","NO","NO"
"Bobcat","322G","322G","bobcat-322g","230x96x33; 230x48x66","YES","NO","NO","NO"
"Bobcat","322J","322J","bobcat-322j","","YES","NO","NO","NO"
"Bobcat","322L","322L","bobcat-322l","","YES","NO","NO","NO"
"Bobcat","323","323","bobcat-323","230x96x33; 230x48x66","YES","NO","NO","NO"
"Bobcat","324","324","bobcat-324","230x96x33; 230x48x66","NO","NO","NO","NO"
"Bobcat","325","325","bobcat-325","300x52.5x74","YES","NO","NO","NO"
"Bobcat","328","328","bobcat-328","320x52.5x74; 300x52.5x74","YES","NO","NO","NO"
"Bobcat","328G","328G","bobcat-328g","320x52.5x74; 300x52.5x74","YES","NO","NO","NO"
"Bobcat","329","329","bobcat-329","320x52.5x80","NO","NO","NO","NO"
"Bobcat","331","331","bobcat-331","320x52.5x80","YES","NO","NO","NO"
"Bobcat","331D","331D","bobcat-331d","320x52.5x80; 300x52.5x80","YES","NO","NO","NO"
"Bobcat","331E","331E","bobcat-331e","320x52.5x80; 300x52.5x80","YES","NO","NO","NO"
"Bobcat","331G","331G","bobcat-331g","320x52.5x80","YES","NO","NO","NO"
"Bobcat","334","334","bobcat-334","320x52.5x80","YES","NO","NO","NO"
"Bobcat","334D","334D","bobcat-334d","320x52.5x80; 300x52.5x80","YES","NO","NO","NO"
"Bobcat","335","335","bobcat-335","320x55x88; 300x52.5x92","YES","NO","NO","NO"
"Bobcat","337","337","bobcat-337","400x73x74; 400x72.5x74","YES","NO","NO","NO"
"Bobcat","337D","337D","bobcat-337d","","YES","NO","NO","NO"
"Bobcat","337G","337G","bobcat-337g","400x73x74; 400x72.5x74","YES","NO","NO","NO"
"Bobcat","341","341","bobcat-341","400x73x74; 400x72.5x74","YES","NO","NO","NO"
"Bobcat","341D","341D","bobcat-341d","400x73x74; 400x72.5x74","YES","NO","NO","NO"
"Bobcat","341G","341G","bobcat-341g","400x73x74; 400x72.5x74","YES","NO","NO","NO"
"Bobcat","418","418","bobcat-418","180x72x39","YES","NO","NO","NO"
"Bobcat","418A","418A","bobcat-418a","180x72x39","YES","NO","NO","NO"
"Bobcat","425","425","bobcat-425","320x52.5x80; 300x52.5x80","NO","NO","NO","NO"
"Bobcat","428","428","bobcat-428","320x52.5x80; 300x52.5x80","NO","NO","NO","NO"
"Bobcat","430","430","bobcat-430","","YES","NO","NO","NO"
"Bobcat","430D(Fast TRACK)","430D","bobcat-430d","320x55x88; 300x52.5x92","YES","NO","NO","NO"
"Bobcat","430G","430G","bobcat-430g","320x55x88; 300x52.5x92","YES","NO","NO","NO"
"Bobcat","430ZHS","430ZHS","bobcat-430zhs","320x55x88; 300x52.5x92","YES","NO","NO","NO"
"Bobcat","430ZTS","430ZTS","bobcat-430zts","320x55x88; 300x52.5x92","YES","NO","NO","NO"
"Bobcat","435","435","bobcat-435","400x73x74; 400x72.5x74","YES","NO","NO","NO"
"Bobcat","442","442","bobcat-442","450x71x86","YES","NO","NO","NO"
"Bobcat","444","444","bobcat-444","500x92x78","NO","NO","NO","NO"
"Bobcat","863(VTS System for Skidsteer Loader)","863","bobcat-863","450x86x56","NO","NO","NO","NO"
"Bobcat","864","864","bobcat-864","320x86x52; 450x86x52","YES","NO","NO","NO"
"Bobcat","864H","864H","bobcat-864h","450x84x53; 450x86x52","YES","NO","NO","NO"
"Bobcat","873","873","bobcat-873","450x86x60","NO","NO","NO","NO"
"Bobcat","883","883","bobcat-883","450x86x60","NO","NO","NO","NO"
"Bobcat","E08","E08","bobcat-e08","180x72x39","YES","NO","NO","NO"
"Bobcat","E10","E10","bobcat-e10","180x72x39","YES","NO","NO","NO"
"Bobcat","E10Z","E10Z","bobcat-e10z","180x72x39","YES","NO","NO","NO"
"Bobcat","E10e","E10e","bobcat-e10e","180x72x39","YES","NO","NO","NO"
"Bobcat","E14","E14","bobcat-e14","200x72x41","NO","NO","NO","NO"
"Bobcat","E16","E16","bobcat-e16","230x48x66","NO","NO","NO","NO"
"Bobcat","E17","E17","bobcat-e17","230x48x66","NO","NO","NO","NO"
"Bobcat","E17Z","E17Z","bobcat-e17z","230x48x66","NO","NO","NO","NO"
"Bobcat","E19","E19","bobcat-e19","230x48x66","NO","NO","NO","NO"
"Bobcat","E20","E20","bobcat-e20","230x48x72","NO","NO","NO","NO"
"Bobcat","E20Z","E20Z","bobcat-e20z","230x48x72","NO","NO","NO","NO"
"Bobcat","E26","E26","bobcat-e26","300x52.5x80","YES","NO","NO","NO"
"Bobcat","E27","E27","bobcat-e27","300x52.5x80","NO","NO","NO","NO"
"Bobcat","E27z","E27z","bobcat-e27z","300x52.5x80","NO","NO","NO","NO"
"Bobcat","E32 [I guiding | M-series]","E32","bobcat-e32","320x52.5x80; 300x52.5x80","YES","NO","NO","NO"
"Bobcat","E32C","E32C","bobcat-e32c","320x52.5x80; 300x52.5x80","YES","NO","NO","NO"
"Bobcat","E34","E34","bobcat-e34","300x52.5x80","NO","NO","NO","NO"
"Bobcat","E35 [I guiding | M-series]","E35","bobcat-e35","300x52.5x84","NO","NO","NO","NO"
"Bobcat","E35I [J guiding | R-series]","E35I","bobcat-e35i","300x52.5x84; 300x55x81","NO","NO","NO","NO"
"Bobcat","E35M","E35M","bobcat-e35m","300x52.5x84","NO","NO","NO","NO"
"Bobcat","E35Z","E35Z","bobcat-e35z","300x52.5x84","NO","NO","NO","NO"
"Bobcat","E37","E37","bobcat-e37","","YES","NO","NO","NO"
"Bobcat","E41","E41","bobcat-e41","350x55x88; 300x52.5x92","NO","NO","NO","NO"
"Bobcat","E42","E42","bobcat-e42","350x55x88; 300x52.5x92","YES","NO","NO","NO"
"Bobcat","E45","E45","bobcat-e45","400x72.5x74","YES","NO","NO","NO"
"Bobcat","E50","E50","bobcat-e50","400x72.5x74","YES","NO","NO","NO"
"Bobcat","E55","E55","bobcat-e55","400x72.5x74","YES","NO","NO","NO"
"Bobcat","E60 [I guiding]","E60","bobcat-e60","400x72.5x76","YES","NO","NO","NO"
"Bobcat","E62","E62","bobcat-e62","400x72.5x76","YES","NO","NO","NO"
"Bobcat","E63","E63","bobcat-e63","400x72.5x76","YES","NO","NO","NO"
"Bobcat","E80","E80","bobcat-e80","450x81x76","YES","NO","NO","NO"
"Bobcat","E85","E85","bobcat-e85","450x81x76","YES","NO","NO","NO"
"Bobcat","MT 100","MT100","bobcat-mt100","250x72x45; 230x72x45; 180x72x45","NO","NO","NO","NO"
"Bobcat","MT120","MT120","bobcat-mt120","180x72x45","NO","NO","NO","NO"
"Bobcat","MT50","MT50","bobcat-mt50","180x72x39","NO","NO","NO","NO"
"Bobcat","MT52","MT52","bobcat-mt52","180x72x39","NO","NO","NO","NO"
"Bobcat","MT55","MT55","bobcat-mt55","180x72x39","NO","NO","NO","NO"
"Bobcat","MT85","MT85","bobcat-mt85","180x72x45; 250x72x45","NO","NO","NO","NO"
"Bobcat","S130","S130","bobcat-s130","320x86x50; 400x86x50; 375x86x50","NO","NO","NO","NO"
"Bobcat","S150","S150","bobcat-s150","320x86x52; 400x86x52; 375x86x52","NO","NO","NO","NO"
"Bobcat","S160","S160","bobcat-s160","320x86x52; 400x86x52; 375x86x52","NO","NO","NO","NO"
"Bobcat","S175","S175","bobcat-s175","320x86x52; 400x86x52; 375x86x52","NO","NO","NO","NO"
"Bobcat","S185","S185","bobcat-s185","320x86x52; 400x86x52; 375x86x52","NO","NO","NO","NO"
"Bobcat","S205","S205","bobcat-s205","320x86x52; 400x86x52; 375x86x52","NO","NO","NO","NO"
"Bobcat","S220","S220","bobcat-s220","450x86x60","YES","NO","NO","NO"
"Bobcat","S250","S250","bobcat-s250","450x86x60","NO","NO","NO","NO"
"Bobcat","S300","S300","bobcat-s300","450x86x60","NO","NO","NO","NO"
"Bobcat","T110","T110","bobcat-t110","250x75x52; 250x72x52","YES","YES","NO","NO"
"Bobcat","T140","T140","bobcat-t140","300x84x46; 320x86x45","YES","NO","NO","NO"
"Bobcat","T180","T180","bobcat-t180","320x86x49; 400x86x49","YES","NO","NO","NO"
"Bobcat","T180H","T180H","bobcat-t180h","320x86x49","YES","NO","NO","NO"
"Bobcat","T190","T190","bobcat-t190","400x86x49; 320x86x49","YES","NO","NO","NO"
"Bobcat","T190H","T190H","bobcat-t190h","320x86x49; 400x86x49","YES","NO","NO","NO"
"Bobcat","T200","T200","bobcat-t200","320x86x52; 450x86x52","YES","YES","NO","NO"
"Bobcat","T250","T250","bobcat-t250","450x86x55; 400x86x55","YES","YES","NO","NO"
"Bobcat","T250H","T250H","bobcat-t250h","450x86x55; 400x86x55","YES","YES","NO","NO"
"Bobcat","T300","T300","bobcat-t300","450x86x55; 400x86x55","YES","YES","NO","NO"
"Bobcat","T300H","T300H","bobcat-t300h","450x86x55; 400x86x55","YES","YES","NO","NO"
"Bobcat","T320","T320","bobcat-t320","450x86x55; 400x86x55","YES","YES","NO","NO"
"Bobcat","T450","T450","bobcat-t450","300x84x46","NO","YES","NO","NO"
"Bobcat","T550","T550","bobcat-t550","400x86x49; 320x86x49","YES","NO","NO","NO"
"Bobcat","T590","T590","bobcat-t590","400x86x49; 320x86x49","YES","YES","NO","NO"
"Bobcat","T595","T595","bobcat-t595","400x86x49; 320x86x49","YES","YES","NO","NO"
"Bobcat","T62","T62","bobcat-t62","320x86x50; 400x86x50","NO","NO","NO","NO"
"Bobcat","T630","T630","bobcat-t630","450x86x52; 400x86x52; 320x86x52","YES","YES","NO","NO"
"Bobcat","T64","T64","bobcat-t64","320x86x50; 400x86x50","NO","NO","NO","NO"
"Bobcat","T650","T650","bobcat-t650","450x86x52; 400x86x52; 320x86x52","YES","YES","NO","NO"
"Bobcat","T66","T66","bobcat-t66","320x86x50; 400x86x50","NO","NO","NO","NO"
"Bobcat","T72","T72","bobcat-t72","320x86x53; 450x86x53; 400x86x53","NO","NO","NO","NO"
"Bobcat","T740","T740","bobcat-t740","450x86x55","NO","YES","NO","NO"
"Bobcat","T750","T750","bobcat-t750","450x86x55; 400x86x55","YES","YES","NO","NO"
"Bobcat","T76","T76","bobcat-t76","320x86x53; 450x86x53","NO","NO","NO","NO"
"Bobcat","T770","T770","bobcat-t770","450x86x55; 400x86x55","YES","YES","NO","NO"
"Bobcat","T830","T830","bobcat-t830","450x86x58","NO","NO","NO","NO"
"Bobcat","T86","T86","bobcat-t86","450x86x58","NO","NO","NO","NO"
"Bobcat","T870","T870","bobcat-t870","450x84x59; 450x86x58","YES","YES","NO","NO"
"Bobcat","X119","X119","bobcat-x119","230x72x43","NO","NO","NO","NO"
"Bobcat","X120","X120","bobcat-x120","230x72x43","NO","NO","NO","NO"
"Bobcat","X122","X122","bobcat-x122","230x72x43","NO","NO","NO","NO"
"Bobcat","X123","X123","bobcat-x123","250x72x47","NO","NO","NO","NO"
"Bobcat","X220","X220","bobcat-x220","250x72x45","YES","NO","NO","NO"
"Bobcat","X225","X225","bobcat-x225","300x52.5x74; 300x55x71","YES","NO","NO","NO"
"Bobcat","X231","X231","bobcat-x231","320x54x78; 300x52.5x80","YES","NO","NO","NO"
"Bobcat","X316","X316","bobcat-x316","180x72x38","NO","NO","NO","NO"
"Bobcat","X320","X320","bobcat-x320","230x72x45; 250x72x45","YES","NO","NO","NO"
"Bobcat","X320D","X320D","bobcat-x320d","230x96x33; 230x48x66","YES","NO","NO","NO"
"Bobcat","X320E","X320E","bobcat-x320e","230x96x33; 230x48x66","YES","NO","NO","NO"
"Bobcat","X322","X322","bobcat-x322","230x96x33; 230x48x66; 250x72x45","YES","NO","NO","NO"
"Bobcat","X322D","X322D","bobcat-x322d","230x96x33; 230x48x66","YES","NO","NO","NO"
"Bobcat","X322E","X322E","bobcat-x322e","230x96x33; 230x48x66","YES","NO","NO","NO"
"Bobcat","X322G","X322G","bobcat-x322g","230x96x33; 230x48x66","YES","NO","NO","NO"
"Bobcat","X323","X323","bobcat-x323","230x96x33; 230x48x66","YES","NO","NO","NO"
"Bobcat","X324","X324","bobcat-x324","230x96x33; 230x48x66","NO","NO","NO","NO"
"Bobcat","X325","X325","bobcat-x325","320x54x72; 300x52.5x74","YES","NO","NO","NO"
"Bobcat","X328","X328","bobcat-x328","320x54x72; 300x52.5x74","YES","NO","NO","NO"
"Bobcat","X328E","X328E","bobcat-x328e","320x54x72; 300x52.5x74","YES","NO","NO","NO"
"Bobcat","X329","X329","bobcat-x329","320x52.5x80; 300x52.5x80","NO","NO","NO","NO"
"Bobcat","X331","X331","bobcat-x331","320x54x78; 300x52.5x80","YES","NO","NO","NO"
"Bobcat","X331E","X331E","bobcat-x331e","320x54x78; 300x52.5x80","YES","NO","NO","NO"
"Bobcat","X334","X334","bobcat-x334","320x54x78; 300x52.5x80","YES","NO","NO","NO"
"Bobcat","X334G","X334G","bobcat-x334g","300x54x78; 300x52.5x80","YES","NO","NO","NO"
"Bobcat","X337","X337","bobcat-x337","400x72.5x74","YES","NO","NO","NO"
"Bobcat","X341","X341","bobcat-x341","400x73x74; 400x72.5x74","YES","NO","NO","NO"
"Bobcat","X418","X418","bobcat-x418","180x72x39","YES","NO","NO","NO"
"Bobcat","X422","X422","bobcat-x422","450x71x86","NO","NO","NO","NO"
"Bobcat","X425","X425","bobcat-x425","320x52.5x80; 300x52.5x80","NO","NO","NO","NO"
"Bobcat","X430","X430","bobcat-x430","300x52.5x92","YES","NO","NO","NO"
"Bobcat","X435","X435","bobcat-x435","400x73x74; 400x72.5x74","YES","NO","NO","NO"
"Bobcat","X442","X442","bobcat-x442","450x71x86","YES","NO","NO","NO"
"Bobcat","X442B","X442B","bobcat-x442b","450x71x86","YES","NO","NO","NO"
"Bobcat","X442ZTS","X442ZTS","bobcat-x442zts","450x71x86","YES","NO","NO","NO"
"Bobcat","X444","X444","bobcat-x444","500x92x78","NO","NO","NO","NO"
"Bobcat","Y12","Y12","bobcat-y12","230x72x43","NO","NO","NO","NO"
"Bobcat","ZX125","ZX125","bobcat-zx125","500x92x78","NO","NO","NO","NO"
"Bobcat","ZX75","ZX75","bobcat-zx75","450x71x86","YES","NO","NO","NO"
"Bonne Esperance","B23RP","B23RP","bonne-esperance-b23rp","250x72x47","NO","NO","NO","NO"
"Bonne Esperance","BE2050","BE2050","bonne-esperance-be2050","250x72x52","NO","NO","NO","NO"
"Bonne Esperance","Minisand","Minisand","bonne-esperance-minisand","250x72x52","NO","NO","NO","NO"
"Bormor","200TX","200TX","bormor-200tx","230x72x56","NO","NO","NO","NO"
"Bormor","400TX","400TX","bormor-400tx","230x72x56","NO","NO","NO","NO"
"Boxer","118","118","boxer-118","180x72x36","NO","NO","NO","NO"
"Boxer","320","320","boxer-320","180x72x36","NO","NO","NO","NO"
"Boxer","322D","322D","boxer-322d","180x72x36","NO","NO","NO","NO"
"Boxer","427","427","boxer-427","230x72x39","NO","NO","NO","NO"
"Boxer","526DX","526DX","boxer-526dx","230x72x39","NO","NO","NO","NO"
"Boxer","530DX","530DX","boxer-530dx","230x72x39","NO","NO","NO","NO"
"Boxer","532DX","532DX","boxer-532dx","230x72x39","NO","NO","NO","NO"
"Boxer","600HD","600HD","boxer-600hd","180x72x39","NO","NO","NO","NO"
"Boxer","700HDX","700HDX","boxer-700hdx","230x72x39","NO","NO","NO","NO"
"Boxer","Brute TRX","Brute TRX","boxer-brutetrx","230x72x39","NO","NO","NO","NO"
"Boxer","TL 224","TL224","boxer-tl224","180x72x34","NO","NO","NO","NO"
"Brokk","100","100","brokk-100","180x72x36; 200x72x36","NO","NO","NO","NO"
"Brokk","110","110","brokk-110","180x72x36","NO","NO","NO","NO"
"Brokk","120D","120D","brokk-120d","180x72x39","NO","NO","NO","NO"
"Brokk","150","150","brokk-150","200x72x36; 180x72x36","NO","NO","NO","NO"
"Brokk","160","160","brokk-160","230x72x42","NO","NO","NO","NO"
"Brokk","180","180","brokk-180","230x72x42","NO","NO","NO","NO"
"Brokk","180 <<2004","180 <<2004","brokk-1802004","230x72x56","NO","NO","NO","NO"
"Brokk","180 >>2005","180 >>2005","brokk-1802005","230x72x42","NO","NO","NO","NO"
"Brokk","260","260","brokk-260","300x55x72; 300x52.5x74","NO","NO","NO","NO"
"Brokk","280","280","brokk-280","300x55x72; 300x52.5x74","NO","NO","NO","NO"
"Brokk","300","300","brokk-300","300x52.5x78","NO","NO","NO","NO"
"Brokk","330","330","brokk-330","300x55x78; 300x25.5x80","NO","NO","NO","NO"
"Brokk","40","40","brokk-40","130x72x29","NO","NO","NO","NO"
"Brokk","400","400","brokk-400","300x55x78; 300x52.5x80","NO","NO","NO","NO"
"Brokk","50","50","brokk-50","130x72x29","NO","NO","NO","NO"
"Brokk","60","60","brokk-60","130x72x29","NO","NO","NO","NO"
"Brokk","90","90","brokk-90","180x72x36","NO","NO","NO","NO"
"Brokk","Aquacutter","Aquacutter","brokk-aquacutter","250x72x52","NO","NO","NO","NO"
"Brokk","BM 110","BM110","brokk-bm110","200x72x36; 180x72x36","NO","NO","NO","NO"
"Brokk","BM 150","BM150","brokk-bm150","200x72x36; 180x72x36","NO","NO","NO","NO"
"Brokk","BM 150C","BM150C","brokk-bm150c","200x72x36; 180x72x36","NO","NO","NO","NO"
"Brokk","BM 150P","BM150P","brokk-bm150p","200x72x36; 180x72x36","NO","NO","NO","NO"
"Brokk","K330","K330","brokk-k330","250x96x41; 250x47x84; 250x48x82","NO","NO","NO","NO"
"C & F","T 50","T50","c-&-f-t50","180x72x34","NO","NO","NO","NO"
"C & F","T 85","T85","c-&-f-t85","180x72x34","NO","NO","NO","NO"
"CARAVAGGI","Bio235","Bio235","caravaggi-bio235","230x72x43","NO","NO","NO","NO"
"CASE","15","15","case-15","230x96x31; 230x48x62","NO","NO","NO","NO"
"CASE","15 Maxi (rental)","15Maxi","case-15maxi","230x96x31; 230x48x62","NO","NO","NO","NO"
"CASE","16","16","case-16","230x96x31; 230x48x62","NO","NO","NO","NO"
"CASE","16 Maxi","16Maxi","case-16maxi","230x96x31; 230x48x62","NO","NO","NO","NO"
"CASE","16 RTN","16RTN","case-16rtn","230x96x31; 230x48x62","NO","NO","NO","NO"
"CASE","17 RTN Maxi","17RTN Maxi","case-17rtnmaxi","230x96x31; 230x48x62","NO","NO","NO","NO"
"CASE","1854C","1854C","case-1854c","320x86x52; 375x86x52; 400x86x52","NO","NO","NO","NO"
"CASE","23","23","case-23","250x109x35; 300x52.5x72","NO","NO","NO","NO"
"CASE","23 Maxi","23Maxi","case-23maxi","250x109x35; 300x52.5x72","NO","NO","NO","NO"
"CASE","28","28","case-28","300x109x38; 300x52.5x78","NO","NO","NO","NO"
"CASE","28 Maxi","28Maxi","case-28maxi","300x109x38; 300x52.5x78","NO","NO","NO","NO"
"CASE","31","31","case-31","300x109x40; 300x52.5x82","NO","NO","NO","NO"
"CASE","31 Maxi","31Maxi","case-31maxi","300x109x40; 300x52.5x82","NO","NO","NO","NO"
"CASE","35","35","case-35","350x108x42; 350x52.5x86","NO","NO","NO","NO"
"CASE","35 Maxi","35Maxi","case-35maxi","350x108x42; 350x52.5x86","NO","NO","NO","NO"
"CASE","35 STB","35STB","case-35stb","350x108x42; 350x52.5x86","NO","NO","NO","NO"
"CASE","40XT","40XT","case-40xt","320x86x54; 375x86x54; 400x86x54","NO","NO","NO","NO"
"CASE","410","410","case-410","320x86x54; 375x86x54; 400x86x54","NO","NO","NO","NO"
"CASE","420","420","case-420","320x86x54; 375x86x54; 400x86x54","NO","NO","NO","NO"
"CASE","420CT","420CT","case-420ct","320x86x50","NO","NO","NO","NO"
"CASE","430","430","case-430","450x86x56","NO","NO","NO","NO"
"CASE","435","435","case-435","450x86x58","NO","NO","NO","NO"
"CASE","440","440","case-440","320x86x54; 375x86x54; 450x86x56","NO","NO","NO","NO"
"CASE","440CT","440CT","case-440ct","400x86x50","NO","NO","NO","NO"
"CASE","445","445","case-445","450x86x58","NO","NO","NO","NO"
"CASE","445CT","445CT","case-445ct","400x86x55; 450x86x55","NO","NO","NO","NO"
"CASE","450","450","case-450","450x86x58","NO","NO","NO","NO"
"CASE","450CT","450CT","case-450ct","400x86x55; 450x86x55","NO","NO","NO","NO"
"CASE","465","465","case-465","450x86x60","NO","NO","NO","NO"
"CASE","50","50","case-50","400x72.5x72","NO","NO","NO","NO"
"CASE","50 Maxi","50Maxi","case-50maxi","400x72.5x72","NO","NO","NO","NO"
"CASE","50 RTB","50RTB","case-50rtb","400x72.5x72","NO","NO","NO","NO"
"CASE","6010 Turbo","6010Turbo","case-6010turbo","230x72x56","NO","NO","NO","NO"
"CASE","6030 Turbo","6030Turbo","case-6030turbo","400x135x39; 400x725.5x74","NO","NO","NO","NO"
"CASE","6060 Turbo","6060Turbo","case-6060turbo","400x73x74; 400x72.5x74","NO","NO","NO","NO"
"CASE","60XT","60XT","case-60xt","320x86x54; 375x86x54; 450x86x56","NO","NO","NO","NO"
"CASE","70XT","70XT","case-70xt","320x86x54; 375x86x54; 450x86x56","NO","NO","NO","NO"
"CASE","75XT","75XT","case-75xt","450x86x58","NO","NO","NO","NO"
"CASE","85XT","85XT","case-85xt","450x86x58","NO","NO","NO","NO"
"CASE","9007 Alliance","9007Alliance","case-9007alliance","450x73.5x80; 450x135x42; 450x71x82","NO","NO","NO","NO"
"CASE","90XT","90XT","case-90xt","450x86x58","NO","NO","NO","NO"
"CASE","95XT","95XT","case-95xt","450x86x60","NO","NO","NO","NO"
"CASE","CK08","CK08","case-ck08","180x72x36","NO","NO","NO","NO"
"CASE","CK13","CK13","case-ck13","200x96x30; 230x48x60","NO","NO","NO","NO"
"CASE","CK15","CK15","case-ck15","200x96x30; 230x48x60","NO","NO","NO","NO"
"CASE","CK16","CK16","case-ck16","230x96x31; 230x48x62","NO","NO","NO","NO"
"CASE","CK23","CK23","case-ck23","260x109x35; 300x52.5x72","NO","NO","NO","NO"
"CASE","CK25","CK25","case-ck25","300x109x35; 300x52.5x72","NO","NO","NO","NO"
"CASE","CK28","CK28","case-ck28","300x109x35; 300x52.5x72; 300x109x38; 300x52.5x78","NO","NO","NO","NO"
"CASE","CK31","CK31","case-ck31","300x109x40; 300x52.5x82","NO","NO","NO","NO"
"CASE","CK32","CK32","case-ck32","300x109x39; 300x52.5x80","NO","NO","NO","NO"
"CASE","CK35","CK35","case-ck35","350x108x42; 350x52.5x86","NO","NO","NO","NO"
"CASE","CK36","CK36","case-ck36","300x109x41; 300x52.5x84","NO","NO","NO","NO"
"CASE","CK38","CK38","case-ck38","350x56x84; 350x52.5x88","NO","NO","NO","NO"
"CASE","CK50","CK50","case-ck50","400x73x72; 400x72.5x72","NO","NO","NO","NO"
"CASE","CK52","CK52","case-ck52","400x72.5x72","NO","NO","NO","NO"
"CASE","CX 26C","CX26C","case-cx26c","250x52.5x78","NO","NO","NO","NO"
"CASE","CX 27B","CX27B","case-cx27b","250x52.5x80; 300x52.5x80","NO","NO","NO","NO"
"CASE","CX 27BMC","CX27BMC","case-cx27bmc","250x52.5x80; 300x52.5x80","NO","NO","NO","NO"
"CASE","CX 27BMR","CX27BMR","case-cx27bmr","250x52.5x80; 300x52.5x80","NO","NO","NO","NO"
"CASE","CX 27BZTS","CX27BZTS","case-cx27bzts","250x52.5x80; 300x52.5x80","NO","NO","NO","NO"
"CASE","CX 28","CX28","case-cx28","300x109x38; 300x52.5x78","NO","NO","NO","NO"
"CASE","CX 30B","CX30B","case-cx30b","250x52.5x80; 300x52.5x80","NO","NO","NO","NO"
"CASE","CX 30C","CX30C","case-cx30c","300x52.5x80","NO","NO","NO","NO"
"CASE","CX 31","CX31","case-cx31","300x109x40; 300x52.5x82","NO","NO","NO","NO"
"CASE","CX 31B","CX31B","case-cx31b","300x52.5x82; 300x52.5x88","NO","NO","NO","NO"
"CASE","CX 31BMC","CX31BMC","case-cx31bmc","300x52.5x82","NO","NO","NO","NO"
"CASE","CX 31BMR","CX31BMR","case-cx31bmr","300x52.5x82","NO","NO","NO","NO"
"CASE","CX 33C","CX33C","case-cx33c","300x52.5x86","NO","NO","NO","NO"
"CASE","CX 35","CX35","case-cx35","300x52.5x86","NO","NO","NO","NO"
"CASE","CX 35B","CX35B","case-cx35b","300x52.5x82","NO","NO","NO","NO"
"CASE","CX 36","CX36","case-cx36","300x52.5x88","NO","NO","NO","NO"
"CASE","CX 36BMC[I guiding]","CX36BMC","case-cx36bmc","300x52.5x88","NO","NO","NO","NO"
"CASE","CX 36BMR[I guiding]","CX36BMR","case-cx36bmr","300x52.5x88","NO","NO","NO","NO"
"CASE","CX 36BZTS[I guiding]","CX36BZTS","case-cx36bzts","300x52.5x88; 300x52x588","NO","NO","NO","NO"
"CASE","CX 36B[I guiding]","CX36B","case-cx36b","300x52.5x88","NO","NO","NO","NO"
"CASE","CX 37C","CX37C","case-cx37c","300x52.5x86","NO","NO","NO","NO"
"CASE","CX 39B","CX39B","case-cx39b","300x52.5x88","NO","NO","NO","NO"
"CASE","CX 40B","CX40B","case-cx40b","400x74x68; 400x72.5x70","NO","NO","NO","NO"
"CASE","CX 40BMC","CX40BMC","case-cx40bmc","400x74x68; 400x72.5x70","NO","NO","NO","NO"
"CASE","CX 40BMR","CX40BMR","case-cx40bmr","400x74x68; 400x72.5x70","NO","NO","NO","NO"
"CASE","CX 45B","CX45B","case-cx45b","400x74x68; 400x72.5x70","NO","NO","NO","NO"
"CASE","CX 47","CX47","case-cx47","400x74x72; 400x72.5x73","NO","NO","NO","NO"
"CASE","CX 50","CX50","case-cx50","400x74x72; 400x72.5x73","NO","NO","NO","NO"
"CASE","CX 50B","CX50B","case-cx50b","400x74x72; 400x72.5x73","NO","NO","NO","NO"
"CASE","CX 50BMC","CX50BMC","case-cx50bmc","400x74x72; 400x72.5x73","NO","NO","NO","NO"
"CASE","CX 50BMR","CX50BMR","case-cx50bmr","400x74x72; 400x72.5x73","NO","NO","NO","NO"
"CASE","CX 50BZTS","CX50BZTS","case-cx50bzts","400x74x72; 400x72.5x73","NO","NO","NO","NO"
"CASE","CX 55B","CX55B","case-cx55b","400x72.5x74","NO","NO","NO","NO"
"CASE","CX 57C","CX57C","case-cx57c","400x73x76; 400x72.5x76","NO","NO","NO","NO"
"CASE","CX 60C","CX60C","case-cx60c","400x73x76; 400x72.5x76","NO","NO","NO","NO"
"CASE","CX 75SR","CX75SR","case-cx75sr","450x81x76","NO","NO","NO","NO"
"CASE","CX 80","CX80","case-cx80","450x81x76","NO","NO","NO","NO"
"CASE","CX 80C","CX80C","case-cx80c","450x81x76","NO","NO","NO","NO"
"CASE","CX 90D","CX90D","case-cx90d","450x81.5x76; 450x81x76","NO","NO","NO","NO"
"CASE","CX14","CX14","case-cx14","230x48x70","NO","NO","NO","NO"
"CASE","CX14ZTS","CX14ZTS","case-cx14zts","230x48x70","NO","NO","NO","NO"
"CASE","CX15","CX15","case-cx15","230x96x31; 230x48x62","NO","NO","NO","NO"
"CASE","CX15STC","CX15STC","case-cx15stc","230x48x70","NO","NO","NO","NO"
"CASE","CX15STR","CX15STR","case-cx15str","230x48x70","NO","NO","NO","NO"
"CASE","CX16(2001)","CX16","case-cx16","230x96x31; 230x48x62","NO","NO","NO","NO"
"CASE","CX16B","CX16B","case-cx16b","230x48x70","NO","NO","NO","NO"
"CASE","CX16SVC","CX16SVC","case-cx16svc","230x48x70","NO","NO","NO","NO"
"CASE","CX16SVR","CX16SVR","case-cx16svr","230x48x70","NO","NO","NO","NO"
"CASE","CX17BZTS","CX17BZTS","case-cx17bzts","230x48x70","NO","NO","NO","NO"
"CASE","CX17C","CX17C","case-cx17c","230x48x70","NO","NO","NO","NO"
"CASE","CX18B","CX18B","case-cx18b","230x48x70","NO","NO","NO","NO"
"CASE","CX18C","CX18C","case-cx18c","230x48x70","NO","NO","NO","NO"
"CASE","CX20 BMR","CX20BMR","case-cx20bmr","250x52.5x76; 300x52.5x76","NO","NO","NO","NO"
"CASE","CX20B","CX20B","case-cx20b","250x52.5x76; 300x52.5x76","NO","NO","NO","NO"
"CASE","CX22 B","CX22B","case-cx22b","250x52.5x76; 300x52.5x76","NO","NO","NO","NO"
"CASE","CX22 BMC","CX22BMC","case-cx22bmc","250x52.5x76; 300x52.5x76","NO","NO","NO","NO"
"CASE","CX22 BZTS","CX22BZTS","case-cx22bzts","250x52.5x76; 300x52.5x76","NO","NO","NO","NO"
"CASE","CX23","CX23","case-cx23","250x109x35; 300x52.5x72","NO","NO","NO","NO"
"CASE","CX25","CX25","case-cx25","250x52.5x76; 300x52.5x76","NO","NO","NO","NO"
"CASE","CX26 BZTS","CX26BZTS","case-cx26bzts","250x52.5x76; 300x52.5x76","NO","NO","NO","NO"
"CASE","CX26B","CX26B","case-cx26b","250x52.5x76; 300x52.5x76","NO","NO","NO","NO"
"CASE","LX 92","LX92","case-lx92","230x96x30; 230x48x60","NO","NO","NO","NO"
"CASE","TF 300","TF300","case-tf300","230x72x39; 250x72x39","NO","NO","NO","NO"
"CASE","TF 300RT","TF300RT","case-tf300rt","250x72x39","NO","NO","NO","NO"
"CASE","TR270","TR270","case-tr270","320x86x50","NO","NO","NO","NO"
"CASE","TR310","TR310","case-tr310","400x86x50","NO","NO","NO","NO"
"CASE","TR320","TR320","case-tr320","450x86x55","NO","NO","NO","NO"
"CASE","TR340","TR340","case-tr340","450x86x55","NO","NO","NO","NO"
"CASE","TV370","TV370","case-tv370","450x86x55","NO","NO","NO","NO"
"CASE","TV370B","TV370B","case-tv370b","450x86x55","NO","NO","NO","NO"
"CASE","TV380","TV380","case-tv380","450x86x55","NO","NO","NO","NO"
"CASE","TV450B","TV450B","case-tv450b","450x86x55","NO","NO","NO","NO"
"CASE","TV620B","TV620B","case-tv620b","450x86x53","NO","NO","NO","NO"
"CAT","216","216","cat-216","320x86x52; 375x86x52; 400x86x52","NO","NO","NO","NO"
"CAT","226","226","cat-226","320x86x52; 375x86x52; 400x86x52","YES","NO","NO","NO"
"CAT","226B","226B","cat-226b","","YES","NO","NO","NO"
"CAT","228","228","cat-228","320x86x52; 375x86x52; 400x86x52","YES","YES","NO","NO"
"CAT","232","232","cat-232","320x86x54; 375x86x54; 400x86x54","NO","NO","NO","NO"
"CAT","236","236","cat-236","320x86x56; 375x86x56; 450x86x56","NO","NO","NO","NO"
"CAT","239D","239D","cat-239d","320x86x49","NO","YES","NO","NO"
"CAT","239D3","239D3","cat-239d3","320x86x49","NO","NO","NO","NO"
"CAT","239DLRC","239DLRC","cat-239dlrc","","NO","YES","NO","NO"
"CAT","239DR","239DR","cat-239dr","","NO","YES","NO","NO"
"CAT","242","242","cat-242","320x86x54; 375x86x54; 400x86x54","NO","NO","NO","NO"
"CAT","246","246","cat-246","320x86x56; 375x86x56; 450x86x56","NO","NO","NO","NO"
"CAT","246C","246C","cat-246c","450x86x60","NO","NO","NO","NO"
"CAT","247","247","cat-247","381x100x42","NO","NO","NO","NO"
"CAT","247A","247A","cat-247a","381x100x42","NO","NO","NO","NO"
"CAT","247B","247B","cat-247b","381x100x42","NO","NO","NO","NO"
"CAT","247B2","247B2","cat-247b2","381x100x42","NO","NO","NO","NO"
"CAT","247B3","247B3","cat-247b3","381x100x42","NO","NO","NO","NO"
"CAT","248","248","cat-248","320x86x56; 375x86x56; 450x86x56","NO","NO","NO","NO"
"CAT","249D","249D","cat-249d","320x86x49; 400x86x49","NO","YES","NO","NO"
"CAT","249D3","249D3","cat-249d3","320x86x49; 400x86x49","NO","YES","NO","NO"
"CAT","249DLRC","249DLRC","cat-249dlrc","","NO","YES","NO","NO"
"CAT","255","255","cat-255","","NO","YES","NO","NO"
"CAT","256C","256C","cat-256c","450x86x60","NO","NO","NO","NO"
"CAT","257","257","cat-257","381x100x42","NO","NO","NO","NO"
"CAT","257A","257A","cat-257a","381x100x42","NO","NO","NO","NO"
"CAT","257B","257B","cat-257b","381x100x42","NO","NO","NO","NO"
"CAT","257B2","257B2","cat-257b2","381x100x42","NO","NO","NO","NO"
"CAT","257B3","257B3","cat-257b3","381x100x42","NO","NO","NO","NO"
"CAT","257D","257D","cat-257d","381x100x42","NO","NO","NO","NO"
"CAT","257D3","257D3","cat-257d3","381x100x42","NO","NO","NO","NO"
"CAT","259","259","cat-259","320x86x53","YES","YES","YES","NO"
"CAT","259B","259B","cat-259b","320x86x53","YES","YES","YES","NO"
"CAT","259B3","259B3","cat-259b3","320x86x53","YES","YES","YES","NO"
"CAT","259C","259C","cat-259c","320x86x53","NO","NO","NO","NO"
"CAT","259D","259D","cat-259d","320x86x53","YES","YES","YES","NO"
"CAT","259D3","259D3","cat-259d3","320x86x53","YES","YES","YES","NO"
"CAT","259DLRC","259DLRC","cat-259dlrc","","NO","YES","NO","NO"
"CAT","262C","262C","cat-262c","450x86x60","NO","NO","NO","NO"
"CAT","265","265","cat-265","","YES","YES","NO","NO"
"CAT","267","267","cat-267","457x100.6x56","YES","NO","NO","NO"
"CAT","267A","267A","cat-267a","457x100.6x56","NO","NO","NO","NO"
"CAT","267B","267B","cat-267b","457x100.6x56","YES","NO","NO","NO"
"CAT","267B2","267B2","cat-267b2","","YES","NO","NO","NO"
"CAT","269C","269C","cat-269c","450x86x60","NO","NO","NO","NO"
"CAT","269D","269D","cat-269d","","NO","NO","NO","NO"
"CAT","269D3","269D3","cat-269d3","","NO","NO","NO","NO"
"CAT","272B","272B","cat-272b","","YES","NO","NO","NO"
"CAT","272C","272C","cat-272c","450x86x63","NO","NO","NO","NO"
"CAT","277","277","cat-277","457x100.6x56","NO","NO","NO","NO"
"CAT","277A","277A","cat-277a","457x100.6x56","NO","NO","NO","NO"
"CAT","277B","277B","cat-277b","457x100.6x56","NO","NO","NO","NO"
"CAT","277C","277C","cat-277c","457x100.6x51","NO","NO","NO","NO"
"CAT","277C2","277C2","cat-277c2","457x100.6x51","NO","NO","NO","NO"
"CAT","277D","277D","cat-277d","457x100.6x51","NO","NO","NO","NO"
"CAT","279","279","cat-279","","YES","YES","YES","NO"
"CAT","279C","279C","cat-279c","400x86x56; 450x86x60","YES","YES","YES","NO"
"CAT","279C2","279C2","cat-279c2","400x86x56; 450x86x60","YES","YES","YES","NO"
"CAT","279D","279D","cat-279d","400x86x56; 450x86x60","YES","YES","YES","NO"
"CAT","279D2","279D2","cat-279d2","400x86x56; 450x86x60","YES","YES","YES","NO"
"CAT","279D3","279D3","cat-279d3","400x86x56; 450x86x60","YES","YES","NO","NO"
"CAT","287","287","cat-287","457x100x51","NO","NO","NO","NO"
"CAT","287A","287A","cat-287a","457x100x51","NO","NO","NO","NO"
"CAT","287B","287B","cat-287b","457x100x51","NO","NO","NO","NO"
"CAT","287C","287C","cat-287c","457x100x51","NO","NO","NO","NO"
"CAT","287C2","287C2","cat-287c2","457x100x51","NO","NO","NO","NO"
"CAT","287D","287D","cat-287d","457x100x51","NO","NO","NO","NO"
"CAT","289C","289C","cat-289c","400x86x56; 450x86x60","YES","YES","YES","NO"
"CAT","289C2","289C2","cat-289c2","400x86x56; 450x86x60","YES","YES","YES","NO"
"CAT","289D","289D","cat-289d","400x86x56; 450x86x60","YES","YES","YES","NO"
"CAT","289D2","289D2","cat-289d2","400x86x56; 450x86x60","YES","YES","YES","NO"
"CAT","289D3","289D3","cat-289d3","400x86x56; 450x86x60","YES","YES","NO","NO"
"CAT","297C","297C","cat-297c","457x100x51","NO","NO","NO","NO"
"CAT","297D","297D","cat-297d","457x100x51","NO","NO","NO","NO"
"CAT","297D2","297D2","cat-297d2","457x100x51","NO","NO","NO","NO"
"CAT","297D2 XHP","297D2XHP","cat-297d2xhp","457x100x51","NO","NO","NO","NO"
"CAT","299C","299C","cat-299c","450x86x60; 400x86x60","YES","YES","YES","NO"
"CAT","299C2","299C2","cat-299c2","450x86x60; 400x86x60","NO","YES","YES","NO"
"CAT","299D","299D","cat-299d","450x86x60; 400x86x60","YES","YES","YES","NO"
"CAT","299D XHP","299D XHP","cat-299dxhp","400x86x60; 450x86x60","NO","NO","NO","NO"
"CAT","299D2","299D2","cat-299d2","450x86x60; 400x86x60","YES","YES","NO","NO"
"CAT","299D2 XHP","299D2XHP","cat-299d2xhp","400x86x60; 450x86x60","NO","NO","NO","NO"
"CAT","299D3","299D3","cat-299d3","450x86x60; 400x86x60","YES","YES","NO","NO"
"CAT","299D3XE","299D3XE","cat-299d3xe","450x86x60; 400x86x60","NO","YES","NO","NO"
"CAT","299DR","299DR","cat-299dr","","NO","YES","NO","NO"
"CAT","300.9D","300.9D","cat-3009d","180x72x37","YES","NO","NO","NO"
"CAT","301.4C","301.4C","cat-3014c","230x96x33; 230x48x66","YES","NO","NO","NO"
"CAT","301.5","301.5","cat-3015","230x48x62","YES","NO","NO","NO"
"CAT","301.5CR","301.5CR","cat-3015cr","230x48x70","YES","NO","NO","NO"
"CAT","301.6","301.6","cat-3016","230x48x66; 230x96x33","YES","NO","NO","NO"
"CAT","301.6C","301.6C","cat-3016c","230x48x70","YES","NO","NO","NO"
"CAT","301.7CR","301.7CR","cat-3017cr","230x48x70","NO","NO","NO","NO"
"CAT","301.7D","301.7D","cat-3017d","230x96x36; 230x48x72","YES","NO","NO","NO"
"CAT","301.7DCR","301.7DCR","cat-3017dcr","230x96x36; 230x48x72","YES","NO","NO","NO"
"CAT","301.8","301.8","cat-3018","230x48x66; 230x96x33","YES","NO","NO","NO"
"CAT","301.8C","301.8C","cat-3018c","230x48x70","YES","NO","NO","NO"
"CAT","301.8CR","301.8CR","cat-3018cr","230x48x70","YES","NO","NO","NO"
"CAT","302.2D","302.2D","cat-3022d","250x96x38; 250x48x76","YES","NO","NO","NO"
"CAT","302.4D","302.4D","cat-3024d","","YES","NO","NO","NO"
"CAT","302.5","302.5","cat-3025","300x52.5x78","YES","NO","NO","NO"
"CAT","302.5C","302.5C","cat-3025c","300x55x74; 300x52.5x78","YES","NO","NO","NO"
"CAT","302.7DCR","302.7DCR","cat-3027dcr","300x52.5x82","YES","NO","NO","NO"
"CAT","302CR","302CR","cat-302cr","250x48x82; 250x47x84","NO","NO","NO","NO"
"CAT","303.5","303.5","cat-3035","300x52.5x84","YES","NO","NO","NO"
"CAT","303.5C","303.5C","cat-3035c","","YES","NO","NO","NO"
"CAT","303.5CCR","303.5CCR","cat-3035ccr","300x52.5x90","YES","NO","NO","NO"
"CAT","303.5D","303.5D","cat-3035d","","YES","NO","NO","NO"
"CAT","303.5DCR","303.5DCR","cat-3035dcr","300x52.5x90","YES","NO","NO","NO"
"CAT","303.5E","303.5E","cat-3035e","","YES","NO","NO","NO"
"CAT","303.5E2CR","303.5E2CR","cat-3035e2cr","300x52.5x90","YES","NO","NO","NO"
"CAT","303.5ECR","303.5ECR","cat-3035ecr","300x52.5x90","YES","NO","NO","NO"
"CAT","303CCR","303CCR","cat-303ccr","300x52.5x90","YES","NO","NO","NO"
"CAT","303CR","303CR","cat-303cr","300x52.5x84","YES","NO","NO","NO"
"CAT","303CR 2007","303CR2007","cat-303cr2007","300x52.5x90","YES","NO","NO","NO"
"CAT","303ECR","303ECR","cat-303ecr","300x52.5x84","YES","NO","NO","NO"
"CAT","304.5","304.5","cat-3045","400x73x72; 400x72.5x72","YES","NO","NO","NO"
"CAT","304.5E2XTC","304.5E2XTC","cat-3045e2xtc","350x52.5x90","YES","NO","NO","NO"
"CAT","304C","304C","cat-304c","400x72.5x72","YES","NO","NO","NO"
"CAT","304CCR","304CCR","cat-304ccr","400x72.5x76","YES","NO","NO","NO"
"CAT","304CR","304CR","cat-304cr","400x73x72; 400x72.5x72","NO","NO","NO","NO"
"CAT","304DCR","304DCR","cat-304dcr","350x52.5x90","YES","NO","NO","NO"
"CAT","304E","304E","cat-304e","","YES","NO","NO","NO"
"CAT","304E2CR","304E2CR","cat-304e2cr","350x52.5x90","YES","NO","NO","NO"
"CAT","304ECR","304ECR","cat-304ecr","350x52.5x90","YES","NO","NO","NO"
"CAT","305.5","305.5","cat-3055","","YES","NO","NO","NO"
"CAT","305.5D","305.5D","cat-3055d","","YES","NO","NO","NO"
"CAT","305.5DCR","305.5DCR","cat-3055dcr","400x72.5x76","YES","NO","NO","NO"
"CAT","305.5E","305.5E","cat-3055e","","YES","NO","NO","NO"
"CAT","305.5E2","305.5E2","cat-3055e2","","YES","NO","NO","NO"
"CAT","305.5E2CR","305.5E2CR","cat-3055e2cr","400x72.5x76","YES","NO","NO","NO"
"CAT","305.5E2FB","305.5E2FB","cat-3055e2fb","","YES","NO","NO","NO"
"CAT","305.5ECR","305.5ECR","cat-3055ecr","400x72.5x76","YES","NO","NO","NO"
"CAT","305CCR","305CCR","cat-305ccr","400x72.5x76","YES","NO","NO","NO"
"CAT","305DCR","305DCR","cat-305dcr","","YES","NO","NO","NO"
"CAT","305E2","305E2","cat-305e2","","YES","NO","NO","NO"
"CAT","305E2CR","305E2CR","cat-305e2cr","","YES","NO","NO","NO"
"CAT","305ECR","305ECR","cat-305ecr","","YES","NO","NO","NO"
"CAT","306CR","306CR","cat-306cr","400x72.5x76","NO","NO","NO","NO"
"CAT","306E2FB","306E2FB","cat-306e2fb","","YES","NO","NO","NO"
"CAT","307","307","cat-307","450x71x82","NO","NO","NO","NO"
"CAT","307A (Japan E70B)","307A","cat-307a","450x71x82","NO","NO","NO","NO"
"CAT","307B","307B","cat-307b","450x71x82","NO","NO","NO","NO"
"CAT","307C","307C","cat-307c","450x71x82","NO","NO","NO","NO"
"CAT","307CAC","307CAC","cat-307cac","450x71x82","NO","NO","NO","NO"
"CAT","307CCC","307CCC","cat-307ccc","450x71x82","NO","NO","NO","NO"
"CAT","307CSB","307CSB","cat-307csb","450x71x82","NO","NO","NO","NO"
"CAT","307HD","307HD","cat-307hd","450x71x84","NO","NO","NO","NO"
"CAT","307SSR","307SSR","cat-307ssr","450x71x82","NO","NO","NO","NO"
"CAT","308","308","cat-308","450x71x86","NO","NO","NO","NO"
"CAT","308BSR","308BSR","cat-308bsr","450x71x86","NO","NO","NO","NO"
"CAT","308CCR","308CCR","cat-308ccr","450x81x78","NO","NO","NO","NO"
"CAT","308CSR","308CSR","cat-308csr","450x81x78","NO","NO","NO","NO"
"CAT","308DCRSB","308DCRSB","cat-308dcrsb","450x81x78","NO","NO","NO","NO"
"CAT","308E2CR","308E2CR","cat-308e2cr","450x81x78","NO","NO","NO","NO"
"CAT","308ECRSB","308ECRSB","cat-308ecrsb","450x81x78","NO","NO","NO","NO"
"CAT","311B","311B","cat-311b","500x92x78","NO","NO","NO","NO"
"CAT","311BSR","311BSR","cat-311bsr","500x92x78","NO","NO","NO","NO"
"CAT","311C Utility","311C Utility","cat-311cutility","500x92x78","NO","NO","NO","NO"
"CAT","E110B","E110B","cat-e110b","500x92x78","NO","NO","NO","NO"
"CAT","E70","E70","cat-e70","450x71x82","NO","NO","NO","NO"
"CAT","E70B","E70B","cat-e70b","450x71x82","NO","NO","NO","NO"
"CAT","ME08","ME08","cat-me08","180x72x36","NO","NO","NO","NO"
"CAT","ME08B","ME08B","cat-me08b","180x72x36","NO","NO","NO","NO"
"CAT","ME15","ME15","cat-me15","230x96x33; 230x48x66","NO","NO","NO","NO"
"CAT","ME20","ME20","cat-me20","300x109x36; 300x52.5x74","NO","NO","NO","NO"
"CAT","ME25","ME25","cat-me25","300x109x36; 300x52.5x74","NO","NO","NO","NO"
"CAT","ME30","ME30","cat-me30","300x52.5x80","NO","NO","NO","NO"
"CAT","ME30B","ME30B","cat-me30b","300x52.5x80","NO","NO","NO","NO"
"CAT","ME30T","ME30T","cat-me30t","300x52.5x80","NO","NO","NO","NO"
"CAT","ME35","ME35","cat-me35","300x52.5x80","NO","NO","NO","NO"
"CAT","ME40","ME40","cat-me40","400x146x35; 400x72.5x70","NO","NO","NO","NO"
"CAT","ME40R","ME40R","cat-me40r","400x146x35; 400x72.5x70","NO","NO","NO","NO"
"CAT","ME45","ME45","cat-me45","400x146x35; 400x72.5x70","NO","NO","NO","NO"
"CAT","MH15","MH15","cat-mh15","230x96x33; 230x48x66","NO","NO","NO","NO"
"CAT","MM08B","MM08B","cat-mm08b","180x72x36","NO","NO","NO","NO"
"CAT","MM15","MM15","cat-mm15","230x96x33; 230x48x66; 230x96x31; 230x48x62","YES","NO","NO","NO"
"CAT","MM15-7","MM15-7","cat-mm15-7","230x96x31; 230x48x62","NO","NO","NO","NO"
"CAT","MM15T","MM15T","cat-mm15t","230x96x31; 230x48x62","NO","NO","NO","NO"
"CAT","MM20","MM20","cat-mm20","260x52.5x74; 300x52.5x74","NO","NO","NO","NO"
"CAT","MM20CR (Corner Rad)","MM20CR","cat-mm20cr","260x52.5x74; 300x52.5x74","NO","NO","NO","NO"
"CAT","MM20SR (short Rad)","MM20SR","cat-mm20sr","260x52.5x74; 300x52.5x74","NO","NO","NO","NO"
"CAT","MM20T","MM20T","cat-mm20t","260x52.5x74; 300x52.5x74","NO","NO","NO","NO"
"CAT","MM25","MM25","cat-mm25","300x52.5x76; 300x52.5x72","YES","NO","NO","NO"
"CAT","MM25T","MM25T","cat-mm25t","300x52.5x78","NO","NO","NO","NO"
"CAT","MM30","MM30","cat-mm30","300x52.5x80","NO","NO","NO","NO"
"CAT","MM30B","MM30B","cat-mm30b","300x52.5x80","NO","NO","NO","NO"
"CAT","MM30CR","MM30CR","cat-mm30cr","300x52.5x80","NO","NO","NO","NO"
"CAT","MM30CR-2 (corner rad)","MM30CR-2","cat-mm30cr-2","300x52.5x80","NO","NO","NO","NO"
"CAT","MM30SR (short rad)","MM30SR","cat-mm30sr","300x52.5x80","NO","NO","NO","NO"
"CAT","MM30T","MM30T","cat-mm30t","300x52.5x80","NO","NO","NO","NO"
"CAT","MM35","MM35","cat-mm35","300x52.5x84","YES","NO","NO","NO"
"CAT","MM35B","MM35B","cat-mm35b","300x52.5x84","NO","NO","NO","NO"
"CAT","MM35T","MM35T","cat-mm35t","300x52.5x84","NO","NO","NO","NO"
"CAT","MM40B","MM40B","cat-mm40b","400x73x72; 400x72.5x72","NO","NO","NO","NO"
"CAT","MM40CR","MM40CR","cat-mm40cr","400x73x72; 400x72.5x72","NO","NO","NO","NO"
"CAT","MM40CR-2 (corner rad)","MM40CR-2","cat-mm40cr-2","400x73x72; 400x72.5x72","NO","NO","NO","NO"
"CAT","MM40SR (short rad)","MM40SR","cat-mm40sr","400x73x72; 400x72.5x72","NO","NO","NO","NO"
"CAT","MM40SR-2 (short rad)","MM40SR-2","cat-mm40sr-2","400x73x72; 400x72.5x72","NO","NO","NO","NO"
"CAT","MM40T","MM40T","cat-mm40t","400x146x36; 400x72.5x72","NO","NO","NO","NO"
"CAT","MM45","MM45","cat-mm45","400x146x36; 400x72.5x72","NO","NO","NO","NO"
"CAT","MM45B","MM45B","cat-mm45b","400x146x36; 400x72.5x72","NO","NO","NO","NO"
"CAT","MM45T","MM45T","cat-mm45t","400x146x36; 400x72.5x72","NO","NO","NO","NO"
"CAT","MM55SR","MM55SR","cat-mm55sr","400x73x72; 400x72.5x72","NO","NO","NO","NO"
"CAT","MM57SR (short rad)","MM57SR","cat-mm57sr","400x73x72; 400x72.5x72","NO","NO","NO","NO"
"CAT","MMCR","MMCR","cat-mmcr","260x52.5x74; 300x52.5x74","NO","NO","NO","NO"
"CAT","MS010","MS010","cat-ms010","250x72x45","NO","NO","NO","NO"
"CAT","MX35","MX35","cat-mx35","300x109x39; 300x52.5x80; 300x52.5x84","NO","NO","NO","NO"
"CAT","MX45","MX45","cat-mx45","400x73x70; 400x72.5x70","NO","NO","NO","NO"
"CEASER","ES150-3","ES150-3","ceaser-es150-3","230x48x66; 230x96x33","NO","NO","NO","NO"
"CEASER","ES180-3","ES180-3","ceaser-es180-3","230x48x66; 230x96x33","NO","NO","NO","NO"
"CEASER","ES300","ES300","ceaser-es300","300x52.5x74","NO","NO","NO","NO"
"CEASER","ES400","ES400","ceaser-es400","300x55x82; 300x52.5x84","NO","NO","NO","NO"
"CEASER","ES400ZT","ES400ZT","ceaser-es400zt","300x52.5x84","NO","NO","NO","NO"
"CEASER","ES500","ES500","ceaser-es500","400x72.5x72","NO","NO","NO","NO"
"CEASER","ES800","ES800","ceaser-es800","450x71x86","NO","NO","NO","NO"
"CEASER","ES800TR","ES800TR","ceaser-es800tr","450x71x86","NO","NO","NO","NO"
"CELA","Spider 120","Spider120","cela-spider120","190x72x37; 180x72x37","NO","NO","NO","NO"
"CELA","Spider 260","Spider260","cela-spider260","250x72x57","NO","NO","NO","NO"
"CELA","Spider 560","Spider560","cela-spider560","320x100x52","NO","NO","NO","NO"
"CELA","TELJ28","TELJ28","cela-telj28","230x72x43","NO","NO","NO","NO"
"CFC","BabyTapiro","BabyTapiro","cfc-babytapiro","180x60x30","NO","NO","NO","NO"
"CFC","MaxiSpeed","MaxiSpeed","cfc-maxispeed","250x72x45","NO","NO","NO","NO"
"CFC","Speed 1800","Speed1800","cfc-speed1800","250x72x45","NO","NO","NO","NO"
"CFC","SpeedTapiro Old","SpeedTapiro Old","cfc-speedtapiroold","200x72x40","NO","NO","NO","NO"
"CFC","SpeedTaripo Carro Standard","SpeedTaripo Carro Standard","cfc-speedtaripocarrostandard","180x72x34","NO","NO","NO","NO"
"CFC","SpeedTaripo Carro Standard 2","SpeedTaripo Carro Standard2","cfc-speedtaripocarrostandard2","180x72x40","NO","NO","NO","NO"
"CFC","SpeedTaripo NuovoCarro2013","SpeedTaripo NuovoCarro2013","cfc-speedtariponuovocarro2013","230x72x43","NO","NO","NO","NO"
"CMC","S15","S15","cmc-s15","180x72x37","NO","NO","NO","NO"
"CMC","S19","S19","cmc-s19","180x72x43; 250x72x42","NO","NO","NO","NO"
"CMC","S24","S24","cmc-s24","250x72x2; 250x72x52","NO","NO","NO","NO"
"CME","M12","M12","cme-m12","230x72x43","NO","NO","NO","NO"
"CME","M15","M15","cme-m15","230x72x43","NO","NO","NO","NO"
"Cameca","Baby","Baby","cameca-baby","200x72x37; 180x72x37","NO","NO","NO","NO"
"Camisa","280","280","camisa-280","180x60x35","NO","NO","NO","NO"
"Camisa","380","380","camisa-380","180x60x35","NO","NO","NO","NO"
"Camisa","480H","480H","camisa-480h","180x60x38","NO","NO","NO","NO"
"Camisa","580","580","camisa-580","180x72x34","NO","NO","NO","NO"
"Camisa","680","680","camisa-680","200x72x40","NO","NO","NO","NO"
"Camisa","TR635","TR635","camisa-tr635","230x72x47","NO","NO","NO","NO"
"Cams Libra","214","214","cams-libra-214","300x55x72; 300x52.5x74","NO","NO","NO","NO"
"Cams Libra","216S","216S","cams-libra-216s","230x72x45","NO","NO","NO","NO"
"Cams Libra","218SV","218SV","cams-libra-218sv","230x48x70","NO","NO","NO","NO"
"Cams Libra","219RSV","219RSV","cams-libra-219rsv","230x72x45; 230x96x35; 230x48x70","NO","NO","NO","NO"
"Cams Libra","224S","224S","cams-libra-224s","300x52.5x74","NO","NO","NO","NO"
"Cams Libra","229S","229S","cams-libra-229s","300x55x78; 300x52.5x80","NO","NO","NO","NO"
"Cams Libra","234S","234S","cams-libra-234s","300x55x78; 300x52.5x80","NO","NO","NO","NO"
"Cams Libra","254ST","254ST","cams-libra-254st","400x72.5x72","NO","NO","NO","NO"
"Cams Libra","865","865","cams-libra-865","320x86x48","NO","NO","NO","NO"
"Cams Libra","CZ25","CZ25","cams-libra-cz25","300x52.5x80","NO","NO","NO","NO"
"Cams Libra","CZ30","CZ30","cams-libra-cz30","300x52.5x80","NO","NO","NO","NO"
"Cams Libra","CZ37","CZ37","cams-libra-cz37","300x52.5x80","NO","NO","NO","NO"
"Cams Libra","CZ50","CZ50","cams-libra-cz50","400x72.5x72","NO","NO","NO","NO"
"Cams Libra","CZ54","CZ54","cams-libra-cz54","400x72.5x72","NO","NO","NO","NO"
"Cams Libra","CZ55","CZ55","cams-libra-cz55","400x72.5x76","NO","NO","NO","NO"
"Cams Libra","T865","T865","cams-libra-t865","320x86x48","NO","NO","NO","NO"
"Cams Libra","T985","T985","cams-libra-t985","450x86x52","NO","NO","NO","NO"
"Carlton","SP5014TRX","SP5014TRX","carlton-sp5014trx","180x72x36","NO","NO","NO","NO"
"Carlton","SP7015TRX","SP7015TRX","carlton-sp7015trx","230x96x42","NO","NO","NO","NO"
"Carlton","SP8018TRX<2009","SP8018TRX<2009","carlton-sp8018trx2009","230x72x56","NO","NO","NO","NO"
"Carmix","K413","K413","carmix-k413","230x72x43","NO","NO","NO","NO"
"Carmix","K414","K414","carmix-k414","230x72x43","NO","NO","NO","NO"
"Carmix","K415","K415","carmix-k415","230x72x43","NO","NO","NO","NO"
"Carrier","1200","1200","carrier-1200","200x72x42","NO","NO","NO","NO"
"Carrier","1700X","1700X","carrier-1700x","200x72x42","NO","NO","NO","NO"
"Casorzo","MTR450","MTR450","casorzo-mtr450","180x72x32","NO","NO","NO","NO"
"Casorzo","MTR600","MTR600","casorzo-mtr600","180x72x34","NO","NO","NO","NO"
"Celli","ECOSTAR-SC600","ECOSTAR-SC600","celli-ecostar-sc600","320x100x43","NO","NO","NO","NO"
"Chieftan","10","10","chieftan-10","230x72x43","NO","NO","NO","NO"
"Chieftan","10F","10F","chieftan-10f","230x72x43","NO","NO","NO","NO"
"Chieftan","10G","10G","chieftan-10g","230x72x43","NO","NO","NO","NO"
"Chieftan","10S","10S","chieftan-10s","230x72x43","NO","NO","NO","NO"
"Chieftan","12","12","chieftan-12","230x72x43","NO","NO","NO","NO"
"Chieftan","12G","12G","chieftan-12g","230x72x43","NO","NO","NO","NO"
"Chieftan","IS7FX","IS7FX","chieftan-is7fx","180x72x37","NO","NO","NO","NO"
"Chikusui/Canycom","BFG1005(Mini Transporter)","BFG1005","chikusui/canycom-bfg1005","230x72x47; 250x72x52","NO","NO","NO","NO"
"Chikusui/Canycom","BFG1301","BFG1301","chikusui/canycom-bfg1301","280x72x48; 250x72x48","NO","NO","NO","NO"
"Chikusui/Canycom","BFG1302 (Mini Transporter)","BFG1302","chikusui/canycom-bfg1302","280x72x48; 250x72x48","NO","NO","NO","NO"
"Chikusui/Canycom","BFG1303 (Mini Transporter)","BFG1303","chikusui/canycom-bfg1303","280x72x48; 250x72x48","NO","NO","NO","NO"
"Chikusui/Canycom","BFK703 (Mini Transporter)","BFK703","chikusui/canycom-bfk703","180x72x34","NO","NO","NO","NO"
"Chikusui/Canycom","BFK709 (Mini Transporter)","BFK709","chikusui/canycom-bfk709","180x72x34; 200x72x34","NO","NO","NO","NO"
"Chikusui/Canycom","BFK808 (Mini Transporter)","BFK808","chikusui/canycom-bfk808","230x72x42","NO","NO","NO","NO"
"Chikusui/Canycom","BFP402","BFP402","chikusui/canycom-bfp402","180x60x34","NO","NO","NO","NO"
"Chikusui/Canycom","BFP405","BFP405","chikusui/canycom-bfp405","180x60x34; 180x72x31","NO","NO","NO","NO"
"Chikusui/Canycom","BFP501","BFP501","chikusui/canycom-bfp501","180x60x37","NO","NO","NO","NO"
"Chikusui/Canycom","BFP602","BFP602","chikusui/canycom-bfp602","180x60x37","NO","NO","NO","NO"
"Chikusui/Canycom","BFP703 (Mini Transporter)","BFP703","chikusui/canycom-bfp703","180x72x34","NO","NO","NO","NO"
"Chikusui/Canycom","BFS901G (Mini Transporter)","BFS901G","chikusui/canycom-bfs901g","200x72x42","NO","NO","NO","NO"
"Chikusui/Canycom","BFS901Q (Mini Transporter)","BFS901Q","chikusui/canycom-bfs901q","200x72x42","NO","NO","NO","NO"
"Chikusui/Canycom","BFX703(Mini Transporter)","BFX703","chikusui/canycom-bfx703","180x72x34","NO","NO","NO","NO"
"Chikusui/Canycom","BFY901 (Mini Transporter)","BFY901","chikusui/canycom-bfy901","230x72x42","NO","NO","NO","NO"
"Chikusui/Canycom","CC1000 (Mini Transporter)","CC1000","chikusui/canycom-cc1000","230x72x48","NO","NO","NO","NO"
"Chikusui/Canycom","CC1300 (Mini Transporter)","CC1300","chikusui/canycom-cc1300","280x72x48; 250x72x48","NO","NO","NO","NO"
"Chikusui/Canycom","CC1500 (Mini Transporter)","CC1500","chikusui/canycom-cc1500","280x72x48; 250x72x48","NO","NO","NO","NO"
"Chikusui/Canycom","CC300 (Mini Transporter)","CC300","chikusui/canycom-cc300","230x72x43","NO","NO","NO","NO"
"Chikusui/Canycom","CC316 (Mini Transporter)","CC316","chikusui/canycom-cc316","180x72x31","NO","NO","NO","NO"
"Chikusui/Canycom","CC350 (Mini Transporter)","CC350","chikusui/canycom-cc350","180x60x34","NO","NO","NO","NO"
"Chikusui/Canycom","CC450 (Mini Transporter)","CC450","chikusui/canycom-cc450","180x60x37","NO","NO","NO","NO"
"Chikusui/Canycom","CC500 (Mini Transporter)","CC500","chikusui/canycom-cc500","180x72x34","NO","NO","NO","NO"
"Chikusui/Canycom","CC600 (Mini Transporter)","CC600","chikusui/canycom-cc600","180x72x34","NO","NO","NO","NO"
"Chikusui/Canycom","CC700 (Mini Transporter)","CC700","chikusui/canycom-cc700","200x72x42","NO","NO","NO","NO"
"Chikusui/Canycom","CC800 (Mini Transporter)","CC800","chikusui/canycom-cc800","230x72x42; 250x72x43","NO","NO","NO","NO"
"Chikusui/Canycom","D50","D50","chikusui/canycom-d50","200x72x34; 180x72x34","NO","NO","NO","NO"
"Chikusui/Canycom","DF 407","DF407","chikusui/canycom-df407","180x72x31","NO","NO","NO","NO"
"Chikusui/Canycom","GC 403 (Mini Transporter)","GC403","chikusui/canycom-gc403","180x72x34; 230x72x43","NO","NO","NO","NO"
"Chikusui/Canycom","GC 41 (Mini Transporter)","GC41","chikusui/canycom-gc41","200x72x39","NO","NO","NO","NO"
"Chikusui/Canycom","GC 42 (Mini Transporter)","GC42","chikusui/canycom-gc42","200x72x39","NO","NO","NO","NO"
"Chikusui/Canycom","GC 50 (Mini Transporter)","GC50","chikusui/canycom-gc50","200x72x43","NO","NO","NO","NO"
"Chikusui/Canycom","GC 640 (Mini Transporter)","GC640","chikusui/canycom-gc640","250x72x44; 250x72x55","NO","NO","NO","NO"
"Chikusui/Canycom","GG 403(Mini Transporter)","GG403","chikusui/canycom-gg403","180x72x34","NO","NO","NO","NO"
"Chikusui/Canycom","HUKI 130 (Mini Transporter)","HUKI130","chikusui/canycom-huki130","280x72x48; 250x72x48","NO","NO","NO","NO"
"Chikusui/Canycom","HUKI 150 (Mini Transporter)","HUKI150","chikusui/canycom-huki150","200x72x43","NO","NO","NO","NO"
"Chikusui/Canycom","S100","S100","chikusui/canycom-s100","250x72x48","NO","NO","NO","NO"
"Chikusui/Canycom","SC75","SC75","chikusui/canycom-sc75","200x72x42","NO","NO","NO","NO"
"Collina","320L Tractor","320L Tractor","collina-320ltractor","180x60x30","NO","NO","NO","NO"
"Collina","Junior 200","Junior200","collina-junior200","180x60x30","NO","NO","NO","NO"
"Collina","S100","S100","collina-s100","180x60x30","NO","NO","NO","NO"
"Collina","SC","SC","collina-sc","180x60x30","NO","NO","NO","NO"
"Collina","Sardegna","Sardegna","collina-sardegna","180x60x30","NO","NO","NO","NO"
"Coltrax","CX60","CX60","coltrax-cx60","400x72.5x76","NO","NO","NO","NO"
"Coltrax","CX85S","CX85S","coltrax-cx85s","450x76x82","NO","NO","NO","NO"
"Coltrax","MXC550","MXC550","coltrax-mxc550","450x86x56","NO","NO","NO","NO"
"Comacchio","GEO205 (Drilling Machine)","GEO205","comacchio-geo205","230x72x43","NO","NO","NO","NO"
"Comacchio","GEO305 (Drilling Machine)","GEO305","comacchio-geo305","300x55x77; 300x52.5x80","NO","NO","NO","NO"
"Comeca","Bamby8","Bamby8","comeca-bamby8","180x72x36","NO","NO","NO","NO"
"Comet","MT 13 (Mini Transporter)","MT13","comet-mt13","180x72x37","NO","NO","NO","NO"
"Comet","MT 13AB (Mini Transporter)","MT13AB","comet-mt13ab","190x72x37","NO","NO","NO","NO"
"Comet","MT 13BB (Mini Transporter)","MT13BB","comet-mt13bb","230x72x47","NO","NO","NO","NO"
"Commander","C4200","C4200","commander-c4200","230x72x43","NO","NO","NO","NO"
"Commander","H15","H15","commander-h15","230x72x43","NO","NO","NO","NO"
"Comoter","C15","C15","comoter-c15","230x72x42","NO","NO","NO","NO"
"Comoter","C18","C18","comoter-c18","230x72x42","NO","NO","NO","NO"
"Compair Holman","MTRAX","MTRAX","compair-holman-mtrax","200x72x40","NO","NO","NO","NO"
"Conjet","ROBOT322","ROBOT322","conjet-robot322","230x72x43","NO","NO","NO","NO"
"Cormidi","10.65 (Mini Transporter)","10.65","cormidi-1065","180x72x34","NO","NO","NO","NO"
"Cormidi","10.65 auto (Mini Transporter)","10.65auto","cormidi-1065auto","180x72x34","NO","NO","NO","NO"
"Cormidi","13.80 (Mini Transporter)","13.80","cormidi-1380","180x72x34","NO","NO","NO","NO"
"Cormidi","13.80 auto (Mini Transporter)","13.80auto","cormidi-1380auto","180x72x34","NO","NO","NO","NO"
"Cormidi","14.100 (Mini Transporter)","14.100","cormidi-14100","190x72x37; 180x72x37","NO","NO","NO","NO"
"Cormidi","14.65 (Mini Transporter)","14.65","cormidi-1465","180x72x39","NO","NO","NO","NO"
"Cormidi","14.90 (Mini Transporter)","14.90","cormidi-1490","190x72x37; 180x72x39","NO","NO","NO","NO"
"Cormidi","18.100 (Mini Transporter)","18.100","cormidi-18100","190x72x37; 180x72x39","NO","NO","NO","NO"
"Cormidi","18.100 Dtae (Mini Transporter)","18.100Dtae","cormidi-18100dtae","190x72x37; 190x72x39","NO","NO","NO","NO"
"Cormidi","20.150 (Mini Transporter)","20.150","cormidi-20150","230x72x48","NO","NO","NO","NO"
"Cormidi","23.150 Auto (Mini Transporter)","23.150Auto","cormidi-23150auto","250x72x48","NO","NO","NO","NO"
"Cormidi","23.150 Dtae (Mini Transporter)","23.150Dtae","cormidi-23150dtae","250x72x48","NO","NO","NO","NO"
"Cormidi","23.150 Dum (Mini Transporter)","23.150Dum","cormidi-23150dum","250x72x48","NO","NO","NO","NO"
"Cormidi","23.150 Ext (Mini Transporter)","23.150Ext","cormidi-23150ext","250x72x48","NO","NO","NO","NO"
"Cormidi","34.200 Auto (Mini Transporter)","34.200Auto","cormidi-34200auto","320x52.5x82; 300x52.5x82","NO","NO","NO","NO"
"Cormidi","34.200 Dum (Mini Transporter)","34.200Dum","cormidi-34200dum","320x52.5x82; 300x52.5x82","NO","NO","NO","NO"
"Cormidi","5.65 (Mini Transporter)","5.65","cormidi-565","180x72x34","NO","NO","NO","NO"
"Cormidi","50 (Mini Transporter)","50","cormidi-50","180x60x37","NO","NO","NO","NO"
"Cormidi","56 (Mini Transporter)","56","cormidi-56","180x72x34","NO","NO","NO","NO"
"Cormidi","6.50 RI (Mini Transporter)","6.50RI","cormidi-650ri","170x60x37; 180x60x37","NO","NO","NO","NO"
"Cormidi","6.65 (Mini Transporter)","6.65","cormidi-665","180x72x34","NO","NO","NO","NO"
"Cormidi","65 (Mini Transporter)","65","cormidi-65","180x72x34","NO","NO","NO","NO"
"Cormidi","9.65 (Mini Transporter)","9.65","cormidi-965","180x72x34","NO","NO","NO","NO"
"Cormidi","9.65 Auto (Mini Transporter)","9.65Auto","cormidi-965auto","180x72x34","NO","NO","NO","NO"
"Cormidi","9.65 R (Mini Transporter)","9.65R","cormidi-965r","180x72x37","NO","NO","NO","NO"
"Cormidi","C10-80 ACW","C10-80ACW","cormidi-c10-80acw","180x72x34","NO","NO","NO","NO"
"Cormidi","C100","C100","cormidi-c100","200x72x39","NO","NO","NO","NO"
"Cormidi","C145","C145","cormidi-c145","320x86x48","NO","NO","NO","NO"
"Cormidi","C1500","C1500","cormidi-c1500","230x72x54","NO","NO","NO","NO"
"Cormidi","C20.150 (Mini Transporter)","C20.150","cormidi-c20150","230x72x48","NO","NO","NO","NO"
"Cormidi","C85","C85","cormidi-c85","180x72x36","NO","NO","NO","NO"
"DLGZ","DL15-9","DL15-9","dlgz-dl15-9","230x72x43","NO","NO","NO","NO"
"Daewoo","450 Plus","450Plus","daewoo-450plus","320x86x54; 375x86x54; 400x86x54","NO","NO","NO","NO"
"Daewoo","460 Plus","460Plus","daewoo-460plus","320x86x54; 375x86x54; 400x86x54","NO","NO","NO","NO"
"Daewoo","AH30","AH30","daewoo-ah30","300x109x39; 300x52.5x80","NO","NO","NO","NO"
"Daewoo","DH30","DH30","daewoo-dh30","300x52.5x76","NO","NO","NO","NO"
"Daewoo","DH35","DH35","daewoo-dh35","300x52.5x84","NO","NO","NO","NO"
"Daewoo","DH50","DH50","daewoo-dh50","400x73x74; 400x72.5x74","NO","NO","NO","NO"
"Daewoo","SL035","SL035","daewoo-sl035","300x52.5x84","NO","NO","NO","NO"
"Daewoo","Solar007","Solar007","daewoo-solar007","180x72x37","NO","NO","NO","NO"
"Daewoo","Solar010","Solar010","daewoo-solar010","180x72x37","NO","NO","NO","NO"
"Daewoo","Solar015","Solar015","daewoo-solar015","230x96x33; 230x48x66","NO","NO","NO","NO"
"Daewoo","Solar015Plus","Solar015Plus","daewoo-solar015plus","230x96x35; 230x48x70","NO","NO","NO","NO"
"Daewoo","Solar018","Solar018","daewoo-solar018","230x96x35; 230x48x70","NO","NO","NO","NO"
"Daewoo","Solar018VT","Solar018VT","daewoo-solar018vt","230x96x35; 230x48x70","NO","NO","NO","NO"
"Daewoo","Solar030","Solar030","daewoo-solar030","300x52.5x76","NO","NO","NO","NO"
"Daewoo","Solar030Plus","Solar030Plus","daewoo-solar030plus","300x52.5x76","NO","NO","NO","NO"
"Daewoo","Solar035","Solar035","daewoo-solar035","300x52.52x84; 300x52.5x84","NO","NO","NO","NO"
"Daewoo","Solar035Plus","Solar035Plus","daewoo-solar035plus","300x52.52x84; 300x52.5x84","NO","NO","NO","NO"
"Daewoo","Solar10","Solar10","daewoo-solar10","180x72x37","NO","NO","NO","NO"
"Daewoo","Solar15","Solar15","daewoo-solar15","230x96x33; 230x48x66","NO","NO","NO","NO"
"Daewoo","Solar25","Solar25","daewoo-solar25","300x109x36; 300x52.5x74","NO","NO","NO","NO"
"Daewoo","Solar30","Solar30","daewoo-solar30","300x52.5x76","NO","NO","NO","NO"
"Daewoo","Solar35","Solar35","daewoo-solar35","300x109x39; 300x52.5x80","NO","NO","NO","NO"
"Daewoo","Solar55","Solar55","daewoo-solar55","400x73x74; 400x72.5x74","NO","NO","NO","NO"
"Daewoo","Solar55-3","Solar55-3","daewoo-solar55-3","400x73x76; 400x72.5x76","NO","NO","NO","NO"
"Daewoo","Solar55-5","Solar55-5","daewoo-solar55-5","400x72.5x74","NO","NO","NO","NO"
"Daewoo","Solar55-V","Solar55-V","daewoo-solar55-v","400x73x74; 400x72.5x74","NO","NO","NO","NO"
"Daewoo","Solar55-VPlus","Solar55-VPlus","daewoo-solar55-vplus","400x72.5x74","NO","NO","NO","NO"
"Daewoo","Solar55Exv","Solar55Exv","daewoo-solar55exv","400x72.5x72","NO","NO","NO","NO"
"Daewoo","Solar70-III","Solar70-III","daewoo-solar70-iii","450x81x74","NO","NO","NO","NO"
"Daewoo","Solar75V","Solar75V","daewoo-solar75v","450x81x74","NO","NO","NO","NO"
"Dimex","DBM0511","DBM0511","dimex-dbm0511","300x109x41; 300x52.5x84","NO","NO","NO","NO"
"Dino","185XTC","185XTC","dino-185xtc","250x72x57","NO","NO","NO","NO"
"Ditch-Witch","AT 40","AT40","ditch-witch-at40","400x72.5x74","NO","NO","NO","NO"
"Ditch-Witch","HT 25","HT25","ditch-witch-ht25","230x72x39","NO","NO","NO","NO"
"Ditch-Witch","HT 25K","HT25K","ditch-witch-ht25k","230x72x39","NO","NO","NO","NO"
"Ditch-Witch","JT 10","JT10","ditch-witch-jt10","230x72x56","NO","NO","NO","NO"
"Ditch-Witch","JT 1200","JT1200","ditch-witch-jt1200","230x72x39","NO","NO","NO","NO"
"Ditch-Witch","JT 2320","JT2320","ditch-witch-jt2320","300x52.5x92","NO","NO","NO","NO"
"Ditch-Witch","JT 2321","JT2321","ditch-witch-jt2321","300x109x44; 300x52.5x92","NO","NO","NO","NO"
"Ditch-Witch","JT 25","JT25","ditch-witch-jt25","300x52.5x98","NO","NO","NO","NO"
"Ditch-Witch","JT 2511","JT2511","ditch-witch-jt2511","230x72x39","NO","NO","NO","NO"
"Ditch-Witch","JT 2520","JT2520","ditch-witch-jt2520","320x52.5x92","NO","NO","NO","NO"
"Ditch-Witch","JT 2720 (2000)","JT2720","ditch-witch-jt2720","320x52.5x92; 320x52.5x98","NO","NO","NO","NO"
"Ditch-Witch","JT 30","JT30","ditch-witch-jt30","320x52.5x98","NO","NO","NO","NO"
"Ditch-Witch","JT 3020","JT3020","ditch-witch-jt3020","320x52.5x98","NO","NO","NO","NO"
"Ditch-Witch","JT 3020 Mach 1","JT3020Mach1","ditch-witch-jt3020mach1","320x52.5x98","NO","NO","NO","NO"
"Ditch-Witch","JT 3510","JT3510","ditch-witch-jt3510","230x72x56","NO","NO","NO","NO"
"Ditch-Witch","JT 40","JT40","ditch-witch-jt40","400x72.5x74","NO","NO","NO","NO"
"Ditch-Witch","JT 4020","JT4020","ditch-witch-jt4020","400x72.5x82","NO","NO","NO","NO"
"Ditch-Witch","JT 4020 Mach 1","JT4020Mach1","ditch-witch-jt4020mach1","400x72.5x82","NO","NO","NO","NO"
"Ditch-Witch","JT 5","JT5","ditch-witch-jt5","180x72x39","NO","NO","NO","NO"
"Ditch-Witch","JT 520","JT520","ditch-witch-jt520","180x72x39","NO","NO","NO","NO"
"Ditch-Witch","JT 820","JT820","ditch-witch-jt820","230x72x56","NO","NO","NO","NO"
"Ditch-Witch","JT 860","JT860","ditch-witch-jt860","300x109x44; 300x52.5x92","NO","NO","NO","NO"
"Ditch-Witch","JT 9 (Drilling Machine)","JT9","ditch-witch-jt9","230x72x56; 2303x72x56","NO","NO","NO","NO"
"Ditch-Witch","JT 920 (Drilling Machine)","JT920","ditch-witch-jt920","230x72x56; 2303x72x56","NO","NO","NO","NO"
"Ditch-Witch","JT 920L (Drilling Machine)","JT920L","ditch-witch-jt920l","230x72x56; 2303x72x56","NO","NO","NO","NO"
"Ditch-Witch","JT 922","JT922","ditch-witch-jt922","230x72x56; 2303x72x56","NO","NO","NO","NO"
"Ditch-Witch","MX 15","MX15","ditch-witch-mx15","230x96x35; 230x48x70","NO","NO","NO","NO"
"Ditch-Witch","MX 182","MX182","ditch-witch-mx182","230x96x35; 230x48x70","NO","NO","NO","NO"
"Ditch-Witch","MX 202","MX202","ditch-witch-mx202","250x52.5x78; 300x52.5x78","NO","NO","NO","NO"
"Ditch-Witch","MX 27","MX27","ditch-witch-mx27","300x52.5x80","NO","NO","NO","NO"
"Ditch-Witch","MX 27-2","MX27-2","ditch-witch-mx27-2","300x52.5x80","NO","NO","NO","NO"
"Ditch-Witch","MX 35","MX35","ditch-witch-mx35","300x52.5x84","NO","NO","NO","NO"
"Ditch-Witch","MX 352","MX352","ditch-witch-mx352","300x52.5x86","NO","NO","NO","NO"
"Ditch-Witch","MX 45","MX45","ditch-witch-mx45","400x72.5x72","NO","NO","NO","NO"
"Ditch-Witch","MX 45 CA","MX45CA","ditch-witch-mx45ca","400x72.5x72","NO","NO","NO","NO"
"Ditch-Witch","MX 502","MX502","ditch-witch-mx502","400x73x74; 400x72.5x74","NO","NO","NO","NO"
"Ditch-Witch","MX9","MX9","ditch-witch-mx9","180x72x37","NO","NO","NO","NO"
"Ditch-Witch","SK 300","SK300","ditch-witch-sk300","180x72x32","NO","NO","NO","NO"
"Ditch-Witch","SK 350","SK350","ditch-witch-sk350","180x72x32","NO","NO","NO","NO"
"Ditch-Witch","SK 600","SK600","ditch-witch-sk600","230x72x40","NO","NO","NO","NO"
"Ditch-Witch","XT 850","XT850","ditch-witch-xt850","250x72x45","NO","NO","NO","NO"
"Ditch-Witch","XT 855","XT855","ditch-witch-xt855","250x72x45","NO","NO","NO","NO"
"Dodich","DM2.1","DM2.1","dodich-dm21","230x72x43","NO","NO","NO","NO"
"Domine","FUTURO (Drilling Machine)","FUTURO","domine-futuro","230x72x43","NO","NO","NO","NO"
"Doosan","DX80","DX80","doosan-dx80","450x81x76","NO","NO","NO","NO"
"Doosan","DX80R","DX80R","doosan-dx80r","450x81x76","NO","NO","NO","NO"
"Doosan","DX85R","DX85R","doosan-dx85r","450x81x76","NO","NO","NO","NO"
"Doosan","Dx10z","Dx10z","doosan-dx10z","180x72x39","NO","NO","NO","NO"
"Doosan","Dx19","Dx19","doosan-dx19","230x48x66","NO","NO","NO","NO"
"Doosan","Dx27","Dx27","doosan-dx27","300x52.5x78","NO","NO","NO","NO"
"Doosan","Dx27Z","Dx27Z","doosan-dx27z","300x52.5x80","NO","NO","NO","NO"
"Doosan","Dx30","Dx30","doosan-dx30","300x52.5x84","NO","NO","NO","NO"
"Doosan","Dx30Z","Dx30Z","doosan-dx30z","300x52.5x84","NO","NO","NO","NO"
"Doosan","Dx35","Dx35","doosan-dx35","300x52.5x86","NO","NO","NO","NO"
"Doosan","Dx35Z","Dx35Z","doosan-dx35z","300x52.5x86","NO","NO","NO","NO"
"Doosan","Dx35Z-7","Dx35Z-7","doosan-dx35z-7","300x52.5x86","NO","NO","NO","NO"
"Doosan","Dx50Z-7","Dx50Z-7","doosan-dx50z-7","400x72.5x74","NO","NO","NO","NO"
"Doosan","Dx55","Dx55","doosan-dx55","400x72.5x74","NO","NO","NO","NO"
"Doosan","Dx60","Dx60","doosan-dx60","400x72.5x76","NO","NO","NO","NO"
"Doosan","Dx60R","Dx60R","doosan-dx60r","400x72.5x76","NO","NO","NO","NO"
"Doosan","Dx62R","Dx62R","doosan-dx62r","400x72.5x76","NO","NO","NO","NO"
"Doosan","Dx63R","Dx63R","doosan-dx63r","400x72.5x76","NO","NO","NO","NO"
"Drago","SWISS","SWISS","drago-swiss","230x72x43","NO","NO","NO","NO"
"Dumec","D 800","D800","dumec-d800","180x72x37","NO","NO","NO","NO"
"Dumec","D 800B","D800B","dumec-d800b","180x72x37","NO","NO","NO","NO"
"Dumec","D 800F","D800F","dumec-d800f","180x72x37","NO","NO","NO","NO"
"Dumec","D 800P","D800P","dumec-d800p","180x72x37","NO","NO","NO","NO"
"Dumec","Transporter","Transporter","dumec-transporter","180x72x37","NO","NO","NO","NO"
"Durso","10.65 Auto","10.65Auto","durso-1065auto","180x72x34","NO","NO","NO","NO"
"Durso","10.65 Dumper","10.65Dumper","durso-1065dumper","180x72x34","NO","NO","NO","NO"
"Durso","13.80 Auto","13.80Auto","durso-1380auto","180x72x34","NO","NO","NO","NO"
"Durso","13.80 Dumper","13.80Dumper","durso-1380dumper","180x72x34","NO","NO","NO","NO"
"Durso","14.100 Auto","14.100Auto","durso-14100auto","190x72x37; 180x723x37","NO","NO","NO","NO"
"Durso","14.100 Dumper","14.100Dumper","durso-14100dumper","190x72x37; 180x723x37","NO","NO","NO","NO"
"Durso","18.100 Auto","18.100Auto","durso-18100auto","190x72x37; 180x72x37","NO","NO","NO","NO"
"Durso","18.100 DTR","18.100DTR","durso-18100dtr","190x72x37; 180x72x37","NO","NO","NO","NO"
"Durso","18.100 Dumper","18.100Dumper","durso-18100dumper","190x72x37; 180x72x37","NO","NO","NO","NO"
"Durso","6.50 RI","6.50RI","durso-650ri","190x72x37; 180x72x37","NO","NO","NO","NO"
"Durso","6.50 RM","6.50RM","durso-650rm","190x72x37; 180x72x37","NO","NO","NO","NO"
"Durso","9.65 Auto","9.65Auto","durso-965auto","180x72x34","NO","NO","NO","NO"
"Durso","9.65 Dumper","9.65Dumper","durso-965dumper","180x72x34","NO","NO","NO","NO"
"Dynapac","FC 15","FC15","dynapac-fc15","250x72x45","NO","NO","NO","NO"
"Dynapac","VC 15","VC15","dynapac-vc15","250x72x45","NO","NO","NO","NO"
"Dynapac","VD 15","VD15","dynapac-vd15","250x72x45","NO","NO","NO","NO"
"Dynapac","VD 151","VD151","dynapac-vd151","230x96x33; 230x48x66","NO","NO","NO","NO"
"Dynapac","VD 152","VD152","dynapac-vd152","230x96x33; 230x48x66","NO","NO","NO","NO"
"Dynapac","VD 251","VD251","dynapac-vd251","300x109x36; 300x52.5x74","NO","NO","NO","NO"
"Dynapac","VD 351","VD351","dynapac-vd351","300x109x39; 300x52.5x80","NO","NO","NO","NO"
"EFCO","TN500R","TN500R","efco-tn500r","180x60x38","NO","NO","NO","NO"
"EMCI","700","700","emci-700","250x72x52","NO","NO","NO","NO"
"Eckart","1B30","1B30","eckart-1b30","180x72x34","NO","NO","NO","NO"
"Eckart","EMB 450B","EMB450B","eckart-emb450b","180x72x34","NO","NO","NO","NO"
"Ecofore","CE 302G","CE302G","ecofore-ce302g","250x72x52","NO","NO","NO","NO"
"Ecofore","CE 403G","CE403G","ecofore-ce403g","320x100x52","NO","NO","NO","NO"
"Electro Joe","Ecojolly","Ecojolly","electro-joe-ecojolly","180x72x34","NO","NO","NO","NO"
"Energreen","Robogreen","Robogreen","energreen-robogreen","250x72x47","NO","NO","NO","NO"
"Enteco","E4","E4","enteco-e4","250x72x57","NO","NO","NO","NO"
"Erreppi","Carry500","Carry500","erreppi-carry500","180x60x38","NO","NO","NO","NO"
"EuroCAT","140HVS","140HVS","eurocat-140hvs","230x72x43","NO","NO","NO","NO"
"EuroCAT","150LSE","150LSE","eurocat-150lse","230x72x43","NO","NO","NO","NO"
"EuroCAT","350LSE","350LSE","eurocat-350lse","320x109x39; 320x100x44","NO","NO","NO","NO"
"EuroTrac","Comet MT13","Comet MT13","eurotrac-cometmt13","190x72x37; 180x72x37","NO","NO","NO","NO"
"EuroTrac","Comet MT13BB","Comet MT13BB","eurotrac-cometmt13bb","230x72x42","NO","NO","NO","NO"
"EuroTrac","chasis M 13 (Undercarriage)","chasis M13","eurotrac-chasism13","180x72x37","NO","NO","NO","NO"
"EuroTrac","chasis T150 (Undercarriage)","chasis T150","eurotrac-chasist150","230x96x32; 230x48x64","NO","NO","NO","NO"
"EuroTrac","chasis T150 Old","chasis T150Old","eurotrac-chasist150old","230x96x33; 230x96x35; 230x48x66; 230x48x70","NO","NO","NO","NO"
"EuroTrac","chasis T300 (Undercarriage)","chasis T300","eurotrac-chasist300","300x109x36; 300x52.5x74","NO","NO","NO","NO"
"EuroTrac","chasis T300 Old (Undercarriage)","chasis T300Old","eurotrac-chasist300old","300x109x39; 300x52.5x80","NO","NO","NO","NO"
"EuroTrac","chasis T4  (Undercarriage)","chasis T4","eurotrac-chasist4","230x72x43","NO","NO","NO","NO"
"EuroTrac","chasis T4 Old  (Undercarriage)","chasis T4Old","eurotrac-chasist4old","230x72x45","NO","NO","NO","NO"
"EuroTrac","chasis T500  (Undercarriage)","chasis T500","eurotrac-chasist500","400x146x36; 400x72.5x72","NO","NO","NO","NO"
"EuroTrac","chasis T500 Old (Undercarriage)","chasis T500Old","eurotrac-chasist500old","400x146x36; 400x72.5x72","NO","NO","NO","NO"
"EurocoMach","100TR","100TR","eurocomach-100tr","450x76x82","NO","NO","NO","NO"
"EurocoMach","22SR","22SR","eurocomach-22sr","230x48x70","NO","NO","NO","NO"
"EurocoMach","42ZT","42ZT","eurocomach-42zt","350x55x88","NO","NO","NO","NO"
"EurocoMach","45TR","45TR","eurocomach-45tr","350x55x88","NO","NO","NO","NO"
"EurocoMach","90ZT","90ZT","eurocomach-90zt","450x76x82","NO","NO","NO","NO"
"EurocoMach","E 1300 (01208 &gt; SN &gt; 01201)","E1300","eurocomach-e1300","230x72x43; 200x72x37; 180x72x37","NO","NO","NO","NO"
"EurocoMach","E 1500 (OLD)","E1500","eurocomach-e1500","230x72x43","NO","NO","NO","NO"
"EurocoMach","E 1500S","E1500S","eurocomach-e1500s","230x96x32; 230x48x64","NO","NO","NO","NO"
"EurocoMach","E 1500Sb","E1500Sb","eurocomach-e1500sb","230x72x43","NO","NO","NO","NO"
"EurocoMach","E 4000","E4000","eurocomach-e4000","300x55x82; 300x52.5x84","NO","NO","NO","NO"
"EurocoMach","E 800","E800","eurocomach-e800","180x72x34","NO","NO","NO","NO"
"EurocoMach","E1200","E1200","eurocomach-e1200","230x72x43","NO","NO","NO","NO"
"EurocoMach","EB 09.5 Dumper","EB09.5Dumper","eurocomach-eb095dumper","180x72x34","NO","NO","NO","NO"
"EurocoMach","ES  150SR","ES150SR","eurocomach-es150sr","230x96x35; 230x48x70","NO","NO","NO","NO"
"EurocoMach","ES 150","ES150","eurocomach-es150","230x96x33; 230x48x66","NO","NO","NO","NO"
"EurocoMach","ES 150-1","ES150-1","eurocomach-es150-1","230x96x33; 230x48x66","NO","NO","NO","NO"
"EurocoMach","ES 150-2","ES150-2","eurocomach-es150-2","230x96x33; 230x48x66","NO","NO","NO","NO"
"EurocoMach","ES 150-3","ES150-3","eurocomach-es150-3","230x48x66; 230x96x33","NO","NO","NO","NO"
"EurocoMach","ES 180","ES180","eurocomach-es180","230x96x33; 230x48x66","NO","NO","NO","NO"
"EurocoMach","ES 180-1","ES180-1","eurocomach-es180-1","230x96x33; 230x48x66","NO","NO","NO","NO"
"EurocoMach","ES 180-2","ES180-2","eurocomach-es180-2","230x72x43; 230x96x32; 230x48x64","NO","NO","NO","NO"
"EurocoMach","ES 180-3","ES180-3","eurocomach-es180-3","230x48x66; 230x96x33","NO","NO","NO","NO"
"EurocoMach","ES 180-4","ES180-4","eurocomach-es180-4","230x96x32; 230x48x64","NO","NO","NO","NO"
"EurocoMach","ES 180SR","ES180SR","eurocomach-es180sr","230x96x35; 230x48x70","NO","NO","NO","NO"
"EurocoMach","ES 180ZT","ES180ZT","eurocomach-es180zt","230x48x70","NO","NO","NO","NO"
"EurocoMach","ES 18ZT","ES18ZT","eurocomach-es18zt","230x48x70","NO","NO","NO","NO"
"EurocoMach","ES 25ZT","ES25ZT","eurocomach-es25zt","280x52.5x82; 280x52x582","NO","NO","NO","NO"
"EurocoMach","ES 300","ES300","eurocomach-es300","300x55x72; 300x52.5x74","NO","NO","NO","NO"
"EurocoMach","ES 300 ZT","ES300ZT","eurocomach-es300zt","300x52.5x82","NO","NO","NO","NO"
"EurocoMach","ES 35.2ZT","ES35.2ZT","eurocomach-es352zt","300x52.5x88","NO","NO","NO","NO"
"EurocoMach","ES 350ZT","ES350ZT","eurocomach-es350zt","300x52.5x82","NO","NO","NO","NO"
"EurocoMach","ES 40.2ZT","ES40.2ZT","eurocomach-es402zt","300x52.5x88","NO","NO","NO","NO"
"EurocoMach","ES 400","ES400","eurocomach-es400","300x55x82; 300x52.5x84","NO","NO","NO","NO"
"EurocoMach","ES 400SR","ES400SR","eurocomach-es400sr","300x52.5x84","NO","NO","NO","NO"
"EurocoMach","ES 40ZT","ES40ZT","eurocomach-es40zt","300x52.5x88","NO","NO","NO","NO"
"EurocoMach","ES 500","ES500","eurocomach-es500","400x72.5x72","NO","NO","NO","NO"
"EurocoMach","ES 500ZT","ES500ZT","eurocomach-es500zt","400x72.5x72","NO","NO","NO","NO"
"EurocoMach","ES 57ZT","ES57ZT","eurocomach-es57zt","400x72.5x76","NO","NO","NO","NO"
"EurocoMach","ES 60ZT","ES60ZT","eurocomach-es60zt","400x72.5x76","NO","NO","NO","NO"
"EurocoMach","ES 65TR","ES65TR","eurocomach-es65tr","400x72.5x76","NO","NO","NO","NO"
"EurocoMach","ES 80","ES80","eurocomach-es80","180x72x34","NO","NO","NO","NO"
"EurocoMach","ES 800","ES800","eurocomach-es800","450x71x86","NO","NO","NO","NO"
"EurocoMach","ES 800TR","ES800TR","eurocomach-es800tr","450x71x86","NO","NO","NO","NO"
"EurocoMach","ES 85","ES85","eurocomach-es85","450x76x82","NO","NO","NO","NO"
"EurocoMach","ES 850ZT","ES850ZT","eurocomach-es850zt","450x76x82","NO","NO","NO","NO"
"EurocoMach","ES 90","ES90","eurocomach-es90","180x72x34","NO","NO","NO","NO"
"EurocoMach","ES 90UR","ES90UR","eurocomach-es90ur","450x76x82","NO","NO","NO","NO"
"EurocoMach","ES 90ZT","ES90ZT","eurocomach-es90zt","180x72x38","NO","NO","NO","NO"
"EurocoMach","ES 95TR","ES95TR","eurocomach-es95tr","450x76x82","NO","NO","NO","NO"
"EurocoMach","Es 10ZT","Es10ZT","eurocomach-es10zt","180x72x38","NO","NO","NO","NO"
"Eurodig","C 15 (Minilift)","C15","eurodig-c15","250x72x52","NO","NO","NO","NO"
"Eurodig","C 18 (Minilift)","C18","eurodig-c18","250x72x52","NO","NO","NO","NO"
"Eurodig","Dumpy 300","Dumpy300","eurodig-dumpy300","180x60x34","NO","NO","NO","NO"
"Eurodig","Dumpy 300M","Dumpy300M","eurodig-dumpy300m","180x60x34","NO","NO","NO","NO"
"Eurodig","Dumpy 500(Type 1)","Dumpy500","eurodig-dumpy500","190x72x37; 180x72x37; 180x72x34","NO","NO","NO","NO"
"Eurodig","Dumpy 800(Type 1)","Dumpy800","eurodig-dumpy800","180x72x34; 180x60x34; 190x72x37; 180x72x37","NO","NO","NO","NO"
"Eurodig","G 500","G500","eurodig-g500","180x72x34","NO","NO","NO","NO"
"Eurodig","GR 1000","GR1000","eurodig-gr1000","180x72x37","NO","NO","NO","NO"
"Eurodig","GR 500","GR500","eurodig-gr500","180x72x34","NO","NO","NO","NO"
"Eurodig","GR 500D","GR500D","eurodig-gr500d","180x72x34","NO","NO","NO","NO"
"Eurodig","GR 700","GR700","eurodig-gr700","180x72x34","NO","NO","NO","NO"
"Eurodig","GR 700A","GR700A","eurodig-gr700a","190x72x37; 180x72x37","NO","NO","NO","NO"
"Eurodig","GR 700A3","GR700A3","eurodig-gr700a3","190x72x37; 180x72x37","NO","NO","NO","NO"
"Eurodig","GR 700D","GR700D","eurodig-gr700d","190x72x37; 180x72x37","NO","NO","NO","NO"
"Eurodig","GR 900","GR900","eurodig-gr900","190x72x37; 180x72x37","NO","NO","NO","NO"
"Eurodig","Miniload 800","Miniload800","eurodig-miniload800","190x72x37; 180x72x37","NO","NO","NO","NO"
"Eurofor","GEO205 (Drilling Machine)","GEO205","eurofor-geo205","230x72x43","NO","NO","NO","NO"
"Eurotom","NB 30","NB30","eurotom-nb30","300x55x78; 300x52.5x80","NO","NO","NO","NO"
"Eurotom","TS 08","TS08","eurotom-ts08","180x72x38","NO","NO","NO","NO"
"Eurotom","TS 15","TS15","eurotom-ts15","230x96x33; 230x48x66","NO","NO","NO","NO"
"Eurotom","TS 15S","TS15S","eurotom-ts15s","230x96x33; 230x48x66","NO","NO","NO","NO"
"Eurotom","TS 17SE","TS17SE","eurotom-ts17se","230x96x33; 230x48x66","NO","NO","NO","NO"
"Eurotom","TS 25","TS25","eurotom-ts25","300x55x72; 300x52.5x74","NO","NO","NO","NO"
"Eurotom","TS 27S","TS27S","eurotom-ts27s","300x52.5x74","NO","NO","NO","NO"
"Eurotom","TS 30","TS30","eurotom-ts30","300x55x78; 300x52.5x80","NO","NO","NO","NO"
"Eurotom","TS 30R","TS30R","eurotom-ts30r","300x55x78; 300x52.5x80","NO","NO","NO","NO"
"Eurotom","TS 35","TS35","eurotom-ts35","300x55x78; 300x52.5x80","NO","NO","NO","NO"
"Eurotom","TS 35S","TS35S","eurotom-ts35s","300x55x78; 300x52.5x80","NO","NO","NO","NO"
"Eurotom","TS 75","TS75","eurotom-ts75","450x71x86","NO","NO","NO","NO"
"Eurotom","TS 75S","TS75S","eurotom-ts75s","450x71x86","NO","NO","NO","NO"
"FAI","212 New","212New","fai-212new","230x96x31; 230x48x62","NO","NO","NO","NO"
"FAI","212 Old","212Old","fai-212old","230x72x43","NO","NO","NO","NO"
"FAI","215","215","fai-215","230x96x31; 230x48x62","NO","NO","NO","NO"
"FAI","218","218","fai-218","230x96x31; 230x48x62","NO","NO","NO","NO"
"FAI","230","230","fai-230","300x109x39; 300x109x41; 300x52.5x80; 300x52.5x84; 300x55x71; 300x55x81","NO","NO","NO","NO"
"FAI","235","235","fai-235","300x109x41; 300x52.5x84; 300x55x81","NO","NO","NO","NO"
"FAI","240","240","fai-240","300x109x41; 300x52.5x84; 300x55x81","NO","NO","NO","NO"
"FAI","410C","410C","fai-410c","450x76x84","NO","NO","NO","NO"
"FIGO","MC 150 (Mini Dumper)","MC150","figo-mc150","180x72x36","NO","NO","NO","NO"
"FORT","Minidumper","Minidumper","fort-minidumper","180x60x38","NO","NO","NO","NO"
"Falcon Spider","FS290C","FS290C","falcon-spider-fs290c","300x55x78; 300x52.5x80","NO","NO","NO","NO"
"Fercad","T 3250","T3250","fercad-t3250","180x60x34","NO","NO","NO","NO"
"Fermec","114","114","fermec-114","230x96x31; 230x48x62","NO","NO","NO","NO"
"Fermec","115","115","fermec-115","230x96x31; 230x48x62","NO","NO","NO","NO"
"Fermec","123","123","fermec-123","250x109x35; 300x52.5x72","NO","NO","NO","NO"
"Fermec","125","125","fermec-125","300x109x38; 300x52.5x78","NO","NO","NO","NO"
"Fermec","128","128","fermec-128","300x109x38; 300x52.5x78","NO","NO","NO","NO"
"Fermec","130","130","fermec-130","300x109x40; 300x52.5x82","NO","NO","NO","NO"
"Fermec","131","131","fermec-131","300x109x40; 300x52.5x82","NO","NO","NO","NO"
"Fermec","135","135","fermec-135","350x108x42; 350x52.5x86","NO","NO","NO","NO"
"Fermec","145","145","fermec-145","400x73x74; 400x72.5x73","NO","NO","NO","NO"
"Fermec","150","150","fermec-150","400x73x74; 400x72.5x73","NO","NO","NO","NO"
"Fermec","SK 015","SK015","fermec-sk015","230x96x31; 230x48x62","NO","NO","NO","NO"
"Fermec","SK 025","SK025","fermec-sk025","300x109x38; 300x52.5x78","NO","NO","NO","NO"
"Fermec","SK 030","SK030","fermec-sk030","300x109x40; 300x52.5x82","NO","NO","NO","NO"
"Fermec","SK 035","SK035","fermec-sk035","350x108x42; 350x52.5x86","NO","NO","NO","NO"
"Fiat-Hitachi","FH 15","FH15","fiat-hitachi-fh15","230x96x31; 230x48x62","NO","NO","NO","NO"
"Fiat-Hitachi","FH 15.2","FH15.2","fiat-hitachi-fh152","230x96x31; 230x48x62","NO","NO","NO","NO"
"Fiat-Hitachi","FH 15.2 Plus","FH15.2Plus","fiat-hitachi-fh152plus","230x96x31; 230x48x62","NO","NO","NO","NO"
"Fiat-Hitachi","FH 16.2","FH16.2","fiat-hitachi-fh162","230x96x33; 230x48x66","NO","NO","NO","NO"
"Fiat-Hitachi","FH 17.2","FH17.2","fiat-hitachi-fh172","230x96x33; 230x48x66","NO","NO","NO","NO"
"Fiat-Hitachi","FH 17.2 Plus","FH17.2Plus","fiat-hitachi-fh172plus","230x96x33; 230x48x66","NO","NO","NO","NO"
"Fiat-Hitachi","FH 17.2-B","FH17.2-B","fiat-hitachi-fh172-b","230x96x33; 230x48x66","NO","NO","NO","NO"
"Fiat-Hitachi","FH 22","FH22","fiat-hitachi-fh22","250x52.5x73; 300x52.5x72","NO","NO","NO","NO"
"Fiat-Hitachi","FH 22.2","FH22.2","fiat-hitachi-fh222","250x52.5x73; 300x52.5x72","NO","NO","NO","NO"
"Fiat-Hitachi","FH 30.2","FH30.2","fiat-hitachi-fh302","300x55x80; 300x52.5x82","NO","NO","NO","NO"
"Fiat-Hitachi","FH 30.2 Plus","FH30.2Plus","fiat-hitachi-fh302plus","300x55x80; 300x52.5x82","NO","NO","NO","NO"
"Fiat-Hitachi","FH 35.2","FH35.2","fiat-hitachi-fh352","300x55x80; 300x52.5x82","NO","NO","NO","NO"
"Fiat-Hitachi","FH 35.2 Plus","FH35.2Plus","fiat-hitachi-fh352plus","300x55x80; 300x52.5x82","NO","NO","NO","NO"
"Fiat-Hitachi","FH 40.2","FH40.2","fiat-hitachi-fh402","400x72.5x72","NO","NO","NO","NO"
"Fiat-Hitachi","FH 40.2 Plus","FH40.2Plus","fiat-hitachi-fh402plus","400x72.5x72","NO","NO","NO","NO"
"Fiori","800","800","fiori-800","180x72x34","NO","NO","NO","NO"
"Fiori","Dumpy Proffesional","Dumpy Proffesional","fiori-dumpyproffesional","180x72x37","NO","NO","NO","NO"
"Fiori","Eurodig 1000","Eurodig1000","fiori-eurodig1000","180x72x37","NO","NO","NO","NO"
"Fiori","GR 1000","GR1000","fiori-gr1000","180x72x37","NO","NO","NO","NO"
"Fiori","GR 500","GR500","fiori-gr500","180x72x34","NO","NO","NO","NO"
"Fiori","GR 700","GR700","fiori-gr700","180x72x37","NO","NO","NO","NO"
"Fiori","Minding","Minding","fiori-minding","180x72x37","NO","NO","NO","NO"
"Foredil","FM 16","FM16","foredil-fm16","230x72x45","NO","NO","NO","NO"
"Foredil","FM 18V","FM18V","foredil-fm18v","230x72x45","NO","NO","NO","NO"
"Foredil","FM 19RSV","FM19RSV","foredil-fm19rsv","230x72x45","NO","NO","NO","NO"
"Foredil","FM 19VR","FM19VR","foredil-fm19vr","230x72x45","NO","NO","NO","NO"
"Foredil","FM 24","FM24","foredil-fm24","300x55x72; 300x52.5x74","NO","NO","NO","NO"
"Foredil","FM 29","FM29","foredil-fm29","300x55x78; 300x52.5x80","NO","NO","NO","NO"
"Foredil","FM 34","FM34","foredil-fm34","300x55x78; 300x52.5x80","NO","NO","NO","NO"
"Foredil","FM 54","FM54","foredil-fm54","400x73x72; 400x72.5x72","NO","NO","NO","NO"
"Forti","Forti","Forti","forti-forti","180x60x38; 230x48x66; 230x96x33","NO","NO","NO","NO"
"Fraste","Multidrill ML (drilling machine)","Multidrill ML","fraste-multidrillml","250x72x52; 230x96x39; 250x48x78","NO","NO","NO","NO"
"Fraste","Multidrill PL (drilling machine)","Multidrill PL","fraste-multidrillpl","230x72x43","NO","NO","NO","NO"
"Fraste","Multidrill XL (drilling machine)","Multidrill XL","fraste-multidrillxl","300x55x82; 300x52.5x84","NO","NO","NO","NO"
"Fraste","Terrain (drilling machine)","Terrain","fraste-terrain","180x72x34","NO","NO","NO","NO"
"Gayk","HRE1000","HRE1000","gayk-hre1000","300x55x78; 300x52.5x80","NO","NO","NO","NO"
"Gayk","HRE3000","HRE3000","gayk-hre3000","300x55x78; 300x52.5x80","NO","NO","NO","NO"
"Geawelltech","Well drill 3050CR","Well drill3050CR","geawelltech-welldrill3050cr","400x72.5x74","NO","NO","NO","NO"
"Gehl","12002","12002","gehl-12002","500x92x78","NO","NO","NO","NO"
"Gehl","153","153","gehl-153","230x96x36; 230x48x72","NO","NO","NO","NO"
"Gehl","193","193","gehl-193","250x96x38; 250x48x76","NO","NO","NO","NO"
"Gehl","223","223","gehl-223","250x96x38; 250x48x76","NO","NO","NO","NO"
"Gehl","253","253","gehl-253","250x109x37; 300x52.5x76","NO","NO","NO","NO"
"Gehl","303","303","gehl-303","300x109x38; 300x52.5x78","NO","NO","NO","NO"
"Gehl","353","353","gehl-353","300x109x41; 300x52.5x84","NO","NO","NO","NO"
"Gehl","363","363","gehl-363","300x109x39; 300x52.5x80","NO","NO","NO","NO"
"Gehl","373","373","gehl-373","300x109x41; 300x52.5x84","NO","NO","NO","NO"
"Gehl","383Z","383Z","gehl-383z","300x52.5x84","NO","NO","NO","NO"
"Gehl","502","502","gehl-502","400x73x74; 400x72.5x74","NO","NO","NO","NO"
"Gehl","503","503","gehl-503","400x72.5x74","NO","NO","NO","NO"
"Gehl","503Z","503Z","gehl-503z","400x72.5x74","NO","NO","NO","NO"
"Gehl","603","603","gehl-603","400x72.5x74","NO","NO","NO","NO"
"Gehl","753","753","gehl-753","450x71x86","NO","NO","NO","NO"
"Gehl","753Z","753Z","gehl-753z","450x71x86","NO","NO","NO","NO"
"Gehl","75Z3","75Z3","gehl-75z3","450x71x86","NO","NO","NO","NO"
"Gehl","8003","8003","gehl-8003","450x76x80","NO","NO","NO","NO"
"Gehl","802","802","gehl-802","450x71x84","NO","NO","NO","NO"
"Gehl","803","803","gehl-803","450x76x80","NO","NO","NO","NO"
"Gehl","GE 12002","GE12002","gehl-ge12002","500x92x78","NO","NO","NO","NO"
"Gehl","GE 142 (US Market)","GE142","gehl-ge142","230x96x33; 230x48x66","NO","NO","NO","NO"
"Gehl","GE 152 (US Market)","GE152","gehl-ge152","230x96x33; 230x48x66","NO","NO","NO","NO"
"Gehl","GE 153","GE153","gehl-ge153","230x96x36; 230x48x72","NO","NO","NO","NO"
"Gehl","GE 192 (US Market)","GE192","gehl-ge192","230x96x33; 230x48x72","NO","NO","NO","NO"
"Gehl","GE 193","GE193","gehl-ge193","250x96x38; 250x48x76","NO","NO","NO","NO"
"Gehl","GE 222 (US Market)","GE222","gehl-ge222","230x96x36; 230x48x72","NO","NO","NO","NO"
"Gehl","GE 223","GE223","gehl-ge223","250x96x38; 250x48x76","NO","NO","NO","NO"
"Gehl","GE 253","GE253","gehl-ge253","250x109x37; 300x52.5x76","NO","NO","NO","NO"
"Gehl","GE 272 (US Market)","GE272","gehl-ge272","300x54x72; 300x52.5x72","NO","NO","NO","NO"
"Gehl","GE 292 (US Market)","GE292","gehl-ge292","300x54x72; 300x52.5x74","NO","NO","NO","NO"
"Gehl","GE 303","GE303","gehl-ge303","300x109x38; 300x52.5x78","NO","NO","NO","NO"
"Gehl","GE 342 (US Market)","GE342","gehl-ge342","320x54x78; 300x52.5x80","NO","NO","NO","NO"
"Gehl","GE 353","GE353","gehl-ge353","300x109x41; 300x52.5x84","NO","NO","NO","NO"
"Gehl","GE 362 (US Market)","GE362","gehl-ge362","320x54x78; 300x52.5x80","NO","NO","NO","NO"
"Gehl","GE 373","GE373","gehl-ge373","300x109x41; 300x52.5x84","NO","NO","NO","NO"
"Gehl","GE 502 (US Market)","GE502","gehl-ge502","400x72.5x74","NO","NO","NO","NO"
"Gehl","GE 602 (US Market)","GE602","gehl-ge602","400x72.5x74","NO","NO","NO","NO"
"Gehl","GE 802 (US Market)","GE802","gehl-ge802","450x71x84","NO","NO","NO","NO"
"Gehl","GE503Z","GE503Z","gehl-ge503z","400x72.5x74","NO","NO","NO","NO"
"Gehl","Z35","Z35","gehl-z35","300x55x84; 300x52.5x88","NO","NO","NO","NO"
"Gehl","Z45","Z45","gehl-z45","400x75.5x74","NO","NO","NO","NO"
"Gehl","Z80","Z80","gehl-z80","450x83.5x74","NO","NO","NO","NO"
"Gehlmax","A 12","A12","gehlmax-a12","230x72x43","NO","NO","NO","NO"
"Gehlmax","A 12B","A12B","gehlmax-a12b","230x72x43","NO","NO","NO","NO"
"Gehlmax","A 14SA","A14SA","gehlmax-a14sa","230x72x43","NO","NO","NO","NO"
"Gehlmax","DR 600","DR600","gehlmax-dr600","200x72x40","NO","NO","NO","NO"
"Gehlmax","GX 10","GX10","gehlmax-gx10","200x72x42","NO","NO","NO","NO"
"Gehlmax","GX 35","GX35","gehlmax-gx35","400x72.5x72","NO","NO","NO","NO"
"Gehlmax","M 045","M045","gehlmax-m045","180x72x36","NO","NO","NO","NO"
"Gehlmax","M 135","M135","gehlmax-m135","250x72x45","NO","NO","NO","NO"
"Gehlmax","M 135S","M135S","gehlmax-m135s","230x72x43","NO","NO","NO","NO"
"Gehlmax","MB 045","MB045","gehlmax-mb045","180x72x36","NO","NO","NO","NO"
"Gehlmax","MB 1135","MB1135","gehlmax-mb1135","250x72x45","NO","NO","NO","NO"
"Gehlmax","MB 1135S","MB1135S","gehlmax-mb1135s","250x72x45","NO","NO","NO","NO"
"Gehlmax","MB 138","MB138","gehlmax-mb138","230x72x43","NO","NO","NO","NO"
"Gehlmax","MB 145","MB145","gehlmax-mb145","250x72x45","NO","NO","NO","NO"
"Gehlmax","MB 148","MB148","gehlmax-mb148","230x72x43","NO","NO","NO","NO"
"Gehlmax","MB 165","MB165","gehlmax-mb165","250x72x45","NO","NO","NO","NO"
"Gehlmax","MB 253","MB253","gehlmax-mb253","300x109x37; 300x52.5x76","NO","NO","NO","NO"
"Gehlmax","MB 288","MB288","gehlmax-mb288","300x55x76; 300x52.5x78","NO","NO","NO","NO"
"Gehlmax","MB 358","MB358","gehlmax-mb358","300x55x82; 300x52.5x84","NO","NO","NO","NO"
"Gehlmax","RD 10 (Mini Dumper)","RD10","gehlmax-rd10","180x72x37","NO","NO","NO","NO"
"Gehlmax","RD 10 SLE (Mini Dumper)","RD10SLE","gehlmax-rd10sle","180x72x37","NO","NO","NO","NO"
"Gehlmax","RD 15D (Mini Dumper)","RD15D","gehlmax-rd15d","250x72x52","NO","NO","NO","NO"
"Gehlmax","RD 15DR (Mini Dumper)","RD15DR","gehlmax-rd15dr","250x72x52","NO","NO","NO","NO"
"Gehlmax","RD 6HX (Mini Dumper)","RD6HX","gehlmax-rd6hx","180x72x34","NO","NO","NO","NO"
"Gehlmax","RD 7","RD7","gehlmax-rd7","180x72x34","NO","NO","NO","NO"
"Gehlmax","RD 7-10D (Mini Dumper)","RD7-10D","gehlmax-rd7-10d","180x72x34","NO","NO","NO","NO"
"Gehlmax","RD 7SLE (Mini Dumper)","RD7SLE","gehlmax-rd7sle","180x72x37","NO","NO","NO","NO"
"Gehlmax","RD 8 (Mini Dumper)","RD8","gehlmax-rd8","180x72x37","NO","NO","NO","NO"
"Gehlmax","RD 8HX (Mini Dumper)","RD8HX","gehlmax-rd8hx","180x72x37","NO","NO","NO","NO"
"Gehlmax","RD 8SLE (Mini Dumper)","RD8SLE","gehlmax-rd8sle","180x72x37","NO","NO","NO","NO"
"Geier","40S","40S","geier-40s","230x72x48","NO","NO","NO","NO"
"Geier","60S","60S","geier-60s","250x72x52","NO","NO","NO","NO"
"Geier","85TLY","85TLY","geier-85tly","250x72x57","NO","NO","NO","NO"
"Gelai & Castegnaro","G&C","G&C","gelai-&-castegnaro-gc","250x72x52","NO","NO","NO","NO"
"Genie","S-60 Trax (Quad)","S-60Trax","genie-s-60trax","450x86x42","NO","NO","NO","NO"
"Genie","S-65 Trax (Quad) 400 Wide","S-65Trax400Wide","genie-s-65trax400wide","400x86x42","NO","NO","NO","NO"
"Genie","S-65 Trax (Quad) 450 Wide","S-65Trax450Wide","genie-s-65trax450wide","450x86x42","NO","NO","NO","NO"
"Geoprobe","54DT (Drilling Machine)","54DT","geoprobe-54dt","230x72x56","NO","NO","NO","NO"
"Geoprobe","6610DT (Drilling Machine)","6610DT","geoprobe-6610dt","230x72x56","NO","NO","NO","NO"
"Geoprobe","7822DT (Drilling Machine)","7822DT","geoprobe-7822dt","300x52.5x90","NO","NO","NO","NO"
"Goman","T30","T30","goman-t30","250x72x52","NO","NO","NO","NO"
"Goman","X08","X08","goman-x08","180x72x57; 250x72x52","NO","NO","NO","NO"
"Goman","X16","X16","goman-x16","200x72x43","NO","NO","NO","NO"
"Green Mech","ST19-28","ST19-28","green-mech-st19-28","250x72x52","NO","NO","NO","NO"
"Green Mech","ST220","ST220","green-mech-st220","250x72x52","NO","NO","NO","NO"
"Green Technik","BC350","BC350","green-technik-bc350","180x72x37","NO","NO","NO","NO"
"Grillo","Dumper 350 Basic","Dumper350Basic","grillo-dumper350basic","180x60x34","NO","NO","NO","NO"
"Grillo","Dumper 350 HD","Dumper350HD","grillo-dumper350hd","180x72x34","NO","NO","NO","NO"
"Grillo","Dumper 507","Dumper507","grillo-dumper507","180x72x34","NO","NO","NO","NO"
"Grundohit","4S","4S","grundohit-4s","250x72x57","NO","NO","NO","NO"
"Grundohit","TT","TT","grundohit-tt","250x72x52","NO","NO","NO","NO"
"Grundohit","Undercarriage 40","Undercarriage40","grundohit-undercarriage40","250x72x52","NO","NO","NO","NO"
"HCC","1050-B (Mini-Carrier)","1050-B","hcc-1050-b","180x72x37","NO","NO","NO","NO"
"HCC","1051 (Mini-Carrier)","1051","hcc-1051","180x72x37","NO","NO","NO","NO"
"HCC","1051-B (Mini-Carrier)","1051-B","hcc-1051-b","180x72x37","NO","NO","NO","NO"
"HCC","1051-D (Mini-Carrier)","1051-D","hcc-1051-d","180x72x37","NO","NO","NO","NO"
"HOEFLON","C6 (Spider Crane)","C6","hoeflon-c6","180x72x37","NO","NO","NO","NO"
"Hades","TP 1500","TP1500","hades-tp1500","250x72x57","NO","NO","NO","NO"
"Haihong","CTX8008","CTX8008","haihong-ctx8008","180x72x39","NO","NO","NO","NO"
"Hainzl","150LSE","150LSE","hainzl-150lse","230x72x43","NO","NO","NO","NO"
"Hanix","H 08","H08","hanix-h08","180x72x36","NO","NO","NO","NO"
"Hanix","H 08-1","H08-1","hanix-h08-1","180x72x37","NO","NO","NO","NO"
"Hanix","H 08-2","H08-2","hanix-h08-2","180x72x36","NO","NO","NO","NO"
"Hanix","H 08A","H08A","hanix-h08a","180x72x37","NO","NO","NO","NO"
"Hanix","H 08B","H08B","hanix-h08b","180x72x38","NO","NO","NO","NO"
"Hanix","H 09D","H09D","hanix-h09d","180x72x38","NO","NO","NO","NO"
"Hanix","H 12A","H12A","hanix-h12a","230x96x31; 230x48x62","NO","NO","NO","NO"
"Hanix","H 15","H15","hanix-h15","230x96x33; 230x96x31; 230x48x62; 230x48x66","NO","NO","NO","NO"
"Hanix","H 15 B","H15B","hanix-h15b","230x96x31; 230x48x62","NO","NO","NO","NO"
"Hanix","H 15 B-2","H15B-2","hanix-h15b-2","230x96x33; 230x48x66","NO","NO","NO","NO"
"Hanix","H 15 Bplus","H15Bplus","hanix-h15bplus","230x96x31; 230x48x62","NO","NO","NO","NO"
"Hanix","H 15 Bplus-2","H15Bplus-2","hanix-h15bplus-2","230x96x33; 230x48x66","NO","NO","NO","NO"
"Hanix","H 151","H151","hanix-h151","230x96x33; 230x48x66","NO","NO","NO","NO"
"Hanix","H 15A (<1996)","H15A","hanix-h15a","230x96x33; 230x48x66; 230x96x31; 230x48x62","NO","NO","NO","NO"
"Hanix","H 22","H22","hanix-h22","300x55x72; 300x52x574","NO","NO","NO","NO"
"Hanix","H 22A","H22A","hanix-h22a","300x55x72; 300x52x574","NO","NO","NO","NO"
"Hanix","H 24","H24","hanix-h24","300x52.5x74; 300x52x574","NO","NO","NO","NO"
"Hanix","H 24A","H24A","hanix-h24a","300x55x72; 300x52.5x74","NO","NO","NO","NO"
"Hanix","H 26B","H26B","hanix-h26b","300x55x72; 300x52.5x74","NO","NO","NO","NO"
"Hanix","H 26C","H26C","hanix-h26c","300x52.5x74","NO","NO","NO","NO"
"Hanix","H 27","H27","hanix-h27","300x109x36; 300x52.5x74","NO","NO","NO","NO"
"Hanix","H 27-2","H27-2","hanix-h27-2","300x109x36; 300x52.5x74","NO","NO","NO","NO"
"Hanix","H 29A","H29A","hanix-h29a","300x55x78; 300x52.5x80","NO","NO","NO","NO"
"Hanix","H 30","H30","hanix-h30","300x55x78; 300x52.5x80","NO","NO","NO","NO"
"Hanix","H 30-2","H30-2","hanix-h30-2","300x55x78; 300x52.5x80","NO","NO","NO","NO"
"Hanix","H 30A","H30A","hanix-h30a","300x55x78; 300x52.5x80","NO","NO","NO","NO"
"Hanix","H 35","H35","hanix-h35","300x55x78; 300x52.5x80","NO","NO","NO","NO"
"Hanix","H 35A","H35A","hanix-h35a","300x55x78; 300x52.5x80","NO","NO","NO","NO"
"Hanix","H 36A","H36A","hanix-h36a","300x55x78; 300x52.5x80","NO","NO","NO","NO"
"Hanix","H 36B","H36B","hanix-h36b","300x55x82; 300x52.5x84","NO","NO","NO","NO"
"Hanix","H 36C","H36C","hanix-h36c","300x52.5x84","NO","NO","NO","NO"
"Hanix","H 36CR","H36CR","hanix-h36cr","300x52.5x84","NO","NO","NO","NO"
"Hanix","H 36R","H36R","hanix-h36r","300x52.5x84","NO","NO","NO","NO"
"Hanix","H 50B","H50B","hanix-h50b","400x72.5x72","NO","NO","NO","NO"
"Hanix","H 50C","H50C","hanix-h50c","400x72.5x72","NO","NO","NO","NO"
"Hanix","H 55DR","H55DR","hanix-h55dr","400x72.5x72","NO","NO","NO","NO"
"Hanix","H 56C","H56C","hanix-h56c","400x72.5x72","NO","NO","NO","NO"
"Hanix","H 75B","H75B","hanix-h75b","450x71x86","NO","NO","NO","NO"
"Hanix","H 75C","H75C","hanix-h75c","450x71x86","NO","NO","NO","NO"
"Hanix","H 80","H80","hanix-h80","180x72x37","NO","NO","NO","NO"
"Hanix","H 80-2","H80-2","hanix-h80-2","180x72x37","NO","NO","NO","NO"
"Hanix","N 050","N050","hanix-n050","180x72x38","NO","NO","NO","NO"
"Hanix","N 06","N06","hanix-n06","250x72x45","NO","NO","NO","NO"
"Hanix","N 060","N060","hanix-n060","250x72x45","NO","NO","NO","NO"
"Hanix","N 080","N080","hanix-n080","180x72x37","NO","NO","NO","NO"
"Hanix","N 080-1","N080-1","hanix-n080-1","180x72x37","NO","NO","NO","NO"
"Hanix","N 080-2","N080-2","hanix-n080-2","180x72x36","NO","NO","NO","NO"
"Hanix","N 080-2LR","N080-2LR","hanix-n080-2lr","180x72x38","NO","NO","NO","NO"
"Hanix","N 080-3LR","N080-3LR","hanix-n080-3lr","180x72x37","NO","NO","NO","NO"
"Hanix","N 120","N120","hanix-n120","250x72x45","NO","NO","NO","NO"
"Hanix","N 120-2","N120-2","hanix-n120-2","230x96x33; 230x48x66","NO","NO","NO","NO"
"Hanix","N 120R","N120R","hanix-n120r","250x72x45","NO","NO","NO","NO"
"Hanix","N 150","N150","hanix-n150","230x72x43","NO","NO","NO","NO"
"Hanix","N 150-2","N150-2","hanix-n150-2","230x96x33; 230x48x66","NO","NO","NO","NO"
"Hanix","N 150R","N150R","hanix-n150r","230x72x43","NO","NO","NO","NO"
"Hanix","N 220-2","N220-2","hanix-n220-2","320x109x36; 300x52.5x74","NO","NO","NO","NO"
"Hanix","N 230-2","N230-2","hanix-n230-2","320x109x36; 300x52.5x74","NO","NO","NO","NO"
"Hanix","N 250-2","N250-2","hanix-n250-2","320x109x36; 300x52.5x74","NO","NO","NO","NO"
"Hanix","N 260-2","N260-2","hanix-n260-2","320x109x36; 300x52.5x74","NO","NO","NO","NO"
"Hanix","N 300-2","N300-2","hanix-n300-2","320x109x39; 300x52.5x80","NO","NO","NO","NO"
"Hanix","N 35","N35","hanix-n35","300x55x78; 300x52.5x80","NO","NO","NO","NO"
"Hanix","N 350-2","N350-2","hanix-n350-2","320x109x39; 300x52.5x80","NO","NO","NO","NO"
"Hanix","N 80","N80","hanix-n80","180x72x36","NO","NO","NO","NO"
"Hanix","N 80-2","N80-2","hanix-n80-2","180x72x36","NO","NO","NO","NO"
"Hanix","N 80-2R","N80-2R","hanix-n80-2r","180x72x36","NO","NO","NO","NO"
"Hanix","NH 070","NH070","hanix-nh070","230x96x41; 250x47x84; 250x48x82","NO","NO","NO","NO"
"Hanix","NS 25","NS25","hanix-ns25","300x109x36; 300x52.5x74","NO","NO","NO","NO"
"Hanix","RT 30 (Dumper)","RT30","hanix-rt30","180x72x36; 180x72x37","NO","NO","NO","NO"
"Hanix","RT 50D (Dumper)","RT50D","hanix-rt50d","200x72x38; 180x72x38","NO","NO","NO","NO"
"Hanix","S&B15","S&B15","hanix-sb15","320x100x40; 320x100x43","NO","NO","NO","NO"
"Hanix","S&B15R","S&B15R","hanix-sb15r","320x100x40; 320x100x43","NO","NO","NO","NO"
"Hanix","S&B15S","S&B15S","hanix-sb15s","320x100x40; 320x100x43","NO","NO","NO","NO"
"Hanix","S&B15SR","S&B15SR","hanix-sb15sr","320x100x40; 320x100x43","NO","NO","NO","NO"
"Hanix","S&B25-1","S&B25-1","hanix-sb25-1","400x72.5x72","NO","NO","NO","NO"
"Hanix","S&B25-2","S&B25-2","hanix-sb25-2","400x142x38; 400x72.5x74","NO","NO","NO","NO"
"Hanix","S&B300","S&B300","hanix-sb300","300x52.5x80","NO","NO","NO","NO"
"Hanix","S&B300-2","S&B300-2","hanix-sb300-2","300x52.5x80","NO","NO","NO","NO"
"Hanix","S&BX-1","S&BX-1","hanix-sbx-1","300x52.5x80","NO","NO","NO","NO"
"Hanix","TP50-D","TP50-D","hanix-tp50-d","300x55x80; 300x52.5x82","NO","NO","NO","NO"
"Hanix","YB 10","YB10","hanix-yb10","230x72x43","NO","NO","NO","NO"
"Hanix","YFW 5D-1","YFW5D-1","hanix-yfw5d-1","230x72x50","NO","NO","NO","NO"
"Hansa","C65RX","C65RX","hansa-c65rx","230x72x43","NO","NO","NO","NO"
"Hanta","SLD 151D","SLD151D","hanta-sld151d","180x72x37","NO","NO","NO","NO"
"Haulotte","Mygalift19 (Lifting Platform)","Mygalift19","haulotte-mygalift19","250x72x57","NO","NO","NO","NO"
"Hematec","CTE CS 135 (Crane)","CTE CS135","hematec-ctecs135","180x72x37","NO","NO","NO","NO"
"Hematec","CTE CS 170 (Sky Lifter)","CTE CS170","hematec-ctecs170","230x72x43","NO","NO","NO","NO"
"Hengte","HT20","HT20","hengte-ht20","230x48x68","NO","NO","NO","NO"
"Hiab","033T","033T","hiab-033t","180x72x37","NO","NO","NO","NO"
"Hinowa","DB 10.13","DB10.13","hinowa-db1013","200x96x28; 230x96x66","NO","NO","NO","NO"
"Hinowa","DB 14.7","DB14.7","hinowa-db147","180x72x37","NO","NO","NO","NO"
"Hinowa","DB 8.35","DB8.35","hinowa-db835","180x72x37","NO","NO","NO","NO"
"Hinowa","DB 9.11","DB9.11","hinowa-db911","200x72x37; 180x72x37","NO","NO","NO","NO"
"Hinowa","DM 09","DM09","hinowa-dm09","200x72x37; 180x72x37","NO","NO","NO","NO"
"Hinowa","DM 10","DM10","hinowa-dm10","200x72x37; 230x72x43; 180x72x37","NO","NO","NO","NO"
"Hinowa","DM 10A 2V","DM10A2V","hinowa-dm10a2v","200x72x42","NO","NO","NO","NO"
"Hinowa","DM 10M","DM10M","hinowa-dm10m","180x72x39","NO","NO","NO","NO"
"Hinowa","DM 11KA","DM11KA","hinowa-dm11ka","230x72x42","NO","NO","NO","NO"
"Hinowa","DM 13","DM13","hinowa-dm13","200x72x42","NO","NO","NO","NO"
"Hinowa","DM 13A 2V","DM13A2V","hinowa-dm13a2v","200x72x42","NO","NO","NO","NO"
"Hinowa","DM 15","DM15","hinowa-dm15","230x72x43; 230x96x32; 230x48x64","NO","NO","NO","NO"
"Hinowa","DM 15M","DM15M","hinowa-dm15m","230x96x32; 230x48x64","NO","NO","NO","NO"
"Hinowa","DM 15S","DM15S","hinowa-dm15s","230x72x43","NO","NO","NO","NO"
"Hinowa","DM 20","DM20","hinowa-dm20","250x72x52","NO","NO","NO","NO"
"Hinowa","DM 20S","DM20S","hinowa-dm20s","250x72x52; 250x48x78; 230x96x39","NO","NO","NO","NO"
"Hinowa","DM 30","DM30","hinowa-dm30","300x55x82; 300x52.5x84","NO","NO","NO","NO"
"Hinowa","DM 30C","DM30C","hinowa-dm30c","300x109x36; 300x52.5x74","NO","NO","NO","NO"
"Hinowa","DM 30S","DM30S","hinowa-dm30s","300x55x82; 300x52.5x84","NO","NO","NO","NO"
"Hinowa","DM 40","DM40","hinowa-dm40","300x55x82; 300x52.5x84","NO","NO","NO","NO"
"Hinowa","DM 40L","DM40L","hinowa-dm40l","300x55x82; 300x52.5x84","NO","NO","NO","NO"
"Hinowa","DM 40L2V","DM40L2V","hinowa-dm40l2v","300x55x82; 300x52.5x84","NO","NO","NO","NO"
"Hinowa","DM 8","DM8","hinowa-dm8","180x72x34","NO","NO","NO","NO"
"Hinowa","DM 8A","DM8A","hinowa-dm8a","180x72x34","NO","NO","NO","NO"
"Hinowa","DM 8M","DM8M","hinowa-dm8m","180x72x34","NO","NO","NO","NO"
"Hinowa","Dumpy (minidumper)","Dumpy","hinowa-dumpy","180x60x37","NO","NO","NO","NO"
"Hinowa","GL 1255 (Lifting Platform)","GL1255","hinowa-gl1255","180x72x37","NO","NO","NO","NO"
"Hinowa","GL 1470 (Lifting Platform)","GL1470","hinowa-gl1470","180x72x37","NO","NO","NO","NO"
"Hinowa","Gold lift 12.55 (Lifting Platform)","Gold lift12.55","hinowa-goldlift1255","180x72x37","NO","NO","NO","NO"
"Hinowa","Gold lift 14.70 (Lifting Platform)","Gold lift14.70","hinowa-goldlift1470","180x72x37","NO","NO","NO","NO"
"Hinowa","Gold lift 17.80XL (Lifting Platform)","Gold lift17.80XL","hinowa-goldlift1780xl","180x72x37","NO","NO","NO","NO"
"Hinowa","HP 1000 (Mini Dumper)","HP1000","hinowa-hp1000","180x72x34; 180x72x37","NO","NO","NO","NO"
"Hinowa","HP 1000E (Mini Dumper)","HP1000E","hinowa-hp1000e","180x72x37","NO","NO","NO","NO"
"Hinowa","HP 1100 (Mini Dumper)","HP1100","hinowa-hp1100","180x72x37","NO","NO","NO","NO"
"Hinowa","HP 1100A (Mini Dumper)","HP1100A","hinowa-hp1100a","180x72x37","NO","NO","NO","NO"
"Hinowa","HP 1100D (Mini Dumper)","HP1100D","hinowa-hp1100d","180x72x37","NO","NO","NO","NO"
"Hinowa","HP 1150 (Mini Dumper)","HP1150","hinowa-hp1150","180x72x37","NO","NO","NO","NO"
"Hinowa","HP 1200 (Mini Dumper)","HP1200","hinowa-hp1200","180x72x37","NO","NO","NO","NO"
"Hinowa","HP 1200E","HP1200E","hinowa-hp1200e","180x72x37","NO","NO","NO","NO"
"Hinowa","HP 1500 (Mini Dumper)","HP1500","hinowa-hp1500","230x72x43; 230x96x39; 230x96x40; 250x48x78; 250x48x80","NO","NO","NO","NO"
"Hinowa","HP 1500/2","HP1500/2","hinowa-hp15002","230x96x38; 250x48x76","NO","NO","NO","NO"
"Hinowa","HP 800 (Mini-Excavator)","HP800","hinowa-hp800","180x72x34","NO","NO","NO","NO"
"Hinowa","HP 800A (Mini Dumper)","HP800A","hinowa-hp800a","180x72x34","NO","NO","NO","NO"
"Hinowa","HP 800E (Mini Dumper)","HP800E","hinowa-hp800e","180x72x34","NO","NO","NO","NO"
"Hinowa","HP 850B/A","HP850B/A","hinowa-hp850ba","180x72x35; 180x72x37","NO","NO","NO","NO"
"Hinowa","HR 15.1","HR15.1","hinowa-hr151","230x72x43","NO","NO","NO","NO"
"Hinowa","HS 1100","HS1100","hinowa-hs1100","180x72x37","NO","NO","NO","NO"
"Hinowa","HS 1150","HS1150","hinowa-hs1150","180x72x37","NO","NO","NO","NO"
"Hinowa","HS 1200E","HS1200E","hinowa-hs1200e","180x72x37","NO","NO","NO","NO"
"Hinowa","HS 701","HS701","hinowa-hs701","180x72x37","NO","NO","NO","NO"
"Hinowa","HS 850","HS850","hinowa-hs850","180x72x35","NO","NO","NO","NO"
"Hinowa","LL 14.72 (Lifter)","LL14.72","hinowa-ll1472","180x72x37","NO","NO","NO","NO"
"Hinowa","LL 15.70 (Lifter)","LL15.70","hinowa-ll1570","180x72x37","NO","NO","NO","NO"
"Hinowa","LL 19.65 (Lifter)","LL19.65","hinowa-ll1965","180x72x37","NO","NO","NO","NO"
"Hinowa","LL 23.12 (Lifter)","LL23.12","hinowa-ll2312","230x96x39; 250x48x78","NO","NO","NO","NO"
"Hinowa","LL 33.17 (Lifter)","LL33.17","hinowa-ll3317","300x55x82; 300x52.5x84","NO","NO","NO","NO"
"Hinowa","PT 10 (Undercarriage)","PT10","hinowa-pt10","200x72x37; 180x72x37","NO","NO","NO","NO"
"Hinowa","PT 100 (Undercarriage)","PT100","hinowa-pt100","500x92x72; 485x92x72","NO","NO","NO","NO"
"Hinowa","PT 10G (Undercarriage)","PT10G","hinowa-pt10g","200x72x37; 180x72x37","NO","NO","NO","NO"
"Hinowa","PT 10G/300 (Undercarriage)","PT10G/300","hinowa-pt10g300","200x72x37; 180x72x37","NO","NO","NO","NO"
"Hinowa","PT 30G (Undercarriage)","PT30G","hinowa-pt30g","300x55x82; 300x52.5x84","NO","NO","NO","NO"
"Hinowa","PT 30G/200 (Undercarriage)","PT30G/200","hinowa-pt30g200","300x55x82; 300x52.5x84","NO","NO","NO","NO"
"Hinowa","PT 35GL (undercarriage)","PT35GL","hinowa-pt35gl","320x100x52","NO","NO","NO","NO"
"Hinowa","PT 35GL/300 (undercarriage)","PT35GL/300","hinowa-pt35gl300","320x100x52","NO","NO","NO","NO"
"Hinowa","PT 4000 (undercarriage)","PT4000","hinowa-pt4000","350x109x42; 350x52.5x86","NO","NO","NO","NO"
"Hinowa","PT 4000G/100 (undercarriage)","PT4000G/100","hinowa-pt4000g100","350x109x42; 350x52.5x86","NO","NO","NO","NO"
"Hinowa","PT 70 (undercarriage)","PT70","hinowa-pt70","400x72.5x74","NO","NO","NO","NO"
"Hinowa","PT 70G/100 (undercarriage)","PT70G/100","hinowa-pt70g100","400x72.5x74","NO","NO","NO","NO"
"Hinowa","PT 70GL (undercarriage)","PT70GL","hinowa-pt70gl","400x72.5x82","NO","NO","NO","NO"
"Hinowa","PT 8 (undercarriage)","PT8","hinowa-pt8","180x72x34","NO","NO","NO","NO"
"Hinowa","PT 8G/300 (undercarriage)","PT8G/300","hinowa-pt8g300","180x72x34","NO","NO","NO","NO"
"Hinowa","PT 9 (undercarriage)","PT9","hinowa-pt9","180x72x37","NO","NO","NO","NO"
"Hinowa","PT 9C (undercarriage)","PT9C","hinowa-pt9c","180x72x35","NO","NO","NO","NO"
"Hinowa","PT13 (Undercarriage)","PT13","hinowa-pt13","200x72x42","NO","NO","NO","NO"
"Hinowa","PT13/300 (Undercarriage)","PT13/300","hinowa-pt13300","200x72x42","NO","NO","NO","NO"
"Hinowa","PT15 (Undercarriage)","PT15","hinowa-pt15","230x72x43","NO","NO","NO","NO"
"Hinowa","PT150 (Undercarriage)","PT150","hinowa-pt150","500x92x72; 485x92x72","NO","NO","NO","NO"
"Hinowa","PT15G (Undercarriage)","PT15G","hinowa-pt15g","230x96x32; 230x48x64","NO","NO","NO","NO"
"Hinowa","PT15G/400 (Undercarriage)","PT15G/400","hinowa-pt15g400","230x72x43","NO","NO","NO","NO"
"Hinowa","PT15G/4001 (Undercarriage)","PT15G/4001","hinowa-pt15g4001","230x96x32; 230x48x64","NO","NO","NO","NO"
"Hinowa","PT1700 (Undercarriage)","PT1700","hinowa-pt1700","230x96x35; 230x48x70","NO","NO","NO","NO"
"Hinowa","PT20 (Undercarriage)","PT20","hinowa-pt20","250x72x52","NO","NO","NO","NO"
"Hinowa","PT2000 (Undercarriage)","PT2000","hinowa-pt2000","230x96x39; 250x48x78","NO","NO","NO","NO"
"Hinowa","PT2000G/100 (Undercarriage)","PT2000G/100","hinowa-pt2000g100","230x96x39; 250x48x78","NO","NO","NO","NO"
"Hinowa","PT200P (Undercarriage)","PT200P","hinowa-pt200p","230x96x40; 250x48x80","NO","NO","NO","NO"
"Hinowa","PT20G (Undercarriage)","PT20G","hinowa-pt20g","250x72x52","NO","NO","NO","NO"
"Hinowa","PT20G/301 (Undercarriage)","PT20G/301","hinowa-pt20g301","250x72x52","NO","NO","NO","NO"
"Hinowa","PT20G/3011 (Undercarriage)","PT20G/3011","hinowa-pt20g3011","250x96x39; 250x48x78","NO","NO","NO","NO"
"Hinowa","PT20GL (Undercarriage)","PT20GL","hinowa-pt20gl","250x72x57","NO","NO","NO","NO"
"Hinowa","PT20GL/301 (Undercarriage)","PT20GL/301","hinowa-pt20gl301","250x72x57","NO","NO","NO","NO"
"Hinowa","PT3000 (Undercarriage)","PT3000","hinowa-pt3000","300x54x78; 300x52.5x80","NO","NO","NO","NO"
"Hinowa","PT3000G/100 (Undercarriage)","PT3000G/100","hinowa-pt3000g100","300x55x78; 300x52.5x80","NO","NO","NO","NO"
"Hinowa","TT 1350","TT1350","hinowa-tt1350","200x96x33; 230x48x66","NO","NO","NO","NO"
"Hinowa","TT 1600","TT1600","hinowa-tt1600","230x96x35; 230x48x70","NO","NO","NO","NO"
"Hinowa","TT 1700","TT1700","hinowa-tt1700","230x96x35; 230x48x70","NO","NO","NO","NO"
"Hinowa","VT 1550","VT1550","hinowa-vt1550","230x72x43; 230x48x64; 230x96x32","NO","NO","NO","NO"
"Hinowa","VT 1550 2V","VT1550 2V","hinowa-vt15502v","230x72x43","NO","NO","NO","NO"
"Hinowa","VT 1650","VT1650","hinowa-vt1650","230x72x43; 230x48x64; 230x96x32","NO","NO","NO","NO"
"Hinowa","VT 1650 2V","VT1650 2V","hinowa-vt16502v","230x72x43","NO","NO","NO","NO"
"Hinowa","VT 2000","VT2000","hinowa-vt2000","230x96x39; 250x48x78","NO","NO","NO","NO"
"Hinowa","VT 2500","VT2500","hinowa-vt2500","250x107.5x37; 250x52.5x76; 300x52.5x76","NO","NO","NO","NO"
"Hinowa","VT 3000","VT3000","hinowa-vt3000","300x52.5x76; 250x52.5x76","NO","NO","NO","NO"
"Hinowa","VT 3000 2V","VT3000 2V","hinowa-vt30002v","300x54x78; 300x52.5x80","NO","NO","NO","NO"
"Hinowa","VT 4000","VT4000","hinowa-vt4000","350x108x42; 350x52.5x86","NO","NO","NO","NO"
"Hinowa","VT 4000 2V","VT4000 2V","hinowa-vt40002v","350x109x42; 350x52.5x86","NO","NO","NO","NO"
"Hinowa","VTT 1300","VTT1300","hinowa-vtt1300","200x96x31; 230x48x62","NO","NO","NO","NO"
"Hinowa","VTT 1550","VTT1550","hinowa-vtt1550","200x96x35; 230x48x70","NO","NO","NO","NO"
"Hinowa","VTT 1650","VTT1650","hinowa-vtt1650","200x96x35; 230x48x70","NO","NO","NO","NO"
"Hinowa","YB 10","YB10","hinowa-yb10","230x72x43","NO","NO","NO","NO"
"Hinowa","YFW 5D-1","YFW5D-1","hinowa-yfw5d-1","230x72x50","NO","NO","NO","NO"
"Hitachi","16","16","hitachi-16","230x96x33; 230x48x66","NO","NO","NO","NO"
"Hitachi","18","18","hitachi-18","230x96x33; 230x48x66","NO","NO","NO","NO"
"Hitachi","25","25","hitachi-25","250x52.5x73; 300x52.5x72","NO","NO","NO","NO"
"Hitachi","30","30","hitachi-30","300x52.5x82","NO","NO","NO","NO"
"Hitachi","30U","30U","hitachi-30u","300x52.5x86","NO","NO","NO","NO"
"Hitachi","35","35","hitachi-35","300x52.5x82","NO","NO","NO","NO"
"Hitachi","35U","35U","hitachi-35u","300x52.5x86","NO","NO","NO","NO"
"Hitachi","40","40","hitachi-40","400x72.5x72","NO","NO","NO","NO"
"Hitachi","40U","40U","hitachi-40u","400x72.5x72","NO","NO","NO","NO"
"Hitachi","50","50","hitachi-50","400x72.5x72","NO","NO","NO","NO"
"Hitachi","50U","50U","hitachi-50u","400x72.5x72","NO","NO","NO","NO"
"Hitachi","50U-2","50U-2","hitachi-50u-2","400x72.5x72","NO","NO","NO","NO"
"Hitachi","55U","55U","hitachi-55u","400x72.5x72","NO","NO","NO","NO"
"Hitachi","70","70","hitachi-70","450x81x78","NO","NO","NO","NO"
"Hitachi","80","80","hitachi-80","450x81x78","NO","NO","NO","NO"
"Hitachi","85","85","hitachi-85","450x81x78","NO","NO","NO","NO"
"Hitachi","AX16-2N (2002)","AX16-2N","hitachi-ax16-2n","230x96x33; 230x48x66","NO","NO","NO","NO"
"Hitachi","CG 100 (Dumper)","CG100","hitachi-cg100","750x150x66","NO","NO","NO","NO"
"Hitachi","CG 110 (Dumper)","CG110","hitachi-cg110","750x150x66","NO","NO","NO","NO"
"Hitachi","CG 65 (Dumper)","CG65","hitachi-cg65","700x100x98","NO","NO","NO","NO"
"Hitachi","EX 08","EX08","hitachi-ex08","180x72x37","NO","NO","NO","NO"
"Hitachi","EX 100","EX100","hitachi-ex100","500x92x78","NO","NO","NO","NO"
"Hitachi","EX 100-1","EX100-1","hitachi-ex100-1","500x92x78","NO","NO","NO","NO"
"Hitachi","EX 100-2","EX100-2","hitachi-ex100-2","500x92x78","NO","NO","NO","NO"
"Hitachi","EX 100-3","EX100-3","hitachi-ex100-3","500x92x78","NO","NO","NO","NO"
"Hitachi","EX 100-5","EX100-5","hitachi-ex100-5","500x92x78","NO","NO","NO","NO"
"Hitachi","EX 105","EX105","hitachi-ex105","500x92x78","NO","NO","NO","NO"
"Hitachi","EX 10U","EX10U","hitachi-ex10u","180x72x40","NO","NO","NO","NO"
"Hitachi","EX 10UX","EX10UX","hitachi-ex10ux","180x72x40","NO","NO","NO","NO"
"Hitachi","EX 12 (New)","EX12","hitachi-ex12","230x96x31; 230x48x62; 230x72x42","NO","NO","NO","NO"
"Hitachi","EX 12-1","EX12-1","hitachi-ex12-1","230x96x31; 230x48x62","NO","NO","NO","NO"
"Hitachi","EX 12-2","EX12-2","hitachi-ex12-2","230x96x31; 230x48x62","NO","NO","NO","NO"
"Hitachi","EX 120 (not on new sprocket)","EX120","hitachi-ex120","500x92x84","NO","NO","NO","NO"
"Hitachi","EX 120-2","EX120-2","hitachi-ex120-2","500x92x84","NO","NO","NO","NO"
"Hitachi","EX 120-5","EX120-5","hitachi-ex120-5","500x92x84","NO","NO","NO","NO"
"Hitachi","EX 135U","EX135U","hitachi-ex135u","500x92x84","NO","NO","NO","NO"
"Hitachi","EX 135UR","EX135UR","hitachi-ex135ur","500x92x84","NO","NO","NO","NO"
"Hitachi","EX 135VR","EX135VR","hitachi-ex135vr","500x92x84","NO","NO","NO","NO"
"Hitachi","EX 138UU","EX138UU","hitachi-ex138uu","500x92x84","NO","NO","NO","NO"
"Hitachi","EX 14","EX14","hitachi-ex14","230x72x42","NO","NO","NO","NO"
"Hitachi","EX 14SR","EX14SR","hitachi-ex14sr","230x72x42","NO","NO","NO","NO"
"Hitachi","EX 15","EX15","hitachi-ex15","230x96x31; 230x48x62; 230x96x34; 230x48x68","NO","NO","NO","NO"
"Hitachi","EX 15-1","EX15-1","hitachi-ex15-1","230x96x31; 230x48x62","NO","NO","NO","NO"
"Hitachi","EX 15-2","EX15-2","hitachi-ex15-2","230x96x31; 230x48x62","NO","NO","NO","NO"
"Hitachi","EX 15SR","EX15SR","hitachi-ex15sr","200x72x42","NO","NO","NO","NO"
"Hitachi","EX 15U","EX15U","hitachi-ex15u","230x96x31; 230x48x62","NO","NO","NO","NO"
"Hitachi","EX 15UR","EX15UR","hitachi-ex15ur","230x96x35; 230x48x70","NO","NO","NO","NO"
"Hitachi","EX 16","EX16","hitachi-ex16","230x96x31; 230x48x62","NO","NO","NO","NO"
"Hitachi","EX 16-2","EX16-2","hitachi-ex16-2","230x96x33; 230x48x66","NO","NO","NO","NO"
"Hitachi","EX 17","EX17","hitachi-ex17","230x96x33; 230x48x66","NO","NO","NO","NO"
"Hitachi","EX 17-2","EX17-2","hitachi-ex17-2","230x96x33; 230x48x66","NO","NO","NO","NO"
"Hitachi","EX 17-2B","EX17-2B","hitachi-ex17-2b","230x96x33; 230x48x66","NO","NO","NO","NO"
"Hitachi","EX 17U","EX17U","hitachi-ex17u","230x96x35; 230x48x70","NO","NO","NO","NO"
"Hitachi","EX 20-2","EX20-2","hitachi-ex20-2","250x52.5x73; 300x52.5x72","NO","NO","NO","NO"
"Hitachi","EX 20U","EX20U","hitachi-ex20u","250x96x41; 250x47x84; 250x48x82","NO","NO","NO","NO"
"Hitachi","EX 20U-1","EX20U-1","hitachi-ex20u-1","250x96x41; 250x47x84; 250x48x82","NO","NO","NO","NO"
"Hitachi","EX 20U-3","EX20U-3","hitachi-ex20u-3","250x52.5x76; 300x52.5x76","NO","NO","NO","NO"
"Hitachi","EX 20UR","EX20UR","hitachi-ex20ur","250x52.5x76; 300x52.5x76","NO","NO","NO","NO"
"Hitachi","EX 20UR-1","EX20UR-1","hitachi-ex20ur-1","250x52.5x76; 300x52.5x76","NO","NO","NO","NO"
"Hitachi","EX 20UR-3","EX20UR-3","hitachi-ex20ur-3","250x52.5x77","NO","NO","NO","NO"
"Hitachi","EX 21","EX21","hitachi-ex21","250x52.5x73; 300x52.5x72","NO","NO","NO","NO"
"Hitachi","EX 22","EX22","hitachi-ex22","250x52.5x73; 300x52.5x72","NO","NO","NO","NO"
"Hitachi","EX 22-1","EX22-1","hitachi-ex22-1","250x52.5x73; 300x52.5x72","NO","NO","NO","NO"
"Hitachi","EX 22-2","EX22-2","hitachi-ex22-2","250x52.5x73; 300x52.5x72","NO","NO","NO","NO"
"Hitachi","EX 24","EX24","hitachi-ex24","300x109x35; 300x52.5x72","NO","NO","NO","NO"
"Hitachi","EX 24U","EX24U","hitachi-ex24u","300x52.5x76; 250x52.5x76","NO","NO","NO","NO"
"Hitachi","EX 25","EX25","hitachi-ex25","300x55x74; 250x52.5x76; 300x52.5x76","NO","NO","NO","NO"
"Hitachi","EX 25-1","EX25-1","hitachi-ex25-1","300x55x74; 250x52.5x76; 300x52.5x76","NO","NO","NO","NO"
"Hitachi","EX 25-2","EX25-2","hitachi-ex25-2","300x52.5x77; 250x52.5x76; 300x52.5x76","NO","NO","NO","NO"
"Hitachi","EX 25U","EX25U","hitachi-ex25u","300x52.5x78","NO","NO","NO","NO"
"Hitachi","EX 26","EX26","hitachi-ex26","300x109x37; 250x52.5x76; 300x52.5x76","NO","NO","NO","NO"
"Hitachi","EX 27","EX27","hitachi-ex27","300x109x37; 250x52.5x76; 300x52.5x76","NO","NO","NO","NO"
"Hitachi","EX 27U","EX27U","hitachi-ex27u","300x52.5x78","NO","NO","NO","NO"
"Hitachi","EX 29U","EX29U","hitachi-ex29u","300x52.5x78","NO","NO","NO","NO"
"Hitachi","EX 29UR","EX29UR","hitachi-ex29ur","300x52.5x78","NO","NO","NO","NO"
"Hitachi","EX 30","EX30","hitachi-ex30","300x55x80; 300x52.5x82","NO","NO","NO","NO"
"Hitachi","EX 30-1","EX30-1","hitachi-ex30-1","300x55x80; 300x52.5x82","NO","NO","NO","NO"
"Hitachi","EX 30-2","EX30-2","hitachi-ex30-2","300x52.5x82","NO","NO","NO","NO"
"Hitachi","EX 30U Lotus root","EX30U Lotus root","hitachi-ex30ulotusroot","300x55x80; 300x52.5x82","NO","NO","NO","NO"
"Hitachi","EX 30UR","EX30UR","hitachi-ex30ur","300x52.5x76; 300x52.5x82","NO","NO","NO","NO"
"Hitachi","EX 30UR-1","EX30UR-1","hitachi-ex30ur-1","300x55x74; 300x52.5x76","NO","NO","NO","NO"
"Hitachi","EX 30UR-2","EX30UR-2","hitachi-ex30ur-2","300x55x74; 300x52.5x76","NO","NO","NO","NO"
"Hitachi","EX 30UR-3","EX30UR-3","hitachi-ex30ur-3","300x52.5x82","NO","NO","NO","NO"
"Hitachi","EX 32U","EX32U","hitachi-ex32u","300x52.5x82","NO","NO","NO","NO"
"Hitachi","EX 33","EX33","hitachi-ex33","300x109x41; 300x52.5x84","NO","NO","NO","NO"
"Hitachi","EX 33Mu","EX33Mu","hitachi-ex33mu","300x52.5x82","NO","NO","NO","NO"
"Hitachi","EX 33U","EX33U","hitachi-ex33u","300x55x80; 300x52.5x82","NO","NO","NO","NO"
"Hitachi","EX 33U-3","EX33U-3","hitachi-ex33u-3","300x55x80; 300x52.5x82","NO","NO","NO","NO"
"Hitachi","EX 35","EX35","hitachi-ex35","300x55x82; 300x52.5x84","NO","NO","NO","NO"
"Hitachi","EX 35-1","EX35-1","hitachi-ex35-1","300x55x82; 300x52.5x84","NO","NO","NO","NO"
"Hitachi","EX 35-2","EX35-2","hitachi-ex35-2","300x52.5x82","NO","NO","NO","NO"
"Hitachi","EX 35U","EX35U","hitachi-ex35u","300x52.5x86","NO","NO","NO","NO"
"Hitachi","EX 36U","EX36U","hitachi-ex36u","300x52.5x86","NO","NO","NO","NO"
"Hitachi","EX 40","EX40","hitachi-ex40","400x72.5x72; 400x725x72","NO","NO","NO","NO"
"Hitachi","EX 40-2","EX40-2","hitachi-ex40-2","400x72.5x72; 400x725x72","NO","NO","NO","NO"
"Hitachi","EX 40U","EX40U","hitachi-ex40u","400x72.5x72; 400x725x72","NO","NO","NO","NO"
"Hitachi","EX 40UR","EX40UR","hitachi-ex40ur","300x55x82; 300x52.5x84","NO","NO","NO","NO"
"Hitachi","EX 40UR-1","EX40UR-1","hitachi-ex40ur-1","300x55x82; 300x52.5x84","NO","NO","NO","NO"
"Hitachi","EX 40UR-2","EX40UR-2","hitachi-ex40ur-2","300x55x82; 300x52.5x84","NO","NO","NO","NO"
"Hitachi","EX 40URG","EX40URG","hitachi-ex40urg","300x55x82; 300x52.5x84","NO","NO","NO","NO"
"Hitachi","EX 45","EX45","hitachi-ex45","400x72.5x72","NO","NO","NO","NO"
"Hitachi","EX 45-2","EX45-2","hitachi-ex45-2","400x72.5x72","NO","NO","NO","NO"
"Hitachi","EX 50","EX50","hitachi-ex50","400x142x37; 400x72.5x72","NO","NO","NO","NO"
"Hitachi","EX 50-1","EX50-1","hitachi-ex50-1","400x142x37; 400x72.5x72","NO","NO","NO","NO"
"Hitachi","EX 50-2","EX50-2","hitachi-ex50-2","400x72.5x72","NO","NO","NO","NO"
"Hitachi","EX 50U","EX50U","hitachi-ex50u","400x72.5x72","NO","NO","NO","NO"
"Hitachi","EX 50UR","EX50UR","hitachi-ex50ur","400x72.5x72","NO","NO","NO","NO"
"Hitachi","EX 50UR-2","EX50UR-2","hitachi-ex50ur-2","400x72.5x72","NO","NO","NO","NO"
"Hitachi","EX 50URG","EX50URG","hitachi-ex50urg","400x72.5x72","NO","NO","NO","NO"
"Hitachi","EX 55","EX55","hitachi-ex55","400x72.5x72; 400x142x39; 400x72.5x76","NO","NO","NO","NO"
"Hitachi","EX 55UR","EX55UR","hitachi-ex55ur","400x72.5x72","NO","NO","NO","NO"
"Hitachi","EX 55UR-2","EX55UR-2","hitachi-ex55ur-2","400x72.5x72","NO","NO","NO","NO"
"Hitachi","EX 55UR-3","EX55UR-3","hitachi-ex55ur-3","400x72.5x72","NO","NO","NO","NO"
"Hitachi","EX 55URG","EX55URG","hitachi-ex55urg","400x142x37; 400x72.5x72","NO","NO","NO","NO"
"Hitachi","EX 58","EX58","hitachi-ex58","400x72.5x74","NO","NO","NO","NO"
"Hitachi","EX 58Mu","EX58Mu","hitachi-ex58mu","400x72.5x74","NO","NO","NO","NO"
"Hitachi","EX 60 LC","EX60LC","hitachi-ex60lc","450x81x78","NO","NO","NO","NO"
"Hitachi","EX 60 LC-2","EX60LC-2","hitachi-ex60lc-2","450x81x76","NO","NO","NO","NO"
"Hitachi","EX 60 LC-3","EX60LC-3","hitachi-ex60lc-3","450x163x38; 450x81x76","NO","NO","NO","NO"
"Hitachi","EX 60 LC-5","EX60LC-5","hitachi-ex60lc-5","450x81x78","NO","NO","NO","NO"
"Hitachi","EX 60 URG-2","EX60URG-2","hitachi-ex60urg-2","450x81x76","NO","NO","NO","NO"
"Hitachi","EX 7","EX7","hitachi-ex7","180x72x36","NO","NO","NO","NO"
"Hitachi","EX 70U","EX70U","hitachi-ex70u","450x81x78","NO","NO","NO","NO"
"Hitachi","EX 75-2","EX75-2","hitachi-ex75-2","450x81x76","NO","NO","NO","NO"
"Hitachi","EX 75UR","EX75UR","hitachi-ex75ur","450x81x76","NO","NO","NO","NO"
"Hitachi","EX 75UR-2","EX75UR-2","hitachi-ex75ur-2","450x81x76","NO","NO","NO","NO"
"Hitachi","EX 75UR-3 (SN < 1530)","EX75UR-3","hitachi-ex75ur-3","450x81x76; 450x81x78","NO","NO","NO","NO"
"Hitachi","EX 75UR-5","EX75UR-5","hitachi-ex75ur-5","450x81x78","NO","NO","NO","NO"
"Hitachi","EX 75US","EX75US","hitachi-ex75us","450x81x78","NO","NO","NO","NO"
"Hitachi","EX 75US-7 ('2001)","EX75US-7","hitachi-ex75us-7","450x81x78","NO","NO","NO","NO"
"Hitachi","EX 8","EX8","hitachi-ex8","180x72x37","NO","NO","NO","NO"
"Hitachi","EX 8-1","EX8-1","hitachi-ex8-1","180x72x37","NO","NO","NO","NO"
"Hitachi","EX 8-2","EX8-2","hitachi-ex8-2","180x72x37","NO","NO","NO","NO"
"Hitachi","EX 8-2B","EX8-2B","hitachi-ex8-2b","180x72x37","NO","NO","NO","NO"
"Hitachi","EX 80U","EX80U","hitachi-ex80u","450x81.5x76; 450x81x78","NO","NO","NO","NO"
"Hitachi","Ex 18-2","Ex18-2","hitachi-ex18-2","250x52.5x73; 300x52.5x72","NO","NO","NO","NO"
"Hitachi","HE 10","HE10","hitachi-he10","230x72x42","NO","NO","NO","NO"
"Hitachi","HE 15","HE15","hitachi-he15","230x96x33; 230x48x66","NO","NO","NO","NO"
"Hitachi","HX 140B (Crane) (OEM400x72.5x72)","HX140B","hitachi-hx140b","400x72.5x72; 400x72.5x78","NO","NO","NO","NO"
"Hitachi","HX 64B (Lifting platform)","HX64B","hitachi-hx64b","250x52.5x76; 300x52.5x76","NO","NO","NO","NO"
"Hitachi","HX 99B (Crane)","HX99B","hitachi-hx99b","400x72.5x72","NO","NO","NO","NO"
"Hitachi","HX 99B-2 (Lifting platform)","HX99B-2","hitachi-hx99b-2","400x72.5x72","NO","NO","NO","NO"
"Hitachi","ME 15","ME15","hitachi-me15","230x96x33; 230x48x66","NO","NO","NO","NO"
"Hitachi","ME 15S","ME15S","hitachi-me15s","230x72x42","NO","NO","NO","NO"
"Hitachi","SH 15-2","SH15-2","hitachi-sh15-2","230x96x31; 230x48x62","NO","NO","NO","NO"
"Hitachi","SH 30-2","SH30-2","hitachi-sh30-2","300x55x80; 300x52.5x82","NO","NO","NO","NO"
"Hitachi","SH 40-2","SH40-2","hitachi-sh40-2","400x72.5x72","NO","NO","NO","NO"
"Hitachi","SH 45-2","SH45-2","hitachi-sh45-2","400x72.5x72","NO","NO","NO","NO"
"Hitachi","UE 004","UE004","hitachi-ue004","230x72x42","NO","NO","NO","NO"
"Hitachi","UE 10","UE10","hitachi-ue10","230x72x42","NO","NO","NO","NO"
"Hitachi","UE 12","UE12","hitachi-ue12","230x72x42","NO","NO","NO","NO"
"Hitachi","UE 15","UE15","hitachi-ue15","230x72x42; 230x72x43","NO","NO","NO","NO"
"Hitachi","UE 15SR","UE15SR","hitachi-ue15sr","230x72x42; 230x72x43","NO","NO","NO","NO"
"Hitachi","UE 20","UE20","hitachi-ue20","300x109x35; 320x100x38; 300x52.5x72","NO","NO","NO","NO"
"Hitachi","UE 30 (OEM 300x52.5x84)","UE30","hitachi-ue30","300x52.5x84; 320x100x44","NO","NO","NO","NO"
"Hitachi","UE 35","UE35","hitachi-ue35","300x109x42; 300x52.5x86","NO","NO","NO","NO"
"Hitachi","UE 40","UE40","hitachi-ue40","350x109x42; 300x52.5x86","NO","NO","NO","NO"
"Hitachi","UE 45","UE45","hitachi-ue45","400x72.5x72","NO","NO","NO","NO"
"Hitachi","UE 50","UE50","hitachi-ue50","400x72.5x72","NO","NO","NO","NO"
"Hitachi","ZE 19","ZE19","hitachi-ze19","230x48x70","NO","NO","NO","NO"
"Hitachi","ZX 10U","ZX10U","hitachi-zx10u","180x72x41","NO","NO","NO","NO"
"Hitachi","ZX 10U-2","ZX10U-2","hitachi-zx10u-2","180x72x41","NO","NO","NO","NO"
"Hitachi","ZX 135","ZX135","hitachi-zx135","500x92x84","NO","NO","NO","NO"
"Hitachi","ZX 14-3","ZX14-3","hitachi-zx14-3","230x96x31; 230x48x62","NO","NO","NO","NO"
"Hitachi","ZX 16","ZX16","hitachi-zx16","230x96x33; 230x48x66","NO","NO","NO","NO"
"Hitachi","ZX 16-3","ZX16-3","hitachi-zx16-3","230x48x66","NO","NO","NO","NO"
"Hitachi","ZX 16YLR","ZX16YLR","hitachi-zx16ylr","230x96x33; 230x48x66","NO","NO","NO","NO"
"Hitachi","ZX 17U-2","ZX17U-2","hitachi-zx17u-2","230x48x70","NO","NO","NO","NO"
"Hitachi","ZX 17U-2YLR","ZX17U-2YLR","hitachi-zx17u-2ylr","230x96x35; 230x48x70","NO","NO","NO","NO"
"Hitachi","ZX 17U-5","ZX17U-5","hitachi-zx17u-5","230x48x70","NO","NO","NO","NO"
"Hitachi","ZX 17U-6","ZX17U-6","hitachi-zx17u-6","230x48x70","NO","NO","NO","NO"
"Hitachi","ZX 18","ZX18","hitachi-zx18","230x96x33; 230x48x66","NO","NO","NO","NO"
"Hitachi","ZX 18-3","ZX18-3","hitachi-zx18-3","230x48x70","NO","NO","NO","NO"
"Hitachi","ZX 19U-5","ZX19U-5","hitachi-zx19u-5","230x48x70","NO","NO","NO","NO"
"Hitachi","ZX 19U-6","ZX19U-6","hitachi-zx19u-6","230x48x70","NO","NO","NO","NO"
"Hitachi","ZX 22U","ZX22U","hitachi-zx22u","250x52.5x77","NO","NO","NO","NO"
"Hitachi","ZX 22U-2","ZX22U-2","hitachi-zx22u-2","250x52.5x77","NO","NO","NO","NO"
"Hitachi","ZX 25","ZX25","hitachi-zx25","250x52.5x73; 300x52.5x72","NO","NO","NO","NO"
"Hitachi","ZX 25CLR","ZX25CLR","hitachi-zx25clr","250x52.5x73; 300x52.5x72","NO","NO","NO","NO"
"Hitachi","ZX 26U-5","ZX26U-5","hitachi-zx26u-5","300x52.5x80","NO","NO","NO","NO"
"Hitachi","ZX 27U","ZX27U","hitachi-zx27u","300x52.5x78","NO","NO","NO","NO"
"Hitachi","ZX 27U-2","ZX27U-2","hitachi-zx27u-2","300x52.5x80","NO","NO","NO","NO"
"Hitachi","ZX 27U-3","ZX27U-3","hitachi-zx27u-3","300x52.5x80","NO","NO","NO","NO"
"Hitachi","ZX 29U","ZX29U","hitachi-zx29u","300x52.5x80","NO","NO","NO","NO"
"Hitachi","ZX 29U-3","ZX29U-3","hitachi-zx29u-3","300x52.5x80","NO","NO","NO","NO"
"Hitachi","ZX 30","ZX30","hitachi-zx30","300x52.5x82","NO","NO","NO","NO"
"Hitachi","ZX 30U","ZX30U","hitachi-zx30u","300x52.5x86","NO","NO","NO","NO"
"Hitachi","ZX 30U-2","ZX30U-2","hitachi-zx30u-2","300x52.5x86","NO","NO","NO","NO"
"Hitachi","ZX 30U-3F","ZX30U-3F","hitachi-zx30u-3f","300x52.5x86","NO","NO","NO","NO"
"Hitachi","ZX 33U","ZX33U","hitachi-zx33u","300x52.5x86","NO","NO","NO","NO"
"Hitachi","ZX 33U-3","ZX33U-3","hitachi-zx33u-3","300x52.5x86","NO","NO","NO","NO"
"Hitachi","ZX 33U-5","ZX33U-5","hitachi-zx33u-5","300x52.5x86","NO","NO","NO","NO"
"Hitachi","ZX 35","ZX35","hitachi-zx35","300x52.5x82","NO","NO","NO","NO"
"Hitachi","ZX 35U-2","ZX35U-2","hitachi-zx35u-2","300x52.5x86","NO","NO","NO","NO"
"Hitachi","ZX 35U-3","ZX35U-3","hitachi-zx35u-3","300x52.5x86","NO","NO","NO","NO"
"Hitachi","ZX 35U-5","ZX35U-5","hitachi-zx35u-5","300x52.5x86","NO","NO","NO","NO"
"Hitachi","ZX 38U","ZX38U","hitachi-zx38u","300x52.5x86","NO","NO","NO","NO"
"Hitachi","ZX 38U-3","ZX38U-3","hitachi-zx38u-3","300x52.5x86","NO","NO","NO","NO"
"Hitachi","ZX 38U-5","ZX38U-5","hitachi-zx38u-5","300x52.5x86","NO","NO","NO","NO"
"Hitachi","ZX 40","ZX40","hitachi-zx40","400x72.5x72","NO","NO","NO","NO"
"Hitachi","ZX 40U","ZX40U","hitachi-zx40u","400x72.5x72","NO","NO","NO","NO"
"Hitachi","ZX 40U-2","ZX40U-2","hitachi-zx40u-2","400x72.5x74","NO","NO","NO","NO"
"Hitachi","ZX 40U-3","ZX40U-3","hitachi-zx40u-3","400x72.5x74","NO","NO","NO","NO"
"Hitachi","ZX 48 U-3","ZX48U-3","hitachi-zx48u-3","400x72.5x74","NO","NO","NO","NO"
"Hitachi","ZX 48 U-5","ZX48U-5","hitachi-zx48u-5","400x72.5x74","NO","NO","NO","NO"
"Hitachi","ZX 50","ZX50","hitachi-zx50","400x72.5x72","NO","NO","NO","NO"
"Hitachi","ZX 50U (SN < 7001 )","ZX50U","hitachi-zx50u","400x72.5x72; 400x72.5x74","NO","NO","NO","NO"
"Hitachi","ZX 50U-2","ZX50U-2","hitachi-zx50u-2","400x72.5x74","NO","NO","NO","NO"
"Hitachi","ZX 50U-3","ZX50U-3","hitachi-zx50u-3","400x72.5x74","NO","NO","NO","NO"
"Hitachi","ZX 50U-5","ZX50U-5","hitachi-zx50u-5","400x72.5x74","NO","NO","NO","NO"
"Hitachi","ZX 52U","ZX52U","hitachi-zx52u","400x72.5x74","NO","NO","NO","NO"
"Hitachi","ZX 52U-3","ZX52U-3","hitachi-zx52u-3","400x72.5x74","NO","NO","NO","NO"
"Hitachi","ZX 55U","ZX55U","hitachi-zx55u","400x72.5x72","NO","NO","NO","NO"
"Hitachi","ZX 55U-5","ZX55U-5","hitachi-zx55u-5","400x72.5x74","NO","NO","NO","NO"
"Hitachi","ZX 55U-6","ZX55U-6","hitachi-zx55u-6","400x72.5x74","NO","NO","NO","NO"
"Hitachi","ZX 60U-3","ZX60U-3","hitachi-zx60u-3","400x72.5x74","NO","NO","NO","NO"
"Hitachi","ZX 60U-5","ZX60U-5","hitachi-zx60u-5","400x72.5x74","NO","NO","NO","NO"
"Hitachi","ZX 60USB","ZX60USB","hitachi-zx60usb","400x72.5x74","NO","NO","NO","NO"
"Hitachi","ZX 60USB-3","ZX60USB-3","hitachi-zx60usb-3","400x72.5x74","NO","NO","NO","NO"
"Hitachi","ZX 60USB-5N","ZX60USB-5N","hitachi-zx60usb-5n","400x72.5x74","NO","NO","NO","NO"
"Hitachi","ZX 65U-5","ZX65U-5","hitachi-zx65u-5","400x72.5x74","NO","NO","NO","NO"
"Hitachi","ZX 65USB-6","ZX65USB-6","hitachi-zx65usb-6","400x72.5x74","NO","NO","NO","NO"
"Hitachi","ZX 70LC","ZX70LC","hitachi-zx70lc","450x81x78","NO","NO","NO","NO"
"Hitachi","ZX 75US","ZX75US","hitachi-zx75us","450x81.5x76; 450x81x76","NO","NO","NO","NO"
"Hitachi","ZX 8-2","ZX8-2","hitachi-zx8-2","180x72x37","NO","NO","NO","NO"
"Hitachi","ZX 80LC","ZX80LC","hitachi-zx80lc","450x81x78","NO","NO","NO","NO"
"Hitachi","ZX 85","ZX85","hitachi-zx85","450x81x78","NO","NO","NO","NO"
"Hitachi","ZX 85US","ZX85US","hitachi-zx85us","450x81x78","NO","NO","NO","NO"
"Hitachi","ZX 85US-3","ZX85US-3","hitachi-zx85us-3","450x81x78","NO","NO","NO","NO"
"Hitachi","ZX 85US-5A","ZX85US-5A","hitachi-zx85us-5a","450x81x78","NO","NO","NO","NO"
"Hokuetsu","HM 07S","HM07S","hokuetsu-hm07s","180x72x36","NO","NO","NO","NO"
"Hokuetsu","HM 10","HM10","hokuetsu-hm10","200x72x42","NO","NO","NO","NO"
"Hokuetsu","HM 10G","HM10G","hokuetsu-hm10g","200x72x42","NO","NO","NO","NO"
"Hokuetsu","HM 10SG","HM10SG","hokuetsu-hm10sg","200x72x42","NO","NO","NO","NO"
"Hokuetsu","HM 15","HM15","hokuetsu-hm15","200x72x42","NO","NO","NO","NO"
"Hokuetsu","HM 15S","HM15S","hokuetsu-hm15s","200x72x42","NO","NO","NO","NO"
"Hokuetsu","HM 30SZG","HM30SZG","hokuetsu-hm30szg","300x109x40; 300x52.5x82","NO","NO","NO","NO"
"Hokuetsu","HM 45","HM45","hokuetsu-hm45","400x146x36; 400x72.5x72","NO","NO","NO","NO"
"Holmac","HM 200","HM200","holmac-hm200","200x72x37","NO","NO","NO","NO"
"Holmac","HZC 16-22","HZC16-22","holmac-hzc16-22","200x72x37; 180x72x37","NO","NO","NO","NO"
"Holmac","HZC 24","HZC24","holmac-hzc24","230x72x37","NO","NO","NO","NO"
"Holmac","HZC 25","HZC25","holmac-hzc25","230x72x37","NO","NO","NO","NO"
"Holmac","HZC 26-20","HZC26-20","holmac-hzc26-20","230x72x43","NO","NO","NO","NO"
"Holmac","HZC 26TL (Long side)","HZC26TL","holmac-hzc26tl","200x72x42; 200x72x37; 180x72x37","NO","NO","NO","NO"
"Holmac","HZC 29 2X","HZC29 2X","holmac-hzc292x","230x72x43","NO","NO","NO","NO"
"Holmac","HZC 35","HZC35","holmac-hzc35","300x72x45; 250x72x45","NO","NO","NO","NO"
"Holmac","HZC 35T","HZC35T","holmac-hzc35t","300x72x45; 250x72x45","NO","NO","NO","NO"
"Holmac","HZC 37","HZC37","holmac-hzc37","300x72x45; 250x72x45","NO","NO","NO","NO"
"Holman","R 13700","R13700","holman-r13700","230x72x43","NO","NO","NO","NO"
"Holmed","Mini-excavator","Mini-excavator","holmed-mini-excavator","200x72x36; 180x72x36","NO","NO","NO","NO"
"Honda","B 114","B114","honda-b114","180x60x30","NO","NO","NO","NO"
"Honda","B 415","B415","honda-b415","180x60x37","NO","NO","NO","NO"
"Honda","HP 250 (carrier) [OEM 180x60x30]","HP250","honda-hp250","180x60x30; 180x60x34; 180x60x37","NO","NO","NO","NO"
"Honda","HP 350 (carrier) [OEM 180x60x34]","HP350","honda-hp350","180x60x34","NO","NO","NO","NO"
"Honda","HP 400 (carrier) [OEM 180x60x37]","HP400","honda-hp400","180x60x37; 180x72x34","NO","NO","NO","NO"
"Honda","HP 500 (carrier) [OEM 180x60x37]","HP500","honda-hp500","180x60x37; 230x72x37","NO","NO","NO","NO"
"Honda","HP 510 (carrier)","HP510","honda-hp510","180x60x37","NO","NO","NO","NO"
"Honda","HP 515 (carrier)","HP515","honda-hp515","180x60x37","NO","NO","NO","NO"
"Honda","HP 516 (carrier)","HP516","honda-hp516","180x60x37","NO","NO","NO","NO"
"Honda","HP 800A (mini dumper)","HP800A","honda-hp800a","180x72x34","NO","NO","NO","NO"
"Honda","SC 156DD (Carrier)","SC156DD","honda-sc156dd","180x60x34","NO","NO","NO","NO"
"Honda","SC 433 (Carrier)","SC433","honda-sc433","200x72x35; 180x72x35","NO","NO","NO","NO"
"Huki","110 (Dumper)","110","huki-110","230x72x47","NO","NO","NO","NO"
"Huki","120H (Dumper)","120H","huki-120h","250x72x52","NO","NO","NO","NO"
"Huki","130 (Dumper)","130","huki-130","250x72x48","NO","NO","NO","NO"
"Huki","150 (Dumper)","150","huki-150","250x72x52","NO","NO","NO","NO"
"Huki","150R (Dumper)","150R","huki-150r","250x72x48","NO","NO","NO","NO"
"Huki","150S (Dumper)","150S","huki-150s","250x72x48","NO","NO","NO","NO"
"Huki","700-2 (Dumper)","700-2","huki-700-2","700x100x98","NO","NO","NO","NO"
"Huki","80 (Dumper)","80","huki-80","230x72x43","NO","NO","NO","NO"
"Huki","D 50","D50","huki-d50","200x72x34; 180x72x34","NO","NO","NO","NO"
"Husqvarna","DXR 140","DXR140","husqvarna-dxr140","180x72x35","NO","NO","NO","NO"
"Husqvarna","DXR 270","DXR270","husqvarna-dxr270","230x72x43","NO","NO","NO","NO"
"Husqvarna","DXR 300","DXR300","husqvarna-dxr300","230x72x43","NO","NO","NO","NO"
"Husqvarna","DXR 310","DXR310","husqvarna-dxr310","230x72x43","NO","NO","NO","NO"
"Husqvarna","DXR250","DXR250","husqvarna-dxr250","230x72x37","NO","NO","NO","NO"
"Hutte","HBR 202TF","HBR202TF","hutte-hbr202tf","250x72x57","NO","NO","NO","NO"
"Hutter","14 G2","14G2","hutter-14g2","230x72x43","NO","NO","NO","NO"
"Hydra","9 / 2 (Sky lifter)","9 / 2","hydra-92","180x60x38","NO","NO","NO","NO"
"Hydra","JOY 1 (Drilling machine)","JOY1","hydra-joy1","230x72x43","NO","NO","NO","NO"
"Hydra","JOY 2 (Drilling machine)","JOY2","hydra-joy2","250x72x52","NO","NO","NO","NO"
"Hydramac","H 15","H15","hydramac-h15","230x72x43","NO","NO","NO","NO"
"Hydramac","H 20","H20","hydramac-h20","230x72x43","NO","NO","NO","NO"
"Hydro Rain","EUROPA H20","EUROPA H20","hydro-rain-europah20","230x72x43","NO","NO","NO","NO"
"Hyundai","HX10A","HX10A","hyundai-hx10a","180x72x37","NO","NO","NO","NO"
"Hyundai","R 35 Z-9","R35Z-9","hyundai-r35z-9","300x52.5x86","NO","NO","NO","NO"
"Hyundai","Robex 15-5","Robex15-5","hyundai-robex15-5","230x48x66; 230x96x33","NO","NO","NO","NO"
"Hyundai","Robex 15-7","Robex15-7","hyundai-robex15-7","230x48x66; 230x96x33","NO","NO","NO","NO"
"Hyundai","Robex 16-7","Robex16-7","hyundai-robex16-7","230x48x66; 230x96x33","NO","NO","NO","NO"
"Hyundai","Robex 16-9","Robex16-9","hyundai-robex16-9","230x48x70","NO","NO","NO","NO"
"Hyundai","Robex 17z-9a","Robex17z-9a","hyundai-robex17z-9a","230x48x70","NO","NO","NO","NO"
"Hyundai","Robex 18-9","Robex18-9","hyundai-robex18-9","230x48x70","NO","NO","NO","NO"
"Hyundai","Robex 25z-9ak","Robex25z-9ak","hyundai-robex25z-9ak","250x52.5x78","NO","NO","NO","NO"
"Hyundai","Robex 27Z-9","Robex27Z-9","hyundai-robex27z-9","300x52.5x80","NO","NO","NO","NO"
"Hyundai","Robex 28-5","Robex28-5","hyundai-robex28-5","300x52.5x74","NO","NO","NO","NO"
"Hyundai","Robex 30","Robex30","hyundai-robex30","300x55x78; 300x52.5x80","NO","NO","NO","NO"
"Hyundai","Robex 30z-9a","Robex30z-9a","hyundai-robex30z-9a","300x52.5x80","NO","NO","NO","NO"
"Hyundai","Robex 30z-9ak","Robex30z-9ak","hyundai-robex30z-9ak","300x52.5x80","NO","NO","NO","NO"
"Hyundai","Robex 35-9","Robex35-9","hyundai-robex35-9","300x52.5x86","NO","NO","NO","NO"
"Hyundai","Robex 35Z-7A","Robex35Z-7A","hyundai-robex35z-7a","300x52.5x86","NO","NO","NO","NO"
"Hyundai","Robex 35z-9a","Robex35z-9a","hyundai-robex35z-9a","300x52.5x86","NO","NO","NO","NO"
"Hyundai","Robex 35z-9ak","Robex35z-9ak","hyundai-robex35z-9ak","300x52.5x86","NO","NO","NO","NO"
"Hyundai","Robex 36-7","Robex36-7","hyundai-robex36-7","300x52.5x84","NO","NO","NO","NO"
"Hyundai","Robex 55-3","Robex55-3","hyundai-robex55-3","400x73x76; 400x72.5x76","NO","NO","NO","NO"
"Hyundai","Robex 55-7","Robex55-7","hyundai-robex55-7","400x73x76; 400x72.5x76","NO","NO","NO","NO"
"Hyundai","Robex 55-9","Robex55-9","hyundai-robex55-9","400x73x76; 400x72.5x76","NO","NO","NO","NO"
"Hyundai","Robex 55-9a","Robex55-9a","hyundai-robex55-9a","400x73x76; 400x72.5x76","NO","NO","NO","NO"
"Hyundai","Robex 60cr-9a","Robex60cr-9a","hyundai-robex60cr-9a","400x73x76; 400x72.5x76","NO","NO","NO","NO"
"Hyundai","Robex 75-7","Robex75-7","hyundai-robex75-7","450x71x86","NO","NO","NO","NO"
"Hyundai","Robex 80CR-9","Robex80CR-9","hyundai-robex80cr-9","450x83.5x74; 450x81x76","NO","NO","NO","NO"
"Hyundai","Robex R60 CR-9","Robex R60CR-9","hyundai-robexr60cr-9","400x73x76; 400x72.5x76","NO","NO","NO","NO"
"ICE(Internationalstruction Equipment INC","TD 308 (>2004 model)","TD308","ice(internationalstruction-equipment-inc-td308","230x96x33; 230x48x66","NO","NO","NO","NO"
"IHI","102 (dumper) ('2002)","102","ihi-102","180x72x34","NO","NO","NO","NO"
"IHI","102R (dumper) ('2002)","102R","ihi-102r","180x72x37","NO","NO","NO","NO"
"IHI","103 (dumper) ('2002)","103","ihi-103","180x72x37","NO","NO","NO","NO"
"IHI","103E (dumper) ('2002)","103E","ihi-103e","180x72x37","NO","NO","NO","NO"
"IHI","107 (Carrier)","107","ihi-107","200x72x37; 180x72x37","NO","NO","NO","NO"
"IHI","10Z","10Z","ihi-10z","230x72x47","NO","NO","NO","NO"
"IHI","12J","12J","ihi-12j","230x72x47","NO","NO","NO","NO"
"IHI","12JX","12JX","ihi-12jx","230x72x47","NO","NO","NO","NO"
"IHI","12NX","12NX","ihi-12nx","230x72x47","NO","NO","NO","NO"
"IHI","12VXE","12VXE","ihi-12vxe","200x72x40","NO","NO","NO","NO"
"IHI","14NXT","14NXT","ihi-14nxt","230x96x32; 230x48x64","NO","NO","NO","NO"
"IHI","15J","15J","ihi-15j","230x96x32; 230x48x64","NO","NO","NO","NO"
"IHI","15NX","15NX","ihi-15nx","230x96x35; 230x48x70","NO","NO","NO","NO"
"IHI","16N","16N","ihi-16n","230x96x32; 230x48x64","NO","NO","NO","NO"
"IHI","16NXT","16NXT","ihi-16nxt","230x96x35; 230x48x70","NO","NO","NO","NO"
"IHI","17J","17J","ihi-17j","230x96x32; 230x48x64","NO","NO","NO","NO"
"IHI","17NE('2002)","17NE","ihi-17ne","230x96x32; 230x48x64","NO","NO","NO","NO"
"IHI","17VXE","17VXE","ihi-17vxe","230x96x35; 230x48x70","NO","NO","NO","NO"
"IHI","18J","18J","ihi-18j","230x96x35; 230x48x70","NO","NO","NO","NO"
"IHI","18N","18N","ihi-18n","230x96x35; 230x48x70","NO","NO","NO","NO"
"IHI","18NXT","18NXT","ihi-18nxt","230x96x35; 230x48x70","NO","NO","NO","NO"
"IHI","19VXT","19VXT","ihi-19vxt","230x96x35; 230x48x70","NO","NO","NO","NO"
"IHI","20JX","20JX","ihi-20jx","250x96x40; 250x48x80","NO","NO","NO","NO"
"IHI","20NX","20NX","ihi-20nx","250x96x40; 250x48x80","NO","NO","NO","NO"
"IHI","20NX-2","20NX-2","ihi-20nx-2","250x96x40; 250x48x80","NO","NO","NO","NO"
"IHI","20Z","20Z","ihi-20z","250x96x40; 250x48x80","NO","NO","NO","NO"
"IHI","22UX","22UX","ihi-22ux","300x109x39; 300x52.5x80","NO","NO","NO","NO"
"IHI","25J","25J","ihi-25j","300x52.5x72","NO","NO","NO","NO"
"IHI","25JX","25JX","ihi-25jx","300x52.5x76","NO","NO","NO","NO"
"IHI","25NX","25NX","ihi-25nx","300x52.5x78","NO","NO","NO","NO"
"IHI","25VX","25VX","ihi-25vx","300x52.5x78","NO","NO","NO","NO"
"IHI","27V4","27V4","ihi-27v4","250x52.5x78; 300x52.5x78","NO","NO","NO","NO"
"IHI","28J","28J","ihi-28j","300x52.5x76","NO","NO","NO","NO"
"IHI","28N","28N","ihi-28n","300x52.5x78","NO","NO","NO","NO"
"IHI","28N-2","28N-2","ihi-28n-2","300x52.5x78","NO","NO","NO","NO"
"IHI","28N-3","28N-3","ihi-28n-3","300x52.5x78","NO","NO","NO","NO"
"IHI","28UX","28UX","ihi-28ux","300x109x39; 300x52.5x80","NO","NO","NO","NO"
"IHI","30J","30J","ihi-30j","300x52.5x80","NO","NO","NO","NO"
"IHI","30JX","30JX","ihi-30jx","300x52.5x84","NO","NO","NO","NO"
"IHI","30NX","30NX","ihi-30nx","300x52.5x84","NO","NO","NO","NO"
"IHI","30NX-2","30NX-2","ihi-30nx-2","300x55x82; 300x52.5x84","NO","NO","NO","NO"
"IHI","30UJ","30UJ","ihi-30uj","300x52.5x80","NO","NO","NO","NO"
"IHI","30UX","30UX","ihi-30ux","300x52.5x84","NO","NO","NO","NO"
"IHI","30V4","30V4","ihi-30v4","300x52.5x84","NO","NO","NO","NO"
"IHI","30VX","30VX","ihi-30vx","300x55x82; 300x52.5x84","NO","NO","NO","NO"
"IHI","30Z","30Z","ihi-30z","300x52.5x80","NO","NO","NO","NO"
"IHI","32J","32J","ihi-32j","300x52.5x84","NO","NO","NO","NO"
"IHI","35FX","35FX","ihi-35fx","300x52.5x90","NO","NO","NO","NO"
"IHI","35J","35J","ihi-35j","300x52.5x84","NO","NO","NO","NO"
"IHI","35JX","35JX","ihi-35jx","300x52.5x90","NO","NO","NO","NO"
"IHI","35N","35N","ihi-35n","300x52.5x84","NO","NO","NO","NO"
"IHI","35NX","35NX","ihi-35nx","300x52.5x90","NO","NO","NO","NO"
"IHI","35NX-2","35NX-2","ihi-35nx-2","300x52.5x90","NO","NO","NO","NO"
"IHI","35UJ","35UJ","ihi-35uj","300x52.5x90","NO","NO","NO","NO"
"IHI","35VX","35VX","ihi-35vx","300x55x88; 300x52.5x90","NO","NO","NO","NO"
"IHI","38N","38N","ihi-38n","350x52.5x84; 300x52.5x84","NO","NO","NO","NO"
"IHI","38UJ","38UJ","ihi-38uj","300x52.5x90","NO","NO","NO","NO"
"IHI","40G-1","40G-1","ihi-40g-1","400x73x70; 400x72.5x72","NO","NO","NO","NO"
"IHI","40GX-2","40GX-2","ihi-40gx-2","400x72.5x72","NO","NO","NO","NO"
"IHI","40J","40J","ihi-40j","400x73x70; 400x72.5x72","NO","NO","NO","NO"
"IHI","40JX","40JX","ihi-40jx","400x73x70; 400x72.5x72","NO","NO","NO","NO"
"IHI","40NX","40NX","ihi-40nx","400x73x70; 400x72.5x72","NO","NO","NO","NO"
"IHI","40Z","40Z","ihi-40z","300x52.5x90","NO","NO","NO","NO"
"IHI","45J","45J","ihi-45j","400x73x72; 400x72.5x72","NO","NO","NO","NO"
"IHI","45J-2","45J-2","ihi-45j-2","400x73x72; 400x72.5x72","NO","NO","NO","NO"
"IHI","45N","45N","ihi-45n","400x72.5x72","NO","NO","NO","NO"
"IHI","45NX","45NX","ihi-45nx","400x72.5x72","NO","NO","NO","NO"
"IHI","45UJ","45UJ","ihi-45uj","400x73x72; 400x72.5x72","NO","NO","NO","NO"
"IHI","45UJ-2","45UJ-2","ihi-45uj-2","400x73x72; 400x72.5x72","NO","NO","NO","NO"
"IHI","45V4","45V4","ihi-45v4","400x72.5x74","NO","NO","NO","NO"
"IHI","50J","50J","ihi-50j","400x73x74; 400x72.5x74","NO","NO","NO","NO"
"IHI","50NX","50NX","ihi-50nx","400x72.5x72","NO","NO","NO","NO"
"IHI","50UX","50UX","ihi-50ux","400x73x74; 400x72.5x74","NO","NO","NO","NO"
"IHI","50VX","50VX","ihi-50vx","400x72.5x74","NO","NO","NO","NO"
"IHI","50Z","50Z","ihi-50z","400x73x74; 400x72.5x74","NO","NO","NO","NO"
"IHI","55J","55J","ihi-55j","400x73x74; 400x72.5x74","NO","NO","NO","NO"
"IHI","55J-2","55J-2","ihi-55j-2","400x73x74; 400x72.5x74","NO","NO","NO","NO"
"IHI","55N","55N","ihi-55n","400x73x74; 400x72.5x74","NO","NO","NO","NO"
"IHI","55UJ","55UJ","ihi-55uj","400x73x74; 400x72.5x74","NO","NO","NO","NO"
"IHI","55UX","55UX","ihi-55ux","400x73x74; 400x72.5x74","NO","NO","NO","NO"
"IHI","55V4","55V4","ihi-55v4","400x72.5x74","NO","NO","NO","NO"
"IHI","55VX","55VX","ihi-55vx","400x72.5x74","NO","NO","NO","NO"
"IHI","55VX-3","55VX-3","ihi-55vx-3","400x72.5x74","NO","NO","NO","NO"
"IHI","60V4","60V4","ihi-60v4","400x72.5x74","NO","NO","NO","NO"
"IHI","65NX","65NX","ihi-65nx","400x73x82; 400x72.5x82","NO","NO","NO","NO"
"IHI","65UJ","65UJ","ihi-65uj","450x71x82","NO","NO","NO","NO"
"IHI","65UX","65UX","ihi-65ux","400x73x82; 400x72.5x82","NO","NO","NO","NO"
"IHI","65VX","65VX","ihi-65vx","400x73x82; 400x72.5x82","NO","NO","NO","NO"
"IHI","65VX-2","65VX-2","ihi-65vx-2","400x73x82; 400x72.5x82","NO","NO","NO","NO"
"IHI","70Z","70Z","ihi-70z","450x71x82","NO","NO","NO","NO"
"IHI","75NX","75NX","ihi-75nx","450x71x82","NO","NO","NO","NO"
"IHI","75UJ","75UJ","ihi-75uj","450x71x82","NO","NO","NO","NO"
"IHI","7GX","7GX","ihi-7gx","180x72x37","NO","NO","NO","NO"
"IHI","7J","7J","ihi-7j","180x72x37","NO","NO","NO","NO"
"IHI","7JE","7JE","ihi-7je","180x72x37","NO","NO","NO","NO"
"IHI","80NX","80NX","ihi-80nx","450x71x82","NO","NO","NO","NO"
"IHI","80NX-3","80NX-3","ihi-80nx-3","450x71x82","NO","NO","NO","NO"
"IHI","80VX","80VX","ihi-80vx","450x71x82","NO","NO","NO","NO"
"IHI","80VX-3","80VX-3","ihi-80vx-3","450x71x82","NO","NO","NO","NO"
"IHI","85V-4","85V-4","ihi-85v-4","450x71x82","NO","NO","NO","NO"
"IHI","9NX","9NX","ihi-9nx","180x72x37","NO","NO","NO","NO"
"IHI","9VX","9VX","ihi-9vx","180x72x37","NO","NO","NO","NO"
"IHI","CARRY 105","CARRY105","ihi-carry105","180x72x34","NO","NO","NO","NO"
"IHI","CARRY 107","CARRY107","ihi-carry107","180x72x37","NO","NO","NO","NO"
"IHI","CARRY 110","CARRY110","ihi-carry110","200x72x44; 180x72x44","NO","NO","NO","NO"
"IHI","CCH 30T(Minicare)","CCH30T","ihi-cch30t","300x52.5x90","NO","NO","NO","NO"
"IHI","IM R15","IM R15","ihi-imr15","230x72x47","NO","NO","NO","NO"
"IHI","IS 07","IS07","ihi-is07","180x72x37","NO","NO","NO","NO"
"IHI","IS 10","IS10","ihi-is10","230x72x43","NO","NO","NO","NO"
"IHI","IS 10C","IS10C","ihi-is10c","230x72x43","NO","NO","NO","NO"
"IHI","IS 10F","IS10F","ihi-is10f","230x72x43","NO","NO","NO","NO"
"IHI","IS 10FX","IS10FX","ihi-is10fx","230x72x43","NO","NO","NO","NO"
"IHI","IS 10G","IS10G","ihi-is10g","230x72x43","NO","NO","NO","NO"
"IHI","IS 10GX","IS10GX","ihi-is10gx","230x72x43","NO","NO","NO","NO"
"IHI","IS 10S","IS10S","ihi-is10s","230x72x43","NO","NO","NO","NO"
"IHI","IS 10Z","IS10Z","ihi-is10z","230x72x47","NO","NO","NO","NO"
"IHI","IS 11X","IS11X","ihi-is11x","230x72x43","NO","NO","NO","NO"
"IHI","IS 12","IS12","ihi-is12","230x72x43","NO","NO","NO","NO"
"IHI","IS 12C","IS12C","ihi-is12c","230x72x43","NO","NO","NO","NO"
"IHI","IS 12G","IS12G","ihi-is12g","230x72x43","NO","NO","NO","NO"
"IHI","IS 12GX","IS12GX","ihi-is12gx","230x72x43","NO","NO","NO","NO"
"IHI","IS 12JX","IS12JX","ihi-is12jx","230x72x47","NO","NO","NO","NO"
"IHI","IS 12NX","IS12NX","ihi-is12nx","230x72x47","NO","NO","NO","NO"
"IHI","IS 12S","IS12S","ihi-is12s","230x72x43","NO","NO","NO","NO"
"IHI","IS 14","IS14","ihi-is14","230x72x43","NO","NO","NO","NO"
"IHI","IS 14G","IS14G","ihi-is14g","230x72x43","NO","NO","NO","NO"
"IHI","IS 14GX","IS14GX","ihi-is14gx","230x72x43","NO","NO","NO","NO"
"IHI","IS 14GX-2","IS14GX-2","ihi-is14gx-2","230x72x43","NO","NO","NO","NO"
"IHI","IS 14GX-3","IS14GX-3","ihi-is14gx-3","230x72x43","NO","NO","NO","NO"
"IHI","IS 14PX","IS14PX","ihi-is14px","230x72x43","NO","NO","NO","NO"
"IHI","IS 15J","IS15J","ihi-is15j","230x96x32; 230x48x64","NO","NO","NO","NO"
"IHI","IS 17J","IS17J","ihi-is17j","230x96x32; 230x48x64","NO","NO","NO","NO"
"IHI","IS 17JE","IS17JE","ihi-is17je","230x96x32; 230x48x64","NO","NO","NO","NO"
"IHI","IS 18J","IS18J","ihi-is18j","230x96x35; 230x48x70","NO","NO","NO","NO"
"IHI","IS 18UJ","IS18UJ","ihi-is18uj","250x96x40; 250x48x80","NO","NO","NO","NO"
"IHI","IS 20JX","IS20JX","ihi-is20jx","250x96x40; 250x48x80","NO","NO","NO","NO"
"IHI","IS 20LX","IS20LX","ihi-is20lx","300x109x37; 300x52.5x76","NO","NO","NO","NO"
"IHI","IS 22UX","IS22UX","ihi-is22ux","300x109x39; 300x52.5x80","NO","NO","NO","NO"
"IHI","IS 25G","IS25G","ihi-is25g","300x52.5x72","NO","NO","NO","NO"
"IHI","IS 25GX","IS25GX","ihi-is25gx","300x52.5x72","NO","NO","NO","NO"
"IHI","IS 25J","IS25J","ihi-is25j","300x52.5x72","NO","NO","NO","NO"
"IHI","IS 25JX","IS25JX","ihi-is25jx","300x52.5x76","NO","NO","NO","NO"
"IHI","IS 25NX","IS25NX","ihi-is25nx","300x52.5x76","NO","NO","NO","NO"
"IHI","IS 27","IS27","ihi-is27","300x109x37; 300x52.5x76","NO","NO","NO","NO"
"IHI","IS 27G","IS27G","ihi-is27g","300x109x37; 300x52.5x76","NO","NO","NO","NO"
"IHI","IS 27GX","IS27GX","ihi-is27gx","300x109x37; 300x52.5x76","NO","NO","NO","NO"
"IHI","IS 28","IS28","ihi-is28","300x109x37; 300x52.5x76","NO","NO","NO","NO"
"IHI","IS 28G","IS28G","ihi-is28g","300x52.5x76","NO","NO","NO","NO"
"IHI","IS 28G3","IS28G3","ihi-is28g3","300x52.5x76","NO","NO","NO","NO"
"IHI","IS 28GX","IS28GX","ihi-is28gx","300x52.5x76","NO","NO","NO","NO"
"IHI","IS 28J","IS28J","ihi-is28j","300x52.5x76","NO","NO","NO","NO"
"IHI","IS 28JX","IS28JX","ihi-is28jx","300x52.5x76","NO","NO","NO","NO"
"IHI","IS 28LX","IS28LX","ihi-is28lx","300x109x37; 300x52.5x76","NO","NO","NO","NO"
"IHI","IS 28PX","IS28PX","ihi-is28px","300x52.5x76","NO","NO","NO","NO"
"IHI","IS 28UX","IS28UX","ihi-is28ux","300x52.5x80","NO","NO","NO","NO"
"IHI","IS 28UX-2","IS28UX-2","ihi-is28ux-2","300x52.5x80","NO","NO","NO","NO"
"IHI","IS 30G","IS30G","ihi-is30g","300x52.5x80","NO","NO","NO","NO"
"IHI","IS 30GX","IS30GX","ihi-is30gx","300x52.5x80","NO","NO","NO","NO"
"IHI","IS 30GX-2","IS30GX-2","ihi-is30gx-2","300x52.5x80","NO","NO","NO","NO"
"IHI","IS 30GX-3","IS30GX-3","ihi-is30gx-3","300x52.5x80","NO","NO","NO","NO"
"IHI","IS 30J","IS30J","ihi-is30j","300x52.5x80","NO","NO","NO","NO"
"IHI","IS 30JX","IS30JX","ihi-is30jx","300x52.5x84","NO","NO","NO","NO"
"IHI","IS 30NX","IS30NX","ihi-is30nx","300x52.5x84","NO","NO","NO","NO"
"IHI","IS 30NX-2","IS30NX-2","ihi-is30nx-2","300x55x82; 300x52.5x84","NO","NO","NO","NO"
"IHI","IS 30UJ","IS30UJ","ihi-is30uj","300x52.5x80","NO","NO","NO","NO"
"IHI","IS 30UJ-2","IS30UJ-2","ihi-is30uj-2","300x52.5x80","NO","NO","NO","NO"
"IHI","IS 30Z","IS30Z","ihi-is30z","300x52.5x80","NO","NO","NO","NO"
"IHI","IS 32J","IS32J","ihi-is32j","300x52.5x84","NO","NO","NO","NO"
"IHI","IS 35G","IS35G","ihi-is35g","300x52.5x84","NO","NO","NO","NO"
"IHI","IS 35G-1","IS35G-1","ihi-is35g-1","300x52.5x84","NO","NO","NO","NO"
"IHI","IS 35G-2","IS35G-2","ihi-is35g-2","300x52.5x84","NO","NO","NO","NO"
"IHI","IS 35GX","IS35GX","ihi-is35gx","300x52.5x84","NO","NO","NO","NO"
"IHI","IS 35GX-1","IS35GX-1","ihi-is35gx-1","300x52.5x84","NO","NO","NO","NO"
"IHI","IS 35GX-2","IS35GX-2","ihi-is35gx-2","300x52.5x84","NO","NO","NO","NO"
"IHI","IS 35GX-3","IS35GX-3","ihi-is35gx-3","300x52.5x84","NO","NO","NO","NO"
"IHI","IS 35J","IS35J","ihi-is35j","300x52.5x84","NO","NO","NO","NO"
"IHI","IS 35JX","IS35JX","ihi-is35jx","300x52.5x90","NO","NO","NO","NO"
"IHI","IS 35NX","IS35NX","ihi-is35nx","300x52.5x90","NO","NO","NO","NO"
"IHI","IS 35UJ","IS35UJ","ihi-is35uj","300x52.5x90","NO","NO","NO","NO"
"IHI","IS 38UJ","IS38UJ","ihi-is38uj","300x52.5x90","NO","NO","NO","NO"
"IHI","IS 38UX","IS38UX","ihi-is38ux","300x109x39; 300x52.5x80","NO","NO","NO","NO"
"IHI","IS 40J","IS40J","ihi-is40j","400x73x70; 400x72.5x70","NO","NO","NO","NO"
"IHI","IS 40JX","IS40JX","ihi-is40jx","400x73x72; 400x72.5x72","NO","NO","NO","NO"
"IHI","IS 40NX","IS40NX","ihi-is40nx","400x73x72; 400x72.5x72","NO","NO","NO","NO"
"IHI","IS 40UJ","IS40UJ","ihi-is40uj","300x52.5x90","NO","NO","NO","NO"
"IHI","IS 40Z","IS40Z","ihi-is40z","300x52.5x90","NO","NO","NO","NO"
"IHI","IS 45J","IS45J","ihi-is45j","400x73x72; 400x72.5x72","NO","NO","NO","NO"
"IHI","IS 45NX","IS45NX","ihi-is45nx","400x73x72; 400x72.5x72","NO","NO","NO","NO"
"IHI","IS 45UJ","IS45UJ","ihi-is45uj","400x73x72; 400x72.5x72","NO","NO","NO","NO"
"IHI","IS 50G","IS50G","ihi-is50g","400x73x74; 400x72.5x74","NO","NO","NO","NO"
"IHI","IS 50G3","IS50G3","ihi-is50g3","400x73x74; 400x72.5x74","NO","NO","NO","NO"
"IHI","IS 50GX","IS50GX","ihi-is50gx","400x73x74; 400x72.5x74","NO","NO","NO","NO"
"IHI","IS 50UJ","IS50UJ","ihi-is50uj","400x73x74; 400x72.5x74","NO","NO","NO","NO"
"IHI","IS 50UX","IS50UX","ihi-is50ux","400x73x74; 400x72.5x74","NO","NO","NO","NO"
"IHI","IS 50Z","IS50Z","ihi-is50z","400x73x74; 400x72.5x74","NO","NO","NO","NO"
"IHI","IS 55","IS55","ihi-is55","400x73x74; 400x72.5x74","NO","NO","NO","NO"
"IHI","IS 55G","IS55G","ihi-is55g","400x73x74; 400x72.5x74","NO","NO","NO","NO"
"IHI","IS 55G-3","IS55G-3","ihi-is55g-3","400x73x74; 400x72.5x74","NO","NO","NO","NO"
"IHI","IS 55J","IS55J","ihi-is55j","400x73x74; 400x72.5x74","NO","NO","NO","NO"
"IHI","IS 55LX","IS55LX","ihi-is55lx","400x73x74; 400x72.5x74","NO","NO","NO","NO"
"IHI","IS 55N","IS55N","ihi-is55n","400x73x74; 400x72.5x74","NO","NO","NO","NO"
"IHI","IS 55U-1","IS55U-1","ihi-is55u-1","400x73x72; 400x72.5x72","NO","NO","NO","NO"
"IHI","IS 55U-2","IS55U-2","ihi-is55u-2","400x73x72; 400x72.5x72","NO","NO","NO","NO"
"IHI","IS 55UJ","IS55UJ","ihi-is55uj","400x73x74; 400x72.5x74","NO","NO","NO","NO"
"IHI","IS 55UX","IS55UX","ihi-is55ux","400x73x74; 400x72.5x74","NO","NO","NO","NO"
"IHI","IS 65UJ","IS65UJ","ihi-is65uj","450x71x82; 450x71x182","NO","NO","NO","NO"
"IHI","IS 65UJ3","IS65UJ3","ihi-is65uj3","450x71x82; 450x71x182","NO","NO","NO","NO"
"IHI","IS 70Z","IS70Z","ihi-is70z","450x71x82; 450x71x182","NO","NO","NO","NO"
"IHI","IS 75F","IS75F","ihi-is75f","450x145x40; 450x71x82","NO","NO","NO","NO"
"IHI","IS 75F UJ","IS75F UJ","ihi-is75fuj","450x73x80; 450x71x82","NO","NO","NO","NO"
"IHI","IS 7FX","IS7FX","ihi-is7fx","180x72x37","NO","NO","NO","NO"
"IHI","IS 7GX","IS7GX","ihi-is7gx","180x72x37","NO","NO","NO","NO"
"IHI","IS 7GX-2","IS7GX-2","ihi-is7gx-2","180x72x37","NO","NO","NO","NO"
"IHI","IS 7GX-3","IS7GX-3","ihi-is7gx-3","180x72x37","NO","NO","NO","NO"
"IHI","IS 7J","IS7J","ihi-is7j","180x72x37","NO","NO","NO","NO"
"IHI","IS 7P","IS7P","ihi-is7p","180x72x37","NO","NO","NO","NO"
"IHI","IS 80NX","IS80NX","ihi-is80nx","450x73x80; 450x71x82","NO","NO","NO","NO"
"IHI","IS9UX-2 (S/N > 1592000)","IS9UX-2","ihi-is9ux-2","230x72x47","NO","NO","NO","NO"
"IHI","IS9UX-3","IS9UX-3","ihi-is9ux-3","230x72x47","NO","NO","NO","NO"
"IHI","MC 15","MC15","ihi-mc15","230x72x52","NO","NO","NO","NO"
"IHI","T 840","T840","ihi-t840","350x108x42; 350x52.5x86","NO","NO","NO","NO"
"INOVA","INOVA","INOVA","inova-inova","320x100x52","NO","NO","NO","NO"
"Imai","SPD 265C","SPD265C","imai-spd265c","230x72x43","NO","NO","NO","NO"
"Imai","SPD 360C","SPD360C","imai-spd360c","230x72x43","NO","NO","NO","NO"
"Imef","HE 1.15","HE1.15","imef-he115","230x72x43","NO","NO","NO","NO"
"Imef","HE 12","HE12","imef-he12","230x72x43","NO","NO","NO","NO"
"Imef","HE 14","HE14","imef-he14","230x72x43","NO","NO","NO","NO"
"Imef","HE 14S","HE14S","imef-he14s","230x72x43","NO","NO","NO","NO"
"Imef","HE 16","HE16","imef-he16","230x72x43","NO","NO","NO","NO"
"Imef","HE 16S","HE16S","imef-he16s","230x72x43","NO","NO","NO","NO"
"Imef","HE 18","HE18","imef-he18","230x72x48","NO","NO","NO","NO"
"Imef","HE 185","HE185","imef-he185","230x72x48; 250x72x48","NO","NO","NO","NO"
"Imef","HE 18S","HE18S","imef-he18s","230x72x48","NO","NO","NO","NO"
"Imef","HE 230","HE230","imef-he230","320x100x43; 350x109x44; 350x52.5x90","NO","NO","NO","NO"
"Imef","HE 31","HE31","imef-he31","350x109x44; 350x52.5x90","NO","NO","NO","NO"
"Imef","HE 32","HE32","imef-he32","350x109x44; 350x52.5x90","NO","NO","NO","NO"
"Imef","HT 6.01 (Carrier)","HT6.01","imef-ht601","180x72x34","NO","NO","NO","NO"
"Imer","CC 1500","CC1500","imer-cc1500","280x72x48; 250x72x48","NO","NO","NO","NO"
"Imer","CC 450","CC450","imer-cc450","180x60x37","NO","NO","NO","NO"
"Imer","CC 600","CC600","imer-cc600","200x72x34; 180x72x34","NO","NO","NO","NO"
"Imer","CC 800","CC800","imer-cc800","230x72x42","NO","NO","NO","NO"
"Imer","IM R19","IM R19","imer-imr19","200x72x47","NO","NO","NO","NO"
"Italmec","Platform","Platform","italmec-platform","250x72x57","NO","NO","NO","NO"
"JCB","100C-1","100C-1","jcb-100c-1","450x81.5x78; 450x81x78","NO","NO","NO","NO"
"JCB","16C-1","16C-1","jcb-16c-1","230x48x70","NO","NO","NO","NO"
"JCB","18Z-1","18Z-1","jcb-18z-1","230x48x70","NO","NO","NO","NO"
"JCB","19C-1","19C-1","jcb-19c-1","230x48x70","NO","NO","NO","NO"
"JCB","35Z-1","35Z-1","jcb-35z-1","300x52.5x84","NO","NO","NO","NO"
"JCB","45Z-1","45Z-1","jcb-45z-1","350x73x74; 400x72.5x74","NO","NO","NO","NO"
"JCB","48Z-1","48Z-1","jcb-48z-1","400x72.5x74","NO","NO","NO","NO"
"JCB","51R-1","51R-1","jcb-51r-1","400x72.5x74","NO","NO","NO","NO"
"JCB","55Z-1","55Z-1","jcb-55z-1","400x72.5x74","NO","NO","NO","NO"
"JCB","57C-1","57C-1","jcb-57c-1","400x72.5x74","NO","NO","NO","NO"
"JCB","65R","65R","jcb-65r","400x73x74; 400x72.5x74","NO","NO","NO","NO"
"JCB","67C","67C","jcb-67c","400x73x74; 400x72.5x74","NO","NO","NO","NO"
"JCB","8008 'Micro 800'","8008 'Micro800'","jcb-8008micro800","180x72x35","NO","NO","NO","NO"
"JCB","8008CTS","8008CTS","jcb-8008cts","180x72x35","NO","NO","NO","NO"
"JCB","801 (S/N<649729)","801","jcb-801","230x72x42; 230x96x31; 230x48x62","NO","NO","NO","NO"
"JCB","801,2ZTS","801,2ZTS","jcb-8012zts","200x96x31; 230x48x62","NO","NO","NO","NO"
"JCB","801,7 (S/N > 649730)","801,7","jcb-8017","230x96x31; 230x48x62","NO","NO","NO","NO"
"JCB","801.4","801.4","jcb-8014","230x96x31; 230x48x62","NO","NO","NO","NO"
"JCB","801.5","801.5","jcb-8015","230x96x31; 230x48x62","NO","NO","NO","NO"
"JCB","801.6","801.6","jcb-8016","230x96x31; 230x48x62; 230x96x33; 230x48x66","NO","NO","NO","NO"
"JCB","801.8","801.8","jcb-8018","230x96x31; 230x48x62","NO","NO","NO","NO"
"JCB","8010 'Micro 1000'","8010 'Micro1000'","jcb-8010micro1000","180x72x37","NO","NO","NO","NO"
"JCB","8012 'Micro 1000'","8012 'Micro1000'","jcb-8012micro1000","200x96x31; 230x48x62","NO","NO","NO","NO"
"JCB","8013","8013","jcb-8013","230x96x31; 230x48x62","NO","NO","NO","NO"
"JCB","8014 CTS","8014CTS","jcb-8014cts","230x96x31; 230x48x62","NO","NO","NO","NO"
"JCB","8014 Super","8014Super","jcb-8014super","230x96x31; 230x48x62","NO","NO","NO","NO"
"JCB","8015-2","8015-2","jcb-8015-2","230x96x31; 230x48x62","NO","NO","NO","NO"
"JCB","8016 Super","8016Super","jcb-8016super","230x96x33; 230x48x66","NO","NO","NO","NO"
"JCB","8018 CTS","8018CTS","jcb-8018cts","230x48x66","NO","NO","NO","NO"
"JCB","8018 Super","8018Super","jcb-8018super","230x96x33; 230x48x66","NO","NO","NO","NO"
"JCB","8018 TG","8018TG","jcb-8018tg","230x96x31; 230x48x62","NO","NO","NO","NO"
"JCB","8018 ZTS","8018ZTS","jcb-8018zts","230x96x33; 230x48x66","NO","NO","NO","NO"
"JCB","8018X ('05/2005 - SN 1046000)","8018X","jcb-8018x","230x96x33; 230x48x66","NO","NO","NO","NO"
"JCB","801FDI","801FDI","jcb-801fdi","230x72x42","NO","NO","NO","NO"
"JCB","801R (models &gt; 02/'93)","801R","jcb-801r","230x96x31; 230x48x62; 230x72x42","NO","NO","NO","NO"
"JCB","802","802","jcb-802","250x109x35; 250x109x36; 300x52.5x72; 300x52.5x74","NO","NO","NO","NO"
"JCB","802 Plus","802Plus","jcb-802plus","250x109x36; 300x52.5x74","NO","NO","NO","NO"
"JCB","802 Super","802Super","jcb-802super","250x109x36; 300x52.5x74","NO","NO","NO","NO"
"JCB","802,7 ZTS","802,7ZTS","jcb-8027zts","300x109x41; 300x52.5x84; 250x109x41","NO","NO","NO","NO"
"JCB","802.4","802.4","jcb-8024","250x109x36; 300x52.5x74","NO","NO","NO","NO"
"JCB","802.7","802.7","jcb-8027","300x109x36; 300x52.5x74","NO","NO","NO","NO"
"JCB","802.7 Plus","802.7Plus","jcb-8027plus","300x109x36; 300x52.5x74","NO","NO","NO","NO"
"JCB","8020","8020","jcb-8020","250x96x38; 250x48x76","NO","NO","NO","NO"
"JCB","8020CTS","8020CTS","jcb-8020cts","250x96x38; 250x48x76","NO","NO","NO","NO"
"JCB","8025ZTS","8025ZTS","jcb-8025zts","250x96x38; 250x48x76; 250x109x41; 300x52.5x84","NO","NO","NO","NO"
"JCB","8026","8026","jcb-8026","250x52.5x78; 300x52.5x78","NO","NO","NO","NO"
"JCB","8026CTS","8026CTS","jcb-8026cts","250x52.5x78; 300x52.5x78","NO","NO","NO","NO"
"JCB","8027Z('2002)","8027Z","jcb-8027z","250x109x41; 300x52.5x84","NO","NO","NO","NO"
"JCB","8029CTS","8029CTS","jcb-8029cts","250x52.5x78; 300x52.5x78","NO","NO","NO","NO"
"JCB","803","803","jcb-803","300x109x41; 300x52.5x84","NO","NO","NO","NO"
"JCB","803 Magnum","803Magnum","jcb-803magnum","300x109x41; 300x52.5x84","NO","NO","NO","NO"
"JCB","803 Plus","803Plus","jcb-803plus","300x109x41; 300x52.5x84","NO","NO","NO","NO"
"JCB","803 Super","803Super","jcb-803super","300x109x41; 300x52.5x84","NO","NO","NO","NO"
"JCB","803,2ZTS","803,2ZTS","jcb-8032zts","300x109x41; 300x52.5x84","NO","NO","NO","NO"
"JCB","8030ZTS","8030ZTS","jcb-8030zts","300x109x41; 300x52.5x84","NO","NO","NO","NO"
"JCB","8032Z('2002)","8032Z","jcb-8032z","300x109x41; 300x52.5x84","NO","NO","NO","NO"
"JCB","8035Z","8035Z","jcb-8035z","300x109x43; 300x52.5x88","NO","NO","NO","NO"
"JCB","803E","803E","jcb-803e","300x109x41; 300x52.5x84","NO","NO","NO","NO"
"JCB","804","804","jcb-804","350x108x41; 350x52.5x84","NO","NO","NO","NO"
"JCB","804 Plus","804Plus","jcb-804plus","350x108x41; 350x52.5x84","NO","NO","NO","NO"
"JCB","804 Super","804Super","jcb-804super","350x108x41; 350x52.5x84","NO","NO","NO","NO"
"JCB","8040ZTS","8040ZTS","jcb-8040zts","400x72.5x70","NO","NO","NO","NO"
"JCB","8045ZTS","8045ZTS","jcb-8045zts","400x72.5x74","NO","NO","NO","NO"
"JCB","805","805","jcb-805","400x73x74; 400x72.5x74","NO","NO","NO","NO"
"JCB","805.2","805.2","jcb-8052","400x73x74; 400x72.5x74","NO","NO","NO","NO"
"JCB","8050ZTS","8050ZTS","jcb-8050zts","400x73x74; 400x72.5x74","NO","NO","NO","NO"
"JCB","8055RTS","8055RTS","jcb-8055rts","400x73x74; 400x72.5x74","NO","NO","NO","NO"
"JCB","8055Z","8055Z","jcb-8055z","400x73x74; 400x72.5x74","NO","NO","NO","NO"
"JCB","8055ZTS","8055ZTS","jcb-8055zts","400x73x74; 400x72.5x74","NO","NO","NO","NO"
"JCB","8056","8056","jcb-8056","400x73x74; 400x72.5x74","NO","NO","NO","NO"
"JCB","806","806","jcb-806","400x73x74; 400x72.5x74","NO","NO","NO","NO"
"JCB","8060","8060","jcb-8060","400x73x74; 400x72.5x74","NO","NO","NO","NO"
"JCB","8065RTS","8065RTS","jcb-8065rts","400x73x74; 400x72.5x74","NO","NO","NO","NO"
"JCB","8080ZTS","8080ZTS","jcb-8080zts","450x81.5x76; 450x81x76","NO","NO","NO","NO"
"JCB","8085ZTS","8085ZTS","jcb-8085zts","450x81.5x76; 450x81x76","NO","NO","NO","NO"
"JCB","85Z-1","85Z-1","jcb-85z-1","450x81.5x78; 450x81x78","NO","NO","NO","NO"
"JCB","86C-1","86C-1","jcb-86c-1","450x81.5x78; 450x81x78","NO","NO","NO","NO"
"JCB","90Z-1","90Z-1","jcb-90z-1","450x81.5x78; 450x81x78","NO","NO","NO","NO"
"JCB","Dumpster","Dumpster","jcb-dumpster","180x72x35","NO","NO","NO","NO"
"JCB","JS 70","JS70","jcb-js70","450x73.5x80; 450x71x82","NO","NO","NO","NO"
"JCB","JZ 70","JZ70","jcb-jz70","450x81x76","NO","NO","NO","NO"
"JCB","MTl 200","MTl200","jcb-mtl200","180x72x37","NO","NO","NO","NO"
"JCB","Micro","Micro","jcb-micro","180x72x37","NO","NO","NO","NO"
"JCB","Micro 8008","Micro8008","jcb-micro8008","180x72x35","NO","NO","NO","NO"
"JCB","Micro Light","Micro Light","jcb-microlight","180x72x35","NO","NO","NO","NO"
"JCB","Micro Plus","Micro Plus","jcb-microplus","230x96x31; 230x48x62","NO","NO","NO","NO"
"JCB","TD 10(Dumper)","TD10","jcb-td10","180x72x37","NO","NO","NO","NO"
"JCB","TD 10SL(Dumper)","TD10SL","jcb-td10sl","180x72x37","NO","NO","NO","NO"
"JCB","TD 7(Dumper)","TD7","jcb-td7","180x72x37","NO","NO","NO","NO"
"JIEHE","JHZA-25","JHZA-25","jiehe-jhza-25","200x72x39","NO","NO","NO","NO"
"JLG","X14J","X14J","jlg-x14j","180x72x37","NO","NO","NO","NO"
"JLG","X14JH","X14JH","jlg-x14jh","180x72x37","NO","NO","NO","NO"
"JLG","X17J","X17J","jlg-x17j","180x72x37","NO","NO","NO","NO"
"JLG","X19J","X19J","jlg-x19j","180x72x37","NO","NO","NO","NO"
"JLG","X23J","X23J","jlg-x23j","230x96x39; 250x48x78","NO","NO","NO","NO"
"JLG","X33JPlus","X33JPlus","jlg-x33jplus","300x55x82; 300x52.5x84","NO","NO","NO","NO"
"JLG","X390AJ","X390AJ","jlg-x390aj","180x72x37","NO","NO","NO","NO"
"JLG","X550AJ","X550AJ","jlg-x550aj","180x72x37","NO","NO","NO","NO"
"JLG","X700AJ","X700AJ","jlg-x700aj","230x96x39; 250x48x78","NO","NO","NO","NO"
"Jekko","JF40","JF40","jekko-jf40","180x72x42","NO","NO","NO","NO"
"Jekko","SPX424CDH","SPX424CDH","jekko-spx424cdh","200x72x42","NO","NO","NO","NO"
"Jekko","SPX527CDH","SPX527CDH","jekko-spx527cdh","250x72x52","NO","NO","NO","NO"
"John Deere","120 (US Market)","120","john-deere-120","500x92x84","NO","NO","NO","NO"
"John Deere","120C (US Market)","120C","john-deere-120c","500x92x84","NO","NO","NO","NO"
"John Deere","15","15","john-deere-15","230x72x43","YES","NO","NO","NO"
"John Deere","17 ZTS (US Market)","17ZTS","john-deere-17zts","230x96x35; 230x48x70","YES","NO","NO","NO"
"John Deere","17D","17D","john-deere-17d","230x96x35; 230x48x70","YES","NO","NO","NO"
"John Deere","17G","17G","john-deere-17g","230x48x70","YES","NO","NO","NO"
"John Deere","17P","17P","john-deere-17p","","YES","NO","NO","NO"
"John Deere","240","240","john-deere-240","320x86x54; 375x86x54; 400x86x54","NO","NO","NO","NO"
"John Deere","250","250","john-deere-250","320x86x54; 375x86x54; 400x86x54","NO","NO","NO","NO"
"John Deere","260","260","john-deere-260","450x86x58","NO","NO","NO","NO"
"John Deere","26D","26D","john-deere-26d","300x52.5x80","NO","NO","NO","NO"
"John Deere","26G","26G","john-deere-26g","300x52.5x80","YES","NO","NO","NO"
"John Deere","26P","26P","john-deere-26p","","YES","NO","NO","NO"
"John Deere","27 ZTS (US Market)","27ZTS","john-deere-27zts","300x52.5x78","YES","NO","NO","NO"
"John Deere","270","270","john-deere-270","450x86x58","NO","NO","NO","NO"
"John Deere","27C","27C","john-deere-27c","","YES","NO","NO","NO"
"John Deere","27C ZTS (US Market)","27C ZTS","john-deere-27czts","300x52.5x78","YES","NO","NO","NO"
"John Deere","27D","27D","john-deere-27d","300x52.5x80","YES","NO","NO","NO"
"John Deere","280","280","john-deere-280","450x86x60","NO","NO","NO","NO"
"John Deere","30G","30G","john-deere-30g","300x52.5x86","YES","NO","NO","NO"
"John Deere","30P","30P","john-deere-30p","","YES","NO","NO","NO"
"John Deere","317","317","john-deere-317","320x86x54; 375x86x54; 400x86x54","YES","NO","NO","NO"
"John Deere","317G","317G","john-deere-317g","320x86x50; 400x86x50","YES","NO","NO","NO"
"John Deere","320","320","john-deere-320","320x86x54; 375x86x54; 400x86x54","NO","NO","NO","NO"
"John Deere","325","325","john-deere-325","450x86x58","YES","NO","NO","NO"
"John Deere","325G","325G","john-deere-325g","320x86x52; 400x86x52","YES","NO","NO","NO"
"John Deere","328","328","john-deere-328","450x86x58","NO","NO","NO","NO"
"John Deere","332","332","john-deere-332","450x86x60","YES","NO","NO","NO"
"John Deere","35 ZTS (US Market)","35ZTS","john-deere-35zts","300x52.5x86","YES","NO","NO","NO"
"John Deere","35C","35C","john-deere-35c","","YES","NO","NO","NO"
"John Deere","35C ZTS (US Market)","35C ZTS","john-deere-35czts","300x52.5x86","YES","NO","NO","NO"
"John Deere","35D","35D","john-deere-35d","300x52.5x86","YES","NO","NO","NO"
"John Deere","35G","35G","john-deere-35g","300x52.5x86","YES","NO","NO","NO"
"John Deere","35P","35P","john-deere-35p","","YES","NO","NO","NO"
"John Deere","50 ZTS (US Market)","50ZTS","john-deere-50zts","400x72.5x72","YES","NO","NO","NO"
"John Deere","50C","50C","john-deere-50c","","YES","NO","NO","NO"
"John Deere","50C ZTS (US Market)","50C ZTS","john-deere-50czts","400x72.5x72","YES","NO","NO","NO"
"John Deere","50D","50D","john-deere-50d","400x72.5x74","YES","NO","NO","NO"
"John Deere","50G (Verify Spocket Width)","50G","john-deere-50g","400x72.5x74","YES","NO","NO","NO"
"John Deere","50P","50P","john-deere-50p","","YES","NO","NO","NO"
"John Deere","60D","60D","john-deere-60d","400x72.5x74","NO","NO","NO","NO"
"John Deere","60G [I Guiding]","60G","john-deere-60g","400x72.5x74","NO","NO","NO","NO"
"John Deere","75C","75C","john-deere-75c","450x81x78","NO","NO","NO","NO"
"John Deere","75D","75D","john-deere-75d","450x81x78","NO","NO","NO","NO"
"John Deere","75G","75G","john-deere-75g","450x81x78","NO","NO","NO","NO"
"John Deere","85D","85D","john-deere-85d","450x81x78","NO","NO","NO","NO"
"John Deere","85G","85G","john-deere-85g","450x81x78","NO","NO","NO","NO"
"John Deere","8875","8875","john-deere-8875","450x86x60","NO","NO","NO","NO"
"John Deere","CT 319 D","CT319D","john-deere-ct319d","320x86x52","YES","NO","NO","NO"
"John Deere","CT 319 E","CT319E","john-deere-ct319e","320x86x52","YES","NO","NO","NO"
"John Deere","319D","319D","john-deere-319d","","YES","NO","NO","NO"
"John Deere","319E","319E","john-deere-319e","","YES","NO","NO","NO"
"John Deere","CT 322","CT322","john-deere-ct322","320x86x52","YES","NO","NO","NO"
"John Deere","CT315","CT315","john-deere-ct315","","YES","NO","NO","NO"
"John Deere","CT 323D","CT323D","john-deere-ct323d","320x86x52; 400x86x52","YES","NO","NO","NO"
"John Deere","CT 323E","CT323E","john-deere-ct323e","320x86x52; 400x86x52","YES","NO","NO","NO"
"John Deere","CT325G","CT325G","john-deere-ct325g","","YES","NO","NO","NO"
"John Deere","CT329D","CT329D","john-deere-ct329d","400x86x56; 450x86x56","YES","NO","NO","NO"
"John Deere","CT329E","CT329E","john-deere-ct329e","400x86x56; 450x86x56","YES","NO","NO","NO"
"John Deere","CT331G","CT331G","john-deere-ct331g","450x86x58","YES","NO","NO","NO"
"John Deere","CT332","CT332","john-deere-ct332","450x86x56","YES","NO","NO","NO"
"John Deere","CT333D","CT333D","john-deere-ct333d","400x86x56; 450x86x56","YES","NO","NO","NO"
"John Deere","CT333E","CT333E","john-deere-ct333e","400x86x56; 450x86x56","YES","NO","NO","NO"
"John Deere","CT333G","CT333G","john-deere-ct333g","450x86x58","YES","NO","NO","NO"
"Joly","20HP (Minicarrier)","20HP","joly-20hp","200x72x42","NO","NO","NO","NO"
"Kaidi","103","103","kaidi-103","230x72x43","NO","NO","NO","NO"
"Kaidi","103.3","103.3","kaidi-1033","230x72x43","NO","NO","NO","NO"
"Kaidi","WY 1.5","WY1.5","kaidi-wy15","230x72x43","NO","NO","NO","NO"
"Kato","70","70","kato-70","450x71x84","NO","NO","NO","NO"
"Kato","85V-4","85V-4","kato-85v-4","450x71x82","NO","NO","NO","NO"
"Kato","HD 09VX3","HD09VX3","kato-hd09vx3","180x72x37","NO","NO","NO","NO"
"Kato","HD 140","HD140","kato-hd140","400x132x37; 400x72.5x72","NO","NO","NO","NO"
"Kato","HD 205UR","HD205UR","kato-hd205ur","400x72.5x74","NO","NO","NO","NO"
"Kato","HD 250UR","HD250UR","kato-hd250ur","400x73x74; 400x72.5x74","NO","NO","NO","NO"
"Kato","HD 307('2001)","HD307","kato-hd307","450x71x84","NO","NO","NO","NO"
"Kato","HD 308","HD308","kato-hd308","450x81.5x76; 450x81x76","NO","NO","NO","NO"
"Kato","HD 50UR","HD50UR","kato-hd50ur","400x72.5x74","NO","NO","NO","NO"
"Kato","HD 510","HD510","kato-hd510","500x92x78","NO","NO","NO","NO"
"Kato","HD 55UR","HD55UR","kato-hd55ur","400x72.5x74","NO","NO","NO","NO"
"Kato-Imer","19VXT","19VXT","kato-imer-19vxt","230x96x35; 230x48x70","NO","NO","NO","NO"
"Kato-Imer","HD27V4","HD27V4","kato-imer-hd27v4","250x52.5x78; 300x52.5x78","NO","NO","NO","NO"
"Kato-Imer","HD27V5","HD27V5","kato-imer-hd27v5","250x52.5x78; 300x52.5x78","NO","NO","NO","NO"
"Kato-Imer","HD30V5","HD30V5","kato-imer-hd30v5","300x55x82; 300x52.5x84","NO","NO","NO","NO"
"Kato-Imer","HD35","HD35","kato-imer-hd35","300x52.5x90","NO","NO","NO","NO"
"Kato-Imer","HD45V5","HD45V5","kato-imer-hd45v5","400x72.5x74","NO","NO","NO","NO"
"Kawasaki","KE 60","KE60","kawasaki-ke60","450x81.5x74; 450x81x76","NO","NO","NO","NO"
"Kawasaki","Mini-carrier","Mini-carrier","kawasaki-mini-carrier","200x72x35; 180x72x35","NO","NO","NO","NO"
"Kobelco","115","115","kobelco-115","230x96x31; 230x48x62","NO","NO","NO","NO"
"Kobelco","B 53","B53","kobelco-b53","450x81.5x74; 450x81.5x76","NO","NO","NO","NO"
"Kobelco","B 61","B61","kobelco-b61","400x74x72; 400x72.5x73","NO","NO","NO","NO"
"Kobelco","B 69","B69","kobelco-b69","400x74x72; 400x72.5x73","NO","NO","NO","NO"
"Kobelco","FC 50","FC50","kobelco-fc50","180x72x38","NO","NO","NO","NO"
"Kobelco","SK 002","SK002","kobelco-sk002","180x72x37","NO","NO","NO","NO"
"Kobelco","SK 005","SK005","kobelco-sk005","150x60x40; 180x72x36","NO","NO","NO","NO"
"Kobelco","SK 007","SK007","kobelco-sk007","180x72x37","NO","NO","NO","NO"
"Kobelco","SK 007-1","SK007-1","kobelco-sk007-1","180x72x37","NO","NO","NO","NO"
"Kobelco","SK 007-2","SK007-2","kobelco-sk007-2","180x72x37","NO","NO","NO","NO"
"Kobelco","SK 007-3","SK007-3","kobelco-sk007-3","180x72x37","NO","NO","NO","NO"
"Kobelco","SK 008","SK008","kobelco-sk008","180x72x37","NO","NO","NO","NO"
"Kobelco","SK 009","SK009","kobelco-sk009","180x72x37","NO","NO","NO","NO"
"Kobelco","SK 013","SK013","kobelco-sk013","230x96x31; 230x48x62","NO","NO","NO","NO"
"Kobelco","SK 013-1","SK013-1","kobelco-sk013-1","230x96x31; 230x48x62","NO","NO","NO","NO"
"Kobelco","SK 014(New)","SK014","kobelco-sk014","230x96x31; 230x48x62; 230x72x43","NO","NO","NO","NO"
"Kobelco","SK 020","SK020","kobelco-sk020","250x109x35; 300x52.5x72","NO","NO","NO","NO"
"Kobelco","SK 020 Coupe","SK020Coupe","kobelco-sk020coupe","250x109x35; 300x52.5x72","NO","NO","NO","NO"
"Kobelco","SK 025 Coupe","SK025Coupe","kobelco-sk025coupe","300x109x38; 300x52.5x78","NO","NO","NO","NO"
"Kobelco","SK 030 Coupe","SK030Coupe","kobelco-sk030coupe","300x109x40; 300x52.5x82","NO","NO","NO","NO"
"Kobelco","SK 035 Coupe","SK035Coupe","kobelco-sk035coupe","350x108x42; 350x52.5x86","NO","NO","NO","NO"
"Kobelco","SK 045 Coupe","SK045Coupe","kobelco-sk045coupe","400x74x72; 400x72.5x73","NO","NO","NO","NO"
"Kobelco","SK 35SR","SK35SR","kobelco-sk35sr","350x108x44; 350x52.5x90","NO","NO","NO","NO"
"Kobelco","SK 35SR-2","SK35SR-2","kobelco-sk35sr-2","350x108x44; 350x52.5x90","NO","NO","NO","NO"
"Kobelco","SK 35SR-2E","SK35SR-2E","kobelco-sk35sr-2e","300x52.5x88","NO","NO","NO","NO"
"Kobelco","SK 35SR-3","SK35SR-3","kobelco-sk35sr-3","300x52.5x88","NO","NO","NO","NO"
"Kobelco","SK 35SR-5","SK35SR-5","kobelco-sk35sr-5","300x52.5x88","NO","NO","NO","NO"
"Kobelco","SK 35SR-6","SK35SR-6","kobelco-sk35sr-6","300x52.5x88","NO","NO","NO","NO"
"Kobelco","SL 16MST","SL16MST","kobelco-sl16mst","230x48x70","NO","NO","NO","NO"
"Kobelco","SS 60","SS60","kobelco-ss60","130x72x29","NO","NO","NO","NO"
"Kobelco","SS1","SS1","kobelco-ss1","130x72x29","NO","NO","NO","NO"
"Kobelco","Sk 014-1","Sk014-1","kobelco-sk014-1","230x96x31; 230x48x62","NO","NO","NO","NO"
"Kobelco","Sk 015","Sk015","kobelco-sk015","230x96x31; 230x48x62","NO","NO","NO","NO"
"Kobelco","Sk 015-1","Sk015-1","kobelco-sk015-1","230x96x31; 230x48x62","NO","NO","NO","NO"
"Kobelco","Sk 024","Sk024","kobelco-sk024","300x109x38; 300x52.5x78","NO","NO","NO","NO"
"Kobelco","Sk 024-1","Sk024-1","kobelco-sk024-1","300x109x38; 300x52.5x78","NO","NO","NO","NO"
"Kobelco","Sk 025","Sk025","kobelco-sk025","300x109x38; 300x52.5x78","NO","NO","NO","NO"
"Kobelco","Sk 025-1","Sk025-1","kobelco-sk025-1","300x109x38; 300x52.5x78","NO","NO","NO","NO"
"Kobelco","Sk 025-2","Sk025-2","kobelco-sk025-2","300x109x38; 300x52.5x78","NO","NO","NO","NO"
"Kobelco","Sk 025SR","Sk025SR","kobelco-sk025sr","300x109x38; 300x52.5x78","NO","NO","NO","NO"
"Kobelco","Sk 027","Sk027","kobelco-sk027","300x109x40; 300x52.5x82","NO","NO","NO","NO"
"Kobelco","Sk 027-1","Sk027-1","kobelco-sk027-1","300x109x40; 300x52.5x82","NO","NO","NO","NO"
"Kobelco","Sk 030","Sk030","kobelco-sk030","300x109x40; 300x52.5x82","NO","NO","NO","NO"
"Kobelco","Sk 030-1","Sk030-1","kobelco-sk030-1","300x109x40; 300x52.5x82","NO","NO","NO","NO"
"Kobelco","Sk 030-2","Sk030-2","kobelco-sk030-2","300x109x40; 300x52.5x82","NO","NO","NO","NO"
"Kobelco","Sk 030SR","Sk030SR","kobelco-sk030sr","300x109x40; 300x52.5x82","NO","NO","NO","NO"
"Kobelco","Sk 030UR","Sk030UR","kobelco-sk030ur","300x109x40; 300x52.5x82","NO","NO","NO","NO"
"Kobelco","Sk 030UR-1","Sk030UR-1","kobelco-sk030ur-1","300x109x40; 300x52.5x82","NO","NO","NO","NO"
"Kobelco","Sk 030UR-2","Sk030UR-2","kobelco-sk030ur-2","300x109x40; 300x52.5x82","NO","NO","NO","NO"
"Kobelco","Sk 031","Sk031","kobelco-sk031","300x109x41; 300x52.5x84","NO","NO","NO","NO"
"Kobelco","Sk 032","Sk032","kobelco-sk032","350x109x41; 350x52.5x84","NO","NO","NO","NO"
"Kobelco","Sk 035","Sk035","kobelco-sk035","350x108x42; 350x52.5x86","NO","NO","NO","NO"
"Kobelco","Sk 035-1","Sk035-1","kobelco-sk035-1","350x108x42; 350x52.5x86","NO","NO","NO","NO"
"Kobelco","Sk 035-2","Sk035-2","kobelco-sk035-2","350x108x42; 350x52.5x86","NO","NO","NO","NO"
"Kobelco","Sk 035SR","Sk035SR","kobelco-sk035sr","350x108x44; 350x52.5x90","NO","NO","NO","NO"
"Kobelco","Sk 042","Sk042","kobelco-sk042","400x74x72; 400x72.5x73","NO","NO","NO","NO"
"Kobelco","Sk 042-1","Sk042-1","kobelco-sk042-1","400x74x72; 400x72.5x73","NO","NO","NO","NO"
"Kobelco","Sk 045","Sk045","kobelco-sk045","400x74x72; 400x72.5x73","NO","NO","NO","NO"
"Kobelco","Sk 045-1","Sk045-1","kobelco-sk045-1","400x74x72; 400x72.5x73","NO","NO","NO","NO"
"Kobelco","Sk 045-2","Sk045-2","kobelco-sk045-2","400x74x72; 400x72.5x73","NO","NO","NO","NO"
"Kobelco","Sk 050","Sk050","kobelco-sk050","400x74x72; 400x72.5x73","NO","NO","NO","NO"
"Kobelco","Sk 050-1","Sk050-1","kobelco-sk050-1","400x74x72; 400x72.5x73","NO","NO","NO","NO"
"Kobelco","Sk 060","Sk060","kobelco-sk060","450x81.5x74; 450x81x76","NO","NO","NO","NO"
"Kobelco","Sk 13SR","Sk13SR","kobelco-sk13sr","230x48x70","NO","NO","NO","NO"
"Kobelco","Sk 15MSR","Sk15MSR","kobelco-sk15msr","230x48x70","NO","NO","NO","NO"
"Kobelco","Sk 15R","Sk15R","kobelco-sk15r","250x48x72; 230x48x72","NO","NO","NO","NO"
"Kobelco","Sk 15SR","Sk15SR","kobelco-sk15sr","250x48x72; 230x48x72","NO","NO","NO","NO"
"Kobelco","Sk 16MSR ('2001)","Sk16MSR","kobelco-sk16msr","230x48x70","NO","NO","NO","NO"
"Kobelco","Sk 17","Sk17","kobelco-sk17","230x48x70","NO","NO","NO","NO"
"Kobelco","Sk 17 SR 3","Sk17SR3","kobelco-sk17sr3","230x48x70","NO","NO","NO","NO"
"Kobelco","Sk 17 SR 5","Sk17SR5","kobelco-sk17sr5","230x72x46","NO","NO","NO","NO"
"Kobelco","Sk 20SR","Sk20SR","kobelco-sk20sr","250x96x38; 250x48x76","NO","NO","NO","NO"
"Kobelco","Sk 20SR-3","Sk20SR-3","kobelco-sk20sr-3","250x52.5x76; 300x52.5x76","NO","NO","NO","NO"
"Kobelco","Sk 20UR ('2000)","Sk20UR","kobelco-sk20ur","250x109x35; 300x52.5x72","NO","NO","NO","NO"
"Kobelco","Sk 25SR","Sk25SR","kobelco-sk25sr","300x109x38; 300x52.5x78","NO","NO","NO","NO"
"Kobelco","Sk 25SR-2","Sk25SR-2","kobelco-sk25sr-2","250x52.5x76; 300x52.5x76","NO","NO","NO","NO"
"Kobelco","Sk 25SR-6","Sk25SR-6","kobelco-sk25sr-6","250x55.5x79","NO","NO","NO","NO"
"Kobelco","Sk 27","Sk27","kobelco-sk27","300x109x40; 300x52.5x82","NO","NO","NO","NO"
"Kobelco","Sk 27SR-3","Sk27SR-3","kobelco-sk27sr-3","250x52.5x80; 300x52.5x80","NO","NO","NO","NO"
"Kobelco","Sk 27SR-5","Sk27SR-5","kobelco-sk27sr-5","250x52.5x80; 300x52.5x80","NO","NO","NO","NO"
"Kobelco","Sk 28SR-6","Sk28SR-6","kobelco-sk28sr-6","300x52.5x88","NO","NO","NO","NO"
"Kobelco","Sk 30SR","Sk30SR","kobelco-sk30sr","300x109x40; 300x52.5x82","NO","NO","NO","NO"
"Kobelco","Sk 30SR-1","Sk30SR-1","kobelco-sk30sr-1","300x109x40; 300x52.5x82","NO","NO","NO","NO"
"Kobelco","Sk 30SR-2 ('2001)","Sk30SR-2","kobelco-sk30sr-2","300x52.5x82","NO","NO","NO","NO"
"Kobelco","Sk 30SR-3","Sk30SR-3","kobelco-sk30sr-3","300x52.5x82","NO","NO","NO","NO"
"Kobelco","Sk 30SR-5","Sk30SR-5","kobelco-sk30sr-5","300x52.5x88","NO","NO","NO","NO"
"Kobelco","Sk 30SR-6","Sk30SR-6","kobelco-sk30sr-6","300x52.5x88","NO","NO","NO","NO"
"Kobelco","Sk 30UR","Sk30UR","kobelco-sk30ur","300x52.5x82","NO","NO","NO","NO"
"Kobelco","Sk 30UR-1","Sk30UR-1","kobelco-sk30ur-1","300x109x40; 300x52.5x82","NO","NO","NO","NO"
"Kobelco","Sk 30UR-2","Sk30UR-2","kobelco-sk30ur-2","300x109x40; 300x52.5x82","NO","NO","NO","NO"
"Kobelco","Sk 40SR ('96-'06)","Sk40SR","kobelco-sk40sr","400x74x68; 400x72.5x70","NO","NO","NO","NO"
"Kobelco","Sk 40SR-ZT","Sk40SR-ZT","kobelco-sk40sr-zt","400x74x72; 400x72.5x73","NO","NO","NO","NO"
"Kobelco","Sk 40SR3 ('96-'06)","Sk40SR3","kobelco-sk40sr3","400x74x68; 400x72.5x70","NO","NO","NO","NO"
"Kobelco","Sk 45","Sk45","kobelco-sk45","400x74x72; 400x72.5x73","NO","NO","NO","NO"
"Kobelco","Sk 45-1","Sk45-1","kobelco-sk45-1","400x74x72; 400x72.5x73","NO","NO","NO","NO"
"Kobelco","Sk 45SR","Sk45SR","kobelco-sk45sr","400x74x72; 400x72.5x73","NO","NO","NO","NO"
"Kobelco","Sk 45SR-2","Sk45SR-2","kobelco-sk45sr-2","400x74x72; 400x72.5x73","NO","NO","NO","NO"
"Kobelco","Sk 50","Sk50","kobelco-sk50","400x74x72; 400x72.5x73","NO","NO","NO","NO"
"Kobelco","Sk 50-1","Sk50-1","kobelco-sk50-1","400x74x72; 400x72.5x73","NO","NO","NO","NO"
"Kobelco","Sk 50SR","Sk50SR","kobelco-sk50sr","400x74x72; 400x72.5x73","NO","NO","NO","NO"
"Kobelco","Sk 50SR-3","Sk50SR-3","kobelco-sk50sr-3","400x74x72; 400x72.5x73","NO","NO","NO","NO"
"Kobelco","Sk 50UR","Sk50UR","kobelco-sk50ur","400x74x72; 400x72.5x73","NO","NO","NO","NO"
"Kobelco","Sk 50UR-1","Sk50UR-1","kobelco-sk50ur-1","400x74x72; 400x72.5x73","NO","NO","NO","NO"
"Kobelco","Sk 50UR-2","Sk50UR-2","kobelco-sk50ur-2","400x74x72; 400x72.5x73","NO","NO","NO","NO"
"Kobelco","Sk 55SRX","Sk55SRX","kobelco-sk55srx","400x72.5x74","NO","NO","NO","NO"
"Kobelco","Sk 55SRX 6E","Sk55SRX6E","kobelco-sk55srx6e","400x72.5x74","NO","NO","NO","NO"
"Kobelco","Sk 60","Sk60","kobelco-sk60","450x81.5x74; 450x81x76","NO","NO","NO","NO"
"Kobelco","Sk 60-1","Sk60-1","kobelco-sk60-1","450x81.5x74; 450x81x76","NO","NO","NO","NO"
"Kobelco","Sk 60-2","Sk60-2","kobelco-sk60-2","450x81.5x74; 450x81x76","NO","NO","NO","NO"
"Kobelco","Sk 60-3 (untill'97)","Sk60-3","kobelco-sk60-3","450x81.5x74; 450x81x76","NO","NO","NO","NO"
"Kobelco","Sk 60UR","Sk60UR","kobelco-sk60ur","450x81.5x74; 450x81x76","NO","NO","NO","NO"
"Kobelco","Sk 70SR","Sk70SR","kobelco-sk70sr","450x81.5x74; 450x81x76","NO","NO","NO","NO"
"Kobelco","Sk 70SR-1E","Sk70SR-1E","kobelco-sk70sr-1e","450x81.5x74; 450x81x76","NO","NO","NO","NO"
"Kobelco","Sk 70SR-2","Sk70SR-2","kobelco-sk70sr-2","450x81.5x74; 450x81x76","NO","NO","NO","NO"
"Kobelco","Sk 75-3","Sk75-3","kobelco-sk75-3","450x81.5x74; 450x81x76","NO","NO","NO","NO"
"Kobelco","Sk 75SR","Sk75SR","kobelco-sk75sr","450x81.5x74; 450x81x76","NO","NO","NO","NO"
"Kobelco","Sk 75UR","Sk75UR","kobelco-sk75ur","450x81.5x74; 450x81x76","NO","NO","NO","NO"
"Kobelco","Sk 75UR-1","Sk75UR-1","kobelco-sk75ur-1","450x81.5x74; 450x81x76","NO","NO","NO","NO"
"Kobelco","Sk 80CS","Sk80CS","kobelco-sk80cs","450x81.5x74; 450x81x76","NO","NO","NO","NO"
"Kobelco","Sk 80MSR","Sk80MSR","kobelco-sk80msr","450x81.5x74; 450x81x76","NO","NO","NO","NO"
"Kobelco","Sk 85CS","Sk85CS","kobelco-sk85cs","450x81.5x74; 450x81x76","NO","NO","NO","NO"
"Kobelco","Sk 85MSR","Sk85MSR","kobelco-sk85msr","450x81.5x74; 450x81x76","NO","NO","NO","NO"
"Kobelco","Sk 95UR","Sk95UR","kobelco-sk95ur","450x81x78","NO","NO","NO","NO"
"Kobelco","Sk25SR-3","Sk25SR-3","kobelco-sk25sr-3","250x52.5x80; 300x52.5x80","NO","NO","NO","NO"
"Kobelco","Sk25SR-5","Sk25SR-5","kobelco-sk25sr-5","250x52.5x80; 300x52.5x80","NO","NO","NO","NO"
"Kobelco","Z11 (Crawler Crane)","Z11","kobelco-z11","180x72x37","NO","NO","NO","NO"
"Kobelco","Z13 (Crawler Crane)","Z13","kobelco-z13","300x109x38; 300x52.5x78","NO","NO","NO","NO"
"Kobelco","Z14 (Crawler Crane)","Z14","kobelco-z14","300x109x40; 300x52.5x82","NO","NO","NO","NO"
"Kobelco","Z15 (Crawler Crane)","Z15","kobelco-z15","350x109x41; 350x52.5x84","NO","NO","NO","NO"
"Kobelco","Z16 (Crawler Crane)","Z16","kobelco-z16","400x74x72; 400x72.5x73","NO","NO","NO","NO"
"Komatsu","1020 Turbo","1020Turbo","komatsu-1020turbo","320x86x56; 450x86x56","NO","NO","NO","NO"
"Komatsu","820 Turbo","820Turbo","komatsu-820turbo","320x86x52","NO","NO","NO","NO"
"Komatsu","CK 1122","CK1122","komatsu-ck1122","450x86x56","NO","NO","NO","NO"
"Komatsu","CK 1122-5","CK1122-5","komatsu-ck1122-5","450x86x56","NO","NO","NO","NO"
"Komatsu","CK 16","CK16","komatsu-ck16","320x86x48","NO","NO","NO","NO"
"Komatsu","CK 20","CK20","komatsu-ck20","320x86x52","NO","NO","NO","NO"
"Komatsu","CK 20-1","CK20-1","komatsu-ck20-1","320x86x52","NO","NO","NO","NO"
"Komatsu","CK 25","CK25","komatsu-ck25","320x86x52","NO","NO","NO","NO"
"Komatsu","CK 25-1","CK25-1","komatsu-ck25-1","320x86x52","NO","NO","NO","NO"
"Komatsu","CK 30","CK30","komatsu-ck30","450x86x56","NO","NO","NO","NO"
"Komatsu","CK 30-1","CK30-1","komatsu-ck30-1","450x86x56","NO","NO","NO","NO"
"Komatsu","CK 35","CK35","komatsu-ck35","450x86x56","NO","NO","NO","NO"
"Komatsu","CK 35-1","CK35-1","komatsu-ck35-1","450x86x56","NO","NO","NO","NO"
"Komatsu","D27R-8","D27R-8","komatsu-d27r-8","300x52.5x80","NO","NO","NO","NO"
"Komatsu","PC 03","PC03","komatsu-pc03","180x72x37","NO","NO","NO","NO"
"Komatsu","PC 03 avance","PC03avance","komatsu-pc03avance","180x72x37","NO","NO","NO","NO"
"Komatsu","PC 03-1 (SN>1001)","PC03-1","komatsu-pc03-1","180x72x37","NO","NO","NO","NO"
"Komatsu","PC 03-2","PC03-2","komatsu-pc03-2","180x72x37","NO","NO","NO","NO"
"Komatsu","PC 03-2 avance (SN>15001)","PC03-2avance","komatsu-pc03-2avance","180x72x37","NO","NO","NO","NO"
"Komatsu","PC 05","PC05","komatsu-pc05","230x72x42; 230x48x62; 230x96x31","NO","NO","NO","NO"
"Komatsu","PC 05 avance R (8000<Sn&lt; 10619)","PC05avance R","komatsu-pc05avancer","230x96x31; 230x48x62","NO","NO","NO","NO"
"Komatsu","PC 05-1(SN>1001)","PC05-1","komatsu-pc05-1","230x72x42","NO","NO","NO","NO"
"Komatsu","PC 05-2","PC05-2","komatsu-pc05-2","230x72x42","NO","NO","NO","NO"
"Komatsu","PC 05-5(SN>2501)","PC05-5","komatsu-pc05-5","230x72x42","NO","NO","NO","NO"
"Komatsu","PC 05-6(SN<5001)","PC05-6","komatsu-pc05-6","230x72x42; 230x96x31; 230x48x62","NO","NO","NO","NO"
"Komatsu","PC 05-7","PC05-7","komatsu-pc05-7","230x96x31; 230x48x62","NO","NO","NO","NO"
"Komatsu","PC 05-8","PC05-8","komatsu-pc05-8","230x96x31; 230x48x62","NO","NO","NO","NO"
"Komatsu","PC 05-R(S/N 8001-10618)","PC05-R","komatsu-pc05-r","230x96x31; 230x48x62","NO","NO","NO","NO"
"Komatsu","PC 07","PC07","komatsu-pc07","230x96x31; 230x48x62","NO","NO","NO","NO"
"Komatsu","PC 07 avance R (S/N 3001-5460)","PC07avance R","komatsu-pc07avancer","230x96x31; 230x48x62","NO","NO","NO","NO"
"Komatsu","PC 07-1(S/N>1001)","PC07-1","komatsu-pc07-1","230x96x31; 230x48x62","NO","NO","NO","NO"
"Komatsu","PC 07-2","PC07-2","komatsu-pc07-2","230x96x31; 230x48x62","NO","NO","NO","NO"
"Komatsu","PC 07-2E(SN F11149)","PC07-2E","komatsu-pc07-2e","230x96x31; 230x48x62","NO","NO","NO","NO"
"Komatsu","PC 07-6","PC07-6","komatsu-pc07-6","230x96x31; 230x48x62","NO","NO","NO","NO"
"Komatsu","PC 07-7","PC07-7","komatsu-pc07-7","230x96x31; 230x48x62","NO","NO","NO","NO"
"Komatsu","PC 07FR-1","PC07FR-1","komatsu-pc07fr-1","230x72x47","NO","NO","NO","NO"
"Komatsu","PC 07R","PC07R","komatsu-pc07r","230x96x31; 230x48x62","NO","NO","NO","NO"
"Komatsu","PC 08","PC08","komatsu-pc08","200x72x40","NO","NO","NO","NO"
"Komatsu","PC 08 avance (SN>1000)","PC08avance","komatsu-pc08avance","200x72x40","NO","NO","NO","NO"
"Komatsu","PC 08U","PC08U","komatsu-pc08u","200x72x40","NO","NO","NO","NO"
"Komatsu","PC 08UU","PC08UU","komatsu-pc08uu","200x72x40","NO","NO","NO","NO"
"Komatsu","PC 08UU-1","PC08UU-1","komatsu-pc08uu-1","200x72x40","NO","NO","NO","NO"
"Komatsu","PC 09","PC09","komatsu-pc09","180x72x37","NO","NO","NO","NO"
"Komatsu","PC 09-1 (2006)","PC09-1","komatsu-pc09-1","180x72x37","NO","NO","NO","NO"
"Komatsu","PC 09FR","PC09FR","komatsu-pc09fr","200x72x40","NO","NO","NO","NO"
"Komatsu","PC 09FR-1","PC09FR-1","komatsu-pc09fr-1","200x72x43","NO","NO","NO","NO"
"Komatsu","PC 10-6 (SN>20001)","PC10-6","komatsu-pc10-6","300x52.5x76; 250x52.5x76","NO","NO","NO","NO"
"Komatsu","PC 10FR","PC10FR","komatsu-pc10fr","260x97x40; 250x48.5x80","NO","NO","NO","NO"
"Komatsu","PC 10MR","PC10MR","komatsu-pc10mr","200x72x41","NO","NO","NO","NO"
"Komatsu","PC 10MR-1 avance (SN>30001)","PC10MR-1avance","komatsu-pc10mr-1avance","180x72x41","NO","NO","NO","NO"
"Komatsu","PC 10UU","PC10UU","komatsu-pc10uu","200x72x41","NO","NO","NO","NO"
"Komatsu","PC 10UU-3 avance (SN>10001)","PC10UU-3avance","komatsu-pc10uu-3avance","180x72x41","NO","NO","NO","NO"
"Komatsu","PC 20 MR ('2006)","PC20MR","komatsu-pc20mr","250x52.5x78; 300x52.5x78","NO","NO","NO","NO"
"Komatsu","PC 20-2","PC20-2","komatsu-pc20-2","300x109x41; 300x52.5x84; 300x55x81","NO","NO","NO","NO"
"Komatsu","PC 20-6","PC20-6","komatsu-pc20-6","300x109x39; 300x109x41","NO","NO","NO","NO"
"Komatsu","PC 20-7 (S/N < F20419)","PC20-7","komatsu-pc20-7","300x109x39; 300x55x78","NO","NO","NO","NO"
"Komatsu","PC 20FR-1","PC20FR-1","komatsu-pc20fr-1","260x97x40; 250x48.5x80","NO","NO","NO","NO"
"Komatsu","PC 20FR-2","PC20FR-2","komatsu-pc20fr-2","260x97x40; 250x48.5x80","NO","NO","NO","NO"
"Komatsu","PC 20MR-1 avance (SN > 10001)","PC20MR-1avance","komatsu-pc20mr-1avance","250x52.5x78; 300x52.5x78","NO","NO","NO","NO"
"Komatsu","PC 20MRX","PC20MRX","komatsu-pc20mrx","250x52.5x78; 300x52.5x78","NO","NO","NO","NO"
"Komatsu","PC 20MRX Utility","PC20MRX Utility","komatsu-pc20mrxutility","250x52.5x78; 300x52.5x78","NO","NO","NO","NO"
"Komatsu","PC 20R","PC20R","komatsu-pc20r","260x52.5x76; 250x52.5x76; 300x52.5x76","NO","NO","NO","NO"
"Komatsu","PC 20R Utility","PC20R Utility","komatsu-pc20rutility","300x55x78; 300x52.5x80","NO","NO","NO","NO"
"Komatsu","PC 20R-8 (SN > 10000) [OEM 260x52.5x76]","PC20R-8","komatsu-pc20r-8","260x52.5x76; 250x52.5x76; 300x52.5x76; 260x109x37","NO","NO","NO","NO"
"Komatsu","PC 20UU","PC20UU","komatsu-pc20uu","250x52.5x78; 300x52.5x78","NO","NO","NO","NO"
"Komatsu","PC 20UU-3 avance (SN > 10001)","PC20UU-3avance","komatsu-pc20uu-3avance","250x52.5x78; 300x52.5x78","NO","NO","NO","NO"
"Komatsu","PC 22MR-3","PC22MR-3","komatsu-pc22mr-3","250x52.5x78; 300x52.5x78","NO","NO","NO","NO"
"Komatsu","PC 24MR-5","PC24MR-5","komatsu-pc24mr-5","250x52.5x76","NO","NO","NO","NO"
"Komatsu","PC 25","PC25","komatsu-pc25","300x109x41; 300x52.5x84; 300x55x81","NO","NO","NO","NO"
"Komatsu","PC 25 avance R (1001 < SN &lt; 6470)","PC25avance R","komatsu-pc25avancer","300x109x41; 300x52.5x84; 300x55x81","NO","NO","NO","NO"
"Komatsu","PC 25-1 (SN > 6470)","PC25-1","komatsu-pc25-1","300x109x41; 300x52.5x84; 300x55x81","NO","NO","NO","NO"
"Komatsu","PC 25-2","PC25-2","komatsu-pc25-2","300x109x41; 300x52.5x84; 300x55x81","NO","NO","NO","NO"
"Komatsu","PC 25-7","PC25-7","komatsu-pc25-7","300x55x82; 300x52.5x84","NO","NO","NO","NO"
"Komatsu","PC 25E-1 (SN > 6470)","PC25E-1","komatsu-pc25e-1","300x55x82; 300x52.5x84","NO","NO","NO","NO"
"Komatsu","PC 25R","PC25R","komatsu-pc25r","300x52.5x80; 300x55x77","NO","NO","NO","NO"
"Komatsu","PC 25R-8","PC25R-8","komatsu-pc25r-8","300x52.5x80; 300x55x77","NO","NO","NO","NO"
"Komatsu","PC 26MR","PC26MR","komatsu-pc26mr","300x52.5x80","NO","NO","NO","NO"
"Komatsu","PC 26MR-5","PC26MR-5","komatsu-pc26mr-5","300x52.5x80","NO","NO","NO","NO"
"Komatsu","PC 27","PC27","komatsu-pc27","300x109x39; 300x52.5x80; 300x55x77","NO","NO","NO","NO"
"Komatsu","PC 27MR","PC27MR","komatsu-pc27mr","300x52.5x80","NO","NO","NO","NO"
"Komatsu","PC 27MR-1 avance (SN > 10001)","PC27MR-1avance","komatsu-pc27mr-1avance","300x52.5x80","NO","NO","NO","NO"
"Komatsu","PC 27MR-2","PC27MR-2","komatsu-pc27mr-2","300x52.5x80","NO","NO","NO","NO"
"Komatsu","PC 27MR-3","PC27MR-3","komatsu-pc27mr-3","300x52.5x80","NO","NO","NO","NO"
"Komatsu","PC 27MRX","PC27MRX","komatsu-pc27mrx","300x52.5x80","NO","NO","NO","NO"
"Komatsu","PC 27R","PC27R","komatsu-pc27r","300x55x78","NO","NO","NO","NO"
"Komatsu","PC 27R Utility","PC27R Utility","komatsu-pc27rutility","300x55x78","NO","NO","NO","NO"
"Komatsu","PC 27R-8","PC27R-8","komatsu-pc27r-8","300x109x39; 300x52.5x80; 300x55x77","NO","NO","NO","NO"
"Komatsu","PC 27R-8E Deluxe","PC27R-8E Deluxe","komatsu-pc27r-8edeluxe","300x55x78; 300x55x77","NO","NO","NO","NO"
"Komatsu","PC 28","PC28","komatsu-pc28","260x109x39; 300x52.5x80; 260x100x42; 300x55x77","NO","NO","NO","NO"
"Komatsu","PC 28 UU-3 avance (SN > 30001)","PC28UU-3avance","komatsu-pc28uu-3avance","300x52.5x80; 300x55x77","NO","NO","NO","NO"
"Komatsu","PC 28-1 (S/N > 2358)","PC28-1","komatsu-pc28-1","260x109x39; 300x52.5x80; 300x55x77","NO","NO","NO","NO"
"Komatsu","PC 28-2","PC28-2","komatsu-pc28-2","260x109x39; 300x52.5x80; 300x55x77","NO","NO","NO","NO"
"Komatsu","PC 28-2 avance (7001 < SN &lt; 10800)","PC28-2avance","komatsu-pc28-2avance","300x109x39; 300x52.5x80; 300x55x77","NO","NO","NO","NO"
"Komatsu","PC 28R","PC28R","komatsu-pc28r","260x109x39; 300x52.5x80; 300x55x77","NO","NO","NO","NO"
"Komatsu","PC 28uu","PC28uu","komatsu-pc28uu","260x109x39; 300x52.5x80; 300x55x77","NO","NO","NO","NO"
"Komatsu","PC 28uu-1","PC28uu-1","komatsu-pc28uu-1","260x109x39; 300x52.5x80; 300x55x77","NO","NO","NO","NO"
"Komatsu","PC 28uu-2","PC28uu-2","komatsu-pc28uu-2","260x109x39; 300x52.5x80; 300x55x77","NO","NO","NO","NO"
"Komatsu","PC 28uu-3","PC28uu-3","komatsu-pc28uu-3","300x52.5x80; 300x55x77","NO","NO","NO","NO"
"Komatsu","PC 30","PC30","komatsu-pc30","300x109x41; 320x100x45; 300x52.5x84; 300x55x81","NO","NO","NO","NO"
"Komatsu","PC 30 avance R","PC30avance R","komatsu-pc30avancer","300x109x41; 300x52.5x84; 300x55x81","NO","NO","NO","NO"
"Komatsu","PC 30-5","PC30-5","komatsu-pc30-5","300x109x41; 320x100x45; 300x52.5x84; 300x55x81","NO","NO","NO","NO"
"Komatsu","PC 30-6","PC30-6","komatsu-pc30-6","300x109x41; 300x52.5x84; 300x55x81","NO","NO","NO","NO"
"Komatsu","PC 30-7 (S/N < F18384)","PC30-7","komatsu-pc30-7","300x109x41; 300x52.5x84; 300x55x81","NO","NO","NO","NO"
"Komatsu","PC 30-7E","PC30-7E","komatsu-pc30-7e","300x109x41; 300x52.5x84; 300x55x81","NO","NO","NO","NO"
"Komatsu","PC 30-8","PC30-8","komatsu-pc30-8","300x109x41; 300x55x81","NO","NO","NO","NO"
"Komatsu","PC 30FR-1","PC30FR-1","komatsu-pc30fr-1","300x55x78","NO","NO","NO","NO"
"Komatsu","PC 30FR-2","PC30FR-2","komatsu-pc30fr-2","300x55.5x82","NO","NO","NO","NO"
"Komatsu","PC 30MR","PC30MR","komatsu-pc30mr","300x52.5x84; 300x55x81","NO","NO","NO","NO"
"Komatsu","PC 30MR-1","PC30MR-1","komatsu-pc30mr-1","300x52.5x84; 300x55x81; 300x52.5x86","NO","NO","NO","NO"
"Komatsu","PC 30MR-2","PC30MR-2","komatsu-pc30mr-2","300x52.5x86","NO","NO","NO","NO"
"Komatsu","PC 30MR-3","PC30MR-3","komatsu-pc30mr-3","300x52.5x86","NO","NO","NO","NO"
"Komatsu","PC 30MRX","PC30MRX","komatsu-pc30mrx","300x52.5x84","NO","NO","NO","NO"
"Komatsu","PC 30R","PC30R","komatsu-pc30r","300x52.5x84; 300x55x81","NO","NO","NO","NO"
"Komatsu","PC 30R-8","PC30R-8","komatsu-pc30r-8","300x109x41; 300x52.5x84; 300x55x81","NO","NO","NO","NO"
"Komatsu","PC 30R-8 avance (SN > 10001)","PC30R-8avance","komatsu-pc30r-8avance","300x52.5x84; 300x55x81","NO","NO","NO","NO"
"Komatsu","PC 30uu-2","PC30uu-2","komatsu-pc30uu-2","300x109x41; 300x52.5x84; 300x55x81","NO","NO","NO","NO"
"Komatsu","PC 30uu-3","PC30uu-3","komatsu-pc30uu-3","300x109x41; 300x52.5x84; 300x55x81","NO","NO","NO","NO"
"Komatsu","PC 35","PC35","komatsu-pc35","300x109x41; 300x52.5x84; 300x55x81","NO","NO","NO","NO"
"Komatsu","PC 35-8","PC35-8","komatsu-pc35-8","300x52.5x84","NO","NO","NO","NO"
"Komatsu","PC 35MR","PC35MR","komatsu-pc35mr","300x109x41; 300x52.5x84; 300x55x81","NO","NO","NO","NO"
"Komatsu","PC 35MR-1","PC35MR-1","komatsu-pc35mr-1","300x52.5x84; 300x55x81; 300x52.5x86","NO","NO","NO","NO"
"Komatsu","PC 35MR-2","PC35MR-2","komatsu-pc35mr-2","300x52.5x86","NO","NO","NO","NO"
"Komatsu","PC 35MR-3","PC35MR-3","komatsu-pc35mr-3","300x52.5x86","NO","NO","NO","NO"
"Komatsu","PC 35MR-5","PC35MR-5","komatsu-pc35mr-5","300x52.5x86","NO","NO","NO","NO"
"Komatsu","PC 35MRX","PC35MRX","komatsu-pc35mrx","300x52.5x84; 300x55x81","NO","NO","NO","NO"
"Komatsu","PC 35R","PC35R","komatsu-pc35r","300x109x41; 300x52.5x84; 300x55x81","NO","NO","NO","NO"
"Komatsu","PC 35R Utility","PC35R Utility","komatsu-pc35rutility","300x55x82; 300x52.5x84","NO","NO","NO","NO"
"Komatsu","PC 35R-8 Deluxe","PC35R-8Deluxe","komatsu-pc35r-8deluxe","300x52.5x84","NO","NO","NO","NO"
"Komatsu","PC 35R-8 [OEM 300x109x41]","PC35R-8","komatsu-pc35r-8","300x109x41; 300x52.5x84; 300x55x81; 300x55x82","NO","NO","NO","NO"
"Komatsu","PC 35R-8 avance (SN > 35001)","PC35R-8avance","komatsu-pc35r-8avance","300x52.5x84","NO","NO","NO","NO"
"Komatsu","PC 38","PC38","komatsu-pc38","300x109x41; 300x52.5x84; 300x55x81","NO","NO","NO","NO"
"Komatsu","PC 38-2","PC38-2","komatsu-pc38-2","300x109x41; 300x52.5x84; 300x55x81","NO","NO","NO","NO"
"Komatsu","PC 38-2 avance R","PC38-2avance R","komatsu-pc38-2avancer","300x109x41; 300x52.5x84; 300x55x81","NO","NO","NO","NO"
"Komatsu","PC 38uu-2","PC38uu-2","komatsu-pc38uu-2","300x55x82; 300x52.5x86","NO","NO","NO","NO"
"Komatsu","PC 38uu-2 avance (3001 < SN &lt; 4482)","PC38uu-2avance","komatsu-pc38uu-2avance","300x109x41; 300x52.5x84; 300x55x81","NO","NO","NO","NO"
"Komatsu","PC 38uu-3","PC38uu-3","komatsu-pc38uu-3","300x55x82; 300x52.5x86","NO","NO","NO","NO"
"Komatsu","PC 38uuM-2","PC38uuM-2","komatsu-pc38uum-2","300x55x82; 300x52.5x86","NO","NO","NO","NO"
"Komatsu","PC 38uuM-2 avance (SN > 1001)","PC38uuM-2avance","komatsu-pc38uum-2avance","300x52.5x84; 300x55x81","NO","NO","NO","NO"
"Komatsu","PC 40 avance R (> 24521)","PC40avance R","komatsu-pc40avancer","400x72.5x72","NO","NO","NO","NO"
"Komatsu","PC 40-7 (SN > 24521)","PC40-7","komatsu-pc40-7","400x73x72; 400x72.5x72","NO","NO","NO","NO"
"Komatsu","PC 40FR-2 ('Victas assymetric')","PC40FR-2","komatsu-pc40fr-2","350x75.5x74; 400x75.5x74","NO","NO","NO","NO"
"Komatsu","PC 40MR","PC40MR","komatsu-pc40mr","400x72.5x72","NO","NO","NO","NO"
"Komatsu","PC 40MR-1 (SN > 1001)","PC40MR-1","komatsu-pc40mr-1","400x73x72; 400x72.5x72","NO","NO","NO","NO"
"Komatsu","PC 40MR-2","PC40MR-2","komatsu-pc40mr-2","400x72.5x74","NO","NO","NO","NO"
"Komatsu","PC 40MRX","PC40MRX","komatsu-pc40mrx","400x73x72; 400x72.5x72","NO","NO","NO","NO"
"Komatsu","PC 40R (S/N > 24522)","PC40R","komatsu-pc40r","400x72.5x72","NO","NO","NO","NO"
"Komatsu","PC 40R-8","PC40R-8","komatsu-pc40r-8","400x72.5x72","NO","NO","NO","NO"
"Komatsu","PC 40R-8 avance (SN > 30001)","PC40R-8avance","komatsu-pc40r-8avance","400x73x72; 400x72.5x72","NO","NO","NO","NO"
"Komatsu","PC 40T","PC40T","komatsu-pc40t","400x73x72; 400x72.5x72","NO","NO","NO","NO"
"Komatsu","PC 45","PC45","komatsu-pc45","400x72.5x72","NO","NO","NO","NO"
"Komatsu","PC 45 avance R (S/N > 3505)","PC45avance R","komatsu-pc45avancer","400x73x72; 400x72.5x72","NO","NO","NO","NO"
"Komatsu","PC 45-1 (F1492)","PC45-1","komatsu-pc45-1","400x72.5x72","NO","NO","NO","NO"
"Komatsu","PC 45-1E","PC45-1E","komatsu-pc45-1e","400x72.5x72","NO","NO","NO","NO"
"Komatsu","PC 45-8","PC45-8","komatsu-pc45-8","400x72.5x72","NO","NO","NO","NO"
"Komatsu","PC 45MR","PC45MR","komatsu-pc45mr","400x72.5x72","NO","NO","NO","NO"
"Komatsu","PC 45MR-1","PC45MR-1","komatsu-pc45mr-1","400x73x72; 400x72.5x72","NO","NO","NO","NO"
"Komatsu","PC 45MR-3","PC45MR-3","komatsu-pc45mr-3","450x86x58","NO","NO","NO","NO"
"Komatsu","PC 45MR-5","PC45MR-5","komatsu-pc45mr-5","320x86x54; 375x86x54; 400x86x54","NO","NO","NO","NO"
"Komatsu","PC 45MRX","PC45MRX","komatsu-pc45mrx","320x86x54; 375x86x54; 400x86x54","NO","NO","NO","NO"
"Komatsu","PC 45R (> 3506)","PC45R","komatsu-pc45r","320x86x54; 375x86x54; 400x86x54","NO","NO","NO","NO"
"Komatsu","PC 45R Utility","PC45R Utility","komatsu-pc45rutility","400x72.5x72","NO","NO","NO","NO"
"Komatsu","PC 45R-8","PC45R-8","komatsu-pc45r-8","400x72.5x72","NO","NO","NO","NO"
"Komatsu","PC 45R-8 avance (SN > 5001)","PC45R-8avance","komatsu-pc45r-8avance","400x73x72; 400x72.5x72","NO","NO","NO","NO"
"Komatsu","PC 50-2 (> 12772)","PC50-2","komatsu-pc50-2","400x73x72; 400x72.5x72","NO","NO","NO","NO"
"Komatsu","PC 50-2 avance R (S/N > 12771)","PC50-2avance R","komatsu-pc50-2avancer","400x72.5x72","NO","NO","NO","NO"
"Komatsu","PC 50-3","PC50-3","komatsu-pc50-3","400x72.5x72","NO","NO","NO","NO"
"Komatsu","PC 50FR-1","PC50FR-1","komatsu-pc50fr-1","400x72.5x72","NO","NO","NO","NO"
"Komatsu","PC 50FR-2 (Victas assymetric)","PC50FR-2","komatsu-pc50fr-2","400x75.5x74","NO","NO","NO","NO"
"Komatsu","PC 50M-2","PC50M-2","komatsu-pc50m-2","400x72.5x72","NO","NO","NO","NO"
"Komatsu","PC 50MR","PC50MR","komatsu-pc50mr","400x72.5x74","NO","NO","NO","NO"
"Komatsu","PC 50MR-1 (>05/04 mfg)","PC50MR-1","komatsu-pc50mr-1","400x72.5x74","NO","NO","NO","NO"
"Komatsu","PC 50MR-2 ('2006)","PC50MR-2","komatsu-pc50mr-2","400x72.5x74","NO","NO","NO","NO"
"Komatsu","PC 50UD UG-2 (SN > 12750)","PC50UD UG-2","komatsu-pc50udug-2","400x73x72; 400x72.5x72","NO","NO","NO","NO"
"Komatsu","PC 50uu-2 (New)","PC50uu-2","komatsu-pc50uu-2","400x73x72; 400x72.5x72","NO","NO","NO","NO"
"Komatsu","PC 50uu-2 avance (SN > 12772)","PC50uu-2avance","komatsu-pc50uu-2avance","400x73x72; 400x72.5x72","NO","NO","NO","NO"
"Komatsu","PC 50uu-2E (SN > 12760)","PC50uu-2E","komatsu-pc50uu-2e","400x73x72; 400x72.5x72","NO","NO","NO","NO"
"Komatsu","PC 50uuM-2","PC50uuM-2","komatsu-pc50uum-2","400x72.5x72","NO","NO","NO","NO"
"Komatsu","PC 50uuM-2 avance (SN > 10001)","PC50uuM-2avance","komatsu-pc50uum-2avance","400x73x72; 400x72.5x72","NO","NO","NO","NO"
"Komatsu","PC 55MR","PC55MR","komatsu-pc55mr","400x72.5x74","NO","NO","NO","NO"
"Komatsu","PC 55MR-3","PC55MR-3","komatsu-pc55mr-3","400x72.5x74","NO","NO","NO","NO"
"Komatsu","PC 58SF-1 (SN > 1001)","PC58SF-1","komatsu-pc58sf-1","400x73x72; 400x72.5x72","NO","NO","NO","NO"
"Komatsu","PC 58uu-3","PC58uu-3","komatsu-pc58uu-3","400x135x38; 400x72.5x72","NO","NO","NO","NO"
"Komatsu","PC 58uu-X","PC58uu-X","komatsu-pc58uu-x","400x135x38; 400x72.5x72","NO","NO","NO","NO"
"Komatsu","PC 60-6 (type 2)","PC60-6","komatsu-pc60-6","450x83.5x74; 450x81x76","NO","NO","NO","NO"
"Komatsu","PC 75","PC75","komatsu-pc75","450x76x80","NO","NO","NO","NO"
"Komatsu","PC 75-1 (S/N 1175 - 5001)","PC75-1","komatsu-pc75-1","450x76x80","NO","NO","NO","NO"
"Komatsu","PC 75-2 (S/N 5001 - 7927)","PC75-2","komatsu-pc75-2","450x76x80; 450x83.5x74; 450x81x76","NO","NO","NO","NO"
"Komatsu","PC 75R-2","PC75R-2","komatsu-pc75r-2","450x76x80","NO","NO","NO","NO"
"Komatsu","PC 75R-8","PC75R-8","komatsu-pc75r-8","450x76x80","NO","NO","NO","NO"
"Komatsu","PC 75uu-1 (SN > 1175)","PC75uu-1","komatsu-pc75uu-1","450x83.5x74; 450x81x76","NO","NO","NO","NO"
"Komatsu","PC 75uu-2 (SN > 7927)","PC75uu-2","komatsu-pc75uu-2","450x83.5x74; 450x81x76","NO","NO","NO","NO"
"Komatsu","PC 75uu-2A","PC75uu-2A","komatsu-pc75uu-2a","450x83.5x74; 450x81x76","NO","NO","NO","NO"
"Komatsu","PC 75uu-2AR","PC75uu-2AR","komatsu-pc75uu-2ar","450x83.5x74; 450x81x76","NO","NO","NO","NO"
"Komatsu","PC 75uu-2DQ","PC75uu-2DQ","komatsu-pc75uu-2dq","450x83.5x74; 450x81x76","NO","NO","NO","NO"
"Komatsu","PC 75uu-2R","PC75uu-2R","komatsu-pc75uu-2r","450x83.5x74; 450x81x76","NO","NO","NO","NO"
"Komatsu","PC 75uu-3","PC75uu-3","komatsu-pc75uu-3","450x83.5x74; 450x81x76","NO","NO","NO","NO"
"Komatsu","PC 75uu-3A","PC75uu-3A","komatsu-pc75uu-3a","450x83.5x74; 450x81x76","NO","NO","NO","NO"
"Komatsu","PC 75uu-3T","PC75uu-3T","komatsu-pc75uu-3t","450x83.5x74; 450x81x76","NO","NO","NO","NO"
"Komatsu","PC 75uuT-6","PC75uuT-6","komatsu-pc75uut-6","450x83.5x74; 450x81x76","NO","NO","NO","NO"
"Komatsu","PC 78MR-6 (verify links! May be 74 link count)","PC78MR-6","komatsu-pc78mr-6","450x83.5x74; 450x81x76","NO","NO","NO","NO"
"Komatsu","PC 78N","PC78N","komatsu-pc78n","450x83.5x74; 450x81x76","NO","NO","NO","NO"
"Komatsu","PC 80MR","PC80MR","komatsu-pc80mr","450x83.5x74; 450x81x76","NO","NO","NO","NO"
"Komatsu","PC 80MR-5","PC80MR-5","komatsu-pc80mr-5","450x83.5x74; 450x81x76","NO","NO","NO","NO"
"Komatsu","PC 88MR","PC88MR","komatsu-pc88mr","450x83.5x74; 450x81x76","NO","NO","NO","NO"
"Komatsu","PC 88MR-10","PC88MR-10","komatsu-pc88mr-10","450x83.5x74; 450x81x76","NO","NO","NO","NO"
"Komatsu","PC 88MR-6","PC88MR-6","komatsu-pc88mr-6","450x83.5x74; 450x81x76","NO","NO","NO","NO"
"Komatsu","PC 88MR-8","PC88MR-8","komatsu-pc88mr-8","450x83.5x74; 450x81x76","NO","NO","NO","NO"
"Komatsu","PC 95","PC95","komatsu-pc95","450x76x84","NO","NO","NO","NO"
"Komatsu","PC 95-1","PC95-1","komatsu-pc95-1","450x76x84","NO","NO","NO","NO"
"Komatsu","PC 95R-2","PC95R-2","komatsu-pc95r-2","450x76x84","NO","NO","NO","NO"
"Komatsu","PC12R-8","PC12R-8","komatsu-pc12r-8","230x96x31; 230x48x62","NO","NO","NO","NO"
"Komatsu","PC12R-8 Mistral HS","PC12R-8Mistral HS","komatsu-pc12r-8mistralhs","230x96x31; 230x48x62","NO","NO","NO","NO"
"Komatsu","PC12R-8 avance","PC12R-8avance","komatsu-pc12r-8avance","230x96x31; 230x48x62","NO","NO","NO","NO"
"Komatsu","PC14R HS","PC14R HS","komatsu-pc14rhs","230x96x35; 230x48x70","NO","NO","NO","NO"
"Komatsu","PC14R-2","PC14R-2","komatsu-pc14r-2","230x96x31; 230x48x62","NO","NO","NO","NO"
"Komatsu","PC14R-2 HS","PC14R-2HS","komatsu-pc14r-2hs","230x96x35; 230x48x70","NO","NO","NO","NO"
"Komatsu","PC14R-3","PC14R-3","komatsu-pc14r-3","230x48x62","NO","NO","NO","NO"
"Komatsu","PC14R-3 HS","PC14R-3HS","komatsu-pc14r-3hs","230x48x70","NO","NO","NO","NO"
"Komatsu","PC15","PC15","komatsu-pc15","300x52.5x80; 260x100x42; 300x55x77","NO","NO","NO","NO"
"Komatsu","PC15 FR-1","PC15FR-1","komatsu-pc15fr-1","230x72x47","NO","NO","NO","NO"
"Komatsu","PC15 MR","PC15MR","komatsu-pc15mr","200x72x41; 230x96x35; 230x48x70","NO","NO","NO","NO"
"Komatsu","PC15 MR-1","PC15MR-1","komatsu-pc15mr-1","180x72x41","NO","NO","NO","NO"
"Komatsu","PC15 MRX","PC15MRX","komatsu-pc15mrx","230x96x35; 230x48x70","NO","NO","NO","NO"
"Komatsu","PC15 MRX-1","PC15MRX-1","komatsu-pc15mrx-1","230x96x35; 230x48x70","NO","NO","NO","NO"
"Komatsu","PC15 P","PC15P","komatsu-pc15p","260x109x39; 300x52.5x80; 300x55x77","NO","NO","NO","NO"
"Komatsu","PC15 R","PC15R","komatsu-pc15r","230x96x31; 230x48x62","NO","NO","NO","NO"
"Komatsu","PC15 R HS","PC15R HS","komatsu-pc15rhs","230x96x31; 230x48x62","NO","NO","NO","NO"
"Komatsu","PC15 R Mistral","PC15R Mistral","komatsu-pc15rmistral","230x96x31; 230x48x62","NO","NO","NO","NO"
"Komatsu","PC15 R-8E Deluxe","PC15R-8E Deluxe","komatsu-pc15r-8edeluxe","230x96x31; 230x48x62","NO","NO","NO","NO"
"Komatsu","PC15 avance R(5001<SN&lt;6221)","PC15avance R","komatsu-pc15avancer","300x109x39; 300x52.5x80; 300x55x77","NO","NO","NO","NO"
"Komatsu","PC15-1 (SN>1001)","PC15-1","komatsu-pc15-1","260x109x39; 300x52.5x80; 300x55x77","NO","NO","NO","NO"
"Komatsu","PC15-2 (Not on new rollers)","PC15-2","komatsu-pc15-2","260x109x39; 300x52.5x80; 300x55x77","NO","NO","NO","NO"
"Komatsu","PC15-3","PC15-3","komatsu-pc15-3","260x109x39; 300x52.5x80; 300x55x77","NO","NO","NO","NO"
"Komatsu","PC15-6","PC15-6","komatsu-pc15-6","260x109x39; 300x52.5x80; 300x55x77","NO","NO","NO","NO"
"Komatsu","PC15-7","PC15-7","komatsu-pc15-7","300x52.5x80","NO","NO","NO","NO"
"Komatsu","PC16 R HS","PC16R HS","komatsu-pc16rhs","230x96x35; 230x48x70","NO","NO","NO","NO"
"Komatsu","PC16 R-2","PC16R-2","komatsu-pc16r-2","230x96x31; 230x48x62","NO","NO","NO","NO"
"Komatsu","PC16 R-2HS","PC16R-2HS","komatsu-pc16r-2hs","230x96x35; 230x48x70","NO","NO","NO","NO"
"Komatsu","PC16 R-3","PC16R-3","komatsu-pc16r-3","230x48x62","NO","NO","NO","NO"
"Komatsu","PC16R-3HS","PC16R-3HS","komatsu-pc16r-3hs","230x48x70","NO","NO","NO","NO"
"Komatsu","PC18MR('2006)","PC18MR","komatsu-pc18mr","230x96x35; 230x48x70","NO","NO","NO","NO"
"Komatsu","PC18MR-2('2006)","PC18MR-2","komatsu-pc18mr-2","230x96x35; 230x48x70","NO","NO","NO","NO"
"Komatsu","PC18MR-3","PC18MR-3","komatsu-pc18mr-3","230x96x35; 230x48x70","NO","NO","NO","NO"
"Komatsu","PC18MR-5","PC18MR-5","komatsu-pc18mr-5","230x48x70","NO","NO","NO","NO"
"Komatsu","PC20","PC20","komatsu-pc20","320x100x45; 300x109x41","NO","NO","NO","NO"
"Komatsu","PC20 MR-2","PC20MR-2","komatsu-pc20mr-2","260x52.5x78; 300x52.5x78","NO","NO","NO","NO"
"Komatsu","PC20 avance R (35001<SN&lt;42354)","PC20avance R","komatsu-pc20avancer","300x109x39; 300x52.5x80","NO","NO","NO","NO"
"Komatsu","PC20-8","PC20-8","komatsu-pc20-8","300x55x78; 300x52.5x80","NO","NO","NO","NO"
"Komatsu","PC75R","PC75R","komatsu-pc75r","450x76x80","NO","NO","NO","NO"
"Komatsu","SK1020 (VTS System for Skidsteer Loader)","SK1020","komatsu-sk1020","450x86x58","NO","NO","NO","NO"
"Komatsu","SK815 (VTS System for Skidsteer Loader)","SK815","komatsu-sk815","320x86x54; 375x86x54; 400x86x54","NO","NO","NO","NO"
"Komatsu","SK818 (VTS System for Skidsteer Loader)","SK818","komatsu-sk818","320x86x54; 375x86x54; 400x86x54","NO","NO","NO","NO"
"Komatsu","SK820 (VTS System for Skidsteer Loader)","SK820","komatsu-sk820","320x86x54; 375x86x54; 400x86x54","NO","NO","NO","NO"
"Kubota","AR 30","AR30","kubota-ar30","300x109x39; 300x52.5x80","NO","NO","NO","NO"
"Kubota","D902","D902","kubota-d902","230x96x32; 230x48x64","NO","NO","NO","NO"
"Kubota","FH 007","FH007","kubota-fh007","180x72x36","NO","NO","NO","NO"
"Kubota","HG","HG","kubota-hg","200x72x42","NO","NO","NO","NO"
"Kubota","K 007","K007","kubota-k007","180x72x36","NO","NO","NO","NO"
"Kubota","K 008","K008","kubota-k008","180x72x37","NO","NO","NO","NO"
"Kubota","K 008-2","K008-2","kubota-k008-2","180x72x37","NO","NO","NO","NO"
"Kubota","K 008-3","K008-3","kubota-k008-3","180x72x37","NO","NO","NO","NO"
"Kubota","K 008-3G","K008-3G","kubota-k008-3g","180x72x37","NO","NO","NO","NO"
"Kubota","K 008DH","K008DH","kubota-k008dh","180x72x37","NO","NO","NO","NO"
"Kubota","K 013","K013","kubota-k013","200x96x30; 230x48x60","NO","NO","NO","NO"
"Kubota","K 015","K015","kubota-k015","200x96x30; 230x48x60","NO","NO","NO","NO"
"Kubota","K 020","K020","kubota-k020","250x109x37; 250x52.5x76; 300x52.5x76","NO","NO","NO","NO"
"Kubota","K 022","K022","kubota-k022","250x109x37; 250x52.5x76; 300x52.5x76","NO","NO","NO","NO"
"Kubota","K 025","K025","kubota-k025","300x109x37; 250x52.5x76; 300x52.5x76","NO","NO","NO","NO"
"Kubota","K 028","K028","kubota-k028","300x109x39; 300x52.5x80","NO","NO","NO","NO"
"Kubota","K 030","K030","kubota-k030","300x109x39; 300x52.5x80","NO","NO","NO","NO"
"Kubota","K 030-3","K030-3","kubota-k030-3","300x53x80","NO","NO","NO","NO"
"Kubota","K 035","K035","kubota-k035","300x52.5x84","NO","NO","NO","NO"
"Kubota","K 035-3","K035-3","kubota-k035-3","300x53x84","NO","NO","NO","NO"
"Kubota","K 038","K038","kubota-k038","350x56x84; 350x52.5x88","NO","NO","NO","NO"
"Kubota","K 040","K040","kubota-k040","400x72.5x72","NO","NO","NO","NO"
"Kubota","K 045","K045","kubota-k045","400x72.5x72","NO","NO","NO","NO"
"Kubota","K 080","K080","kubota-k080","450x81.5x76; 450x81x76","NO","NO","NO","NO"
"Kubota","K 151","K151","kubota-k151","400x72.5x72","NO","NO","NO","NO"
"Kubota","KC 110H (dumper)","KC110H","kubota-kc110h","250x72x48","NO","NO","NO","NO"
"Kubota","KC 110HR (dumper)","KC110HR","kubota-kc110hr","250x72x48","NO","NO","NO","NO"
"Kubota","KC 110HR-4 (dumper)","KC110HR-4","kubota-kc110hr-4","230x72x43","NO","NO","NO","NO"
"Kubota","KC 120 (dumper)","KC120","kubota-kc120","250x72x45; 230x72x46","NO","NO","NO","NO"
"Kubota","KC 121 (dumper)","KC121","kubota-kc121","280x72x52; 250x72x52","NO","NO","NO","NO"
"Kubota","KC 140","KC140","kubota-kc140","250x72x45","NO","NO","NO","NO"
"Kubota","KC 40 (dumper)","KC40","kubota-kc40","180x60x34","NO","NO","NO","NO"
"Kubota","KC 50 (dumper) [OEM 200x72x34]","KC50","kubota-kc50","200x72x34; 200x72x39","NO","NO","NO","NO"
"Kubota","KC 50 new (dumper) [OEM 250x72x46]","KC50new","kubota-kc50new","250x72x46","NO","NO","NO","NO"
"Kubota","KC 50LZ (dumper)","KC50LZ","kubota-kc50lz","200x72x39","NO","NO","NO","NO"
"Kubota","KC 51","KC51","kubota-kc51","200x72x39","NO","NO","NO","NO"
"Kubota","KC 70 (dumper)","KC70","kubota-kc70","200x72x39","NO","NO","NO","NO"
"Kubota","KH 007","KH007","kubota-kh007","180x72x36; 180x72x37","NO","NO","NO","NO"
"Kubota","KH 008","KH008","kubota-kh008","180x72x37","NO","NO","NO","NO"
"Kubota","KH 012 (new)","KH012","kubota-kh012","230x96x30; 230x48x60; 200x72x42","NO","NO","NO","NO"
"Kubota","KH 012G","KH012G","kubota-kh012g","200x72x42","NO","NO","NO","NO"
"Kubota","KH 012HG","KH012HG","kubota-kh012hg","200x72x42","NO","NO","NO","NO"
"Kubota","KH 014","KH014","kubota-kh014","230x72x42","NO","NO","NO","NO"
"Kubota","KH 014G","KH014G","kubota-kh014g","230x72x42","NO","NO","NO","NO"
"Kubota","KH 014HG","KH014HG","kubota-kh014hg","230x72x42","NO","NO","NO","NO"
"Kubota","KH 02","KH02","kubota-kh02","300x109x37; 250x52.5x76; 300x52.5x76","NO","NO","NO","NO"
"Kubota","KH 021","KH021","kubota-kh021","250x109x35; 300x52.5x72","NO","NO","NO","NO"
"Kubota","KH 021HG","KH021HG","kubota-kh021hg","250x109x35; 300x52.5x72","NO","NO","NO","NO"
"Kubota","KH 024","KH024","kubota-kh024","300x109x37","NO","NO","NO","NO"
"Kubota","KH 026","KH026","kubota-kh026","300x109x37","NO","NO","NO","NO"
"Kubota","KH 026G","KH026G","kubota-kh026g","300x109x35","NO","NO","NO","NO"
"Kubota","KH 027","KH027","kubota-kh027","300x109x37; 250x52.5x76; 300x52.5x76","NO","NO","NO","NO"
"Kubota","KH 027G","KH027G","kubota-kh027g","300x109x37; 250x52.5x76; 300x52.5x76","NO","NO","NO","NO"
"Kubota","KH 02HG","KH02HG","kubota-kh02hg","300x109x37; 250x52.5x76; 300x52.5x76","NO","NO","NO","NO"
"Kubota","KH 030","KH030","kubota-kh030","300x109x39; 300x52.5x80","NO","NO","NO","NO"
"Kubota","KH 030G","KH030G","kubota-kh030g","300x109x39; 300x52.5x80","NO","NO","NO","NO"
"Kubota","KH 030HG","KH030HG","kubota-kh030hg","300x109x39; 300x52.5x80","NO","NO","NO","NO"
"Kubota","KH 033 [OEM 300x109x39]","KH033","kubota-kh033","300x109x39; 300x109x41","NO","NO","NO","NO"
"Kubota","KH 033HG [OEM 300x109x39]","KH033HG","kubota-kh033hg","300x109x39; 300x109x41","NO","NO","NO","NO"
"Kubota","KH 040","KH040","kubota-kh040","400x142x37; 400x72.5x72","NO","NO","NO","NO"
"Kubota","KH 041","KH041","kubota-kh041","230x72x42","NO","NO","NO","NO"
"Kubota","KH 045","KH045","kubota-kh045","400x142x37; 400x72.5x72","NO","NO","NO","NO"
"Kubota","KH 05","KH05","kubota-kh05","200x72x42","NO","NO","NO","NO"
"Kubota","KH 055","KH055","kubota-kh055","400x142x39; 400x72.5x76","NO","NO","NO","NO"
"Kubota","KH 055N","KH055N","kubota-kh055n","400x72.5x76","NO","NO","NO","NO"
"Kubota","KH 060","KH060","kubota-kh060","300x109x37; 250x52.5x76; 300x52.5x76","NO","NO","NO","NO"
"Kubota","KH 07","KH07","kubota-kh07","180x72x37","NO","NO","NO","NO"
"Kubota","KH 090","KH090","kubota-kh090","300x109x41; 300x52.5x84","NO","NO","NO","NO"
"Kubota","KH 101","KH101","kubota-kh101","300x109x41; 300x52.5x84","NO","NO","NO","NO"
"Kubota","KH 12","KH12","kubota-kh12","200x72x42","NO","NO","NO","NO"
"Kubota","KH 120","KH120","kubota-kh120","230x72x42","NO","NO","NO","NO"
"Kubota","KH 121","KH121","kubota-kh121","300x109x35; 300x52.5x72","NO","NO","NO","NO"
"Kubota","KH 130","KH130","kubota-kh130","400x146x36; 400x72.5x72","NO","NO","NO","NO"
"Kubota","KH 14","KH14","kubota-kh14","230x72x42","NO","NO","NO","NO"
"Kubota","KH 14G","KH14G","kubota-kh14g","230x72x42","NO","NO","NO","NO"
"Kubota","KH 14HG","KH14HG","kubota-kh14hg","230x72x42","NO","NO","NO","NO"
"Kubota","KH 151","KH151","kubota-kh151","400x142x37; 400x72.5x72","NO","NO","NO","NO"
"Kubota","KH 191 [OEM 450x71x78]","KH191","kubota-kh191","450x71x78; 450x81x72","NO","NO","NO","NO"
"Kubota","KH 21","KH21","kubota-kh21","180x72x36","NO","NO","NO","NO"
"Kubota","KH 24","KH24","kubota-kh24","300x109x37; 250x52.5x76; 300x52.5x76","NO","NO","NO","NO"
"Kubota","KH 24HG","KH24HG","kubota-kh24hg","300x109x37; 250x52.5x76; 300x52.5x76","NO","NO","NO","NO"
"Kubota","KH 26HG","KH26HG","kubota-kh26hg","300x109x37; 250x52.5x76; 300x52.5x76","NO","NO","NO","NO"
"Kubota","KH 26SR [OEM 320x100x40]","KH26SR","kubota-kh26sr","320x100x40; 320x100x43","NO","NO","NO","NO"
"Kubota","KH 28","KH28","kubota-kh28","200x72x42","NO","NO","NO","NO"
"Kubota","KH 30SR [OEM 320x100x40]","KH30SR","kubota-kh30sr","320x100x40; 320x100x43","NO","NO","NO","NO"
"Kubota","KH 30SRG [OEM 320x100x40]","KH30SRG","kubota-kh30srg","320x100x40; 320x100x43","NO","NO","NO","NO"
"Kubota","KH 31","KH31","kubota-kh31","200x72x42","NO","NO","NO","NO"
"Kubota","KH 35","KH35","kubota-kh35","200x72x42","NO","NO","NO","NO"
"Kubota","KH 36","KH36","kubota-kh36","200x72x42","NO","NO","NO","NO"
"Kubota","KH 37","KH37","kubota-kh37","200x72x42","NO","NO","NO","NO"
"Kubota","KH 38","KH38","kubota-kh38","200x72x42","NO","NO","NO","NO"
"Kubota","KH 41 [OEM 230x72x42]","KH41","kubota-kh41","230x72x42; 230x96x30","NO","NO","NO","NO"
"Kubota","KH 41R","KH41R","kubota-kh41r","230x72x42","NO","NO","NO","NO"
"Kubota","KH 5","KH5","kubota-kh5","200x72x42","NO","NO","NO","NO"
"Kubota","KH 50 [OEM 230x72x42]","KH50","kubota-kh50","230x72x42; 250x109x35","NO","NO","NO","NO"
"Kubota","KH 50SR [OEM 420x100x52]","KH50SR","kubota-kh50sr","420x100x52; 420x100x54","NO","NO","NO","NO"
"Kubota","KH 51","KH51","kubota-kh51","250x109x35; 300x52.5x72","NO","NO","NO","NO"
"Kubota","KH 51SR [OEM 420x100x52]","KH51SR","kubota-kh51sr","420x100x52; 420x100x54","NO","NO","NO","NO"
"Kubota","KH 52","KH52","kubota-kh52","250x109x35; 300x52.5x72","NO","NO","NO","NO"
"Kubota","KH 52SR [OEM 400x146x36]","KH52SR","kubota-kh52sr","400x146x36; 420x100x52; 420x100x54","NO","NO","NO","NO"
"Kubota","KH 55 [OEM 230x72x42]","KH55","kubota-kh55","230x72x42; 250x109x35","NO","NO","NO","NO"
"Kubota","KH 55G","KH55G","kubota-kh55g","230x72x42","NO","NO","NO","NO"
"Kubota","KH 55R","KH55R","kubota-kh55r","230x72x42","NO","NO","NO","NO"
"Kubota","KH 55S","KH55S","kubota-kh55s","230x72x42","NO","NO","NO","NO"
"Kubota","KH 55X","KH55X","kubota-kh55x","230x72x42","NO","NO","NO","NO"
"Kubota","KH 5HC","KH5HC","kubota-kh5hc","200x72x42","NO","NO","NO","NO"
"Kubota","KH 60 [OEM 300x109x35]","KH60","kubota-kh60","300x109x35; 300x109x37","NO","NO","NO","NO"
"Kubota","KH 61","KH61","kubota-kh61","300x109x35; 300x52.5x72","NO","NO","NO","NO"
"Kubota","KH 65","KH65","kubota-kh65","300x109x37; 250x52.5x76; 300x52.5x76","NO","NO","NO","NO"
"Kubota","KH 66 [OEM 300x109x35]","KH66","kubota-kh66","300x109x35; 300x109x37","NO","NO","NO","NO"
"Kubota","KH 70 [OEM 300x109x37]","KH70","kubota-kh70","300x109x37; 300x109x39","NO","NO","NO","NO"
"Kubota","KH 71 [OEM 300x109x35]","KH71","kubota-kh71","300x109x35","NO","NO","NO","NO"
"Kubota","KH 90","KH90","kubota-kh90","300x109x41; 300x52.5x84","NO","NO","NO","NO"
"Kubota","KH 91","KH91","kubota-kh91","300x1009x39; 300x52.5x80","NO","NO","NO","NO"
"Kubota","KN 36","KN36","kubota-kn36","200x96x30; 230x48x60","NO","NO","NO","NO"
"Kubota","KN 51","KN51","kubota-kn51","250x109x35; 300x52.5x72","NO","NO","NO","NO"
"Kubota","KX 007","KX007","kubota-kx007","180x72x36","NO","NO","NO","NO"
"Kubota","KX 008","KX008","kubota-kx008","180x72x37","NO","NO","NO","NO"
"Kubota","KX 012","KX012","kubota-kx012","230x96x30; 230x48x60","NO","NO","NO","NO"
"Kubota","KX 014","KX014","kubota-kx014","230x96x30; 230x48x60","NO","NO","NO","NO"
"Kubota","KX 015-4","KX015-4","kubota-kx015-4","230x96x32; 230x48x64","YES","NO","NO","NO"
"Kubota","KX 016-4","KX016-4","kubota-kx016-4","230x96x32; 230x48x64","YES","NO","NO","NO"
"Kubota","KX 018-4","KX018-4","kubota-kx018-4","230x48x70","YES","NO","NO","NO"
"Kubota","KX 019-4","KX019-4","kubota-kx019-4","230x48x70","YES","NO","NO","NO"
"Kubota","KX 021 [OEM 250x109x35]","KX021","kubota-kx021","250x109x35; 250x109x37","NO","NO","NO","NO"
"Kubota","KX 021UR","KX021UR","kubota-kx021ur","250x19x37; 250x52.5x76; 300x52.5x76","NO","NO","NO","NO"
"Kubota","KX 024","KX024","kubota-kx024","250x109x35; 300x52.5x72","NO","NO","NO","NO"
"Kubota","KX 026","KX026","kubota-kx026","300x109x35; 300x52.5x72","NO","NO","NO","NO"
"Kubota","KX 027","KX027","kubota-kx027","300x109x37; 250x52.5x76; 300x52.5x76","NO","NO","NO","NO"
"Kubota","KX 027-4","KX027-4","kubota-kx027-4","300x53x80","NO","NO","NO","NO"
"Kubota","KX 030 [OEM 300x109x39]","KX030","kubota-kx030","300x109x39; 300x109x41","NO","NO","NO","NO"
"Kubota","KX 030-4","KX030-4","kubota-kx030-4","300x53x80","NO","NO","NO","NO"
"Kubota","KX 033 [OEM 300x109x39]","KX033","kubota-kx033","300x109x39; 300x109x41","NO","NO","NO","NO"
"Kubota","KX 033-4","KX033-4","kubota-kx033-4","300x53x84","NO","NO","NO","NO"
"Kubota","KX 037-4","KX037-4","kubota-kx037-4","300x53x84","NO","NO","NO","NO"
"Kubota","KX 040","KX040","kubota-kx040","400x142x37; 400x72.5x72","YES","NO","NO","NO"
"Kubota","KX 040-4","KX040-4","kubota-kx040-4","350x54.5x86","YES","NO","NO","NO"
"Kubota","KX 040-4HGA","KX040-4HGA","kubota-kx040-4hga","350x54.5x86","YES","NO","NO","NO"
"Kubota","KX 041","KX041","kubota-kx041","230x96x30; 230x48x60","NO","NO","NO","NO"
"Kubota","KX 042-4","KX042-4","kubota-kx042-4","350x54.5x86","NO","NO","NO","NO"
"Kubota","KX 045","KX045","kubota-kx045","400x142x37; 400x72.5x72","NO","NO","NO","NO"
"Kubota","KX 057-4","KX057-4","kubota-kx057-4","400x72.5x74","YES","NO","NO","NO"
"Kubota","KX 057-5","KX057-5","kubota-kx057-5","400x72.5x74","NO","NO","NO","NO"
"Kubota","KX 060-5","KX060-5","kubota-kx060-5","400x72.5x74","NO","NO","NO","NO"
"Kubota","KX 080","KX080","kubota-kx080","450x81.5x76; 450x81x76","YES","YES","NO","NO"
"Kubota","KX 080-3","KX080-3","kubota-kx080-3","450x81.5x76; 450x81x76","YES","YES","NO","NO"
"Kubota","KX 080-4","KX080-4","kubota-kx080-4","450x81.5x76; 450x81x76","YES","YES","NO","NO"
"Kubota","KX080-4S2","KX080-4S2","kubota-kx080-4s2","","YES","YES","NO","NO"
"Kubota","KX080-5","KX080-5","kubota-kx080-5","","NO","YES","NO","NO"
"Kubota","KX 100-5","KX100-5","kubota-kx100-5","500x92x78","NO","NO","NO","NO"
"Kubota","KX 101","KX101","kubota-kx101","300x109x41; 300x52.5x84","NO","YES","NO","NO"
"Kubota","KX 101-3","KX101-3","kubota-kx101-3","300x53x84","NO","YES","NO","NO"
"Kubota","KX 101-3&2","KX101-3&2","kubota-kx101-32","300x53x84","NO","YES","NO","NO"
"Kubota","KX 101-3&3","KX101-3&3","kubota-kx101-33","300x53x84","NO","YES","NO","NO"
"Kubota","KX 101-3&4","KX101-3&4","kubota-kx101-34","300x53x84","NO","YES","NO","NO"
"Kubota","KX 12","KX12","kubota-kx12","200x96x30; 230x48x60","YES","YES","NO","NO"
"Kubota","KX 120-5","KX120-5","kubota-kx120-5","500x92x84","NO","NO","NO","NO"
"Kubota","KX 121-2","KX121-2","kubota-kx121-2","350x56x84; 350x52.5x88","YES","YES","NO","NO"
"Kubota","KX 121-2S","KX121-2S","kubota-kx121-2s","350x56x84; 350x52.5x88","YES","YES","NO","NO"
"Kubota","KX 121-3","KX121-3","kubota-kx121-3","350x54.5x86","YES","NO","NO","NO"
"Kubota","KX 121-3SS","KX121-3SS","kubota-kx121-3ss","","YES","NO","NO","NO"
"Kubota","KX 121-3ST","KX121-3ST","kubota-kx121-3st","","YES","NO","NO","NO"
"Kubota","KX121-2SS","KX121-2SS","kubota-kx121-2ss","","YES","YES","NO","NO"
"Kubota","KX 151","KX151","kubota-kx151","400x142x37; 400x72.5x72","NO","NO","NO","NO"
"Kubota","KX 161-2","KX161-2","kubota-kx161-2","400x72.5x72","YES","NO","NO","NO"
"Kubota","KX 161-2S","KX161-2S","kubota-kx161-2s","400x72.5x72","YES","NO","NO","NO"
"Kubota","KX 161-2SR","KX161-2SR","kubota-kx161-2sr","400x72.5x72","YES","NO","NO","NO"
"Kubota","KX 161-3","KX161-3","kubota-kx161-3","400x72.5x74","YES","NO","NO","NO"
"Kubota","KX 161-3CX","KX161-3CX","kubota-kx161-3cx","400x72.5x74","YES","NO","NO","NO"
"Kubota","KX 21","KX21","kubota-kx21","180x72x39","NO","NO","NO","NO"
"Kubota","KX 251","KX251","kubota-kx251","450x71x86","NO","NO","NO","NO"
"Kubota","KX 251N2PG","KX251N2PG","kubota-kx251n2pg","450x71x86","NO","NO","NO","NO"
"Kubota","KX 28","KX28","kubota-kx28","200x96x30; 230x48x60","NO","NO","NO","NO"
"Kubota","KX 36","KX36","kubota-kx36","200x96x30; 230x48x60","NO","NO","NO","NO"
"Kubota","KX 36-2","KX36-2","kubota-kx36-2","200x96x30; 230x96x30; 230x48x60","NO","NO","NO","NO"
"Kubota","KX 36-3","KX36-3","kubota-kx36-3","230x96x32; 230x48x64","NO","NO","NO","NO"
"Kubota","KX 36-3GL","KX36-3GL","kubota-kx36-3gl","230x96x32; 230x48x64","NO","NO","NO","NO"
"Kubota","KX 36-3HGL","KX36-3HGL","kubota-kx36-3hgl","230x96x32; 230x48x64","NO","NO","NO","NO"
"Kubota","KX 36HG","KX36HG","kubota-kx36hg","230x96x30; 230x48x60","NO","NO","NO","NO"
"Kubota","KX 41","KX41","kubota-kx41","230x96x30; 230x48x60","YES","NO","NO","NO"
"Kubota","KX 41-2","KX41-2","kubota-kx41-2","230x96x30; 230x48x60","NO","NO","NO","NO"
"Kubota","KX 41-2S","KX41-2S","kubota-kx41-2s","230x96x32; 230x48x64","NO","NO","NO","NO"
"Kubota","KX 41-2SC","KX41-2SC","kubota-kx41-2sc","230x96x32; 230x48x64","NO","NO","NO","NO"
"Kubota","KX 41-2SV","KX41-2SV","kubota-kx41-2sv","230x96x35; 230x48x70","NO","NO","NO","NO"
"Kubota","KX 41-2V","KX41-2V","kubota-kx41-2v","230x96x35; 230x48x70","NO","NO","NO","NO"
"Kubota","KX 41-2VC","KX41-2VC","kubota-kx41-2vc","230x96x35; 230x48x70","NO","NO","NO","NO"
"Kubota","KX 41-3 [S/N < 20972]","KX41-3","kubota-kx41-3","230x48x70","YES","NO","NO","NO"
"Kubota","KX 41-3S","KX41-3S","kubota-kx41-3s","230x96x32; 230x48x64","YES","NO","NO","NO"
"Kubota","KX 41-3SGL","KX41-3SGL","kubota-kx41-3sgl","230x96x32; 230x48x64","YES","NO","NO","NO"
"Kubota","KX 41-3V(2009)","KX41-3V","kubota-kx41-3v","230x96x35; 230x48x70","YES","NO","NO","NO"
"Kubota","KX 41-3VGL","KX41-3VGL","kubota-kx41-3vgl","230x96x35; 230x48x70","YES","NO","NO","NO"
"Kubota","KX 41HG","KX41HG","kubota-kx41hg","230x96x30; 230x48x60","NO","NO","NO","NO"
"Kubota","KX 41L","KX41L","kubota-kx41l","230x96x30; 230x48x60","NO","NO","NO","NO"
"Kubota","KX 51","KX51","kubota-kx51","250x109x35; 300x52.5x72","NO","NO","NO","NO"
"Kubota","KX 61","KX61","kubota-kx61","250x109x35; 300x52.5x72","YES","NO","NO","NO"
"Kubota","KX 61-2","KX61-2","kubota-kx61-2","250x109x37; 250x52.5x76; 300x52.5x76","YES","NO","NO","NO"
"Kubota","KX61-2SS","KX61-2SS","kubota-kx61-2ss","","YES","NO","NO","NO"
"Kubota","KX 61-2S","KX61-2S","kubota-kx61-2s","250x109x37; 250x52.5x76; 300x52.5x76","YES","NO","NO","NO"
"Kubota","KX 61-3","KX61-3","kubota-kx61-3","300x53x80","NO","NO","NO","NO"
"Kubota","KX 71","KX71","kubota-kx71","300x109x35; 300x52.5x72","YES","YES","NO","NO"
"Kubota","KX 71-2","KX71-2","kubota-kx71-2","300x109x39; 300x52.5x80","YES","NO","NO","NO"
"Kubota","KX 71-3","KX71-3","kubota-kx71-3","300x53x80","YES","YES","NO","NO"
"Kubota","KX 71-3GL","KX71-3GL","kubota-kx71-3gl","300x53x80","YES","YES","NO","NO"
"Kubota","KX 75UR","KX75UR","kubota-kx75ur","450x81x76","NO","NO","NO","NO"
"Kubota","KX 80","KX80","kubota-kx80","450x81x76","NO","NO","NO","NO"
"Kubota","KX 90","KX90","kubota-kx90","300x109x41; 300x52.5x84","NO","NO","NO","NO"
"Kubota","KX 91-2","KX91-2","kubota-kx91-2","300x109x39; 300x52.5x80","YES","YES","NO","NO"
"Kubota","KX91-2SS","KX91-2SS","kubota-kx91-2ss","","YES","YES","NO","NO"
"Kubota","KX 91-2S","KX91-2S","kubota-kx91-2s","300x109x39; 300x52.5x80","YES","YES","NO","NO"
"Kubota","KX 91-2SR","KX91-2SR","kubota-kx91-2sr","300x109x39; 300x52.5x80","YES","YES","NO","NO"
"Kubota","KX 91-3","KX91-3","kubota-kx91-3","300x53x80","YES","YES","NO","NO"
"Kubota","KX 91-3&-2","KX91-3&-2","kubota-kx91-3-2","300x53x80","YES","YES","NO","NO"
"Kubota","KXB 300","KXB300","kubota-kxb300","180x72x37","NO","NO","NO","NO"
"Kubota","RX 141","RX141","kubota-rx141","230x96x35; 230x48x70","NO","NO","NO","NO"
"Kubota","RX 201","RX201","kubota-rx201","250x109x37; 250x52.5x76; 300x52.5x76","NO","NO","NO","NO"
"Kubota","RX 202","RX202","kubota-rx202","250x96x41; 250x47x84; 250x48x82","NO","NO","NO","NO"
"Kubota","RX 301","RX301","kubota-rx301","300x109x41; 300x52.5x84","NO","NO","NO","NO"
"Kubota","RX 301UR","RX301UR","kubota-rx301ur","300x109x41; 300x52.5x84","NO","NO","NO","NO"
"Kubota","RX 302","RX302","kubota-rx302","300x52.5x84","YES","NO","NO","NO"
"Kubota","RX 303","RX303","kubota-rx303","300x109x41; 300x52.5x84","NO","NO","NO","NO"
"Kubota","RX 501","RX501","kubota-rx501","400x142x38; 400x72.5x74","NO","NO","NO","NO"
"Kubota","RX 502","RX502","kubota-rx502","400x72.5x74","NO","NO","NO","NO"
"Kubota","RX 502VA","RX502VA","kubota-rx502va","400x72.5x74","NO","NO","NO","NO"
"Kubota","SVL 65-2 (Compact Track Loader)","SVL65-2","kubota-svl65-2","320x86x52; 380x86x52; 400x86x52","YES","YES","NO","NO"
"Kubota","SVL 65-2C (Compact Track Loader)","SVL65-2C","kubota-svl65-2c","","YES","YES","NO","NO"
"Kubota","SVL 75 (Compact Track Loader)","SVL75","kubota-svl75","320x86x52; 380x86x52; 400x86x52","YES","YES","NO","NO"
"Kubota","SVL 75-2 (Compact Track Loader)","SVL75-2","kubota-svl75-2","320x86x52; 380x86x52; 400x86x52","NO","YES","NO","NO"
"Kubota","SVL 75-2C (Compact Track Loader)","SVL75-2C","kubota-svl75-2c","","NO","YES","NO","NO"
"Kubota","SVL 75-3 (Compact Track Loader)","SVL75-3","kubota-svl75-3","320x86x52; 400x86x52","NO","NO","NO","NO"
"Kubota","SVL 75C (Compact Track Loader)","SVL75C","kubota-svl75c","","NO","YES","NO","NO"
"Kubota","SVL 90 (Compact Track Loader)","SVL90","kubota-svl90","450x86x58","YES","YES","NO","NO"
"Kubota","SVL 90-2 (Compact Track Loader)","SVL90-2","kubota-svl90-2","450x86x58","YES","YES","NO","NO"
"Kubota","SVL 90-2C (Compact Track Loader)","SVL90-2C","kubota-svl90-2c","","YES","YES","NO","NO"
"Kubota","SVL 90C (Compact Track Loader)","SVL90C","kubota-svl90c","","YES","YES","NO","NO"
"Kubota","SVL 95 (Compact Track Loader)","SVL95","kubota-svl95","450x86x58","YES","YES","NO","NO"
"Kubota","SVL 95-2 (Compact Track Loader)","SVL95-2","kubota-svl95-2","450x86x58","YES","YES","NO","NO"
"Kubota","SVL 95-2s (Compact Track Loader)","SVL95-2s","kubota-svl95-2s","450x86x58","YES","YES","NO","NO"
"Kubota","SVL 95-2SC (Compact Track Loader)","SVL95-2SC","kubota-svl95-2sc","","YES","YES","NO","NO"
"Kubota","SVL 97-2 (Compact Track Loader)","SVL97-2","kubota-svl97-2","450x86x58","YES","YES","NO","NO"
"Kubota","SVL 97-2C (Compact Track Loader)","SVL97-2C","kubota-svl97-2c","","YES","YES","NO","NO"
"Kubota","U-008","U-008","kubota-u-008","180x72x37","NO","NO","NO","NO"
"Kubota","U-10","U-10","kubota-u-10","180x72x40","NO","NO","NO","NO"
"Kubota","U-10-3","U-10-3","kubota-u-10-3","180x72x40","NO","NO","NO","NO"
"Kubota","U-10-5","U-10-5","kubota-u-10-5","180x72x40","NO","NO","NO","NO"
"Kubota","U-15","U-15","kubota-u-15","230x96x35","NO","NO","NO","NO"
"Kubota","U-15 Lotus root","U-15Lotus root","kubota-u-15lotusroot","230x96x35; 230x48x70","NO","NO","NO","NO"
"Kubota","U-15-3","U-15-3","kubota-u-15-3","230x96x35; 230x48x70","NO","NO","NO","NO"
"Kubota","U-17","U-17","kubota-u-17","230x48x70","NO","NO","NO","NO"
"Kubota","U-17-3","U-17-3","kubota-u-17-3","230x48x70","NO","NO","NO","NO"
"Kubota","U-20","U-20","kubota-u-20","250x96x41; 250x47x84; 250x48x82; 250x109x35; 300x52.5x72","NO","NO","NO","NO"
"Kubota","U-20-3","U-20-3","kubota-u-20-3","250x47x84; 250x48x82","NO","NO","NO","NO"
"Kubota","U-20-3V","U-20-3V","kubota-u-20-3v","250x47x84; 250x48x82","NO","NO","NO","NO"
"Kubota","U-20-3VHG","U-20-3VHG","kubota-u-20-3vhg","250x47x84; 250x48x82","NO","NO","NO","NO"
"Kubota","U-25-3","U-25-3","kubota-u-25-3","300x53x80","YES","YES","NO","NO"
"Kubota","U-25-3G","U-25-3G","kubota-u-25-3g","300x53x80","YES","YES","NO","NO"
"Kubota","U-25-3GL","U-25-3GL","kubota-u-25-3gl","300x53x80","YES","YES","NO","NO"
"Kubota","U25","U25","kubota-u25","","YES","YES","NO","NO"
"Kubota","U-27-4","U-27-4","kubota-u-27-4","300x53x80","YES","NO","NO","NO"
"Kubota","U-30","U-30","kubota-u-30","300x52.5x84","YES","NO","NO","NO"
"Kubota","U-30-1","U-30-1","kubota-u-30-1","300x52.5x84","NO","NO","NO","NO"
"Kubota","U-30-2","U-30-2","kubota-u-30-2","300x52.5x84","NO","NO","NO","NO"
"Kubota","U-30-3","U-30-3","kubota-u-30-3","300x53x84","YES","NO","NO","NO"
"Kubota","U-30-5S","U-30-5S","kubota-u-30-5s","300x52.5x84","NO","NO","NO","NO"
"Kubota","U-30-6S","U-30-6S","kubota-u-30-6s","300x52.5x84","NO","NO","NO","NO"
"Kubota","U-30HG","U-30HG","kubota-u-30hg","300x52.5x84","NO","NO","NO","NO"
"Kubota","U-35","U-35","kubota-u-35","300x53x84","YES","YES","NO","NO"
"Kubota","U-35-3","U-35-3","kubota-u-35-3","300x53x84","YES","YES","NO","NO"
"Kubota","U-35-3&2","U-35-3&2","kubota-u-35-32","300x53x84","YES","YES","NO","NO"
"Kubota","U-35-3G","U-35-3G","kubota-u-35-3g","300x53x84","YES","YES","NO","NO"
"Kubota","U-35-3GAI","U-35-3GAI","kubota-u-35-3gai","300x53x84","YES","YES","NO","NO"
"Kubota","U-35-3HG","U-35-3HG","kubota-u-35-3hg","300x53x84","YES","YES","NO","NO"
"Kubota","U-35-4","U-35-4","kubota-u-35-4","300x53x84","YES","YES","NO","NO"
"Kubota","U-35HG","U-35HG","kubota-u-35hg","300x53x84","YES","YES","NO","NO"
"Kubota","U-35SS (Super Series)","U-35SS","kubota-u-35ss","300x53x84","YES","YES","NO","NO"
"Kubota","U35-S2","U35-S2","kubota-u35-s2","","YES","YES","NO","NO"
"Kubota","U-40-3","U-40-3","kubota-u-40-3","","YES","NO","NO","NO"
"Kubota","U-36-4","U-36-4","kubota-u-36-4","300x53x84","NO","NO","NO","NO"
"Kubota","U-40","U-40","kubota-u-40","400x72.5x74","YES","NO","NO","NO"
"Kubota","U-45","U-45","kubota-u-45","400x72.5x72; 400x75.2x72","YES","NO","NO","NO"
"Kubota","U-45-3","U-45-3","kubota-u-45-3","400x72.5x74","YES","NO","NO","NO"
"Kubota","U-45G","U-45G","kubota-u-45g","400x72.5x72; 400x75.2x72","YES","NO","NO","NO"
"Kubota","U-45VA","U-45VA","kubota-u-45va","400x72.5x74","YES","NO","NO","NO"
"Kubota","U-48-4","U-48-4","kubota-u-48-4","400x72.5x74","NO","NO","NO","NO"
"Kubota","U-50-3","U-50-3","kubota-u-50-3","400x72.5x74","NO","NO","NO","NO"
"Kubota","U-50-5","U-50-5","kubota-u-50-5","400x72.5x74","NO","NO","NO","NO"
"Kubota","U-55","U-55","kubota-u-55","400x72.5x74","YES","NO","NO","NO"
"Kubota","U-55-4","U-55-4","kubota-u-55-4","400x72.5x74","YES","NO","NO","NO"
"Kubota","U-55-4 S","U-55-4S","kubota-u-55-4s","400x72.5x74","YES","NO","NO","NO"
"Kubota","U-55-5","U-55-5","kubota-u-55-5","400x72.5x74","NO","NO","NO","NO"
"Kubota","U-56-5","U-56-5","kubota-u-56-5","400x72.5x74","NO","NO","NO","NO"
"Kubota","UX 30","UX30","kubota-ux30","300x52.5x84","NO","NO","NO","NO"
"Link-Belt","LS 1600C","LS1600C","link-belt-ls1600c","450x73.5x80; 450x71x82","NO","NO","NO","NO"
"Link-Belt","Quantum 1600","Quantum1600","link-belt-quantum1600","450x73.5x80; 450x71x82","NO","NO","NO","NO"
"MBU","D 400","D400","mbu-d400","180x72x37","NO","NO","NO","NO"
"MBU","D 500","D500","mbu-d500","180x72x37","NO","NO","NO","NO"
"Macanizacion Y Mineria Sa","MYMC","MYMC","macanizacion-y-mineria-sa-mymc","230x72x43","NO","NO","NO","NO"
"Macanizacion Y Mineria Sa","MYMP6","MYMP6","macanizacion-y-mineria-sa-mymp6","300x55x78; 300x52.5x80","NO","NO","NO","NO"
"Macmoter","L 6C","L6C","macmoter-l6c","400x73x74; 400x72.5x74","NO","NO","NO","NO"
"Macmoter","M 1","M1","macmoter-m1","250x72x45","NO","NO","NO","NO"
"Macmoter","M 1 Miniropa","M1Miniropa","macmoter-m1miniropa","250x72x45","NO","NO","NO","NO"
"Macmoter","M 1 S","M1S","macmoter-m1s","250x72x45","NO","NO","NO","NO"
"Macmoter","M 2","M2","macmoter-m2","250x72x45","NO","NO","NO","NO"
"Macmoter","MB 135S","MB135S","macmoter-mb135s","250x72x45","NO","NO","NO","NO"
"Madro","OMH-400","OMH-400","madro-omh-400","230x72x43","NO","NO","NO","NO"
"Madro","SMH-400","SMH-400","madro-smh-400","230x72x43","NO","NO","NO","NO"
"Maeda","M-104C","M-104C","maeda-m-104c","180x72x40","NO","NO","NO","NO"
"Maeda","MC104C","MC104C","maeda-mc104c","180x72x40","NO","NO","NO","NO"
"Maeda","MC104CR","MC104CR","maeda-mc104cr","180x72x40","NO","NO","NO","NO"
"Maeda","MC174","MC174","maeda-mc174","180x72x40","NO","NO","NO","NO"
"Manitou","1.16S","1.16S","manitou-116s","230x72x43","NO","NO","NO","NO"
"Manitou","1650RT","1650RT","manitou-1650rt","320x86x49","NO","NO","NO","NO"
"Manitou","1850RT","1850RT","manitou-1850rt","320x86x54; 400x86x54","NO","NO","NO","NO"
"Manitou","2100RT","2100RT","manitou-2100rt","450x86x56","NO","NO","NO","NO"
"Manitou","2150RT","2150RT","manitou-2150rt","450x86x56","NO","NO","NO","NO"
"Manitou","3200VT","3200VT","manitou-3200vt","450x86x58","NO","NO","NO","NO"
"Manitou","RT105","RT105","manitou-rt105","250x72x52","NO","NO","NO","NO"
"Manitou","RT135","RT135","manitou-rt135","300x84x46; 300x86x45","NO","NO","NO","NO"
"Massey Ferguson","MF 114","MF114","massey-ferguson-mf114","230x96x31; 230x48x62","NO","NO","NO","NO"
"Massey Ferguson","MF 115","MF115","massey-ferguson-mf115","230x96x31; 230x48x62","NO","NO","NO","NO"
"Massey Ferguson","MF 123","MF123","massey-ferguson-mf123","250x109x35; 300x52.5x72","NO","NO","NO","NO"
"Massey Ferguson","MF 125","MF125","massey-ferguson-mf125","300x109x38; 300x52.5x78","NO","NO","NO","NO"
"Massey Ferguson","MF 128","MF128","massey-ferguson-mf128","300x109x38; 300x52.5x78","NO","NO","NO","NO"
"Massey Ferguson","MF 130","MF130","massey-ferguson-mf130","300x109x40; 300x52.5x82","NO","NO","NO","NO"
"Massey Ferguson","MF 131","MF131","massey-ferguson-mf131","300x109x40; 300x52.5x82","NO","NO","NO","NO"
"Massey Ferguson","MF 135","MF135","massey-ferguson-mf135","350x108x42; 350x52.5x86","NO","NO","NO","NO"
"Massey Ferguson","MF 145","MF145","massey-ferguson-mf145","400x72.5x72; 400x72.5x73","NO","NO","NO","NO"
"Massey Ferguson","MF 150","MF150","massey-ferguson-mf150","400x72.5x72; 400x72.5x73","NO","NO","NO","NO"
"Maweco","1003","1003","maweco-1003","250x72x47; 230x72x44","NO","NO","NO","NO"
"Maweco","1302","1302","maweco-1302","280x72x47; 250x72x47","NO","NO","NO","NO"
"Maweco","403","403","maweco-403","200x72x34; 180x72x34","NO","NO","NO","NO"
"Maweco","703","703","maweco-703","200x72x34; 180x72x34","NO","NO","NO","NO"
"Maweco","TC 10","TC10","maweco-tc10","230x72x43","NO","NO","NO","NO"
"Maweco","YB 10","YB10","maweco-yb10","230x72x43","NO","NO","NO","NO"
"Maxima","TB 15","TB15","maxima-tb15","230x72x43","NO","NO","NO","NO"
"Mc Connel","Robocut","Robocut","mc-connel-robocut","250x72x47","NO","NO","NO","NO"
"Mc Elory","TracStar 28","TracStar28","mc-elory-tracstar28","180x72x42","NO","NO","NO","NO"
"Mc Elory","TracStar 412","TracStar412","mc-elory-tracstar412","180x72x42","NO","NO","NO","NO"
"Mc Elory","TracStar 500","TracStar500","mc-elory-tracstar500","230x72x42","NO","NO","NO","NO"
"Mc Elory","TracStar 618","TracStar618","mc-elory-tracstar618","180x72x42","NO","NO","NO","NO"
"Mc Elory","TracStar 900","TracStar900","mc-elory-tracstar900","300x100x43; 300x52.5x82","NO","NO","NO","NO"
"Mecalac","10 MCR","10MCR","mecalac-10mcr","450x76x84","NO","NO","NO","NO"
"Mecalac","6 MCR","6MCR","mecalac-6mcr","400x73x74; 400x72.5x74","NO","NO","NO","NO"
"Mecalac","8MCR ('2010)","8MCR","mecalac-8mcr","450x71x84","NO","NO","NO","NO"
"Mecanica Benassi","MB 300","MB300","mecanica-benassi-mb300","180x60x35","NO","NO","NO","NO"
"Mecanica Benassi","MB 350","MB350","mecanica-benassi-mb350","180x60x35","NO","NO","NO","NO"
"Mecanica Benassi","MB 500","MB500","mecanica-benassi-mb500","180x60x37","NO","NO","NO","NO"
"Mecbo","P2800-BR.8","P2800-BR.8","mecbo-p2800-br8","250x72x52","NO","NO","NO","NO"
"Meinl","Hamster","Hamster","meinl-hamster","200x72x37; 180x72x37","NO","NO","NO","NO"
"Menzi Muck","C14","C14","menzi-muck-c14","200x72x42","NO","NO","NO","NO"
"Menzi Muck","C19","C19","menzi-muck-c19","200x72x42","NO","NO","NO","NO"
"Merlo","M4-2","M4-2","merlo-m4-2","180x72x37","NO","NO","NO","NO"
"Merlo","M4-3 Turbo","M4-3Turbo","merlo-m4-3turbo","180x72x41","NO","NO","NO","NO"
"Merlo","M6 ('2002)","M6","merlo-m6","180x72x35","NO","NO","NO","NO"
"Merlo","M8","M8","merlo-m8","180x72x35","NO","NO","NO","NO"
"Merlo","M8-2 Plus Dumper","M8-2Plus Dumper","merlo-m8-2plusdumper","180x72x35","NO","NO","NO","NO"
"Merlo","M8-2 Plus Mixer","M8-2Plus Mixer","merlo-m8-2plusmixer","180x72x36","NO","NO","NO","NO"
"Mertz","PX 10","PX10","mertz-px10","200x72x36; 180x72x36","NO","NO","NO","NO"
"Mertz","PX 17","PX17","mertz-px17","200x72x36; 180x72x36","NO","NO","NO","NO"
"Messersi","CH1","CH1","messersi-ch1","180x72x34","NO","NO","NO","NO"
"Messersi","CH2","CH2","messersi-ch2","180x72x34","NO","NO","NO","NO"
"Messersi","CH2/N13D","CH2/N13D","messersi-ch2n13d","180x72x37","NO","NO","NO","NO"
"Messersi","CH2/R13","CH2/R13","messersi-ch2r13","180x72x37","NO","NO","NO","NO"
"Messersi","CH2R Carrier","CH2R Carrier","messersi-ch2rcarrier","180x72x37","NO","NO","NO","NO"
"Messersi","CH2R Mixer","CH2R Mixer","messersi-ch2rmixer","180x72x37","NO","NO","NO","NO"
"Messersi","CH3","CH3","messersi-ch3","180x72x34","NO","NO","NO","NO"
"Messersi","CM 1","CM1","messersi-cm1","180x72x34","NO","NO","NO","NO"
"Messersi","M 08","M08","messersi-m08","180x72x37","NO","NO","NO","NO"
"Messersi","M 08E","M08E","messersi-m08e","230x72x45","NO","NO","NO","NO"
"Messersi","M 10E","M10E","messersi-m10e","180x72x37","NO","NO","NO","NO"
"Messersi","M 13","M13","messersi-m13","230x72x45","NO","NO","NO","NO"
"Messersi","M 15","M15","messersi-m15","230x72x45; 230x72x44","NO","NO","NO","NO"
"Messersi","M 16","M16","messersi-m16","230x72x45","NO","NO","NO","NO"
"Messersi","M 16BV","M16BV","messersi-m16bv","230x96x33; 230x48x66","NO","NO","NO","NO"
"Messersi","M 16U","M16U","messersi-m16u","230x96x33; 230x48x66","NO","NO","NO","NO"
"Messersi","M 18","M18","messersi-m18","230x72x45","NO","NO","NO","NO"
"Messersi","M 18BE","M18BE","messersi-m18be","230x96x33; 230x48x66","NO","NO","NO","NO"
"Messersi","M 18BE/C","M18BE/C","messersi-m18bec","230x96x32; 230x48x64","NO","NO","NO","NO"
"Messersi","M 20","M20","messersi-m20","230x72x45","NO","NO","NO","NO"
"Messersi","M 22U","M22U","messersi-m22u","250x96x40; 250x48x80","NO","NO","NO","NO"
"Messersi","M 25","M25","messersi-m25","300x55x72; 300x52.5x74","NO","NO","NO","NO"
"Messersi","M 28","M28","messersi-m28","300x55x72; 300x52.5x74","NO","NO","NO","NO"
"Messersi","M 28P","M28P","messersi-m28p","300x55x72; 300x52.5x74","NO","NO","NO","NO"
"Messersi","M 30","M30","messersi-m30","300x55x78; 300x52.5x80","NO","NO","NO","NO"
"Messersi","M 32","M32","messersi-m32","300x54x80; 300x52.5x82","NO","NO","NO","NO"
"Messersi","M 35","M35","messersi-m35","300x55x78; 300x52.5x80","NO","NO","NO","NO"
"Messersi","M 35P/C","M35P/C","messersi-m35pc","300x54x80; 300x52.5x82","NO","NO","NO","NO"
"Messersi","M 50","M50","messersi-m50","400x72.5x72","NO","NO","NO","NO"
"Messersi","M 50P","M50P","messersi-m50p","400x72.5x72","NO","NO","NO","NO"
"Messersi","TCH 05","TCH05","messersi-tch05","180x72x34","NO","NO","NO","NO"
"Messersi","TCH 07D","TCH07D","messersi-tch07d","180x72x34","NO","NO","NO","NO"
"Messersi","TCH 09","TCH09","messersi-tch09","180x72x34","NO","NO","NO","NO"
"Messersi","TCH 10D","TCH10D","messersi-tch10d","180x72x34","NO","NO","NO","NO"
"Messersi","TCH 12","TCH12","messersi-tch12","230x72x52","NO","NO","NO","NO"
"Messersi","TCH 13","TCH13","messersi-tch13","180x72x34","NO","NO","NO","NO"
"Messersi","TCH 15","TCH15","messersi-tch15","230x72x52","NO","NO","NO","NO"
"Messersi","TCH 1500","TCH1500","messersi-tch1500","230x72x52","NO","NO","NO","NO"
"Messersi","TCH 15S","TCH15S","messersi-tch15s","230x72x52","NO","NO","NO","NO"
"Messersi","TCH R16D","TCH R16D","messersi-tchr16d","180x73x37; 180x72x37","NO","NO","NO","NO"
"Mini Mustang","MM18","MM18","mini-mustang-mm18","230x72x43","NO","NO","NO","NO"
"Minicarrier","TL 10","TL10","minicarrier-tl10","230x72x43","NO","NO","NO","NO"
"Minicarrier","YB 10","YB10","minicarrier-yb10","230x72x43","NO","NO","NO","NO"
"Minicarrier","YEW 5D1","YEW5D1","minicarrier-yew5d1","250x72x45","NO","NO","NO","NO"
"Minicarrier","YFW 5","YFW5","minicarrier-yfw5","250x72x45","NO","NO","NO","NO"
"Minidig","G 500","G500","minidig-g500","180x72x34","NO","NO","NO","NO"
"Minidig","GR 700A","GR700A","minidig-gr700a","190x72x37; 180x72x37","NO","NO","NO","NO"
"Minidig","GR 900","GR900","minidig-gr900","190x72x37; 180x72x37","NO","NO","NO","NO"
"Mintrac","1003","1003","mintrac-1003","250x72x52; 230x72x44","NO","NO","NO","NO"
"Mintrac","1302","1302","mintrac-1302","280x72x48; 250x72x48","NO","NO","NO","NO"
"Mintrac","403","403","mintrac-403","230x72x43","NO","NO","NO","NO"
"Mintrac","703","703","mintrac-703","200x72x34; 180x72x34","NO","NO","NO","NO"
"Mintrac","709","709","mintrac-709","200x72x34; 180x72x34","NO","NO","NO","NO"
"Mintrac","808","808","mintrac-808","230x72x42","NO","NO","NO","NO"
"Mira","HD 190-1","HD190-1","mira-hd190-1","180x72x38","NO","NO","NO","NO"
"Mitsubishi","ME 15","ME15","mitsubishi-me15","230x96x33; 230x48x66","NO","NO","NO","NO"
"Mitsubishi","ME 30","ME30","mitsubishi-me30","300x52.5x80","NO","NO","NO","NO"
"Mitsubishi","MM 20","MM20","mitsubishi-mm20","300x52.5x74","NO","NO","NO","NO"
"Mitsubishi","MM 25","MM25","mitsubishi-mm25","300x52.5x76; 300x109x35; 300x52.5x72","NO","NO","NO","NO"
"Mitsubishi","MM 30CR","MM30CR","mitsubishi-mm30cr","300x52.5x80","NO","NO","NO","NO"
"Mitsubishi","MM 35","MM35","mitsubishi-mm35","300x109x41; 300x52.5x84","NO","NO","NO","NO"
"Mitsubishi","MM 35A","MM35A","mitsubishi-mm35a","300x109x41; 300x52.5x84","NO","NO","NO","NO"
"Mitsubishi","MM 35B","MM35B","mitsubishi-mm35b","300x109x41; 300x52.5x84","NO","NO","NO","NO"
"Mitsubishi","MM 35T","MM35T","mitsubishi-mm35t","300x109x41; 300x52.5x84","NO","NO","NO","NO"
"Mitsubishi","MM 40","MM40","mitsubishi-mm40","300x52.5x84","NO","NO","NO","NO"
"Mitsubishi","MM 40SR","MM40SR","mitsubishi-mm40sr","300x52.5x84","NO","NO","NO","NO"
"Mitsubishi","MM 45B","MM45B","mitsubishi-mm45b","400x73x72; 400x72.5x72","NO","NO","NO","NO"
"Mitsubishi","MM 55SR","MM55SR","mitsubishi-mm55sr","400x73x72; 400x72.5x72","NO","NO","NO","NO"
"Mitsubishi","MS 010","MS010","mitsubishi-ms010","250x72x45","NO","NO","NO","NO"
"Mitsubishi","MX 35","MX35","mitsubishi-mx35","300x109x39; 300x52.5x80","NO","NO","NO","NO"
"Mitsubishi","MX 45","MX45","mitsubishi-mx45","400x142x36; 400x72.5x70","NO","NO","NO","NO"
"Monitor","1275","1275","monitor-1275","200x72x47","NO","NO","NO","NO"
"Monitor","43T","43T","monitor-43t","400x72.5x82","NO","NO","NO","NO"
"Mopas","ME35","ME35","mopas-me35","300x109x39; 300x52.5x80","NO","NO","NO","NO"
"Morath","BR 1800","BR1800","morath-br1800","250x72x57","NO","NO","NO","NO"
"Morooka","CG 65","CG65","morooka-cg65","700x100x98","NO","NO","NO","NO"
"Morooka","MST 1500","MST1500","morooka-mst1500","700x100x98","NO","NO","NO","NO"
"Morooka","MST 1500-P","MST1500-P","morooka-mst1500-p","700x100x98","NO","NO","NO","NO"
"Morooka","MST 1500E","MST1500E","morooka-mst1500e","700x100x98","NO","NO","NO","NO"
"Morooka","MST 1500V","MST1500V","morooka-mst1500v","700x100x98","NO","NO","NO","NO"
"Morooka","MST 1500VD","MST1500VD","morooka-mst1500vd","700x100x98","NO","NO","NO","NO"
"Morooka","MST 1700","MST1700","morooka-mst1700","700x100x98","NO","NO","NO","NO"
"Morooka","MST 1900","MST1900","morooka-mst1900","700x100x98","NO","NO","NO","NO"
"Morooka","MST 2200","MST2200","morooka-mst2200","750x150x66","NO","NO","NO","NO"
"Morooka","MST 2200V","MST2200V","morooka-mst2200v","750x150x66","NO","NO","NO","NO"
"Morooka","MST 2200VD","MST2200VD","morooka-mst2200vd","750x150x66","NO","NO","NO","NO"
"Morooka","MST 2300","MST2300","morooka-mst2300","750x150x66","NO","NO","NO","NO"
"Morooka","MST 600V","MST600V","morooka-mst600v","500x90x78","NO","NO","NO","NO"
"Morooka","MST 600VD","MST600VD","morooka-mst600vd","500x100x65; 500x90x78","NO","NO","NO","NO"
"Morooka","Track Carrier 1500","Track Carrier1500","morooka-trackcarrier1500","700x100x98","NO","NO","NO","NO"
"Morooka","Track Carrier 2200","Track Carrier2200","morooka-trackcarrier2200","750x150x66","NO","NO","NO","NO"
"Multidrill","ML (HD Drilling Machine)","ML","multidrill-ml","250x72x52","NO","NO","NO","NO"
"Multidrill","PL (HD Drilling Machine)","PL","multidrill-pl","230x96x32; 230x48x64","NO","NO","NO","NO"
"Multidrill","SL (HD Drilling Machine)","SL","multidrill-sl","180x72x34","NO","NO","NO","NO"
"Multidrill","XL (HD Drilling Machine)","XL","multidrill-xl","300x52.5x82","NO","NO","NO","NO"
"Multitel","SMX250.E","SMX250.E","multitel-smx250e","200x72x45","NO","NO","NO","NO"
"Mustang","1000M","1000M","mustang-1000m","485x92x72","NO","NO","NO","NO"
"Mustang","1650 RT","1650RT","mustang-1650rt","320x86x49","NO","NO","NO","NO"
"Mustang","170Z","170Z","mustang-170z","230x72x46","NO","NO","NO","NO"
"Mustang","1750 RT","1750RT","mustang-1750rt","320x86x54","NO","NO","NO","NO"
"Mustang","1850 RT","1850RT","mustang-1850rt","320x86x54; 400x86x54","NO","NO","NO","NO"
"Mustang","2040","2040","mustang-2040","320x86x50; 375x86x50; 400x86x50","NO","NO","NO","NO"
"Mustang","2042","2042","mustang-2042","320x86x50; 375x86x50; 400x86x50","NO","NO","NO","NO"
"Mustang","2044","2044","mustang-2044","320x86x50; 375x86x50; 400x86x50","NO","NO","NO","NO"
"Mustang","2050","2050","mustang-2050","320x86x50; 375x86x50; 400x86x50","NO","NO","NO","NO"
"Mustang","2054","2054","mustang-2054","320x86x52; 375x86x52; 400x86x52","NO","NO","NO","NO"
"Mustang","2060","2060","mustang-2060","320x86x52; 375x86x52; 400x86x52","NO","NO","NO","NO"
"Mustang","2066","2066","mustang-2066","320x86x54; 375x86x54; 400x86x54","NO","NO","NO","NO"
"Mustang","2070","2070","mustang-2070","450x86x56","NO","NO","NO","NO"
"Mustang","2076","2076","mustang-2076","320x86x54; 375x86x54; 400x86x54; 450x86x54","NO","NO","NO","NO"
"Mustang","2086","2086","mustang-2086","450x86x58","NO","NO","NO","NO"
"Mustang","2095","2095","mustang-2095","450x86x63","NO","NO","NO","NO"
"Mustang","2099","2099","mustang-2099","450x86x63","NO","NO","NO","NO"
"Mustang","2100RT","2100RT","mustang-2100rt","450x86x56","NO","NO","NO","NO"
"Mustang","2105","2105","mustang-2105","450x86x63","NO","NO","NO","NO"
"Mustang","2109","2109","mustang-2109","450x86x63","NO","NO","NO","NO"
"Mustang","2500RT","2500RT","mustang-2500rt","450x86x58","NO","NO","NO","NO"
"Mustang","250Z","250Z","mustang-250z","250x55.5x79","NO","NO","NO","NO"
"Mustang","3200VT","3200VT","mustang-3200vt","450x86x58","NO","NO","NO","NO"
"Mustang","350ZNXT2","350ZNXT2","mustang-350znxt2","300x55x84; 300x52.5x88","NO","NO","NO","NO"
"Mustang","3803ZT","3803ZT","mustang-3803zt","300x52.5x84","NO","NO","NO","NO"
"Mustang","450ZNXT2","450ZNXT2","mustang-450znxt2","350x75.5x74; 400x75.5x74","NO","NO","NO","NO"
"Mustang","5003Z","5003Z","mustang-5003z","400x72.5x74","NO","NO","NO","NO"
"Mustang","5003ZT","5003ZT","mustang-5003zt","400x73x74; 400x72.5x74","NO","NO","NO","NO"
"Mustang","7503","7503","mustang-7503","450x71x86","NO","NO","NO","NO"
"Mustang","7503ZT","7503ZT","mustang-7503zt","450x71x86","NO","NO","NO","NO"
"Mustang","ME 1402","ME1402","mustang-me1402","230x96x33; 230x48x66","NO","NO","NO","NO"
"Mustang","ME 1502","ME1502","mustang-me1502","230x96x33; 230x48x66","NO","NO","NO","NO"
"Mustang","ME 1503","ME1503","mustang-me1503","230x96x36; 230x48x72","NO","NO","NO","NO"
"Mustang","ME 1902","ME1902","mustang-me1902","230x96x36; 230x48x72","NO","NO","NO","NO"
"Mustang","ME 1903","ME1903","mustang-me1903","250x96x38; 250x48x76","NO","NO","NO","NO"
"Mustang","ME 2202","ME2202","mustang-me2202","230x96x36; 230x48x72","NO","NO","NO","NO"
"Mustang","ME 2203","ME2203","mustang-me2203","250x96x38; 250x48x76","NO","NO","NO","NO"
"Mustang","ME 2503","ME2503","mustang-me2503","250x109x37; 300x52.5x76","NO","NO","NO","NO"
"Mustang","ME 2702","ME2702","mustang-me2702","320x54x72; 300x52.5x74","NO","NO","NO","NO"
"Mustang","ME 2902","ME2902","mustang-me2902","320x54x72; 300x52.5x74","NO","NO","NO","NO"
"Mustang","ME 3003","ME3003","mustang-me3003","300x109x38; 300x52.5x78","NO","NO","NO","NO"
"Mustang","ME 3402","ME3402","mustang-me3402","320x54x78; 300x52.5x80","NO","NO","NO","NO"
"Mustang","ME 3503","ME3503","mustang-me3503","300x109x41; 300x52.5x84","NO","NO","NO","NO"
"Mustang","ME 3602","ME3602","mustang-me3602","320x54x78; 300x52.5x80","NO","NO","NO","NO"
"Mustang","ME 3703","ME3703","mustang-me3703","300x109x41; 300x52.5x84","NO","NO","NO","NO"
"Mustang","ME 5002","ME5002","mustang-me5002","400x73x74; 400x72.5x74","NO","NO","NO","NO"
"Mustang","ME 5003","ME5003","mustang-me5003","400x72.5x74","NO","NO","NO","NO"
"Mustang","ME 6002","ME6002","mustang-me6002","400x73x74; 400x72.5x74","NO","NO","NO","NO"
"Mustang","ME 6003","ME6003","mustang-me6003","400x73x74; 400x72.5x74","NO","NO","NO","NO"
"Mustang","ME 6502","ME6502","mustang-me6502","400x73x74; 400x72.5x74","NO","NO","NO","NO"
"Mustang","ME 8002","ME8002","mustang-me8002","450x71x84","NO","NO","NO","NO"
"Mustang","MTL 16","MTL16","mustang-mtl16","320x86x52","NO","NO","NO","NO"
"Mustang","MTL 20","MTL20","mustang-mtl20","450x100x48","NO","NO","NO","NO"
"Mustang","MTL 25","MTL25","mustang-mtl25","450x100x50","NO","NO","NO","NO"
"Mustang","MTL 312","MTL312","mustang-mtl312","320x86x46","NO","NO","NO","NO"
"Mustang","MTL 316","MTL316","mustang-mtl316","320x86x52","NO","NO","NO","NO"
"Mustang","MTL 320","MTL320","mustang-mtl320","450x100x48","NO","NO","NO","NO"
"Mustang","MTL 325","MTL325","mustang-mtl325","450x100x50","NO","NO","NO","NO"
"Mustang","RD 15","RD15","mustang-rd15","250x72x52","NO","NO","NO","NO"
"Nagano","NB 30","NB30","nagano-nb30","300x55x78; 300x52.5x80","NO","NO","NO","NO"
"Nagano","NS 08-2","NS08-2","nagano-ns08-2","180x72x36; 180x72x38","NO","NO","NO","NO"
"Nagano","NS 15","NS15","nagano-ns15","230x96x33; 230x48x66","NO","NO","NO","NO"
"Nagano","NS 15-2","NS15-2","nagano-ns15-2","230x96x33; 230x48x66","NO","NO","NO","NO"
"Nagano","NS 15-3","NS15-3","nagano-ns15-3","230x48x66; 230x96x33","NO","NO","NO","NO"
"Nagano","NS 16-3","NS16-3","nagano-ns16-3","230x48x66; 230x96x33","NO","NO","NO","NO"
"Nagano","NS 25","NS25","nagano-ns25","300x55x72; 300x52.5x74","NO","NO","NO","NO"
"Nagano","NS 30","NS30","nagano-ns30","300x55x78; 300x52.5x80","NO","NO","NO","NO"
"Nagano","NS 35","NS35","nagano-ns35","300x55x78; 300x52.5x80","NO","NO","NO","NO"
"Nagano","NS 35-2","NS35-2","nagano-ns35-2","300x55x82; 300x52.5x84","NO","NO","NO","NO"
"Nagano","NS 35-2A","NS35-2A","nagano-ns35-2a","300x52.5x86","NO","NO","NO","NO"
"Nagano","NS 35-2B","NS35-2B","nagano-ns35-2b","300x52.5x84","NO","NO","NO","NO"
"Nagano","NS 75-2","NS75-2","nagano-ns75-2","450x71x86","NO","NO","NO","NO"
"Nagano Highland","NB 30","NB30","nagano-highland-nb30","300x55x78; 300x52.5x80","NO","NO","NO","NO"
"Nagano Highland","NS 15-2","NS15-2","nagano-highland-ns15-2","230x96x33; 230x48x66","NO","NO","NO","NO"
"Nagano Highland","NS 45-2","NS45-2","nagano-highland-ns45-2","400x72.5x72","NO","NO","NO","NO"
"Nante","NT 110","NT110","nante-nt110","180x72x37","NO","NO","NO","NO"
"Nante","NT 12","NT12","nante-nt12","180x72x37","NO","NO","NO","NO"
"Nante","NT 15","NT15","nante-nt15","230x48x62; 230x72x43","NO","NO","NO","NO"
"Nante","NT 16","NT16","nante-nt16","230x48x66; 230x96x33","NO","NO","NO","NO"
"Nante","NT 18","NT18","nante-nt18","230x48x64; 230x96x32","NO","NO","NO","NO"
"Nante","NT 18D","NT18D","nante-nt18d","230x48x66; 230x96x33","NO","NO","NO","NO"
"Nante","NT 30U","NT30U","nante-nt30u","300x55x82; 300x52.5x84","NO","NO","NO","NO"
"Navago","19/9 ('2001)","19/9","navago-199","250x72x52","NO","NO","NO","NO"
"Navigator","D7x11a","D7x11a","navigator-d7x11a","230x72x54","NO","NO","NO","NO"
"Nemag","Mini-excavator","Mini-excavator","nemag-mini-excavator","180x72x34","NO","NO","NO","NO"
"Nemek","407 RT","407RT","nemek-407rt","450x71x82","NO","NO","NO","NO"
"Nemek","407 TS","407TS","nemek-407ts","450x71x82","NO","NO","NO","NO"
"New Holland","C 175","C175","new-holland-c175","320x86x50","NO","NO","NO","NO"
"New Holland","C 180","C180","new-holland-c180","400x86x55","NO","NO","NO","NO"
"New Holland","C 185","C185","new-holland-c185","450x86x55; 400x86x55","NO","NO","NO","NO"
"New Holland","C 190","C190","new-holland-c190","450x86x55; 400x86x55","NO","NO","NO","NO"
"New Holland","C 227","C227","new-holland-c227","320x86x50","NO","NO","NO","NO"
"New Holland","C 232","C232","new-holland-c232","450x86x55","NO","NO","NO","NO"
"New Holland","C 234","C234","new-holland-c234","450x86x55","NO","NO","NO","NO"
"New Holland","C 237","C237","new-holland-c237","450x86x55","NO","NO","NO","NO"
"New Holland","C 238","C238","new-holland-c238","450x86x55","NO","NO","NO","NO"
"New Holland","C 245","C245","new-holland-c245","450x86x55","NO","NO","NO","NO"
"New Holland","C 327","C327","new-holland-c327","320x86x50","NO","NO","NO","NO"
"New Holland","C 332","C332","new-holland-c332","450x86x55","NO","NO","NO","NO"
"New Holland","C 334","C334","new-holland-c334","450x86x55","NO","NO","NO","NO"
"New Holland","C 337","C337","new-holland-c337","450x86x55","NO","NO","NO","NO"
"New Holland","C 345","C345","new-holland-c345","450x86x55","NO","NO","NO","NO"
"New Holland","E 115","E115","new-holland-e115","500x92x78","NO","NO","NO","NO"
"New Holland","E 16","E16","new-holland-e16","230x48x70","NO","NO","NO","NO"
"New Holland","E 17","E17","new-holland-e17","230x48x70","NO","NO","NO","NO"
"New Holland","E 17C","E17C","new-holland-e17c","230x48x70","NO","NO","NO","NO"
"New Holland","E 18","E18","new-holland-e18","230x48x70","NO","NO","NO","NO"
"New Holland","E 18C","E18C","new-holland-e18c","230x48x70","NO","NO","NO","NO"
"New Holland","E 18SR","E18SR","new-holland-e18sr","230x48x70","NO","NO","NO","NO"
"New Holland","E 20.2SR","E20.2SR","new-holland-e202sr","250x52.5x76; 300x52.5x76","NO","NO","NO","NO"
"New Holland","E 20SR","E20SR","new-holland-e20sr","250x52.5x72; 300x52.5x72","NO","NO","NO","NO"
"New Holland","E 22.2SR","E22.2SR","new-holland-e222sr","250x52.5x76; 300x52.5x76","NO","NO","NO","NO"
"New Holland","E 25SR","E25SR","new-holland-e25sr","250x52.5x76; 300x52.5x76","NO","NO","NO","NO"
"New Holland","E 26BSR","E26BSR","new-holland-e26bsr","250x52.5x76; 300x52.5x76","NO","NO","NO","NO"
"New Holland","E 26C","E26C","new-holland-e26c","250x52.5x78","NO","NO","NO","NO"
"New Holland","E 27.2SR","E27.2SR","new-holland-e272sr","250x52.5x80; 300x52.5x80","NO","NO","NO","NO"
"New Holland","E 29 BSR","E29BSR","new-holland-e29bsr","250x52.5x80; 300x52.5x80","NO","NO","NO","NO"
"New Holland","E 30.2SR","E30.2SR","new-holland-e302sr","300x52.5x82","NO","NO","NO","NO"
"New Holland","E 30C","E30C","new-holland-e30c","300x52.5x80","NO","NO","NO","NO"
"New Holland","E 30SR","E30SR","new-holland-e30sr","300x52.5x82","NO","NO","NO","NO"
"New Holland","E 33C","E33C","new-holland-e33c","300x52.5x86","NO","NO","NO","NO"
"New Holland","E 35.2C","E35.2C","new-holland-e352c","300x52.5x88","NO","NO","NO","NO"
"New Holland","E 35.2SR","E35.2SR","new-holland-e352sr","300x52.5x88","NO","NO","NO","NO"
"New Holland","E 35BSR","E35BSR","new-holland-e35bsr","300x52.5x82","NO","NO","NO","NO"
"New Holland","E 35SR","E35SR","new-holland-e35sr","300x52.5x88","NO","NO","NO","NO"
"New Holland","E 37C","E37C","new-holland-e37c","300x52.5x86","NO","NO","NO","NO"
"New Holland","E 39BSR","E39BSR","new-holland-e39bsr","300x52.5x88","NO","NO","NO","NO"
"New Holland","E 40.2SR","E40.2SR","new-holland-e402sr","400x74x68; 400x72.5x70","NO","NO","NO","NO"
"New Holland","E 40SR","E40SR","new-holland-e40sr","400x74x68; 400x72.5x70","NO","NO","NO","NO"
"New Holland","E 45.2SR","E45.2SR","new-holland-e452sr","400x74x72; 400x72.5x73","NO","NO","NO","NO"
"New Holland","E 45SR","E45SR","new-holland-e45sr","400x74x72; 400x72.5x73","NO","NO","NO","NO"
"New Holland","E 50.2SR","E50.2SR","new-holland-e502sr","400x74x72; 400x72.5x73","NO","NO","NO","NO"
"New Holland","E 50B","E50B","new-holland-e50b","400x74x72; 400x72.5x73","NO","NO","NO","NO"
"New Holland","E 55BX","E55BX","new-holland-e55bx","400x72.5x74","NO","NO","NO","NO"
"New Holland","E 70BSR","E70BSR","new-holland-e70bsr","450x81.5x76; 450x81x76","NO","NO","NO","NO"
"New Holland","E 70SR","E70SR","new-holland-e70sr","450x81.5x76; 450x81x76","NO","NO","NO","NO"
"New Holland","E 75CSR","E75CSR","new-holland-e75csr","450x81.5x76; 450x81x76","NO","NO","NO","NO"
"New Holland","E 80","E80","new-holland-e80","450x81.5x76; 450x81x76","NO","NO","NO","NO"
"New Holland","E 80BMSR","E80BMSR","new-holland-e80bmsr","450x81.5x76; 450x81x76","NO","NO","NO","NO"
"New Holland","E 80CS","E80CS","new-holland-e80cs","450x81.5x76; 450x81x76","NO","NO","NO","NO"
"New Holland","E 80MSR","E80MSR","new-holland-e80msr","450x81.5x76; 450x81x76","NO","NO","NO","NO"
"New Holland","EC 15","EC15","new-holland-ec15","230x96x33; 230x48x66","NO","NO","NO","NO"
"New Holland","EC 25","EC25","new-holland-ec25","300x55x72; 300x52.5x74","NO","NO","NO","NO"
"New Holland","EC 25SR","EC25SR","new-holland-ec25sr","250x52.5x76; 300x52.5x76","NO","NO","NO","NO"
"New Holland","EC 35SR","EC35SR","new-holland-ec35sr","300x52.5x88","NO","NO","NO","NO"
"New Holland","EC 45","EC45","new-holland-ec45","400x72.5x72","NO","NO","NO","NO"
"New Holland","EC 45SR","EC45SR","new-holland-ec45sr","400x74x72; 400x72.5x73","NO","NO","NO","NO"
"New Holland","EC 60","EC60","new-holland-ec60","400x72.5x76","NO","NO","NO","NO"
"New Holland","EH 15B","EH15B","new-holland-eh15b","230x48x70","NO","NO","NO","NO"
"New Holland","EH 16","EH16","new-holland-eh16","230x48x70","NO","NO","NO","NO"
"New Holland","EH 18","EH18","new-holland-eh18","230x48x70","NO","NO","NO","NO"
"New Holland","EH 25","EH25","new-holland-eh25","300x55x72; 300x52.5x74","NO","NO","NO","NO"
"New Holland","EH 27B","EH27B","new-holland-eh27b","250x52.5x80; 300x52.5x80","NO","NO","NO","NO"
"New Holland","EH 30B","EH30B","new-holland-eh30b","300x52.5x82","NO","NO","NO","NO"
"New Holland","EH 35","EH35","new-holland-eh35","350x108x44; 350x52.5x90","NO","NO","NO","NO"
"New Holland","EH 35B","EH35B","new-holland-eh35b","300x52.5x88","NO","NO","NO","NO"
"New Holland","EH 45","EH45","new-holland-eh45","400x72x74; 400x72.5x74","NO","NO","NO","NO"
"New Holland","EH 50B","EH50B","new-holland-eh50b","400x72.5x72","NO","NO","NO","NO"
"New Holland","EH 80","EH80","new-holland-eh80","450x81.5x76; 450x81x76","NO","NO","NO","NO"
"New Holland","LS 160","LS160","new-holland-ls160","320x86x54; 375x86x54; 400x86x54","NO","NO","NO","NO"
"New Holland","LS 170","LS170","new-holland-ls170","320x86x54; 375x86x54; 400x86x54","NO","NO","NO","NO"
"New Holland","LS 180","LS180","new-holland-ls180","450x86x60","NO","NO","NO","NO"
"New Holland","LS 185 B","LS185B","new-holland-ls185b","450x86x60","NO","NO","NO","NO"
"New Holland","LS 190","LS190","new-holland-ls190","450x86x60","NO","NO","NO","NO"
"New Holland","LT 175B","LT175B","new-holland-lt175b","320x86x50","NO","NO","NO","NO"
"New Holland","LT 185B","LT185B","new-holland-lt185b","400x86x55","NO","NO","NO","NO"
"New Holland","LT 190B","LT190B","new-holland-lt190b","400x86x55","NO","NO","NO","NO"
"New Holland","LX 865","LX865","new-holland-lx865","450x86x60","NO","NO","NO","NO"
"New Holland","LX 885","LX885","new-holland-lx885","450x86x60","NO","NO","NO","NO"
"New Holland","LX 985","LX985","new-holland-lx985","450x86x60","NO","NO","NO","NO"
"Nibbi","NTR 270","NTR270","nibbi-ntr270","180x60x34","NO","NO","NO","NO"
"Nibbi","NTR 350","NTR350","nibbi-ntr350","180x60x38","NO","NO","NO","NO"
"Nibbi","NTR 450","NTR450","nibbi-ntr450","180x60x38","NO","NO","NO","NO"
"Nibbi","NTR 500","NTR500","nibbi-ntr500","180x72x34","NO","NO","NO","NO"
"Nibbi","NTR 500D","NTR500D","nibbi-ntr500d","180x72x34","NO","NO","NO","NO"
"Nifty","TD 120TN","TD120TN","nifty-td120tn","250x72x52","NO","NO","NO","NO"
"Nifty","TD 34T","TD34T","nifty-td34t","250x72x52","NO","NO","NO","NO"
"Nihon Flex","Snow Plow","Snow Plow","nihon-flex-snowplow","250x72x45","NO","NO","NO","NO"
"Nihon Freki","Snow showel","Snow showel","nihon-freki-snowshowel","250x72x45","NO","NO","NO","NO"
"Niko","HRS 70","HRS70","niko-hrs70","230x72x52; 250x72x52","NO","NO","NO","NO"
"Niko","HY 13/11","HY13/11","niko-hy1311","180x60x38","NO","NO","NO","NO"
"Niko","HY 20/11 70cm","HY20/11 70cm","niko-hy201170cm","190x72x38; 180x72x38","NO","NO","NO","NO"
"Niko","HY 20/11 70cm SOM","HY20/11 70cm SOM","niko-hy201170cmsom","190x72x40; 180x72x40","NO","NO","NO","NO"
"Niko","HY 27/16","HY27/16","niko-hy2716","230x72x43","NO","NO","NO","NO"
"Niko","HY 27/16 85cm","HY27/16 85cm","niko-hy271685cm","190x72x43; 200x72x43","NO","NO","NO","NO"
"Niko","HY 30/16","HY30/16","niko-hy3016","230x72x43","NO","NO","NO","NO"
"Niko","HY 38/16 70cm Poclain","HY38/16 70cm Poclain","niko-hy381670cmpoclain","190x72x45; 200x72x45","NO","NO","NO","NO"
"Niko","HY 38/16 90cm","HY38/16 90cm","niko-hy381690cm","230x72x43","NO","NO","NO","NO"
"Niko","HY 38/16A","HY38/16A","niko-hy3816a","230x72x45","NO","NO","NO","NO"
"Niko","HY 48/58 2000","HY48/58 2000","niko-hy48582000","230x72x52","NO","NO","NO","NO"
"Niko","HY 610","HY610","niko-hy610","190x72x38; 180x72x38","NO","NO","NO","NO"
"Niko","HY 710","HY710","niko-hy710","190x72x38; 180x72x38","NO","NO","NO","NO"
"Nissan","150/N","150/N","nissan-150n","230x96x33; 230x48x66","NO","NO","NO","NO"
"Nissan","N 050","N050","nissan-n050","180x72x38","NO","NO","NO","NO"
"Nissan","N 06","N06","nissan-n06","250x72x45","NO","NO","NO","NO"
"Nissan","N 060","N060","nissan-n060","250x72x45","NO","NO","NO","NO"
"Nissan","N 080","N080","nissan-n080","180x72x37; 180x72x38","NO","NO","NO","NO"
"Nissan","N 080 3LR","N080 3LR","nissan-n0803lr","180x72x37","NO","NO","NO","NO"
"Nissan","N 080-2","N080-2","nissan-n080-2","180x72x36; 180x72x37","NO","NO","NO","NO"
"Nissan","N 080-2LR","N080-2LR","nissan-n080-2lr","180x72x38","NO","NO","NO","NO"
"Nissan","N 120","N120","nissan-n120","250x72x45","NO","NO","NO","NO"
"Nissan","N 120-2","N120-2","nissan-n120-2","230x96x33; 230x48x66","NO","NO","NO","NO"
"Nissan","N 120R","N120R","nissan-n120r","250x72x45","NO","NO","NO","NO"
"Nissan","N 150","N150","nissan-n150","230x72x43","NO","NO","NO","NO"
"Nissan","N 150-2","N150-2","nissan-n150-2","230x96x33; 230x48x66","NO","NO","NO","NO"
"Nissan","N 150-2R","N150-2R","nissan-n150-2r","230x96x33; 230x48x66","NO","NO","NO","NO"
"Nissan","N 150R","N150R","nissan-n150r","230x72x43","NO","NO","NO","NO"
"Nissan","N 220-2","N220-2","nissan-n220-2","320x109x36; 300x52.5x74","NO","NO","NO","NO"
"Nissan","N 230-2","N230-2","nissan-n230-2","230x96x33; 320x109x36","NO","NO","NO","NO"
"Nissan","N 230-2R","N230-2R","nissan-n230-2r","320x109x36; 300x52.5x74","NO","NO","NO","NO"
"Nissan","N 250-2","N250-2","nissan-n250-2","320x109x36; 300x52.5x74","NO","NO","NO","NO"
"Nissan","N 260-2","N260-2","nissan-n260-2","320x109x36; 300x52.5x74","NO","NO","NO","NO"
"Nissan","N 260-2R","N260-2R","nissan-n260-2r","320x109x36; 300x52.5x74","NO","NO","NO","NO"
"Nissan","N 300-2","N300-2","nissan-n300-2","320x109x39; 300x52.5x80","NO","NO","NO","NO"
"Nissan","N 300-2R","N300-2R","nissan-n300-2r","320x109x39; 300x52.5x80","NO","NO","NO","NO"
"Nissan","N 35","N35","nissan-n35","300x55x78; 300x52.5x80","NO","NO","NO","NO"
"Nissan","N 350-2","N350-2","nissan-n350-2","320x100x43; 320x109x39","NO","NO","NO","NO"
"Nissan","N 350-2R","N350-2R","nissan-n350-2r","320x109x39; 300x52.5x80","NO","NO","NO","NO"
"Nissan","N 80","N80","nissan-n80","180x72x36","NO","NO","NO","NO"
"Nissan","N 80-2","N80-2","nissan-n80-2","180x72x36","NO","NO","NO","NO"
"Nissan","N 80-2R","N80-2R","nissan-n80-2r","180x72x36","NO","NO","NO","NO"
"Nissan","S&B 08","S&B08","nissan-sb08","180x72x36","NO","NO","NO","NO"
"Nissan","S&B 25-1","S&B25-1","nissan-sb25-1","400x72.5x72","NO","NO","NO","NO"
"Nissan","S&B 25-2","S&B25-2","nissan-sb25-2","400x146x37; 400x72.5x74","NO","NO","NO","NO"
"Nissan","S&B 300","S&B300","nissan-sb300","320x109x39; 300x52.5x80","NO","NO","NO","NO"
"Nissan","S&B 300-2","S&B300-2","nissan-sb300-2","320x109x39; 300x52.5x80","NO","NO","NO","NO"
"Nissan","S&B X 1","S&B X1","nissan-sbx1","300x109x39; 320x100x40","NO","NO","NO","NO"
"Nissan","X 1","X1","nissan-x1","320x100x38; 320x100x40","NO","NO","NO","NO"
"Pagani Geotechnical Equipment","TG 63/100","TG63/100","pagani-geotechnical-equipment-tg63100","190x72x37; 180x72x37","NO","NO","NO","NO"
"Pagani Geotechnical Equipment","TG 63/150","TG63/150","pagani-geotechnical-equipment-tg63150","230x72x43","NO","NO","NO","NO"
"Pagani Geotechnical Equipment","TG73/200","TG73/200","pagani-geotechnical-equipment-tg73200","320x100x52","NO","NO","NO","NO"
"Palazzani","TSJ 12","TSJ12","palazzani-tsj12","230x96x40; 250x48x80","NO","NO","NO","NO"
"Palazzani","TSJ 22/24","TSJ22/24","palazzani-tsj2224","250x72x52","NO","NO","NO","NO"
"Palazzani","TSJ 23","TSJ23","palazzani-tsj23","230x96x40; 250x48x80","NO","NO","NO","NO"
"Palazzani","TSJ 24","TSJ24","palazzani-tsj24","230x96x40; 250x72x54; 250x48x80","NO","NO","NO","NO"
"Palazzani","TSJ 34 (Lifting platform)","TSJ34","palazzani-tsj34","320x100x52","NO","NO","NO","NO"
"Palazzani","TSJ 43 (Lifting platform)","TSJ43","palazzani-tsj43","400x72.5x74","NO","NO","NO","NO"
"Palazzani","TZ 170 (Lifting platform)","TZ170","palazzani-tz170","250x72x52","NO","NO","NO","NO"
"Palazzani","XTJ 30/C (Lifting platform)","XTJ30/C","palazzani-xtj30c","320x100x52","NO","NO","NO","NO"
"Palazzani","XTJ 48","XTJ48","palazzani-xtj48","450x76x84","NO","NO","NO","NO"
"Paus-Hermann","MB 1.6","MB1.6","paus-hermann-mb16","230x48x64; 230x96x32","NO","NO","NO","NO"
"Paus-Hermann","MB 2.0","MB2.0","paus-hermann-mb20","250x72x52","NO","NO","NO","NO"
"Paus-Hermann","MB 2.4 ('1994)","MB2.4","paus-hermann-mb24","250x107.5x37; 250x52.5x76; 300x52.5x76","NO","NO","NO","NO"
"Paus-Hermann","MB 3.2","MB3.2","paus-hermann-mb32","300x55x82; 300x52.5x84","NO","NO","NO","NO"
"Pauselli","500","500","pauselli-500","230x72x43","NO","NO","NO","NO"
"Pauselli","700","700","pauselli-700","250x72x52","NO","NO","NO","NO"
"Pazzaglia","FZ 100 (Tree remover)","FZ100","pazzaglia-fz100","230x72x39","NO","NO","NO","NO"
"Pazzaglia","FZ 110 (Tree remover)","FZ110","pazzaglia-fz110","230x72x39","NO","NO","NO","NO"
"Pazzaglia","FZ 110 Turbo plus (Tree remover)","FZ110Turbo plus","pazzaglia-fz110turboplus","250x72x41","NO","NO","NO","NO"
"Pazzaglia","FZ 120 (Tree remover)","FZ120","pazzaglia-fz120","230x72x45","NO","NO","NO","NO"
"Pazzaglia","FZ 150 (Tree remover)","FZ150","pazzaglia-fz150","250x72x45","NO","NO","NO","NO"
"Pazzaglia","FZ 160 (Tree remover)","FZ160","pazzaglia-fz160","250x72x45","NO","NO","NO","NO"
"Pazzaglia","FZ 50 (Tree remover)","FZ50","pazzaglia-fz50","180x72x34","NO","NO","NO","NO"
"Pazzaglia","FZ 80 (Tree remover)","FZ80","pazzaglia-fz80","200x72x39","NO","NO","NO","NO"
"Pazzaglia","FZ 90 (Tree remover)","FZ90","pazzaglia-fz90","230x72x39","NO","NO","NO","NO"
"Peljob","EB 10","EB10","peljob-eb10","230x72x43","NO","NO","NO","NO"
"Peljob","EB 10.4","EB10.4","peljob-eb104","230x72x43","NO","NO","NO","NO"
"Peljob","EB 11 (New) [OEM 250x72x47]","EB11","peljob-eb11","250x72x47; 230x72x43","NO","NO","NO","NO"
"Peljob","EB 12","EB12","peljob-eb12","230x72x43","NO","NO","NO","NO"
"Peljob","EB 12.4","EB12.4","peljob-eb124","230x72x43","NO","NO","NO","NO"
"Peljob","EB 14 (New) [OEM 250x72x45]","EB14","peljob-eb14","250x72x45; 230x72x43","NO","NO","NO","NO"
"Peljob","EB 14.2","EB14.2","peljob-eb142","230x72x43","NO","NO","NO","NO"
"Peljob","EB 14.4 (New) [OEM 250x72x45]","EB14.4","peljob-eb144","250x72x45; 230x72x43","NO","NO","NO","NO"
"Peljob","EB 150","EB150","peljob-eb150","230x96x33; 230x48x66","NO","NO","NO","NO"
"Peljob","EB 150XR [OEM 230x72x43]","EB150XR","peljob-eb150xr","230x72x43; 230x96x33","NO","NO","NO","NO"
"Peljob","EB 150XT","EB150XT","peljob-eb150xt","230x96x33; 230x48x66","NO","NO","NO","NO"
"Peljob","EB 150XTV","EB150XTV","peljob-eb150xtv","230x96x33; 230x48x66","NO","NO","NO","NO"
"Peljob","EB 16","EB16","peljob-eb16","250x72x47","NO","NO","NO","NO"
"Peljob","EB 16.4 (New)","EB16.4","peljob-eb164","250x72x47; 250x72x45","NO","NO","NO","NO"
"Peljob","EB 16.5","EB16.5","peljob-eb165","250x72x47","NO","NO","NO","NO"
"Peljob","EB 22.4 (S/N < 16700)","EB22.4","peljob-eb224","320x100x38; 300x109x35","NO","NO","NO","NO"
"Peljob","EB 246","EB246","peljob-eb246","230x72x43","NO","NO","NO","NO"
"Peljob","EB 25.4","EB25.4","peljob-eb254","300x109x41","NO","NO","NO","NO"
"Peljob","EB 250","EB250","peljob-eb250","300x109x41","NO","NO","NO","NO"
"Peljob","EB 250XT","EB250XT","peljob-eb250xt","300x109x38; 300x52.5x78","NO","NO","NO","NO"
"Peljob","EB 251","EB251","peljob-eb251","300x109x35; 300x52.5x72","NO","NO","NO","NO"
"Peljob","EB 252","EB252","peljob-eb252","300x109x41; 300x52.5x84","NO","NO","NO","NO"
"Peljob","EB 271 ('1998)","EB271","peljob-eb271","230x72x43","NO","NO","NO","NO"
"Peljob","EB 28","EB28","peljob-eb28","300x109x41; 300x52.5x84","NO","NO","NO","NO"
"Peljob","EB 28.4","EB28.4","peljob-eb284","300x109x41","NO","NO","NO","NO"
"Peljob","EB 28.6","EB28.6","peljob-eb286","300x109x41; 300x52.5x84","NO","NO","NO","NO"
"Peljob","EB 281","EB281","peljob-eb281","300x109x38; 300x52.5x78","NO","NO","NO","NO"
"Peljob","EB 30.4","EB30.4","peljob-eb304","300x109x35; 300x52.5x72","NO","NO","NO","NO"
"Peljob","EB 300","EB300","peljob-eb300","300x109x38; 300x52.5x78","NO","NO","NO","NO"
"Peljob","EB 306","EB306","peljob-eb306","300x109x41; 300x52.5x84","NO","NO","NO","NO"
"Peljob","EB 350","EB350","peljob-eb350","300x109x41; 300x52.5x84","NO","NO","NO","NO"
"Peljob","EB 350XT","EB350XT","peljob-eb350xt","300x109x41; 300x52.5x84","NO","NO","NO","NO"
"Peljob","EB 36 (new)","EB36","peljob-eb36","300x109x41; 320x100x43","NO","NO","NO","NO"
"Peljob","EB 400","EB400","peljob-eb400","300x109x41; 300x52.5x84","NO","NO","NO","NO"
"Peljob","EB 406","EB406","peljob-eb406","300x109x41; 300x52.5x84","NO","NO","NO","NO"
"Peljob","EB 450","EB450","peljob-eb450","400x72.5x68","NO","NO","NO","NO"
"Peljob","EB 506","EB506","peljob-eb506","400x146x35; 400x72.5x72","NO","NO","NO","NO"
"Peljob","LS 200","LS200","peljob-ls200","300x109x41; 300x52.5x84","NO","NO","NO","NO"
"Peljob","LS 2000","LS2000","peljob-ls2000","300x109x41; 300x52.5x84","NO","NO","NO","NO"
"Peljob","LS 286","LS286","peljob-ls286","300x109x41; 300x52.5x84","NO","NO","NO","NO"
"Peljob","LS 386","LS386","peljob-ls386","300x109x41; 300x52.5x84","NO","NO","NO","NO"
"Peljob","LS 406","LS406","peljob-ls406","300x109x41; 300x52.5x84","NO","NO","NO","NO"
"Peljob","LS 502","LS502","peljob-ls502","400x146x35; 400x72.5x72","NO","NO","NO","NO"
"Peljob","SIRIUS","SIRIUS","peljob-sirius","230x72x43","NO","NO","NO","NO"
"Peljob","SIRIUS plus","SIRIUS plus","peljob-siriusplus","230x72x43","NO","NO","NO","NO"
"Peljob","Tiga 68","Tiga68","peljob-tiga68","400x73x72; 400x72.5x72","NO","NO","NO","NO"
"Penta Moter","Jolly","Jolly","penta-moter-jolly","230x72x42","NO","NO","NO","NO"
"Penta Moter","Jolly 20B","Jolly20B","penta-moter-jolly20b","200x72x42; 180x72x42","NO","NO","NO","NO"
"Penta Moter","Jolly 26B","Jolly26B","penta-moter-jolly26b","200x72x42; 180x72x42","NO","NO","NO","NO"
"Penta Moter","Jolly 26PK","Jolly26PK","penta-moter-jolly26pk","230x72x45","NO","NO","NO","NO"
"Penta Moter","Maxi dumper","Maxi dumper","penta-moter-maxidumper","230x72x45","NO","NO","NO","NO"
"Penta Moter","Maxi dumper 20PK","Maxi dumper20PK","penta-moter-maxidumper20pk","200x72x42","NO","NO","NO","NO"
"Penta Moter","Robot","Robot","penta-moter-robot","200x72x42","NO","NO","NO","NO"
"Pezzolato","PZ 250","PZ250","pezzolato-pz250","300x55x78; 300x52.5x80","NO","NO","NO","NO"
"Picchio","1465 (Lifting platform)","1465","picchio-1465","180x72x34","NO","NO","NO","NO"
"Picchio","1690 (Sky Lifter)","1690","picchio-1690","250x72x57","NO","NO","NO","NO"
"Piccini","Dumper","Dumper","piccini-dumper","230x72x43","NO","NO","NO","NO"
"Piccini","mini 22","mini22","piccini-mini22","230x72x39","NO","NO","NO","NO"
"Piccini","minicar 300","minicar300","piccini-minicar300","180x72x34","NO","NO","NO","NO"
"Piccini","minicar 500","minicar500","piccini-minicar500","200x72x42","NO","NO","NO","NO"
"Piccini","minicat 13","minicat13","piccini-minicat13","200x72x42","NO","NO","NO","NO"
"Piccini","minicat 20","minicat20","piccini-minicat20","230x72x43","NO","NO","NO","NO"
"Piccini","minicat 22","minicat22","piccini-minicat22","230x72x43","NO","NO","NO","NO"
"Platform Basket","RQG 12 (Skylifter)","RQG12","platform-basket-rqg12","190x72x39; 180x72x39","NO","NO","NO","NO"
"Platform Basket","RQG 12AD (Sky lifter)","RQG12AD","platform-basket-rqg12ad","200x72x37; 180x72x37","NO","NO","NO","NO"
"Platform Basket","RQG 15.75 (Skylifter)","RQG15.75","platform-basket-rqg1575","200x72x47","NO","NO","NO","NO"
"Platform Basket","RQG 150AD (Sky lifter)","RQG150AD","platform-basket-rqg150ad","200x72x37; 180x72x37","NO","NO","NO","NO"
"Platform Basket","RQG 18","RQG18","platform-basket-rqg18","250x72x52","NO","NO","NO","NO"
"Platform Basket","Spider 13.80 (Sky lifter)","Spider13.80","platform-basket-spider1380","200x72x47","NO","NO","NO","NO"
"Platform Basket","Spider 18.90 (Sky lifter)","Spider18.90","platform-basket-spider1890","200x72x47","NO","NO","NO","NO"
"Platform Basket","Spider 22.10 (Sky lifter)","Spider22.10","platform-basket-spider2210","200x72x47","NO","NO","NO","NO"
"Platform Basket","Spider 27.14 (Sky lifter)","Spider27.14","platform-basket-spider2714","230x72x59","NO","NO","NO","NO"
"Platform Basket","Spider 33.15 (Sky lifter)","Spider33.15","platform-basket-spider3315","250x72x64","NO","NO","NO","NO"
"Platinum Lift","CF 125 (Rotary)","CF125","platinum-lift-cf125","200x72x43","NO","NO","NO","NO"
"Porello","Car 70 (transporter)","Car70","porello-car70","180x72x34","NO","NO","NO","NO"
"Porrello","Car 100 (transporter)","Car100","porrello-car100","230x72x42","NO","NO","NO","NO"
"Porrello","Sky lifter","Sky lifter","porrello-skylifter","180x72x34","NO","NO","NO","NO"
"Positrack","RCV 85","RCV85","positrack-rcv85","457x101.6x50","NO","NO","NO","NO"
"Powerfab","100 X","100X","powerfab-100x","200x72x40","NO","NO","NO","NO"
"Powerfab","1200 SX","1200SX","powerfab-1200sx","200x72x40","NO","NO","NO","NO"
"Powerfab","1200 X","1200X","powerfab-1200x","200x72x35; 180x72x35","NO","NO","NO","NO"
"Powerfab","1250","1250","powerfab-1250","200x72x40","NO","NO","NO","NO"
"Powerfab","1700 SX","1700SX","powerfab-1700sx","200x72x40","NO","NO","NO","NO"
"Powerfab","180","180","powerfab-180","200x72x40","NO","NO","NO","NO"
"Powerfab","HSS 11","HSS11","powerfab-hss11","200x72x40","NO","NO","NO","NO"
"Powerfab","High type (Carrier)","High type","powerfab-hightype","200x72x40","NO","NO","NO","NO"
"Powerfab","Samurai","Samurai","powerfab-samurai","230x72x42","NO","NO","NO","NO"
"Powerpac","RC 350","RC350","powerpac-rc350","180x60x38","NO","NO","NO","NO"
"Powerpac","RC 500","RC500","powerpac-rc500","180x60x38","NO","NO","NO","NO"
"Pressoil","HR 15.1","HR15.1","pressoil-hr151","230x72x43","NO","NO","NO","NO"
"Putzmeister","SPM 300","SPM300","putzmeister-spm300","300x109x43; 300x52.5x88","NO","NO","NO","NO"
"QIYUN","GTJZ06","GTJZ06","qiyun-gtjz06","200x72x41","NO","NO","NO","NO"
"RHINOCEROS","XN 12","XN12","rhinoceros-xn12","180x72x37","NO","NO","NO","NO"
"RHINOCEROS","XN 16","XN16","rhinoceros-xn16","230x72x43","NO","NO","NO","NO"
"RHINOCEROS","XN 18","XN18","rhinoceros-xn18","230x72x43","NO","NO","NO","NO"
"Rampicar","R 100","R100","rampicar-r100","190x72x37; 180x72x37","NO","NO","NO","NO"
"Rampicar","R 100AE","R100AE","rampicar-r100ae","190x72x37; 180x72x37","NO","NO","NO","NO"
"Rampicar","R 35","R35","rampicar-r35","180x60x38","NO","NO","NO","NO"
"Rampicar","R 50","R50","rampicar-r50","180x60x38","NO","NO","NO","NO"
"Rampicar","R 500 (Mini-carrier)","R500","rampicar-r500","180x60x37","NO","NO","NO","NO"
"Rampicar","R 60","R60","rampicar-r60","180x60x38","NO","NO","NO","NO"
"Rampicar","R 600","R600","rampicar-r600","180x72x34","NO","NO","NO","NO"
"Rampicar","R 635","R635","rampicar-r635","180x72x47; 200x72x47","NO","NO","NO","NO"
"Rampicar","R 70","R70","rampicar-r70","180x72x34","NO","NO","NO","NO"
"Rampicar","R 70.1","R70.1","rampicar-r701","180x72x39","NO","NO","NO","NO"
"Rampicar","R 70AE","R70AE","rampicar-r70ae","180x72x34","NO","NO","NO","NO"
"Rampicar","R 800 (Mini-carrier)","R800","rampicar-r800","180x72x34","NO","NO","NO","NO"
"Rampicar","R 900 (Mini-carrier)","R900","rampicar-r900","200x72x42","NO","NO","NO","NO"
"Rampicar","Vignoble","Vignoble","rampicar-vignoble","180x72x34","NO","NO","NO","NO"
"Ramrod","1150 Taskmaster","1150Taskmaster","ramrod-1150taskmaster","230x72x39","NO","NO","NO","NO"
"Rayco","C 85L","C85L","rayco-c85l","400x73x68; 400x72.5x68","NO","NO","NO","NO"
"Rayco","RG 35T","RG35T","rayco-rg35t","180x72x31","NO","NO","NO","NO"
"Rayco","RG 37T","RG37T","rayco-rg37t","180x72x31","NO","NO","NO","NO"
"Rayco","RG 40T","RG40T","rayco-rg40t","180x72x31","NO","NO","NO","NO"
"Rayco","RG 45T-R","RG45T-R","rayco-rg45t-r","200x72x53","NO","NO","NO","NO"
"Rayco","RG 55T","RG55T","rayco-rg55t","200x72x53","NO","NO","NO","NO"
"Raymar","TRK 102","TRK102","raymar-trk102","320x55x88; 300x52.5x92","NO","NO","NO","NO"
"Raymar","TRK 120","TRK120","raymar-trk120","400x72.5x74","NO","NO","NO","NO"
"Raymar","TRK 120S","TRK120S","raymar-trk120s","400x72.5x74","NO","NO","NO","NO"
"Raymar","TRK 40","TRK40","raymar-trk40","230x72x45","NO","NO","NO","NO"
"Raymar","TRK 40LT","TRK40LT","raymar-trk40lt","230x72x45","NO","NO","NO","NO"
"Raymar","TRK 60","TRK60","raymar-trk60","230x72x56","NO","NO","NO","NO"
"Raymar","TRK 60S","TRK60S","raymar-trk60s","230x72x56","NO","NO","NO","NO"
"Renders","RME 170","RME170","renders-rme170","230x72x43","NO","NO","NO","NO"
"Riebsamen","Multi-pelle","Multi-pelle","riebsamen-multi-pelle","180x72x37","NO","NO","NO","NO"
"Rock","20","20","rock-20","230x72x43","NO","NO","NO","NO"
"Rocky Rapid","BFR 402","BFR402","rocky-rapid-bfr402","180x60x34","NO","NO","NO","NO"
"Rolatec","ML 76A (Drilling machine)","ML76A","rolatec-ml76a","180x72x34","NO","NO","NO","NO"
"Rossi","R 103.3","R103.3","rossi-r1033","230x72x43","NO","NO","NO","NO"
"Rossi","R 105.3","R105.3","rossi-r1053","230x72x43","NO","NO","NO","NO"
"Rotomax","Drilling machine","Drilling machine","rotomax-drillingmachine","250x72x52","NO","NO","NO","NO"
"Rufener","RK 1200 (mini-dumper)","RK1200","rufener-rk1200","230x72x45","NO","NO","NO","NO"
"Rufener","RK 1500 (mini-dumper)","RK1500","rufener-rk1500","250x72x48","NO","NO","NO","NO"
"Rufener","RK 500 (mini-dumper)","RK500","rufener-rk500","180x72x34","NO","NO","NO","NO"
"Rufener","RK 602 (mini-dumper)","RK602","rufener-rk602","190x72x34; 180x72x34","NO","NO","NO","NO"
"Rufener","RK 700 (mini-dumper)","RK700","rufener-rk700","190x72x37; 180x72x37","NO","NO","NO","NO"
"Rufener","RK 900 (mini-dumper)","RK900","rufener-rk900","190x72x39; 180x72x39","NO","NO","NO","NO"
"SDP Manufacturing","2500","2500","sdp-manufacturing-2500","230x72x56","NO","NO","NO","NO"
"SDP Manufacturing","EZ Hauler55M","EZ Hauler55M","sdp-manufacturing-ezhauler55m","300x52.5x92","NO","NO","NO","NO"
"SMC","MX 08XT","MX08XT","smc-mx08xt","180x72x38","NO","NO","NO","NO"
"SMC","MX 14-1","MX14-1","smc-mx14-1","230x72x43","NO","NO","NO","NO"
"SMC","MX 15","MX15","smc-mx15","230x96x33; 230x48x66","NO","NO","NO","NO"
"SMC","MX 16XT","MX16XT","smc-mx16xt","230x96x33; 230x48x66","NO","NO","NO","NO"
"SMC","MX 30","MX30","smc-mx30","300x52.5x74","NO","NO","NO","NO"
"SMC","MX 35","MX35","smc-mx35","300x54x82; 300x52.5x84","NO","NO","NO","NO"
"SMC","MX 50","MX50","smc-mx50","400x72.5x72","NO","NO","NO","NO"
"SMC","MX 80","MX80","smc-mx80","450x71x86","NO","NO","NO","NO"
"SUP","Elefant S19","Elefant S19","sup-elefants19","230x72x52","NO","NO","NO","NO"
"Sacet","KC 28 ALV","KC28ALV","sacet-kc28alv","250x72x57","NO","NO","NO","NO"
"Samsung","MX 030","MX030","samsung-mx030","300x101.6x40; 300x52.5x78","NO","NO","NO","NO"
"Samsung","SE 50","SE50","samsung-se50","400x73x74; 400x72.5x74","NO","NO","NO","NO"
"Samsung","SE 50-3","SE50-3","samsung-se50-3","400x72.5x74","NO","NO","NO","NO"
"Sandqueen Uk","Dumper","Dumper","sandqueen-uk-dumper","230x72x42","NO","NO","NO","NO"
"Sany","SY16C","SY16C","sany-sy16c","230x48x70","NO","NO","NO","NO"
"Sany","SY26C","SY26C","sany-sy26c","300x52.5x80","NO","NO","NO","NO"
"Sany","SY26U","SY26U","sany-sy26u","300x52.5x80","NO","NO","NO","NO"
"Sany","SY35U","SY35U","sany-sy35u","300x55x84; 300x52.5x88","NO","NO","NO","NO"
"Sany","SY50U","SY50U","sany-sy50u","400x72.5x74","NO","NO","NO","NO"
"Sany","SY75C","SY75C","sany-sy75c","450x81.5x76; 450x81x76","NO","NO","NO","NO"
"Sany","SY80U","SY80U","sany-sy80u","450x81.5x78; 450x81x78","NO","NO","NO","NO"
"Sato","SC 1200","SC1200","sato-sc1200","180x72x37","NO","NO","NO","NO"
"Sato","SC 156DD (Mini-carrier)","SC156DD","sato-sc156dd","180x60x34","NO","NO","NO","NO"
"Sato","SC 156DS (Mini-carrier)","SC156DS","sato-sc156ds","180x60x34","NO","NO","NO","NO"
"Sato","SC 433 (Mini-carrier)","SC433","sato-sc433","200x72x35; 180x72x35","NO","NO","NO","NO"
"Sato","SC 433DA (Mini-carrier)","SC433DA","sato-sc433da","200x72x35; 180x72x35","NO","NO","NO","NO"
"Sato","SC 433DH (Mini-carrier)","SC433DH","sato-sc433dh","200x72x35; 180x72x35","NO","NO","NO","NO"
"Sato","SC 433LDA (Mini-carrier)","SC433LDA","sato-sc433lda","200x72x35; 180x72x35","NO","NO","NO","NO"
"Sato","SC 433LDS (Mini-carrier)","SC433LDS","sato-sc433lds","200x72x35; 180x72x35","NO","NO","NO","NO"
"Sato","SCL 476A (Mini-carrier)","SCL476A","sato-scl476a","200x72x35; 180x72x35","NO","NO","NO","NO"
"Satvia","VB 101R","VB101R","satvia-vb101r","250x72x48","NO","NO","NO","NO"
"Satvia","VT 102R","VT102R","satvia-vt102r","250x72x52","NO","NO","NO","NO"
"Satvia","VT 150R","VT150R","satvia-vt150r","300x55x82; 300x52.5x84","NO","NO","NO","NO"
"Scattrack","116","116","scattrack-116","230x72x45","NO","NO","NO","NO"
"Scattrack","118","118","scattrack-118","230x72x45","NO","NO","NO","NO"
"Scattrack","125","125","scattrack-125","300x109x36; 300x52.5x74","NO","NO","NO","NO"
"Scattrack","130","130","scattrack-130","300x55x78; 300x52.5x80","NO","NO","NO","NO"
"Scattrack","135","135","scattrack-135","300x55x78; 300x52.5x80","NO","NO","NO","NO"
"Scattrack","150","150","scattrack-150","400x73x72; 400x72.5x72","NO","NO","NO","NO"
"Scattrack","254S","254S","scattrack-254s","400x73x72; 400x72.5x72","NO","NO","NO","NO"
"Scattrack","516","516","scattrack-516","230x72x45","NO","NO","NO","NO"
"Scattrack","520","520","scattrack-520","230x72x45","NO","NO","NO","NO"
"Scattrack","520V","520V","scattrack-520v","230x72x45","NO","NO","NO","NO"
"Scattrack","530","530","scattrack-530","300x109x36; 300x52.5x74","NO","NO","NO","NO"
"Scattrack","533","533","scattrack-533","300x109x39; 300x52.5x80","NO","NO","NO","NO"
"Scattrack","535","535","scattrack-535","300x109x39; 300x52.5x80","NO","NO","NO","NO"
"Scattrack","545","545","scattrack-545","400x72.5x72","NO","NO","NO","NO"
"Schaefer","DS 1200 (Mini-dumper)","DS1200","schaefer-ds1200","180x72x37","NO","NO","NO","NO"
"Schaeff","H 15","H15","schaeff-h15","230x96x33; 230x48x66","NO","NO","NO","NO"
"Schaeff","H 24","H24","schaeff-h24","300x109x36; 300x52.5x74","NO","NO","NO","NO"
"Schaeff","H 27","H27","schaeff-h27","300x109x36; 300x52.5x74","NO","NO","NO","NO"
"Schaeff","HR 02","HR02","schaeff-hr02","230x96x33; 230x48x66; 230x72x43; 250x72x45","NO","NO","NO","NO"
"Schaeff","HR 1","HR1","schaeff-hr1","180x72x36","NO","NO","NO","NO"
"Schaeff","HR 1.5","HR1.5","schaeff-hr15","230x48x66; 230x96x33","NO","NO","NO","NO"
"Schaeff","HR 1.6","HR1.6","schaeff-hr16","230x48x66; 230x96x33; 300x109x39; 300x52.5x80; 300x55x78","NO","NO","NO","NO"
"Schaeff","HR 11","HR11","schaeff-hr11","230x96x33; 230x48x66","NO","NO","NO","NO"
"Schaeff","HR 12 (New)","HR12","schaeff-hr12","230x96x33; 230x96x31","NO","NO","NO","NO"
"Schaeff","HR 13 ('2001)","HR13","schaeff-hr13","230x96x33; 230x48x66","NO","NO","NO","NO"
"Schaeff","HR 14","HR14","schaeff-hr14","300x52.5x74; 300x109x36; 300x55x72","NO","NO","NO","NO"
"Schaeff","HR 18","HR18","schaeff-hr18","400x72.5x72","NO","NO","NO","NO"
"Schaeff","HR 2 (New)","HR2","schaeff-hr2","230x96x33; 230x48x66; 250x72x45","NO","NO","NO","NO"
"Schaeff","HR 2.0","HR2.0","schaeff-hr20","230x48x66; 230x96x33; 400x72.5x72; 400x72.5x76","NO","NO","NO","NO"
"Schaeff","HR 21","HR21","schaeff-hr21","400x72.5x76","NO","NO","NO","NO"
"Schaeff","HR 22","HR22","schaeff-hr22","400x72.5x76","NO","NO","NO","NO"
"Schaeff","HR 24","HR24","schaeff-hr24","300x109x36; 300x52.5x74","NO","NO","NO","NO"
"Schaeff","HR 27","HR27","schaeff-hr27","300x109x36; 300x52.5x74","NO","NO","NO","NO"
"Schaeff","HR 3.7 (new)","HR3.7","schaeff-hr37","300x52.5x86; 300x52.5x92","NO","NO","NO","NO"
"Schaeff","HR 31","HR31","schaeff-hr31","450x81x76","NO","NO","NO","NO"
"Schaeff","HR 32","HR32","schaeff-hr32","450x71x86","NO","NO","NO","NO"
"Schaeff","HR 32CI","HR32CI","schaeff-hr32ci","450x71x86","NO","NO","NO","NO"
"Schaeff","HR 4-A","HR4-A","schaeff-hr4-a","320x109x36; 300x52.5x74","NO","NO","NO","NO"
"Schaeff","HR 42","HR42","schaeff-hr42","500x92x78","NO","NO","NO","NO"
"Schaeff","HR 8 (New)","HR8","schaeff-hr8","300x109x39; 300x52.5x80","NO","NO","NO","NO"
"Schaeff","HR 8-A","HR8-A","schaeff-hr8-a","300x109x39; 300x52.5x80","NO","NO","NO","NO"
"Schaeff","N 120","N120","schaeff-n120","230x72x47","NO","NO","NO","NO"
"Schaeff","TC08","TC08","schaeff-tc08","180x72x37","NO","NO","NO","NO"
"Schaeff","TC10Z","TC10Z","schaeff-tc10z","180x72x43","NO","NO","NO","NO"
"Sedidrill","110 (drilling machine)","110","sedidrill-110","200x72x37; 180x72x37","NO","NO","NO","NO"
"Sedidrill","210 (drilling machine)","210","sedidrill-210","250x72x52","NO","NO","NO","NO"
"Sedidrill","250 (drilling machine)","250","sedidrill-250","230x72x43","NO","NO","NO","NO"
"Sedidrill","90 (drilling machine)","90","sedidrill-90","180x72x37","NO","NO","NO","NO"
"Senic","TSJ 34","TSJ34","senic-tsj34","320x100x52","NO","NO","NO","NO"
"Senic","TZ 170","TZ170","senic-tz170","250x72x52","NO","NO","NO","NO"
"Sequani","135CS Skylift","135CS Skylift","sequani-135csskylift","180x72x37","NO","NO","NO","NO"
"Shibura","425MA","425MA","shibura-425ma","200x72x35; 180x72x35","NO","NO","NO","NO"
"Shin-Towa","CC 104","CC104","shin-towa-cc104","200x72x43","NO","NO","NO","NO"
"Shin-Towa","CC 154","CC154","shin-towa-cc154","200x72x40","NO","NO","NO","NO"
"Shin-Towa","CC 204","CC204","shin-towa-cc204","200x72x43","NO","NO","NO","NO"
"Shin-Towa","CC 205","CC205","shin-towa-cc205","200x72x43","NO","NO","NO","NO"
"Shin-Towa","CC 235","CC235","shin-towa-cc235","200x72x40","NO","NO","NO","NO"
"Shin-Towa","CC 265","CC265","shin-towa-cc265","200x72x43","NO","NO","NO","NO"
"Shin-Towa","CC 266","CC266","shin-towa-cc266","200x72x43","NO","NO","NO","NO"
"Shin-Towa","CC 285","CC285","shin-towa-cc285","200x72x43","NO","NO","NO","NO"
"Shin-Towa","CL 100","CL100","shin-towa-cl100","200x72x36; 180x72x36","NO","NO","NO","NO"
"Shin-Towa","NC 180","NC180","shin-towa-nc180","180x72x39","NO","NO","NO","NO"
"Shin-Towa","TC 204","TC204","shin-towa-tc204","200x72x43","NO","NO","NO","NO"
"Showa Aircraft","SWP 030VCB","SWP030VCB","showa-aircraft-swp030vcb","180x72x37","NO","NO","NO","NO"
"Sicocu","750DH3","750DH3","sicocu-750dh3","200x72x38; 180x72x38","NO","NO","NO","NO"
"Sika","ALIVA 503","ALIVA503","sika-aliva503","250x72x47","NO","NO","NO","NO"
"Silea","45RP","45RP","silea-45rp","230x72x43","NO","NO","NO","NO"
"Silla","14","14","silla-14","230x72x43","NO","NO","NO","NO"
"Silla","18","18","silla-18","240x72x48; 230x72x48; 250x72x48","NO","NO","NO","NO"
"Silla","ME 1400H","ME1400H","silla-me1400h","230x72x45","NO","NO","NO","NO"
"Slane","HT1000","HT1000","slane-ht1000","180x72x40","NO","NO","NO","NO"
"Slane International","Big Dog SL 900","Big Dog SL900","slane-international-bigdogsl900","200x72x43","NO","NO","NO","NO"
"Slane International","Big Skip HT750 (Mini-carrier)","Big Skip HT750","slane-international-bigskipht750","180x72x34","NO","NO","NO","NO"
"Smac","CC 91 (Aerial work platform)","CC91","smac-cc91","300x55x80; 300x52.5x82","NO","NO","NO","NO"
"Smac","PC 40III (Lifting platform)","PC40III","smac-pc40iii","200x72x42","NO","NO","NO","NO"
"So.Ca.Ce","Europlanet 190 C 080 SC (Crane)","Europlanet190C080SC","so.ca.ce-europlanet190c080sc","250x72x52","NO","NO","NO","NO"
"Socomafor","35R","35R","socomafor-35r","230x72x52","NO","NO","NO","NO"
"Socomafor","50R","50R","socomafor-50r","250x72x52","NO","NO","NO","NO"
"Socomafor","65 (drilling)","65","socomafor-65","400x72.5x74","NO","NO","NO","NO"
"Soma","SB 15K","SB15K","soma-sb15k","230x72x43","NO","NO","NO","NO"
"Soma","SB 28","SB28","soma-sb28","300x55x76; 300x52.5x78","NO","NO","NO","NO"
"Stanley","TRACKhorse","TRACKhorse","stanley-trackhorse","180x72x40","NO","NO","NO","NO"
"Stenuick","FORTRACK 200H","FORTRACK200H","stenuick-fortrack200h","230x72x43","NO","NO","NO","NO"
"Stenuick","S 320","S320","stenuick-s320","230x72x52","NO","NO","NO","NO"
"Straightline","2062","2062","straightline-2062","320x100x52","NO","NO","NO","NO"
"Streck","SF / U (Carrier)","SF / U","streck-sfu","230x72x59","NO","NO","NO","NO"
"Sumitomo","LS 1000FXJ2","LS1000FXJ2","sumitomo-ls1000fxj2","300x52.5x84","NO","NO","NO","NO"
"Sumitomo","LS 1000FXJ3","LS1000FXJ3","sumitomo-ls1000fxj3","300x52.5x84","NO","NO","NO","NO"
"Sumitomo","LS 1200FXJ2","LS1200FXJ2","sumitomo-ls1200fxj2","400x72.5x70","NO","NO","NO","NO"
"Sumitomo","LS 1200FXJ3","LS1200FXJ3","sumitomo-ls1200fxj3","400x72.5x70","NO","NO","NO","NO"
"Sumitomo","LS 1300FXJ2","LS1300FXJ2","sumitomo-ls1300fxj2","400x73x74; 400x72.5x74","NO","NO","NO","NO"
"Sumitomo","LS 1300FXJ3","LS1300FXJ3","sumitomo-ls1300fxj3","400x73x74; 400x72.5x74","NO","NO","NO","NO"
"Sumitomo","LS 1350UXJ","LS1350UXJ","sumitomo-ls1350uxj","400x73x74; 400x72.5x74","NO","NO","NO","NO"
"Sumitomo","LS 160","LS160","sumitomo-ls160","450x73.5x80; 450x71x82","NO","NO","NO","NO"
"Sumitomo","LS 300FXJ","LS300FXJ","sumitomo-ls300fxj","180x72x37","NO","NO","NO","NO"
"Sumitomo","LS 500FXJ","LS500FXJ","sumitomo-ls500fxj","230x72x43","NO","NO","NO","NO"
"Sumitomo","LS 600FXJ","LS600FXJ","sumitomo-ls600fxj","230x72x43","NO","NO","NO","NO"
"Sumitomo","LS 600FXJ3","LS600FXJ3","sumitomo-ls600fxj3","230x72x43","NO","NO","NO","NO"
"Sumitomo","LS 600PXJ3","LS600PXJ3","sumitomo-ls600pxj3","230x72x43","NO","NO","NO","NO"
"Sumitomo","LS 700FXJ2","LS700FXJ2","sumitomo-ls700fxj2","300x52.5x72","NO","NO","NO","NO"
"Sumitomo","LS 700FXJ3","LS700FXJ3","sumitomo-ls700fxj3","300x52.5x72","NO","NO","NO","NO"
"Sumitomo","LS 800FXJ2","LS800FXJ2","sumitomo-ls800fxj2","300x52.5x76","NO","NO","NO","NO"
"Sumitomo","LS 800FXJ3","LS800FXJ3","sumitomo-ls800fxj3","300x52.5x76","NO","NO","NO","NO"
"Sumitomo","LS 850UXJ","LS850UXJ","sumitomo-ls850uxj","300x52.5x80","NO","NO","NO","NO"
"Sumitomo","LS 850UXJ2","LS850UXJ2","sumitomo-ls850uxj2","300x52.5x80","NO","NO","NO","NO"
"Sumitomo","LS 900FXJ2","LS900FXJ2","sumitomo-ls900fxj2","300x52.5x80","NO","NO","NO","NO"
"Sumitomo","LS 900FXJ3","LS900FXJ3","sumitomo-ls900fxj3","300x52.5x80","NO","NO","NO","NO"
"Sumitomo","S 100","S100","sumitomo-s100","300x109x41; 300x52.5x84","NO","NO","NO","NO"
"Sumitomo","S 100F2","S100F2","sumitomo-s100f2","300x109x41; 300x52.5x84","NO","NO","NO","NO"
"Sumitomo","S 100FJ3","S100FJ3","sumitomo-s100fj3","300x109x41; 300x52.5x84","NO","NO","NO","NO"
"Sumitomo","S 120","S120","sumitomo-s120","400x142x36; 400x72.5x70","NO","NO","NO","NO"
"Sumitomo","S 120F2","S120F2","sumitomo-s120f2","400x142x36; 400x72.5x70","NO","NO","NO","NO"
"Sumitomo","S 130","S130","sumitomo-s130","400x142x38; 400x72.5x74","NO","NO","NO","NO"
"Sumitomo","S 130F2","S130F2","sumitomo-s130f2","400x142x38; 400x72.5x74","NO","NO","NO","NO"
"Sumitomo","S 160B","S160B","sumitomo-s160b","450x73.5x80; 450x71x82","NO","NO","NO","NO"
"Sumitomo","S 160B2","S160B2","sumitomo-s160b2","450x73.5x80; 450x71x82","NO","NO","NO","NO"
"Sumitomo","S 160FJ2","S160FJ2","sumitomo-s160fj2","450x73.5x80; 450x71x82","NO","NO","NO","NO"
"Sumitomo","S 30FX","S30FX","sumitomo-s30fx","180x72x37","NO","NO","NO","NO"
"Sumitomo","S 30UX-1","S30UX-1","sumitomo-s30ux-1","200x72x41","NO","NO","NO","NO"
"Sumitomo","S 50F2","S50F2","sumitomo-s50f2","230x72x43","NO","NO","NO","NO"
"Sumitomo","S 50K","S50K","sumitomo-s50k","230x72x43","NO","NO","NO","NO"
"Sumitomo","S 60F2","S60F2","sumitomo-s60f2","230x72x43","NO","NO","NO","NO"
"Sumitomo","S 70FX2","S70FX2","sumitomo-s70fx2","300x52.5x72","NO","NO","NO","NO"
"Sumitomo","S 80F2","S80F2","sumitomo-s80f2","300x109x36; 300x52.5x74","NO","NO","NO","NO"
"Sumitomo","S 80FX2","S80FX2","sumitomo-s80fx2","300x109x36; 300x52.5x74","NO","NO","NO","NO"
"Sumitomo","S 90","S90","sumitomo-s90","300x109x39; 300x52.5x80","NO","NO","NO","NO"
"Sumitomo","S 90F2","S90F2","sumitomo-s90f2","300x109x39; 300x52.5x80","NO","NO","NO","NO"
"Sumitomo","S 90FX3","S90FX3","sumitomo-s90fx3","300x109x39; 300x52.5x80","NO","NO","NO","NO"
"Sumitomo","S 90FXJ3","S90FXJ3","sumitomo-s90fxj3","300x109x39; 300x52.5x80","NO","NO","NO","NO"
"Sumitomo","SH 10UJ3","SH10UJ3","sumitomo-sh10uj3","200x72x47","NO","NO","NO","NO"
"Sumitomo","SH 12JX","SH12JX","sumitomo-sh12jx","230x72x47","NO","NO","NO","NO"
"Sumitomo","SH 135-2","SH135-2","sumitomo-sh135-2","500x92x84","NO","NO","NO","NO"
"Sumitomo","SH 145","SH145","sumitomo-sh145","500x92x84","NO","NO","NO","NO"
"Sumitomo","SH 15J","SH15J","sumitomo-sh15j","230x96x32; 230x48x64","NO","NO","NO","NO"
"Sumitomo","SH 18J","SH18J","sumitomo-sh18j","230x96x35; 230x48x70","NO","NO","NO","NO"
"Sumitomo","SH 18UJ","SH18UJ","sumitomo-sh18uj","250x96x40; 250x48x80","NO","NO","NO","NO"
"Sumitomo","SH 18UJ2","SH18UJ2","sumitomo-sh18uj2","250x96x40; 250x48x80","NO","NO","NO","NO"
"Sumitomo","SH 20JX","SH20JX","sumitomo-sh20jx","250x96x40; 250x48x80","NO","NO","NO","NO"
"Sumitomo","SH 25J","SH25J","sumitomo-sh25j","300x52.5x72","NO","NO","NO","NO"
"Sumitomo","SH 25JX","SH25JX","sumitomo-sh25jx","300x52.5x76","NO","NO","NO","NO"
"Sumitomo","SH 28J","SH28J","sumitomo-sh28j","300x52.5x76","NO","NO","NO","NO"
"Sumitomo","SH 30J","SH30J","sumitomo-sh30j","300x52.5x80","NO","NO","NO","NO"
"Sumitomo","SH 30JX","SH30JX","sumitomo-sh30jx","300x52.5x84","NO","NO","NO","NO"
"Sumitomo","SH 30JX2","SH30JX2","sumitomo-sh30jx2","300x52.5x84","NO","NO","NO","NO"
"Sumitomo","SH 30U","SH30U","sumitomo-sh30u","300x52.5x80","NO","NO","NO","NO"
"Sumitomo","SH 30UJ","SH30UJ","sumitomo-sh30uj","300x52.5x80","NO","NO","NO","NO"
"Sumitomo","SH 30UJ2","SH30UJ2","sumitomo-sh30uj2","300x52.5x80","NO","NO","NO","NO"
"Sumitomo","SH 30UJ3","SH30UJ3","sumitomo-sh30uj3","300x52.5x80","NO","NO","NO","NO"
"Sumitomo","SH 32J","SH32J","sumitomo-sh32j","300x52.5x84","NO","NO","NO","NO"
"Sumitomo","SH 35J","SH35J","sumitomo-sh35j","300x52.5x84","NO","NO","NO","NO"
"Sumitomo","SH 35JX","SH35JX","sumitomo-sh35jx","300x52.5x90","NO","NO","NO","NO"
"Sumitomo","SH 35JX2","SH35JX2","sumitomo-sh35jx2","300x52.5x90","NO","NO","NO","NO"
"Sumitomo","SH 35UJ","SH35UJ","sumitomo-sh35uj","300x52.5x90","NO","NO","NO","NO"
"Sumitomo","SH 38UJ","SH38UJ","sumitomo-sh38uj","300x52.5x90","NO","NO","NO","NO"
"Sumitomo","SH 38UJ2","SH38UJ2","sumitomo-sh38uj2","300x52.5x90","NO","NO","NO","NO"
"Sumitomo","SH 40JX","SH40JX","sumitomo-sh40jx","400x72.5x72","NO","NO","NO","NO"
"Sumitomo","SH 40JX2","SH40JX2","sumitomo-sh40jx2","400x72.5x72","NO","NO","NO","NO"
"Sumitomo","SH 40UJ2","SH40UJ2","sumitomo-sh40uj2","300x52.5x90","NO","NO","NO","NO"
"Sumitomo","SH 45J","SH45J","sumitomo-sh45j","400x73x72; 400x72.5x72","NO","NO","NO","NO"
"Sumitomo","SH 45J2","SH45J2","sumitomo-sh45j2","400x73x72; 400x72.5x72","NO","NO","NO","NO"
"Sumitomo","SH 45JX","SH45JX","sumitomo-sh45jx","400x72.5x72","NO","NO","NO","NO"
"Sumitomo","SH 45UJ","SH45UJ","sumitomo-sh45uj","400x73x72; 400x72.5x72","NO","NO","NO","NO"
"Sumitomo","SH 55J","SH55J","sumitomo-sh55j","400x73x74; 400x72.5x74","NO","NO","NO","NO"
"Sumitomo","SH 55U-2","SH55U-2","sumitomo-sh55u-2","400x73x72; 400x72.5x72","NO","NO","NO","NO"
"Sumitomo","SH 55UJ","SH55UJ","sumitomo-sh55uj","400x73x74; 400x72.5x74","NO","NO","NO","NO"
"Sumitomo","SH 60","SH60","sumitomo-sh60","450x73.5x80; 450x71x82","NO","NO","NO","NO"
"Sumitomo","SH 60-2","SH60-2","sumitomo-sh60-2","450x73.5x80; 450x71x82","NO","NO","NO","NO"
"Sumitomo","SH 65U","SH65U","sumitomo-sh65u","450x71x82","NO","NO","NO","NO"
"Sumitomo","SH 65U-1","SH65U-1","sumitomo-sh65u-1","450x71x82","NO","NO","NO","NO"
"Sumitomo","SH 65UJ","SH65UJ","sumitomo-sh65uj","450x71x82","NO","NO","NO","NO"
"Sumitomo","SH 7GX3","SH7GX3","sumitomo-sh7gx3","180x72x37","NO","NO","NO","NO"
"Sumitomo","SH 7J","SH7J","sumitomo-sh7j","180x72x37","NO","NO","NO","NO"
"Sumitomo","SH 9UX","SH9UX","sumitomo-sh9ux","200x72x41","NO","NO","NO","NO"
"Sumitomo","SH 9UX2","SH9UX2","sumitomo-sh9ux2","200x72x47","NO","NO","NO","NO"
"Sumitomo","SH 9UX3","SH9UX3","sumitomo-sh9ux3","200x72x47","NO","NO","NO","NO"
"Sunward","SWE 08","SWE08","sunward-swe08","180x72x37","NO","NO","NO","NO"
"Sunward","SWE 08B","SWE08B","sunward-swe08b","180x72x39","NO","NO","NO","NO"
"Sunward","SWE 15","SWE15","sunward-swe15","230x48x68","NO","NO","NO","NO"
"Sunward","SWE 15S","SWE15S","sunward-swe15s","230x48x68","NO","NO","NO","NO"
"Sunward","SWE 17","SWE17","sunward-swe17","230x48x68","NO","NO","NO","NO"
"Sunward","SWE 17S","SWE17S","sunward-swe17s","230x48x68","NO","NO","NO","NO"
"Sunward","SWE 18UB","SWE18UB","sunward-swe18ub","230x48x70","NO","NO","NO","NO"
"Sunward","SWE 18UF","SWE18UF","sunward-swe18uf","230x48x70","NO","NO","NO","NO"
"Sunward","SWE 25B","SWE25B","sunward-swe25b","250x52.5x76; 300x52.5x76","NO","NO","NO","NO"
"Sunward","SWE 25UF","SWE25UF","sunward-swe25uf","300x55x78; 300x52.5x80","NO","NO","NO","NO"
"Sunward","SWE 28","SWE28","sunward-swe28","300x55x78; 300x52.5x80","NO","NO","NO","NO"
"Sunward","SWE 35UF","SWE35UF","sunward-swe35uf","300x55x84; 300x52.5x88","NO","NO","NO","NO"
"Sunward","SWE 38","SWE38","sunward-swe38","300x55x84; 300x52.5x88","NO","NO","NO","NO"
"Sunward","SWE 40U","SWE40U","sunward-swe40u","300x55x84; 300x52.5x88","NO","NO","NO","NO"
"Sunward","SWE 50B","SWE50B","sunward-swe50b","400x72.5x72","NO","NO","NO","NO"
"Sunward","SWE 55","SWE55","sunward-swe55","400x72.5x72","NO","NO","NO","NO"
"Sunward","SWE 60","SWE60","sunward-swe60","400x72.5x74","NO","NO","NO","NO"
"Sunward","SWE 60B","SWE60B","sunward-swe60b","400x72.5x74","NO","NO","NO","NO"
"Sunward","SWE 60UF","SWE60UF","sunward-swe60uf","400x72.5x74","NO","NO","NO","NO"
"Sunward","SWE 70","SWE70","sunward-swe70","400x72.5x82","NO","NO","NO","NO"
"Sunward","SWE 70B","SWE70B","sunward-swe70b","400x72.5x82","NO","NO","NO","NO"
"Sunward","SWE 78","SWE78","sunward-swe78","450x76x80","NO","NO","NO","NO"
"Sunward","SWE 80","SWE80","sunward-swe80","450x76x80","NO","NO","NO","NO"
"Sunward","SWE 90","SWE90","sunward-swe90","450x76x82","NO","NO","NO","NO"
"Sunward","SWTL 4210 (Compact Track Loader)","SWTL4210","sunward-swtl4210","450x84x57; 450x86x56","NO","NO","NO","NO"
"Sunward","SWTL 4518 (Compact Track Loader)","SWTL4518","sunward-swtl4518","450x84x57; 450x86x56","NO","NO","NO","NO"
"Supertoy","800T","800T","supertoy-800t","180x72x38","NO","NO","NO","NO"
"TAIANLUYUE","Y125","Y125","taianluyue-y125","320x86x52","NO","NO","NO","NO"
"TCP","Hi-T500 (Mini-carrier)","Hi-T500","tcp-hi-t500","180x72x31","NO","NO","NO","NO"
"TCP","TCP 500 (Carrier ) Uk market","TCP500Uk market","tcp-tcp500ukmarket","180x60x37","NO","NO","NO","NO"
"TECOINSA","TP50D","TP50D","tecoinsa-tp50d","300x52.5x84","NO","NO","NO","NO"
"TES","29","29","tes-29","200x72x37; 180x72x37","NO","NO","NO","NO"
"TRACCESS","230","230","traccess-230","250x72x52","NO","NO","NO","NO"
"TRS","CM 500","CM500","trs-cm500","180x60x38","NO","NO","NO","NO"
"TZ","C20","C20","tz-c20","230x72x43","NO","NO","NO","NO"
"Tadano","AC 40","AC40","tadano-ac40","180x72x39","NO","NO","NO","NO"
"Tadano","AC 45SG (Lifter platform)","AC45SG","tadano-ac45sg","200x72x42","NO","NO","NO","NO"
"Takeuchi","Huppi 403","Huppi403","takeuchi-huppi403","180x72x34","NO","NO","NO","NO"
"Takeuchi","J-4","J-4","takeuchi-j-4","250x48x82; 250x47x84","NO","NO","NO","NO"
"Takeuchi","S 2430LC","S2430LC","takeuchi-s2430lc","200x72x35","NO","NO","NO","NO"
"Takeuchi","TAK 700 (mini-dumper)","TAK700","takeuchi-tak700","180x72x31","NO","NO","NO","NO"
"Takeuchi","TB 007","TB007","takeuchi-tb007","180x72x37","NO","NO","NO","NO"
"Takeuchi","TB 008","TB008","takeuchi-tb008","200x72x39","NO","NO","NO","NO"
"Takeuchi","TB 014","TB014","takeuchi-tb014","230x48x62","YES","NO","NO","NO"
"Takeuchi","TB 014A/LSA","TB014A/LSA","takeuchi-tb014alsa","230x48x62","YES","NO","NO","NO"
"Takeuchi","TB 014S/LSA","TB014S/LSA","takeuchi-tb014slsa","230x48x62","YES","NO","NO","NO"
"Takeuchi","TB 015","TB015","takeuchi-tb015","230x96x31; 230x48x62","YES","NO","NO","NO"
"Takeuchi","TB 015A","TB015A","takeuchi-tb015a","230x96x31; 230x48x62","YES","NO","NO","NO"
"Takeuchi","TB 016","TB016","takeuchi-tb016","230x48x68","YES","NO","NO","NO"
"Takeuchi","TB 016S/LSA","TB016S/LSA","takeuchi-tb016slsa","230x48x68","YES","NO","NO","NO"
"Takeuchi","TB 025","TB025","takeuchi-tb025","260x52.5x72; 300x52.5x72","YES","NO","NO","NO"
"Takeuchi","TB 030","TB030","takeuchi-tb030","300x52.5x78; 300x55x75","NO","NO","NO","NO"
"Takeuchi","TB 030UR","TB030UR","takeuchi-tb030ur","300x109x40; 300x52.5x82","NO","NO","NO","NO"
"Takeuchi","TB 035","TB035","takeuchi-tb035","300x52.5x82","YES","NO","NO","NO"
"Takeuchi","TB 045","TB045","takeuchi-tb045","350x52.5x86","YES","NO","NO","NO"
"Takeuchi","TB 07","TB07","takeuchi-tb07","400x72.5x74","YES","NO","NO","NO"
"Takeuchi","TB 070","TB070","takeuchi-tb070","180x72x37","YES","NO","NO","NO"
"Takeuchi","TB 08","TB08","takeuchi-tb08","450x81x76","NO","NO","NO","NO"
"Takeuchi","TB 080","TB080","takeuchi-tb080","200x72x39","NO","NO","NO","NO"
"Takeuchi","TB 105","TB105","takeuchi-tb105","200x72x39","NO","NO","NO","NO"
"Takeuchi","TB 106","TB106","takeuchi-tb106","230x72x43","NO","NO","NO","NO"
"Takeuchi","TB 108","TB108","takeuchi-tb108","180x72x37","NO","NO","NO","NO"
"Takeuchi","TB 10F","TB10F","takeuchi-tb10f","230x72x43","NO","NO","NO","NO"
"Takeuchi","TB 10S","TB10S","takeuchi-tb10s","230x72x43","NO","NO","NO","NO"
"Takeuchi","TB 1135","TB1135","takeuchi-tb1135","500x92x84","NO","NO","NO","NO"
"Takeuchi","TB 1140","TB1140","takeuchi-tb1140","500x92x84","NO","NO","NO","NO"
"Takeuchi","TB 1150","TB1150","takeuchi-tb1150","500x92x84","NO","NO","NO","NO"
"Takeuchi","TB 12","TB12","takeuchi-tb12","230x72x43","YES","NO","NO","NO"
"Takeuchi","TB 120","TB120","takeuchi-tb120","230x72x43","NO","NO","NO","NO"
"Takeuchi","TB 120R","TB120R","takeuchi-tb120r","230x72x43","NO","NO","NO","NO"
"Takeuchi","TB 125","TB125","takeuchi-tb125","300x52.5x78","YES","NO","NO","NO"
"Takeuchi","TB 125LSA","TB125LSA","takeuchi-tb125lsa","300x52.5x78","YES","NO","NO","NO"
"Takeuchi","TB 128","TB128","takeuchi-tb128","300x52.5x82","NO","NO","NO","NO"
"Takeuchi","TB 135","TB135","takeuchi-tb135","300x52.5x86","NO","NO","NO","NO"
"Takeuchi","TB 135LSA","TB135LSA","takeuchi-tb135lsa","300x52.5x86","NO","NO","NO","NO"
"Takeuchi","TB 138FR","TB138FR","takeuchi-tb138fr","300x52.5x86","NO","NO","NO","NO"
"Takeuchi","TB 14","TB14","takeuchi-tb14","230x72x43","YES","NO","NO","NO"
"Takeuchi","TB 145","TB145","takeuchi-tb145","400x72.5x74; 400x72.5x73","YES","NO","NO","NO"
"Takeuchi","TB 15 (New)","TB15","takeuchi-tb15","230x96x31; 230x48x62; 230x72x43","NO","NO","NO","NO"
"Takeuchi","TB 153FR","TB153FR","takeuchi-tb153fr","400x72.5x74; 400x72.5x73","YES","NO","NO","NO"
"Takeuchi","TB 15F","TB15F","takeuchi-tb15f","230x96x35; 230x48x70","NO","NO","NO","NO"
"Takeuchi","TB 15FR","TB15FR","takeuchi-tb15fr","230x48x70","NO","NO","NO","NO"
"Takeuchi","TB 16","TB16","takeuchi-tb16","230x72x43","NO","NO","NO","NO"
"Takeuchi","TB 175","TB175","takeuchi-tb175","450x81x76","YES","NO","NO","NO"
"Takeuchi","TB 175LSA","TB175LSA","takeuchi-tb175lsa","450x81x76","YES","NO","NO","NO"
"Takeuchi","TB 180FR","TB180FR","takeuchi-tb180fr","450x81x76","YES","NO","NO","NO"
"Takeuchi","TB 20R","TB20R","takeuchi-tb20r","250x48x82; 250x47x84","NO","NO","NO","NO"
"Takeuchi","TB 210R","TB210R","takeuchi-tb210r","180x72x40","NO","NO","NO","NO"
"Takeuchi","TB 2150","TB2150","takeuchi-tb2150","500x92x84","NO","NO","NO","NO"
"Takeuchi","TB 2150R","TB2150R","takeuchi-tb2150r","500x92x88","NO","NO","NO","NO"
"Takeuchi","TB 215R","TB215R","takeuchi-tb215r","230x48x68","NO","NO","NO","NO"
"Takeuchi","TB 216","TB216","takeuchi-tb216","230x48x68","NO","NO","NO","NO"
"Takeuchi","TB 217R [OEM 230x48x68]","TB217R","takeuchi-tb217r","230x48x68; 230x48x70","NO","NO","NO","NO"
"Takeuchi","TB 225","TB225","takeuchi-tb225","250x48x80","NO","NO","NO","NO"
"Takeuchi","TB 228","TB228","takeuchi-tb228","300x52.5x78","NO","YES","NO","NO"
"Takeuchi","TB 230","TB230","takeuchi-tb230","300x52.5x78","NO","YES","NO","NO"
"Takeuchi","TB 235","TB235","takeuchi-tb235","350x52.5x86","YES","NO","NO","NO"
"Takeuchi","TB 23R","TB23R","takeuchi-tb23r","250x48x82; 250x47x84","NO","NO","NO","NO"
"Takeuchi","TB 240","TB240","takeuchi-tb240","350x52.5x86","NO","YES","NO","NO"
"Takeuchi","TB 250 [OEM 320x100x43]","TB250","takeuchi-tb250","320x100x43; 400x72.5x74","YES","NO","NO","NO"
"Takeuchi","TB 250-2","TB250-2","takeuchi-tb250-2","400x72.5x74","YES","YES","NO","NO"
"Takeuchi","TB 250A","TB250A","takeuchi-tb250a","400x72.5x74; 400x72.5x73","YES","NO","NO","NO"
"Takeuchi","TB 257FR","TB257FR","takeuchi-tb257fr","400x72.5x74","NO","YES","NO","NO"
"Takeuchi","TB 25FR","TB25FR","takeuchi-tb25fr","300x52.5x78","NO","NO","NO","NO"
"Takeuchi","TB 260","TB260","takeuchi-tb260","400x72.5x76","NO","YES","NO","NO"
"Takeuchi","TB 280FR","TB280FR","takeuchi-tb280fr","450x81x76","YES","NO","NO","NO"
"Takeuchi","TB 285","TB285","takeuchi-tb285","450x81x76","YES","NO","NO","NO"
"Takeuchi","TB 28FR","TB28FR","takeuchi-tb28fr","300x52.5x82","NO","NO","NO","NO"
"Takeuchi","TB 290","TB290","takeuchi-tb290","450x81x76","YES","NO","NO","NO"
"Takeuchi","TB 30UR","TB30UR","takeuchi-tb30ur","300x109x40; 300x52.5x82","NO","NO","NO","NO"
"Takeuchi","TB 38FR","TB38FR","takeuchi-tb38fr","350x52.5x86","NO","NO","NO","NO"
"Takeuchi","TB 370","TB370","takeuchi-tb370","","NO","YES","NO","NO"
"Takeuchi","TB 53FR","TB53FR","takeuchi-tb53fr","400x72.5x74; 400x72.5x73","YES","NO","NO","NO"
"Takeuchi","TB53","TB53","takeuchi-tb53","","YES","NO","NO","NO"
"Takeuchi","TB 55R","TB55R","takeuchi-tb55r","400x73x72; 400x72.5x72","NO","NO","NO","NO"
"Takeuchi","TB 55UR","TB55UR","takeuchi-tb55ur","400x72.5x72","NO","NO","NO","NO"
"Takeuchi","TB 650","TB650","takeuchi-tb650","230x72x43","NO","NO","NO","NO"
"Takeuchi","TB 650S","TB650S","takeuchi-tb650s","230x72x43","NO","NO","NO","NO"
"Takeuchi","TB68FR","TB68FR","takeuchi-tb68fr","","NO","NO","NO","NO"
"Takeuchi","TB068FR","TB068FR","takeuchi-tb068fr","","YES","NO","NO","NO"
"Takeuchi","TB 75FR","TB75FR","takeuchi-tb75fr","","YES","NO","NO","NO"
"Takeuchi","TB 80FR","TB80FR","takeuchi-tb80fr","450x81x76","YES","NO","NO","NO"
"Takeuchi","TB 980","TB980","takeuchi-tb980","230x96x31; 230x48x62","NO","NO","NO","NO"
"Takeuchi","TC 425LD","TC425LD","takeuchi-tc425ld","200x72x35; 180x72x35","NO","NO","NO","NO"
"Takeuchi","TC 850","TC850","takeuchi-tc850","200x72x40","NO","NO","NO","NO"
"Takeuchi","TC 850S","TC850S","takeuchi-tc850s","200x72x40","NO","NO","NO","NO"
"Takeuchi","TCF 850","TCF850","takeuchi-tcf850","200x72x40","NO","NO","NO","NO"
"Takeuchi","TCF 850S","TCF850S","takeuchi-tcf850s","200x72x42","NO","NO","NO","NO"
"Takeuchi","TL 10 (Compact Track Loader)","TL10","takeuchi-tl10","450x100x48","YES","NO","NO","NO"
"Takeuchi","TL 10V2 (Compact Track Loader)","TL10V2","takeuchi-tl10v2","400x86x52","YES","NO","NO","NO"
"Takeuchi","TL 12 (Compact Track Loader)","TL12","takeuchi-tl12","450x100x50","YES","NO","NO","NO"
"Takeuchi","TL 120 (Compact Track Loader)","TL120","takeuchi-tl120","320x86x46","YES","NO","NO","NO"
"Takeuchi","TL 12R2 (Compact Track Loader)","TL12R2","takeuchi-tl12r2","450x86x60; 450x8x60","YES","NO","NO","NO"
"Takeuchi","TL 12V2 (Compact Track Loader)","TL12V2","takeuchi-tl12v2","450x86x60; 450x8x60","YES","NO","NO","NO"
"Takeuchi","TL 126 (Compact Track Loader)","TL126","takeuchi-tl126","","YES","NO","NO","NO"
"Takeuchi","TL 130 (Compact Track Loader)","TL130","takeuchi-tl130","320x86x52","YES","NO","NO","NO"
"Takeuchi","TL 140 (Compact Track Loader)","TL140","takeuchi-tl140","450x100x48","YES","NO","NO","NO"
"Takeuchi","TL 150 (Compact Track Loader)","TL150","takeuchi-tl150","450x100x50","YES","NO","NO","NO"
"Takeuchi","TL 180 (Compact Track Loader)","TL180","takeuchi-tl180","","NO","NO","NO","NO"
"Takeuchi","TB180","TB180","takeuchi-tb180","","YES","NO","NO","NO"
"Takeuchi","TL 220 (Compact Track Loader)","TL220","takeuchi-tl220","320x86x46","NO","NO","NO","NO"
"Takeuchi","TL 230 (Compact Track Loader)","TL230","takeuchi-tl230","320x86x52","YES","NO","NO","NO"
"Takeuchi","TL 230-2 (Compact Track Loader)","TL230-2","takeuchi-tl230-2","320x86x52","YES","NO","NO","NO"
"Takeuchi","TL 240 (Compact Track Loader)","TL240","takeuchi-tl240","450x100x48","YES","NO","NO","NO"
"Takeuchi","TL 250 (Compact Track Loader)","TL250","takeuchi-tl250","450x100x50","YES","NO","NO","NO"
"Takeuchi","TL 26-2 (Compact Track Loader)","TL26-2","takeuchi-tl26-2","","YES","NO","NO","NO"
"Takeuchi","TL 6 (Compact Track Loader)","TL6","takeuchi-tl6","","YES","NO","NO","NO"
"Takeuchi","TL 8 (Compact Track Loader)","TL8","takeuchi-tl8","400x86x52; 320x86x52","YES","NO","NO","NO"
"Takeuchi","TL 8R-2 (Compact Track Loader)","TL8R-2","takeuchi-tl8r-2","400x86x52","YES","NO","NO","NO"
"Takeuchi","TZ 10","TZ10","takeuchi-tz10","230x72x43","NO","NO","NO","NO"
"Tanaka","DC 153 (mini-carrier)","DC153","tanaka-dc153","200x72x37; 180x72x37","NO","NO","NO","NO"
"Taylorst. Plant","Hi C40 (TRACKed Crusher) Uk market","Hi C40Uk market","taylorst.-plant-hic40ukmarket","180x72x31","NO","NO","NO","NO"
"Taylorst. Plant","Hi T500 (Carrier) Uk market","Hi T500Uk market","taylorst.-plant-hit500ukmarket","180x72x31","NO","NO","NO","NO"
"Taylorst. Plant","TCP 500 (Carrier ) Uk market","TCP500Uk market","taylorst.-plant-tcp500ukmarket","180x60x37","NO","NO","NO","NO"
"Tecniwell","TWH 5","TWH5","tecniwell-twh5","180x72x36","NO","NO","NO","NO"
"Tekna","K 14","K14","tekna-k14","230x72x43","NO","NO","NO","NO"
"Tekna","K 14M","K14M","tekna-k14m","230x72x43","NO","NO","NO","NO"
"Tekna","K 14S","K14S","tekna-k14s","230x72x43","NO","NO","NO","NO"
"Tekna","K 15","K15","tekna-k15","230x96x33; 230x72x43; 230x48x66","NO","NO","NO","NO"
"Tekna","K 28S","K28S","tekna-k28s","300x55x74; 300x52.5x76","NO","NO","NO","NO"
"Tekna","K 35S","K35S","tekna-k35s","300x55x78; 300x52.5x80","NO","NO","NO","NO"
"Tekna","T 13","T13","tekna-t13","180x72x37","NO","NO","NO","NO"
"Tekna","TC 9","TC9","tekna-tc9","180x72x34","NO","NO","NO","NO"
"Terex","AM 29R","AM29R","terex-am29r","300x55x72; 300x52.5x74","NO","NO","NO","NO"
"Terex","AM 35R","AM35R","terex-am35r","300x52.5x80","NO","NO","NO","NO"
"Terex","AM 37R","AM37R","terex-am37r","300x52.5x86","NO","NO","NO","NO"
"Terex","AR 35","AR35","terex-ar35","300x55x78; 300x52.5x80","NO","NO","NO","NO"
"Terex","HR 14 (< '1995)","HR14","terex-hr14","300x109x36; 300x52.5x74; 300x55x72","NO","NO","NO","NO"
"Terex","HR 16 (< '1995)","HR16","terex-hr16","300x109x39; 300x52.5x80; 300x55x78","NO","NO","NO","NO"
"Terex","PT-100","PT-100","terex-pt-100","457x101.6x50","NO","NO","NO","NO"
"Terex","PT-100F","PT-100F","terex-pt-100f","457x101.6x50","NO","NO","NO","NO"
"Terex","PT-100G","PT-100G","terex-pt-100g","457x101.6x51","NO","NO","NO","NO"
"Terex","PT-110","PT-110","terex-pt-110","457x101.6x51","NO","NO","NO","NO"
"Terex","PT-110G","PT-110G","terex-pt-110g","457x101.6x51","NO","NO","NO","NO"
"Terex","PT-50","PT-50","terex-pt-50","381x101.6x42","NO","NO","NO","NO"
"Terex","PT-60","PT-60","terex-pt-60","381x101.6x42","NO","NO","NO","NO"
"Terex","PT-75","PT-75","terex-pt-75","457x101.6x51","NO","NO","NO","NO"
"Terex","PT-80","PT-80","terex-pt-80","457x101.6x51","NO","NO","NO","NO"
"Terex","R160T","R160T","terex-r160t","381x101.6x42","NO","NO","NO","NO"
"Terex","R190T","R190T","terex-r190t","381x101.6x42","NO","NO","NO","NO"
"Terex","R350T","R350T","terex-r350t","457x101.6x51","NO","NO","NO","NO"
"Terex","TC 125","TC125","terex-tc125","500x92x78","NO","NO","NO","NO"
"Terex","TC 15","TC15","terex-tc15","230x48x66; 230x96x33","NO","NO","NO","NO"
"Terex","TC 16","TC16","terex-tc16","230x48x66; 230x96x33","NO","NO","NO","NO"
"Terex","TC 19","TC19","terex-tc19","230x48x70","NO","NO","NO","NO"
"Terex","TC 20","TC20","terex-tc20","230x48x66; 230x96x33","NO","NO","NO","NO"
"Terex","TC 25","TC25","terex-tc25","300x52.5x80","NO","NO","NO","NO"
"Terex","TC 29","TC29","terex-tc29","300x55x72; 300x52.5x74","NO","NO","NO","NO"
"Terex","TC 35","TC35","terex-tc35","300x55x78; 300x52.5x80","NO","NO","NO","NO"
"Terex","TC 37","TC37","terex-tc37","300x52.5x86","NO","NO","NO","NO"
"Terex","TC 48","TC48","terex-tc48","400x72.5x72","NO","NO","NO","NO"
"Terex","TC 50","TC50","terex-tc50","400x72.5x72","NO","NO","NO","NO"
"Terex","TC 60","TC60","terex-tc60","400x72.5x76","NO","NO","NO","NO"
"Terex","TC 75","TC75","terex-tc75","450x71x86","NO","NO","NO","NO"
"Terra Jet","2514 B (drilling machine)","2514B","terra-jet-2514b","230x72x43","NO","NO","NO","NO"
"Terra Jet","CITY JET (drilling machine)","CITY JET","terra-jet-cityjet","230x72x43","NO","NO","NO","NO"
"Terra Jet","TERRA JET (drilling machine)","TERRA JET","terra-jet-terrajet","230x72x43","NO","NO","NO","NO"
"Terramac","RT9","RT9","terramac-rt9","700x100x98","NO","NO","NO","NO"
"Terramite","TX 15","TX15","terramite-tx15","230x96x32; 230x48x64","NO","NO","NO","NO"
"Terramite","TX 25","TX25","terramite-tx25","300x52.5x72","NO","NO","NO","NO"
"Tescar","TES 20 (drilling machine)","TES20","tescar-tes20","200x72x37; 180x72x37","NO","NO","NO","NO"
"Thomas","175 (VTS System for Skidsteer Loader)","175","thomas-175","320x86x52; 375x86x52; 400x86x52","NO","NO","NO","NO"
"Thomas","225 TURBO (VTS System for Skidsteer Loader)","225TURBO","thomas-225turbo","450x86x56","NO","NO","NO","NO"
"Thomas","245 TURBO (VTS System for Skidsteer Loader)","245TURBO","thomas-245turbo","450x86x56","NO","NO","NO","NO"
"Thomas","25G (Skid steer loader)","25G","thomas-25g","230x72x39","NO","NO","NO","NO"
"Thomas","25GT (Skid steer loader)","25GT","thomas-25gt","230x72x39","NO","NO","NO","NO"
"Thomas","35DT (Skid steer loader)","35DT","thomas-35dt","230x72x39","NO","NO","NO","NO"
"Thomas","MS 25G (Skid steer loader)","MS25G","thomas-ms25g","230x72x39","NO","NO","NO","NO"
"Thomas","PT 15","PT15","thomas-pt15","230x48x66; 230x96x33","NO","NO","NO","NO"
"Thomas","T 35DT (Skid steer loader)","T35DT","thomas-t35dt","230x72x39","NO","NO","NO","NO"
"Thomas","T-15S","T-15S","thomas-t-15s","230x96x33; 230x48x66","NO","NO","NO","NO"
"Thomas","T-15V","T-15V","thomas-t-15v","230x96x33; 230x48x66","NO","NO","NO","NO"
"Thomas","T-25S","T-25S","thomas-t-25s","300x52.5x76; 250x52.5x76","NO","NO","NO","NO"
"Thomas","T-35S","T-35S","thomas-t-35s","300x55x82; 300x52.5x84","NO","NO","NO","NO"
"Thomas","T-45S","T-45S","thomas-t-45s","400x72.5x72","NO","NO","NO","NO"
"Tifermec","T16","T16","tifermec-t16","230x96x33; 230x48x66","NO","NO","NO","NO"
"Top Steel","H115","H115","top-steel-h115","180x72x38","NO","NO","NO","NO"
"Top Steel","H85","H85","top-steel-h85","180x72x38","NO","NO","NO","NO"
"Top Steel","M26","M26","top-steel-m26","180x60x34","NO","NO","NO","NO"
"Top Steel","M31","M31","top-steel-m31","180x60x34","NO","NO","NO","NO"
"Top Steel","M41","M41","top-steel-m41","180x72x31","NO","NO","NO","NO"
"Top Tec","1850E","1850E","top-tec-1850e","200x72x43","NO","NO","NO","NO"
"Topcat","ZY55","ZY55","topcat-zy55","400x72.5x72","NO","NO","NO","NO"
"Track Star","28","28","track-star-28","180x72x42","NO","NO","NO","NO"
"Track Star","412","412","track-star-412","180x72x42","NO","NO","NO","NO"
"Track Star","500","500","track-star-500","230x72x43","NO","NO","NO","NO"
"Trackbull","Dumper","Dumper","trackbull-dumper","190x72x37; 180x72x37","NO","NO","NO","NO"
"Trak","1500D (VTS System for Skidsteer Loader)","1500D","trak-1500d","320x86x52; 375x86x52; 400x86x52","NO","NO","NO","NO"
"Trak","1750D ( (VTS System for Skidsteer Loader)","1750D","trak-1750d","375x86x52; 400x86x52; 320x86x52","NO","NO","NO","NO"
"Traklift","TRA 21","TRA21","traklift-tra21","200x72x43","NO","NO","NO","NO"
"Trax","40 (US Market)","40","trax-40","230x96x39; 250x48x78","NO","NO","NO","NO"
"Traxmax","250","250","traxmax-250","250x72x52","NO","NO","NO","NO"
"Traxmax","550 (Compact Track Loader)","550","traxmax-550","320x86x56","NO","NO","NO","NO"
"Turchi","300 [OEM350x108x42]","300","turchi-300","350x108x42","NO","NO","NO","NO"
"Turchi","300F [OEM300x55x79]","300F","turchi-300f","300x55x79; 320x100x43","NO","NO","NO","NO"
"Turchi","EK 100B (Mini-dumper)","EK100B","turchi-ek100b","250x72x52","NO","NO","NO","NO"
"Turchi","EK 200P (Mini-dumper)","EK200P","turchi-ek200p","250x72x52","NO","NO","NO","NO"
"Unic","295","295","unic-295","180x72x40","NO","NO","NO","NO"
"Unic","506","506","unic-506","300x52.5x88","NO","NO","NO","NO"
"Unic","B-345 (Crane)","B-345","unic-b-345","180x72x40","NO","NO","NO","NO"
"Unic","B-506 (Crane)","B-506","unic-b-506","300x52.5x88","NO","NO","NO","NO"
"Unic","B-506-5.1 (Crane)","B-506-5.1","unic-b-506-51","300x52.5x88","NO","NO","NO","NO"
"Unic","B-775 (Crane)","B-775","unic-b-775","400x72.5x82","NO","NO","NO","NO"
"Unic","SMK 320.67 (Crane)","SMK320.67","unic-smk32067","400x72.5x82","NO","NO","NO","NO"
"Unic","UR 255CA","UR255CA","unic-ur255ca","230x72x47","NO","NO","NO","NO"
"Unic","URA-376CL (Crane)","URA-376CL","unic-ura-376cl","300x52.5x88","NO","NO","NO","NO"
"Unic","URA-506CL (Crane)","URA-506CL","unic-ura-506cl","300x52.5x88","NO","NO","NO","NO"
"Unic","URW-094 (Crane)","URW-094","unic-urw-094","180x72x36","NO","NO","NO","NO"
"Unic","URW-547 (Crane)","URW-547","unic-urw-547","300x52.5x88","NO","NO","NO","NO"
"Unic","URW-A 095CR (Crane)","URW-A095CR","unic-urw-a095cr","180x72x40","NO","NO","NO","NO"
"Unic","URW-A 295CR (Crane)","URW-A295CR","unic-urw-a295cr","180x72x40","NO","NO","NO","NO"
"Unic","W295 (Crane)","W295","unic-w295","180x72x40","NO","NO","NO","NO"
"Unimov","1250","1250","unimov-1250","200x72x40","NO","NO","NO","NO"
"Unkauf","KMB 114G","KMB114G","unkauf-kmb114g","230x72x43","NO","NO","NO","NO"
"Upright","MXC 15","MXC15","upright-mxc15","200x72x41","NO","NO","NO","NO"
"Utex","1.03","1.03","utex-103","230x72x43","NO","NO","NO","NO"
"VIMALFIRE","Emergency Robot-G1","Emergency Robot-G1","vimalfire-emergencyrobot-g1","230x72x59","NO","NO","NO","NO"
"Velcodrill","WD 100","WD100","velcodrill-wd100","320x100x52","NO","NO","NO","NO"
"Venieri","VF121","VF121","venieri-vf121","230x72x43","NO","NO","NO","NO"
"Venieri","VF141","VF141","venieri-vf141","230x72x43","NO","NO","NO","NO"
"Venieri","VF161","VF161","venieri-vf161","230x72x43","NO","NO","NO","NO"
"Venieri","VF171","VF171","venieri-vf171","230x72x43","NO","NO","NO","NO"
"Vermeer","1.2 ton","1.2ton","vermeer-12ton","230x72x39","NO","NO","NO","NO"
"Vermeer","502 SP (Stump Cutter)","502SP","vermeer-502sp","230x72x54","NO","NO","NO","NO"
"Vermeer","BC1400TX","BC1400TX","vermeer-bc1400tx","400x72.5x76","NO","NO","NO","NO"
"Vermeer","BC150TX","BC150TX","vermeer-bc150tx","250x72x52","NO","NO","NO","NO"
"Vermeer","CTX 100","CTX100","vermeer-ctx100","180x72x45","NO","NO","NO","NO"
"Vermeer","CTX 160","CTX160","vermeer-ctx160","180x72x35","NO","NO","NO","NO"
"Vermeer","CTX 50","CTX50","vermeer-ctx50","230x72x45","NO","NO","NO","NO"
"Vermeer","CX 216 (mini-excavator)","CX216","vermeer-cx216","230x72x45","NO","NO","NO","NO"
"Vermeer","CX 218 (mini-excavator)","CX218","vermeer-cx218","230x72x45","NO","NO","NO","NO"
"Vermeer","CX 219 (mini-excavator)","CX219","vermeer-cx219","300x55x72","NO","NO","NO","NO"
"Vermeer","CX 224 (mini-excavator)","CX224","vermeer-cx224","300x55x78; 300x52.5x80","NO","NO","NO","NO"
"Vermeer","CX 229 (mini-excavator)","CX229","vermeer-cx229","300x55x78; 300x52.5x80","NO","NO","NO","NO"
"Vermeer","CX 234 (mini-excavator)","CX234","vermeer-cx234","400x73x72; 400x72.5x72","NO","NO","NO","NO"
"Vermeer","CX 254 (mini-excavator)","CX254","vermeer-cx254","230x72x54","NO","NO","NO","NO"
"Vermeer","D10a Navigator (H.D. Drilling machine)","D10a Navigator","vermeer-d10anavigator","230x72x54","NO","NO","NO","NO"
"Vermeer","D10x15 Navigator (H.D. Drilling machine)","D10x15Navigator","vermeer-d10x15navigator","230x72x54","NO","NO","NO","NO"
"Vermeer","D16x20 Navigator (H.D. Drilling machine) [OEM 230x72x54]","D16x20Navigator","vermeer-d16x20navigator","230x72x54","NO","NO","NO","NO"
"Vermeer","D16x20a Navigator (H.D. Drilling machine) [OEM 230x72x54]","D16x20a Navigator","vermeer-d16x20anavigator","230x72x54; 300x52.5x74","NO","NO","NO","NO"
"Vermeer","D20X22 series 2 (Directional drill)","D20X22series2","vermeer-d20x22series2","300x52.5x74","NO","NO","NO","NO"
"Vermeer","D23X30 series 3 (Directional drill)","D23X30series3","vermeer-d23x30series3","300x52.5x74","NO","NO","NO","NO"
"Vermeer","D4","D4","vermeer-d4","230x72x54","NO","NO","NO","NO"
"Vermeer","D6x6 Navigator (H.D. Drilling machine)","D6x6Navigator","vermeer-d6x6navigator","180x72x39","NO","NO","NO","NO"
"Vermeer","D7","D7","vermeer-d7","230x72x54","NO","NO","NO","NO"
"Vermeer","D7x11 Navigator (H.D. Drilling machine)","D7x11Navigator","vermeer-d7x11navigator","230x72x54","NO","NO","NO","NO"
"Vermeer","D7x11a Navigator (H.D. Drilling machine)","D7x11a Navigator","vermeer-d7x11anavigator","230x72x54","NO","NO","NO","NO"
"Vermeer","D8x10 (H.D. Drilling machine)","D8x10","vermeer-d8x10","180x72x47","NO","NO","NO","NO"
"Vermeer","D9x13 Navigator (H.D. Drilling machine)","D9x13Navigator","vermeer-d9x13navigator","280x72x52; 250x72x52","NO","NO","NO","NO"
"Vermeer","G10x15","G10x15","vermeer-g10x15","230x72x54","NO","NO","NO","NO"
"Vermeer","RTX 100 (Stump cutter)","RTX100","vermeer-rtx100","180x60x28; 180x68x28","NO","NO","NO","NO"
"Vermeer","RTX 1250 (Quad)","RTX1250","vermeer-rtx1250","450x86x42","NO","NO","NO","NO"
"Vermeer","RTX 150","RTX150","vermeer-rtx150","180x60x28; 180x68x28","NO","NO","NO","NO"
"Vermeer","RTX 250","RTX250","vermeer-rtx250","180x72x39","NO","NO","NO","NO"
"Vermeer","RTX 450","RTX450","vermeer-rtx450","381x101.6x42","NO","NO","NO","NO"
"Vermeer","S400TX (Mini Compact Track Loader)","S400TX","vermeer-s400tx","180x72x39","NO","NO","NO","NO"
"Vermeer","S450TX (Mini Compact Track Loader)","S450TX","vermeer-s450tx","180x72x41; 230x72x41","NO","NO","NO","NO"
"Vermeer","S600TX (Mini Compact Track Loader)","S600TX","vermeer-s600tx","180x72x39","NO","NO","NO","NO"
"Vermeer","S650TX (Mini Compact Track Loader)","S650TX","vermeer-s650tx","180x72x41; 230x72x41","NO","NO","NO","NO"
"Vermeer","S725TX (Mini Compact Track Loader)","S725TX","vermeer-s725tx","180x72x45; 230x72x45","NO","NO","NO","NO"
"Vermeer","S800TX (Mini Compact Track Loader)","S800TX","vermeer-s800tx","230x72x45","NO","NO","NO","NO"
"Vermeer","S925TX (Mini Compact Track Loader)","S925TX","vermeer-s925tx","180x72x45; 230x72x45","NO","NO","NO","NO"
"Vermeer","SC 30TX (Stump cutter)","SC30TX","vermeer-sc30tx","180x72x37","NO","NO","NO","NO"
"Vermeer","SC 502SP (Stump cutter)","SC502SP","vermeer-sc502sp","230x72x54","NO","NO","NO","NO"
"Vermeer","SC 505 (Stump cutter)","SC505","vermeer-sc505","230x72x54","NO","NO","NO","NO"
"Vermeer","SC 60TX (Stump cutter)","SC60TX","vermeer-sc60tx","230x72x54","NO","NO","NO","NO"
"Vermeer","SC 70TX (Stump cutter)","SC70TX","vermeer-sc70tx","230x72x54","NO","NO","NO","NO"
"Vnk Crane Europe","URW A295CR","URW A295CR","vnk-crane-europe-urwa295cr","180x72x40","NO","NO","NO","NO"
"Volvo","EC 13","EC13","volvo-ec13","200x96x33; 230x48x66","NO","NO","NO","NO"
"Volvo","EC 13XR","EC13XR","volvo-ec13xr","200x96x33; 230x48x66","NO","NO","NO","NO"
"Volvo","EC 13XTV","EC13XTV","volvo-ec13xtv","200x96x33; 230x48x66","NO","NO","NO","NO"
"Volvo","EC 14","EC14","volvo-ec14","230x72x43","NO","NO","NO","NO"
"Volvo","EC 15","EC15","volvo-ec15","230x96x33; 230x48x66","NO","NO","NO","NO"
"Volvo","EC 15B","EC15B","volvo-ec15b","230x96x33; 230x48x66","NO","NO","NO","NO"
"Volvo","EC 15B XR","EC15B XR","volvo-ec15bxr","230x96x33; 230x48x66","NO","NO","NO","NO"
"Volvo","EC 15B XTV","EC15B XTV","volvo-ec15bxtv","230x96x33; 230x48x66","NO","NO","NO","NO"
"Volvo","EC 15D","EC15D","volvo-ec15d","230x96x33; 230x48x66","NO","NO","NO","NO"
"Volvo","EC 15R","EC15R","volvo-ec15r","230x72x43","NO","NO","NO","NO"
"Volvo","EC 15RB","EC15RB","volvo-ec15rb","230x72x43","NO","NO","NO","NO"
"Volvo","EC 15T","EC15T","volvo-ec15t","230x96x33; 230x48x66","NO","NO","NO","NO"
"Volvo","EC 15TB","EC15TB","volvo-ec15tb","230x96x33; 230x48x66","NO","NO","NO","NO"
"Volvo","EC 15V","EC15V","volvo-ec15v","230x96x33; 230x48x66","NO","NO","NO","NO"
"Volvo","EC 15VB","EC15VB","volvo-ec15vb","230x96x33; 230x48x66","NO","NO","NO","NO"
"Volvo","EC 15XR","EC15XR","volvo-ec15xr","230x96x33; 230x48x66","NO","NO","NO","NO"
"Volvo","EC 15XT","EC15XT","volvo-ec15xt","230x96x33; 230x48x66","NO","NO","NO","NO"
"Volvo","EC 15XTV","EC15XTV","volvo-ec15xtv","230x96x33; 230x48x66","NO","NO","NO","NO"
"Volvo","EC 17","EC17","volvo-ec17","230x96x33; 230x48x66","NO","NO","NO","NO"
"Volvo","EC 18","EC18","volvo-ec18","230x96x33; 230x48x66","NO","NO","NO","NO"
"Volvo","EC 18D","EC18D","volvo-ec18d","230x96x33; 230x48x66","NO","NO","NO","NO"
"Volvo","EC 25","EC25","volvo-ec25","300x109x38; 300x52.5x78","NO","NO","NO","NO"
"Volvo","EC 25-281","EC25-281","volvo-ec25-281","300x109x38; 300x52.5x78","NO","NO","NO","NO"
"Volvo","EC 25X","EC25X","volvo-ec25x","300x109x38; 300x52.5x78","NO","NO","NO","NO"
"Volvo","EC 25XT","EC25XT","volvo-ec25xt","300x109x38; 300x52.5x78","NO","NO","NO","NO"
"Volvo","EC 27C","EC27C","volvo-ec27c","300x109x38; 300x52.5x78","NO","NO","NO","NO"
"Volvo","EC 30","EC30","volvo-ec30","300x109x38; 300x52.5x78","NO","NO","NO","NO"
"Volvo","EC 30B","EC30B","volvo-ec30b","300x109x38; 300x52.5x78","NO","NO","NO","NO"
"Volvo","EC 30X","EC30X","volvo-ec30x","300x109x38; 300x52.5x78","NO","NO","NO","NO"
"Volvo","EC 35","EC35","volvo-ec35","300x109x41; 300x52.5x84","NO","NO","NO","NO"
"Volvo","EC 35C","EC35C","volvo-ec35c","300x52.5x84","NO","NO","NO","NO"
"Volvo","EC 35D","EC35D","volvo-ec35d","300x52.5x84","NO","NO","NO","NO"
"Volvo","EC 45","EC45","volvo-ec45","400x72.5x68","NO","NO","NO","NO"
"Volvo","EC 45Pro","EC45Pro","volvo-ec45pro","400x72.5x68","NO","NO","NO","NO"
"Volvo","EC 55","EC55","volvo-ec55","400x73x74; 400x72.5x74","NO","NO","NO","NO"
"Volvo","EC 55B","EC55B","volvo-ec55b","400x73x74; 400x72.5x74","NO","NO","NO","NO"
"Volvo","EC 55C","EC55C","volvo-ec55c","400x73x74; 400x72.5x74","NO","NO","NO","NO"
"Volvo","EC 60E","EC60E","volvo-ec60e","400x72.5x74","NO","NO","NO","NO"
"Volvo","ECR 25D","ECR25D","volvo-ecr25d","250x109x38; 300x52.5x78","NO","NO","NO","NO"
"Volvo","ECR 28","ECR28","volvo-ecr28","250x109x38; 300x52.5x78","NO","NO","NO","NO"
"Volvo","ECR 35D","ECR35D","volvo-ecr35d","300x52.5x84","NO","NO","NO","NO"
"Volvo","ECR 38","ECR38","volvo-ecr38","300x109x41; 300x52.5x84","NO","NO","NO","NO"
"Volvo","ECR 40D","ECR40D","volvo-ecr40d","300x52.5x84","NO","NO","NO","NO"
"Volvo","ECR 48C","ECR48C","volvo-ecr48c","400x72.5x72","NO","NO","NO","NO"
"Volvo","ECR 50D","ECR50D","volvo-ecr50d","400x72.5x74","NO","NO","NO","NO"
"Volvo","ECR 58","ECR58","volvo-ecr58","400x72.5x74","NO","NO","NO","NO"
"Volvo","ECR 58D","ECR58D","volvo-ecr58d","400x72.5x74","NO","NO","NO","NO"
"Volvo","ECR 88","ECR88","volvo-ecr88","450x81x76","NO","NO","NO","NO"
"Volvo","ECR 88D","ECR88D","volvo-ecr88d","450x81x76","NO","NO","NO","NO"
"Volvo","MC 110 (VTS System for Skidsteer Loader)","MC110","volvo-mc110","450x86x56","NO","NO","NO","NO"
"Volvo","MC 70 (Compact Track Loader)","MC70","volvo-mc70","320x86x52; 375x86x52; 400x86x52","NO","NO","NO","NO"
"Volvo","MC 80 (VTS System for Skidsteer Loader","MC80 (VTS System for Skidsteer Loader","volvo-mc80vtssystemforskidsteerloader","320x86x52","NO","NO","NO","NO"
"Volvo","MC 80 (VTS System for Skidsteer Loader)","MC80","volvo-mc80","375x86x52; 400x86x52","NO","NO","NO","NO"
"Volvo","MC 90 (VTS System for Skidsteer Loader)","MC90","volvo-mc90","450x86x56","NO","NO","NO","NO"
"Volvo","MCT 110C (Compact Track Loader)","MCT110C","volvo-mct110c","320x86x56; 450x86x56","NO","NO","NO","NO"
"Volvo","MCT 125C (Compact Track Loader)","MCT125C","volvo-mct125c","320x86x56; 450x86x56","NO","NO","NO","NO"
"Volvo","MCT 135C (Compact Track Loader)","MCT135C","volvo-mct135c","450x86x56","NO","NO","NO","NO"
"Volvo","MCT 145C (Compact Track Loader)","MCT145C","volvo-mct145c","450x86x56","NO","NO","NO","NO"
"Volvo","MCT 85C (Compact Track Loader)","MCT85C","volvo-mct85c","320x86x50","NO","NO","NO","NO"
"WAMET","KB-2G","KB-2G","wamet-kb-2g","230x72x54","NO","NO","NO","NO"
"WAMET","KB-3G","KB-3G","wamet-kb-3g","230x72x54","NO","NO","NO","NO"
"WAMET","MWG-1 [OEM 230x72x43]","MWG-1","wamet-mwg-1","230x72x43; 230x72x48","NO","NO","NO","NO"
"WAMET","MWG-6","MWG-6","wamet-mwg-6","230x72x54","NO","NO","NO","NO"
"Wacker Neuson","11002HV","11002HV","wacker-neuson-11002hv","500x92x78","NO","NO","NO","NO"
"Wacker Neuson","11002RD","11002RD","wacker-neuson-11002rd","500x92x78","NO","NO","NO","NO"
"Wacker Neuson","1101CP (Compact Track Loader)","1101CP","wacker-neuson-1101cp","450x86x56","NO","NO","NO","NO"
"Wacker Neuson","1200","1200","wacker-neuson-1200","230x72x43","NO","NO","NO","NO"
"Wacker Neuson","12002","12002","wacker-neuson-12002","500x92x78","NO","NO","NO","NO"
"Wacker Neuson","12002RD","12002RD","wacker-neuson-12002rd","500x92x78","NO","NO","NO","NO"
"Wacker Neuson","12002RD Vario","12002RD Vario","wacker-neuson-12002rdvario","500x92x78","NO","NO","NO","NO"
"Wacker Neuson","1200RD","1200RD","wacker-neuson-1200rd","230x72x43","NO","NO","NO","NO"
"Wacker Neuson","1202","1202","wacker-neuson-1202","230x72x43","NO","NO","NO","NO"
"Wacker Neuson","1302","1302","wacker-neuson-1302","230x72x43","NO","NO","NO","NO"
"Wacker Neuson","1302RD","1302RD","wacker-neuson-1302rd","230x72x43","NO","NO","NO","NO"
"Wacker Neuson","1302RD SLR","1302RD SLR","wacker-neuson-1302rdslr","230x72x43","NO","NO","NO","NO"
"Wacker Neuson","1400RD","1400RD","wacker-neuson-1400rd","230x72x43","NO","NO","NO","NO"
"Wacker Neuson","1402","1402","wacker-neuson-1402","230x72x43","NO","NO","NO","NO"
"Wacker Neuson","1402RD (OEM 230x72x43)","1402RD","wacker-neuson-1402rd","230x72x43; 230x96x33; 230x48x66","NO","NO","NO","NO"
"Wacker Neuson","1402RD Force","1402RD Force","wacker-neuson-1402rdforce","230x96x33; 230x48x66","NO","NO","NO","NO"
"Wacker Neuson","1402RD Primus","1402RD Primus","wacker-neuson-1402rdprimus","230x72x43","NO","NO","NO","NO"
"Wacker Neuson","1402RD SLR","1402RD SLR","wacker-neuson-1402rdslr","230x96x33; 230x72x43; 230x48x66","NO","NO","NO","NO"
"Wacker Neuson","1402RD SLR Primus","1402RD SLR Primus","wacker-neuson-1402rdslrprimus","230x96x33; 230x48x66","NO","NO","NO","NO"
"Wacker Neuson","1403","1403","wacker-neuson-1403","230x96x36; 230x48x72; 230x48x66","NO","NO","NO","NO"
"Wacker Neuson","1403RD","1403RD","wacker-neuson-1403rd","230x96x33; 230x48x66","NO","NO","NO","NO"
"Wacker Neuson","1404","1404","wacker-neuson-1404","230x96x33; 230x48x66","NO","NO","NO","NO"
"Wacker Neuson","14504","14504","wacker-neuson-14504","500x92x84","NO","NO","NO","NO"
"Wacker Neuson","1500","1500","wacker-neuson-1500","230x72x43","NO","NO","NO","NO"
"Wacker Neuson","1500RD","1500RD","wacker-neuson-1500rd","230x72x43","NO","NO","NO","NO"
"Wacker Neuson","1500RD SLR","1500RD SLR","wacker-neuson-1500rdslr","230x72x43","NO","NO","NO","NO"
"Wacker Neuson","1501","1501","wacker-neuson-1501","230x72x43","NO","NO","NO","NO"
"Wacker Neuson","1502","1502","wacker-neuson-1502","230x72x43","NO","NO","NO","NO"
"Wacker Neuson","1502RD","1502RD","wacker-neuson-1502rd","230x72x43","NO","NO","NO","NO"
"Wacker Neuson","1502RD Force","1502RD Force","wacker-neuson-1502rdforce","230x96x33; 230x48x66","NO","NO","NO","NO"
"Wacker Neuson","1502RD SLR","1502RD SLR","wacker-neuson-1502rdslr","230x72x43","NO","NO","NO","NO"
"Wacker Neuson","1503","1503","wacker-neuson-1503","230x96x36; 230x48x72","NO","NO","NO","NO"
"Wacker Neuson","1503RD","1503RD","wacker-neuson-1503rd","230x96x36; 230x48x72","NO","NO","NO","NO"
"Wacker Neuson","1503RDV","1503RDV","wacker-neuson-1503rdv","230x96x36; 230x48x72","NO","NO","NO","NO"
"Wacker Neuson","1600RD","1600RD","wacker-neuson-1600rd","230x72x43","NO","NO","NO","NO"
"Wacker Neuson","1700","1700","wacker-neuson-1700","230x72x48","NO","NO","NO","NO"
"Wacker Neuson","1700RB","1700RB","wacker-neuson-1700rb","230x72x48","NO","NO","NO","NO"
"Wacker Neuson","1700RD","1700RD","wacker-neuson-1700rd","230x72x48","NO","NO","NO","NO"
"Wacker Neuson","1702","1702","wacker-neuson-1702","230x72x48","NO","NO","NO","NO"
"Wacker Neuson","1702RD","1702RD","wacker-neuson-1702rd","230x72x48","NO","NO","NO","NO"
"Wacker Neuson","1703","1703","wacker-neuson-1703","230x96x36; 230x48x72","NO","NO","NO","NO"
"Wacker Neuson","1703 RD","1703RD","wacker-neuson-1703rd","230x96x36; 230x48x72","NO","NO","NO","NO"
"Wacker Neuson","1703 VDS","1703VDS","wacker-neuson-1703vds","230x96x36; 230x48x72","NO","NO","NO","NO"
"Wacker Neuson","1900","1900","wacker-neuson-1900","230x72x48","NO","NO","NO","NO"
"Wacker Neuson","1900RD","1900RD","wacker-neuson-1900rd","230x72x48","NO","NO","NO","NO"
"Wacker Neuson","1902","1902","wacker-neuson-1902","230x72x48","NO","NO","NO","NO"
"Wacker Neuson","1902RD (New)","1902RD","wacker-neuson-1902rd","230x96x36; 230x48x72; 230x72x48","NO","NO","NO","NO"
"Wacker Neuson","1902RD Force","1902RD Force","wacker-neuson-1902rdforce","230x96x36; 230x48x72","NO","NO","NO","NO"
"Wacker Neuson","1902RD SLR (New)","1902RD SLR","wacker-neuson-1902rdslr","230x72x48; 230x72x43","NO","NO","NO","NO"
"Wacker Neuson","1903","1903","wacker-neuson-1903","250x96x38; 250x48x76","NO","NO","NO","NO"
"Wacker Neuson","1903RD","1903RD","wacker-neuson-1903rd","250x96x38; 250x48x76","NO","NO","NO","NO"
"Wacker Neuson","2000","2000","wacker-neuson-2000","230x72x43","NO","NO","NO","NO"
"Wacker Neuson","2000RD","2000RD","wacker-neuson-2000rd","230x72x43","NO","NO","NO","NO"
"Wacker Neuson","2002 Force","2002Force","wacker-neuson-2002force","230x96x36; 230x48x72","NO","NO","NO","NO"
"Wacker Neuson","2002 RDV","2002RDV","wacker-neuson-2002rdv","230x96x36; 230x48x72","NO","NO","NO","NO"
"Wacker Neuson","2003","2003","wacker-neuson-2003","250x96x38; 250x48x76","NO","NO","NO","NO"
"Wacker Neuson","2100","2100","wacker-neuson-2100","230x72x43","NO","NO","NO","NO"
"Wacker Neuson","2100RD","2100RD","wacker-neuson-2100rd","230x72x43","NO","NO","NO","NO"
"Wacker Neuson","2200","2200","wacker-neuson-2200","230x72x48","NO","NO","NO","NO"
"Wacker Neuson","2200RD","2200RD","wacker-neuson-2200rd","230x72x48","NO","NO","NO","NO"
"Wacker Neuson","2201","2201","wacker-neuson-2201","230x72x48","NO","NO","NO","NO"
"Wacker Neuson","2202","2202","wacker-neuson-2202","230x72x48","NO","NO","NO","NO"
"Wacker Neuson","2202RD","2202RD","wacker-neuson-2202rd","230x96x36; 230x72x48; 230x48x72","NO","NO","NO","NO"
"Wacker Neuson","2202RD Force","2202RD Force","wacker-neuson-2202rdforce","230x96x36; 230x48x72","NO","NO","NO","NO"
"Wacker Neuson","2203","2203","wacker-neuson-2203","250x96x38; 250x48x76","NO","NO","NO","NO"
"Wacker Neuson","2203RD","2203RD","wacker-neuson-2203rd","250x96x38; 250x48x76","NO","NO","NO","NO"
"Wacker Neuson","2300","2300","wacker-neuson-2300","230x72x43","NO","NO","NO","NO"
"Wacker Neuson","2300RD","2300RD","wacker-neuson-2300rd","230x72x43","NO","NO","NO","NO"
"Wacker Neuson","2404RD","2404RD","wacker-neuson-2404rd","250x109x37; 300x52.5x76","NO","NO","NO","NO"
"Wacker Neuson","250","250","wacker-neuson-250","300x52.5x78","NO","NO","NO","NO"
"Wacker Neuson","2500","2500","wacker-neuson-2500","230x72x43","NO","NO","NO","NO"
"Wacker Neuson","2500RD","2500RD","wacker-neuson-2500rd","230x72x43","NO","NO","NO","NO"
"Wacker Neuson","2503","2503","wacker-neuson-2503","250x109x37; 300x52.5x76","NO","NO","NO","NO"
"Wacker Neuson","2503RD","2503RD","wacker-neuson-2503rd","250x109x37; 300x101.6x39; 300x52.5x76; 300x52.5x84; 300x101.6x43","NO","NO","NO","NO"
"Wacker Neuson","2503RDV","2503RDV","wacker-neuson-2503rdv","300x109x37; 300x52.5x76","NO","NO","NO","NO"
"Wacker Neuson","2600","2600","wacker-neuson-2600","300x54x72; 300x52.5x74","NO","NO","NO","NO"
"Wacker Neuson","2600RD (New)","2600RD","wacker-neuson-2600rd","300x55x72; 300x52.5x74","NO","NO","NO","NO"
"Wacker Neuson","2700","2700","wacker-neuson-2700","230x72x43","NO","NO","NO","NO"
"Wacker Neuson","2700RD","2700RD","wacker-neuson-2700rd","230x72x43","NO","NO","NO","NO"
"Wacker Neuson","2702","2702","wacker-neuson-2702","300x54x72; 300x52.5x74","NO","NO","NO","NO"
"Wacker Neuson","2702RD","2702RD","wacker-neuson-2702rd","300x55x72; 300x52.5x74","NO","NO","NO","NO"
"Wacker Neuson","2702RD Force","2702RD Force","wacker-neuson-2702rdforce","300x55x72; 300x52.5x74","NO","NO","NO","NO"
"Wacker Neuson","2702RD SCR","2702RD SCR","wacker-neuson-2702rdscr","300x55x72; 300x52.5x74","NO","NO","NO","NO"
"Wacker Neuson","2702RD SLR","2702RD SLR","wacker-neuson-2702rdslr","300x55x72; 300x52.5x74","NO","NO","NO","NO"
"Wacker Neuson","2800","2800","wacker-neuson-2800","300x54x72; 300x52.5x74","NO","NO","NO","NO"
"Wacker Neuson","2800RD (New)","2800RD","wacker-neuson-2800rd","300x55x72; 300x52.5x74","NO","NO","NO","NO"
"Wacker Neuson","28Z-3","28Z-3","wacker-neuson-28z-3","300x55x79; 300x52.5x82","NO","NO","NO","NO"
"Wacker Neuson","28Z3 RD","28Z3RD","wacker-neuson-28z3rd","300x55x79; 300x52.5x82","NO","NO","NO","NO"
"Wacker Neuson","2902","2902","wacker-neuson-2902","300x54x72; 300x52.5x74","NO","NO","NO","NO"
"Wacker Neuson","2902RD","2902RD","wacker-neuson-2902rd","300x55x72; 300x52.5x74","NO","NO","NO","NO"
"Wacker Neuson","2902RD Force","2902RD Force","wacker-neuson-2902rdforce","300x54x72; 300x52.5x74","NO","NO","NO","NO"
"Wacker Neuson","2902RD SLR","2902RD SLR","wacker-neuson-2902rdslr","300x54x72; 300x52.5x74","NO","NO","NO","NO"
"Wacker Neuson","3000","3000","wacker-neuson-3000","320x54x78; 300x52.5x80","NO","NO","NO","NO"
"Wacker Neuson","3000RD (New)","3000RD","wacker-neuson-3000rd","320x54x78; 300x52.5x80","NO","NO","NO","NO"
"Wacker Neuson","3000RDV","3000RDV","wacker-neuson-3000rdv","320x54x78; 300x52.5x80","NO","NO","NO","NO"
"Wacker Neuson","3002","3002","wacker-neuson-3002","300x109x38; 300x52.5x78","NO","NO","NO","NO"
"Wacker Neuson","3003","3003","wacker-neuson-3003","300x109x38; 300x52.5x78","NO","NO","NO","NO"
"Wacker Neuson","3003 RD","3003RD","wacker-neuson-3003rd","300x101.6x40; 300x52.5x78; 300x109x38","NO","NO","NO","NO"
"Wacker Neuson","3003 Vario","3003Vario","wacker-neuson-3003vario","300x109x38; 300x52.5x78","NO","NO","NO","NO"
"Wacker Neuson","3200RD (New)","3200RD","wacker-neuson-3200rd","320x54x78; 300x52.5x80","NO","NO","NO","NO"
"Wacker Neuson","3402","3402","wacker-neuson-3402","320x54x78; 300x52.5x80","NO","NO","NO","NO"
"Wacker Neuson","3402RD","3402RD","wacker-neuson-3402rd","320x54x78; 300x52.5x80","NO","NO","NO","NO"
"Wacker Neuson","3402RD Force","3402RD Force","wacker-neuson-3402rdforce","320x54x78; 300x52.5x80","NO","NO","NO","NO"
"Wacker Neuson","3402RD SLR","3402RD SLR","wacker-neuson-3402rdslr","320x54x78; 300x52.5x80","NO","NO","NO","NO"
"Wacker Neuson","3503","3503","wacker-neuson-3503","300x52.5x84","NO","NO","NO","NO"
"Wacker Neuson","3503 VDS","3503VDS","wacker-neuson-3503vds","300x52.5x84","NO","NO","NO","NO"
"Wacker Neuson","3503 Vario","3503Vario","wacker-neuson-3503vario","300x109x41; 300x52.5x84","NO","NO","NO","NO"
"Wacker Neuson","3503RD","3503RD","wacker-neuson-3503rd","300x109x41; 300x52.5x84","NO","NO","NO","NO"
"Wacker Neuson","3503RD Vario","3503RD Vario","wacker-neuson-3503rdvario","300x109x41; 300x52.5x84","NO","NO","NO","NO"
"Wacker Neuson","3602","3602","wacker-neuson-3602","320x54x78; 300x52.5x80","NO","NO","NO","NO"
"Wacker Neuson","3602RD","3602RD","wacker-neuson-3602rd","320x54x78; 300x52.5x80","NO","NO","NO","NO"
"Wacker Neuson","3602RD Force","3602RD Force","wacker-neuson-3602rdforce","320x54x78; 300x52.5x80","NO","NO","NO","NO"
"Wacker Neuson","3602RD SLR","3602RD SLR","wacker-neuson-3602rdslr","320x54x78; 300x52.5x80","NO","NO","NO","NO"
"Wacker Neuson","3703","3703","wacker-neuson-3703","300x109x41; 300x52.5x84","NO","NO","NO","NO"
"Wacker Neuson","3703RD","3703RD","wacker-neuson-3703rd","300x109x41; 300x52.5x84","NO","NO","NO","NO"
"Wacker Neuson","38Z-3","38Z-3","wacker-neuson-38z-3","300x109x41; 300x52.5x84","NO","NO","NO","NO"
"Wacker Neuson","38Z3","38Z3","wacker-neuson-38z3","300x109x41; 300x52.5x84","NO","NO","NO","NO"
"Wacker Neuson","5000RD","5000RD","wacker-neuson-5000rd","400x73x74; 400x72.5x74","NO","NO","NO","NO"
"Wacker Neuson","5001","5001","wacker-neuson-5001","400x73x74; 400x72.5x74","NO","NO","NO","NO"
"Wacker Neuson","5001RD","5001RD","wacker-neuson-5001rd","400x73x74; 400x72.5x74","NO","NO","NO","NO"
"Wacker Neuson","5001RD SLR","5001RD SLR","wacker-neuson-5001rdslr","400x73x74; 400x72.5x74","NO","NO","NO","NO"
"Wacker Neuson","5002","5002","wacker-neuson-5002","400x73x74; 400x72.5x74","NO","NO","NO","NO"
"Wacker Neuson","5002 Power","5002Power","wacker-neuson-5002power","400x73x74; 400x72.5x74","NO","NO","NO","NO"
"Wacker Neuson","5002RD","5002RD","wacker-neuson-5002rd","400x73x74; 400x135x39; 400x72.5x74","NO","NO","NO","NO"
"Wacker Neuson","50Z-3","50Z-3","wacker-neuson-50z-3","400x72.5x74","NO","NO","NO","NO"
"Wacker Neuson","50Z-3RD","50Z-3RD","wacker-neuson-50z-3rd","400x73x74; 400x72.5x74","NO","NO","NO","NO"
"Wacker Neuson","6002","6002","wacker-neuson-6002","400x73x74; 400x72.5x74","NO","NO","NO","NO"
"Wacker Neuson","6002RD","6002RD","wacker-neuson-6002rd","400x73x74; 400x135x39; 400x72.5x74","NO","NO","NO","NO"
"Wacker Neuson","6002RDV","6002RDV","wacker-neuson-6002rdv","400x73x74; 400x72.5x74","NO","NO","NO","NO"
"Wacker Neuson","6003","6003","wacker-neuson-6003","400x72.5x74","NO","NO","NO","NO"
"Wacker Neuson","6003RD","6003RD","wacker-neuson-6003rd","400x73x74; 400x72.5x74","NO","NO","NO","NO"
"Wacker Neuson","7002RD","7002RD","wacker-neuson-7002rd","450x71x84","NO","NO","NO","NO"
"Wacker Neuson","70Z-3RD","70Z-3RD","wacker-neuson-70z-3rd","450x71x86","NO","NO","NO","NO"
"Wacker Neuson","75Z-3","75Z-3","wacker-neuson-75z-3","450x71x86","NO","NO","NO","NO"
"Wacker Neuson","8002","8002","wacker-neuson-8002","450x71x84","NO","NO","NO","NO"
"Wacker Neuson","8002RD","8002RD","wacker-neuson-8002rd","450x71x84","NO","NO","NO","NO"
"Wacker Neuson","8002RDV","8002RDV","wacker-neuson-8002rdv","450x71x84","NO","NO","NO","NO"
"Wacker Neuson","8003 Vario","8003Vario","wacker-neuson-8003vario","450x76x80","NO","NO","NO","NO"
"Wacker Neuson","8003RD","8003RD","wacker-neuson-8003rd","450x76x80","NO","NO","NO","NO"
"Wacker Neuson","803RD","803RD","wacker-neuson-803rd","180x72x37","NO","NO","NO","NO"
"Wacker Neuson","9002","9002","wacker-neuson-9002","500x92x78","NO","NO","NO","NO"
"Wacker Neuson","DT 08 (Dumper)","DT08","wacker-neuson-dt08","180x72x34","NO","NO","NO","NO"
"Wacker Neuson","DT 10 (Dumper)","DT10","wacker-neuson-dt10","180x72x37","NO","NO","NO","NO"
"Wacker Neuson","DT 10e (Dumper)","DT10e","wacker-neuson-dt10e","180x72x37","NO","NO","NO","NO"
"Wacker Neuson","DT 12 (Dumper)","DT12","wacker-neuson-dt12","180x72x37","NO","NO","NO","NO"
"Wacker Neuson","DT 15 (Duper)","DT15","wacker-neuson-dt15","230x72x52","NO","NO","NO","NO"
"Wacker Neuson","ET145","ET145","wacker-neuson-et145","500x92x84","NO","NO","NO","NO"
"Wacker Neuson","ET16","ET16","wacker-neuson-et16","230x96x33; 230x48x66","NO","NO","NO","NO"
"Wacker Neuson","ET18","ET18","wacker-neuson-et18","230x96x36; 230x48x72","NO","NO","NO","NO"
"Wacker Neuson","ET20","ET20","wacker-neuson-et20","250x96x38; 250x48x76","NO","NO","NO","NO"
"Wacker Neuson","ET24","ET24","wacker-neuson-et24","250x109x37; 300x52.5x76","NO","NO","NO","NO"
"Wacker Neuson","ET35","ET35","wacker-neuson-et35","300x53x84","NO","NO","NO","NO"
"Wacker Neuson","ET58","ET58","wacker-neuson-et58","400x72.5x74","NO","NO","NO","NO"
"Wacker Neuson","ET65","ET65","wacker-neuson-et65","400x72.5x74","NO","NO","NO","NO"
"Wacker Neuson","ET90","ET90","wacker-neuson-et90","450x76x80","NO","NO","NO","NO"
"Wacker Neuson","EZ17","EZ17","wacker-neuson-ez17","230x96x36; 230x48x72","NO","NO","NO","NO"
"Wacker Neuson","EZ17e","EZ17e","wacker-neuson-ez17e","230x96x36; 230x48x72","NO","NO","NO","NO"
"Wacker Neuson","EZ26","EZ26","wacker-neuson-ez26","300x52.5x82","NO","NO","NO","NO"
"Wacker Neuson","EZ28","EZ28","wacker-neuson-ez28","300x52.5x82","NO","NO","NO","NO"
"Wacker Neuson","EZ36","EZ36","wacker-neuson-ez36","300x53x84","NO","NO","NO","NO"
"Wacker Neuson","EZ38","EZ38","wacker-neuson-ez38","300x52.5x84","NO","NO","NO","NO"
"Wacker Neuson","EZ50","EZ50","wacker-neuson-ez50","400x72.5x74","NO","NO","NO","NO"
"Wacker Neuson","EZ53","EZ53","wacker-neuson-ez53","400x72.5x74","NO","NO","NO","NO"
"Wacker Neuson","EZ80","EZ80","wacker-neuson-ez80","450x76x80","NO","NO","NO","NO"
"Wacker Neuson","RK 15 (Carrier)","RK15","wacker-neuson-rk15","230x72x40","NO","NO","NO","NO"
"Wacker Neuson","SM325-27T","SM325-27T","wacker-neuson-sm325-27t","230x72x37","NO","NO","NO","NO"
"Wacker Neuson","ST 28","ST28","wacker-neuson-st28","320x86x52; 400x86x52","NO","NO","NO","NO"
"Wacker Neuson","ST 31","ST31","wacker-neuson-st31","320x86x52; 400x86x52","NO","NO","NO","NO"
"Wacker Neuson","ST 35","ST35","wacker-neuson-st35","450x86x56","NO","NO","NO","NO"
"Wacker Neuson","ST 45","ST45","wacker-neuson-st45","450x86x56","NO","NO","NO","NO"
"Wacker Neuson","TD 15 (Carrier)","TD15","wacker-neuson-td15","250x72x56","NO","NO","NO","NO"
"Wacker Neuson","TD 9 (Dumper)","TD9","wacker-neuson-td9","180x72x37","NO","NO","NO","NO"
"Wacker Neuson","Unitrac BF 250","Unitrac BF250","wacker-neuson-unitracbf250","320x54x78; 300x52.5x80","NO","NO","NO","NO"
"Wyssen","W-10/RK700","W-10/RK700","wyssen-w-10rk700","190x72x37; 180x72x37","NO","NO","NO","NO"
"XCMG","XE55U","XE55U","xcmg-xe55u","400x72.5x74","NO","NO","NO","NO"
"Yamaguchi / Winbull","TXB-21","TXB-21","yamaguchi-/-winbull-txb-21","200x72x39","NO","NO","NO","NO"
"Yamaguchi / Winbull","WB 04","WB04","yamaguchi-/-winbull-wb04","180x60x38","NO","NO","NO","NO"
"Yamaguchi / Winbull","WB 05 (minidumper)","WB05","yamaguchi-/-winbull-wb05","200x72x35; 200x72x39","NO","NO","NO","NO"
"Yamaguchi / Winbull","WB 05 (minidumper) '2004","WB05'2004","yamaguchi-/-winbull-wb052004","200x72x34; 180x72x34","NO","NO","NO","NO"
"Yamaguchi / Winbull","WB 06D (minidumper)","WB06D","yamaguchi-/-winbull-wb06d","180x72x39","NO","NO","NO","NO"
"Yamaguchi / Winbull","WB 06D HL (Minidumper - High Lift)","WB06D HL","yamaguchi-/-winbull-wb06dhl","180x72x39","NO","NO","NO","NO"
"Yamaguchi / Winbull","WB 07 (minidumper)","WB07","yamaguchi-/-winbull-wb07","200x72x39","NO","NO","NO","NO"
"Yamaguchi / Winbull","WB 1000-3 (minidumper)","WB1000-3","yamaguchi-/-winbull-wb1000-3","230x72x45; 230x72x46","NO","NO","NO","NO"
"Yamaguchi / Winbull","WB 12H (minidumper)","WB12H","yamaguchi-/-winbull-wb12h","230x72x50","NO","NO","NO","NO"
"Yamaguchi / Winbull","WB 1300-3 (minidumper)","WB1300-3","yamaguchi-/-winbull-wb1300-3","280x72x52; 250x72x52","NO","NO","NO","NO"
"Yamaguchi / Winbull","WB 1500-3 (minidumper)","WB1500-3","yamaguchi-/-winbull-wb1500-3","280x72x52; 250x72x52","NO","NO","NO","NO"
"Yamaguchi / Winbull","WB 350FB (minidumper)","WB350FB","yamaguchi-/-winbull-wb350fb","180x60x34","NO","NO","NO","NO"
"Yamaguchi / Winbull","WB 350SF (minidumper)","WB350SF","yamaguchi-/-winbull-wb350sf","180x60x34","NO","NO","NO","NO"
"Yamaguchi / Winbull","WB 450HD (minitdumper)","WB450HD","yamaguchi-/-winbull-wb450hd","200x72x34; 180x72x34","NO","NO","NO","NO"
"Yamaguchi / Winbull","WB 450MD (minidumper)","WB450MD","yamaguchi-/-winbull-wb450md","200x72x34; 180x72x34","NO","NO","NO","NO"
"Yamaguchi / Winbull","WB 500 (minidumper)","WB500","yamaguchi-/-winbull-wb500","200x72x34; 180x72x34","NO","NO","NO","NO"
"Yamaguchi / Winbull","WB 510 (minidumper)","WB510","yamaguchi-/-winbull-wb510","200x72x34; 180x72x34","NO","NO","NO","NO"
"Yamaguchi / Winbull","WB 510B (minidumper)","WB510B","yamaguchi-/-winbull-wb510b","200x72x34; 180x72x34","NO","NO","NO","NO"
"Yamaguchi / Winbull","WB 700 (minidumper)","WB700","yamaguchi-/-winbull-wb700","200x72x39","NO","NO","NO","NO"
"Yamaguchi / Winbull","WB 700EX (minidumper)","WB700EX","yamaguchi-/-winbull-wb700ex","200x72x39","NO","NO","NO","NO"
"Yamaguchi / Winbull","WB12H alpha","WB12H alpha","yamaguchi-/-winbull-wb12halpha","230x72x50","NO","NO","NO","NO"
"Yanmar","5 D-1","5D-1","yanmar-5d-1","230x72x50","NO","NO","NO","NO"
"Yanmar","8 R","8R","yanmar-8r","230x72x50","NO","NO","NO","NO"
"Yanmar","Aura 28","Aura28","yanmar-aura28","300x52.5x78","NO","NO","NO","NO"
"Yanmar","B 07","B07","yanmar-b07","180x72x37","NO","NO","NO","NO"
"Yanmar","B 07-1","B07-1","yanmar-b07-1","180x72x37","NO","NO","NO","NO"
"Yanmar","B 08 Scopy","B08Scopy","yanmar-b08scopy","180x72x37","NO","NO","NO","NO"
"Yanmar","B 08 [OEM 180x72x32]","B08","yanmar-b08","180x72x32; 180x72x37","NO","NO","NO","NO"
"Yanmar","B 08-3 ('2002)","B08-3","yanmar-b08-3","180x72x37","NO","NO","NO","NO"
"Yanmar","B 08-3RV","B08-3RV","yanmar-b08-3rv","180x72x37","NO","NO","NO","NO"
"Yanmar","B 08R Scopy","B08R Scopy","yanmar-b08rscopy","180x72x37","NO","NO","NO","NO"
"Yanmar","B 08RV Scopy","B08RV Scopy","yanmar-b08rvscopy","180x72x37","NO","NO","NO","NO"
"Yanmar","B 10","B10","yanmar-b10","200x72x39; 230x72x43","NO","NO","NO","NO"
"Yanmar","B 10R","B10R","yanmar-b10r","200x72x39","NO","NO","NO","NO"
"Yanmar","B 12","B12","yanmar-b12","230x72x43","NO","NO","NO","NO"
"Yanmar","B 12-1","B12-1","yanmar-b12-1","230x72x43","NO","NO","NO","NO"
"Yanmar","B 12-2","B12-2","yanmar-b12-2","230x72x43","NO","NO","NO","NO"
"Yanmar","B 12-3","B12-3","yanmar-b12-3","230x72x43; 200x72x47","NO","NO","NO","NO"
"Yanmar","B 12-3PR","B12-3PR","yanmar-b12-3pr","230x72x43","NO","NO","NO","NO"
"Yanmar","B 12PR","B12PR","yanmar-b12pr","230x72x43","NO","NO","NO","NO"
"Yanmar","B 14 Check Length","B14Check Length","yanmar-b14checklength","200x72x47; 230x72x43; 230x72x47","NO","NO","NO","NO"
"Yanmar","B 14-1","B14-1","yanmar-b14-1","230x72x43","NO","NO","NO","NO"
"Yanmar","B 15 [OEM 230x72x43]","B15","yanmar-b15","230x72x43; 230x96x32","NO","NO","NO","NO"
"Yanmar","B 15-3 ('2002)","B15-3","yanmar-b15-3","200x72x47","NO","NO","NO","NO"
"Yanmar","B 15-3CR","B15-3CR","yanmar-b15-3cr","200x72x42","NO","NO","NO","NO"
"Yanmar","B 15-3EX","B15-3EX","yanmar-b15-3ex","230x72x47","NO","NO","NO","NO"
"Yanmar","B 15-3PR","B15-3PR","yanmar-b15-3pr","200x72x47","NO","NO","NO","NO"
"Yanmar","B 15CR","B15CR","yanmar-b15cr","200x72x47","NO","NO","NO","NO"
"Yanmar","B 15EX","B15EX","yanmar-b15ex","230x72x47","NO","NO","NO","NO"
"Yanmar","B 15MC","B15MC","yanmar-b15mc","200x72x47","NO","NO","NO","NO"
"Yanmar","B 15PR","B15PR","yanmar-b15pr","230x72x43","NO","NO","NO","NO"
"Yanmar","B 17","B17","yanmar-b17","230x72x43","NO","NO","NO","NO"
"Yanmar","B 17-1","B17-1","yanmar-b17-1","230x72x43","NO","NO","NO","NO"
"Yanmar","B 17-2","B17-2","yanmar-b17-2","230x72x43; 230x72x47","NO","NO","NO","NO"
"Yanmar","B 17-3","B17-3","yanmar-b17-3","200x72x47","NO","NO","NO","NO"
"Yanmar","B 17-3EX","B17-3EX","yanmar-b17-3ex","230x72x47","NO","NO","NO","NO"
"Yanmar","B 17EX","B17EX","yanmar-b17ex","230x72x47","NO","NO","NO","NO"
"Yanmar","B 17PR","B17PR","yanmar-b17pr","230x72x43","NO","NO","NO","NO"
"Yanmar","B 18EX","B18EX","yanmar-b18ex","230x72x47","NO","NO","NO","NO"
"Yanmar","B 19","B19","yanmar-b19","260x96x38; 250x48x76","NO","NO","NO","NO"
"Yanmar","B 19.2","B19.2","yanmar-b192","260x96x38; 250x48x76","NO","NO","NO","NO"
"Yanmar","B 19PR","B19PR","yanmar-b19pr","260x96x38; 250x48x76","NO","NO","NO","NO"
"Yanmar","B 1U","B1U","yanmar-b1u","200x72x40","NO","NO","NO","NO"
"Yanmar","B 25V (Victas: offset type)","B25V","yanmar-b25v","300x55.5x76","NO","NO","NO","NO"
"Yanmar","B 25V (Victas: offset type) >'2006","B25V>'2006","yanmar-b25v2006","260x55.5x78; 300x55.5x78","NO","NO","NO","NO"
"Yanmar","B 25VCR (Offset type)","B25VCR","yanmar-b25vcr","300x55.5x76","NO","NO","NO","NO"
"Yanmar","B 25VCR (Victas: offset type) > '2006","B25VCR> '2006","yanmar-b25vcr2006","260x55.5x78; 300x55.5x78","NO","NO","NO","NO"
"Yanmar","B 27-2A [OEM 300x55.5(k)x76]","B27-2A","yanmar-b27-2a","300x55.5x76; 320x106x39","NO","NO","NO","NO"
"Yanmar","B 27-2B (Offset type)","B27-2B","yanmar-b27-2b","300x55.5x82","NO","NO","NO","NO"
"Yanmar","B 3-3","B3-3","yanmar-b3-3","300x55.5x82","NO","NO","NO","NO"
"Yanmar","B 30V (Victas: Offset type)","B30V","yanmar-b30v","300x55.5x82","NO","NO","NO","NO"
"Yanmar","B 30VCR (Victas: Offset type)","B30VCR","yanmar-b30vcr","300x55.5x82","NO","NO","NO","NO"
"Yanmar","B 30VPR (Victas: Offset type)","B30VPR","yanmar-b30vpr","300x55.5x82","NO","NO","NO","NO"
"Yanmar","B 37-2B (Offset type)","B37-2B","yanmar-b37-2b","300x55.5x82","NO","NO","NO","NO"
"Yanmar","B 37V (Victas: Offset type)","B37V","yanmar-b37v","300x55.5x82","NO","NO","NO","NO"
"Yanmar","B 37VCR (Offset type)","B37VCR","yanmar-b37vcr","300x55.5x82","NO","NO","NO","NO"
"Yanmar","B 37VPR (Offset type)","B37VPR","yanmar-b37vpr","300x55.5x82","NO","NO","NO","NO"
"Yanmar","B 3U","B3U","yanmar-b3u","300x52.5x80; 300x55x77","NO","NO","NO","NO"
"Yanmar","B 40VIO","B40VIO","yanmar-b40vio","350x75.5x74; 400x75.5x74","NO","NO","NO","NO"
"Yanmar","B 4U","B4U","yanmar-b4u","300x52.5x84; 300x55x81","NO","NO","NO","NO"
"Yanmar","B 50-2B (Offset type)","B50-2B","yanmar-b50-2b","400x75.5x74","NO","NO","NO","NO"
"Yanmar","B 50V (Victas: Offset type)","B50V","yanmar-b50v","400x75.5x74","NO","NO","NO","NO"
"Yanmar","B 50VCR (Victas: Offset type)","B50VCR","yanmar-b50vcr","400x75.5x74","NO","NO","NO","NO"
"Yanmar","B 50VIO","B50VIO","yanmar-b50vio","400x75.5x74","NO","NO","NO","NO"
"Yanmar","B 7 Pro Sigma","B7Pro Sigma","yanmar-b7prosigma","450x83.5x74","NO","NO","NO","NO"
"Yanmar","B 7 Sigma","B7Sigma","yanmar-b7sigma","450x83.5x74","NO","NO","NO","NO"
"Yanmar","B 7U","B7U","yanmar-b7u","450x163x38; 450x81x76","NO","NO","NO","NO"
"Yanmar","B6-3","B6-3","yanmar-b6-3","400x75.5x74","NO","NO","NO","NO"
"Yanmar","C 08 (Carrier)","C08","yanmar-c08","180x72x36","NO","NO","NO","NO"
"Yanmar","C 10R (Carrier)","C10R","yanmar-c10r","230x72x50","NO","NO","NO","NO"
"Yanmar","C 10R-1 (Carrier)","C10R-1","yanmar-c10r-1","230x72x50","NO","NO","NO","NO"
"Yanmar","C 12R (Carrier)","C12R","yanmar-c12r","230x72x50","NO","NO","NO","NO"
"Yanmar","C 50R-1 (carrier) [OEM 450x110x74]","C50R-1","yanmar-c50r-1","450x110x74; 500x90x82","NO","NO","NO","NO"
"Yanmar","C 8R (Carrier)","C8R","yanmar-c8r","230x72x50","NO","NO","NO","NO"
"Yanmar","CD 7CDA","CD7CDA","yanmar-cd7cda","230x72x50","NO","NO","NO","NO"
"Yanmar","CG 3 HAST (Carrier)","CG3HAST","yanmar-cg3hast","180x60x37","NO","NO","NO","NO"
"Yanmar","CG 3D (Carrier)","CG3D","yanmar-cg3d","200x72x37; 180x72x37","NO","NO","NO","NO"
"Yanmar","CR 10","CR10","yanmar-cr10","230x72x50","NO","NO","NO","NO"
"Yanmar","CR 12R","CR12R","yanmar-cr12r","230x72x50","NO","NO","NO","NO"
"Yanmar","DC 153","DC153","yanmar-dc153","200x72x37; 200x72x39; 180x72x37","NO","NO","NO","NO"
"Yanmar","K4SC (Sky lifter)","K4SC","yanmar-k4sc","180x72x41","NO","NO","NO","NO"
"Yanmar","MCG 100 (Carrier)","MCG100","yanmar-mcg100","160x60x37; 180x60x37","NO","NO","NO","NO"
"Yanmar","MCG 111F (Carrier)","MCG111F","yanmar-mcg111f","180x60x37","NO","NO","NO","NO"
"Yanmar","MCG 130 (Carrier)","MCG130","yanmar-mcg130","200x72x31; 180x72x31","NO","NO","NO","NO"
"Yanmar","MCG 131 (Carrier)","MCG131","yanmar-mcg131","180x72x34","NO","NO","NO","NO"
"Yanmar","MCG 150 (Carrier)","MCG150","yanmar-mcg150","200x72x38; 180x72x38","NO","NO","NO","NO"
"Yanmar","MCG 91 (Carrier)","MCG91","yanmar-mcg91","160x60x34; 180x60x34","NO","NO","NO","NO"
"Yanmar","MCG 95 (Carrier)","MCG95","yanmar-mcg95","160x60x35; 180x60x35","NO","NO","NO","NO"
"Yanmar","MCG 95 N-HST","MCG95N-HST","yanmar-mcg95n-hst","180x60x37","NO","NO","NO","NO"
"Yanmar","MCG 950 (Carrier)","MCG950","yanmar-mcg950","180x60x37","NO","NO","NO","NO"
"Yanmar","SV 08","SV08","yanmar-sv08","180x72x37","NO","NO","NO","NO"
"Yanmar","SV 09","SV09","yanmar-sv09","180x72x37","NO","NO","NO","NO"
"Yanmar","SV 100","SV100","yanmar-sv100","485x92x72","NO","NO","NO","NO"
"Yanmar","SV 100VCR","SV100VCR","yanmar-sv100vcr","485x92x72","NO","NO","NO","NO"
"Yanmar","SV 120","SV120","yanmar-sv120","500x92x78","NO","NO","NO","NO"
"Yanmar","SV 15","SV15","yanmar-sv15","230x72x47","NO","NO","NO","NO"
"Yanmar","SV 15CR","SV15CR","yanmar-sv15cr","230x72x47","NO","NO","NO","NO"
"Yanmar","SV 15PR","SV15PR","yanmar-sv15pr","230x72x47","NO","NO","NO","NO"
"Yanmar","SV 16","SV16","yanmar-sv16","230x72x47","NO","NO","NO","NO"
"Yanmar","SV 17","SV17","yanmar-sv17","230x72x47","NO","NO","NO","NO"
"Yanmar","SV 17CR","SV17CR","yanmar-sv17cr","230x72x47","NO","NO","NO","NO"
"Yanmar","SV 17CRE","SV17CRE","yanmar-sv17cre","230x72x47","NO","NO","NO","NO"
"Yanmar","SV 17EX","SV17EX","yanmar-sv17ex","230x72x47","NO","NO","NO","NO"
"Yanmar","SV 18EX","SV18EX","yanmar-sv18ex","230x72x47","NO","NO","NO","NO"
"Yanmar","SV 20","SV20","yanmar-sv20","250x48.5x84","NO","NO","NO","NO"
"Yanmar","SV 22","SV22","yanmar-sv22","250x48.5x84","NO","NO","NO","NO"
"Yanmar","SV 26","SV26","yanmar-sv26","250x55.5x79","NO","NO","NO","NO"
"Yanmar","SV 60","SV60","yanmar-sv60","400x73x76","NO","NO","NO","NO"
"Yanmar","T175 (Compact Track Loader)","T175","yanmar-t175","320x86x54","NO","NO","NO","NO"
"Yanmar","T210 (Compact Track Loader)","T210","yanmar-t210","450x86x56","NO","NO","NO","NO"
"Yanmar","VIO 10","VIO10","yanmar-vio10","180x72x43; 200x72x43","NO","NO","NO","NO"
"Yanmar","VIO 100","VIO100","yanmar-vio100","485x92x72","NO","NO","NO","NO"
"Yanmar","VIO 12","VIO12","yanmar-vio12","180x72x43; 200x72x43","NO","NO","NO","NO"
"Yanmar","VIO 15","VIO15","yanmar-vio15","230x72x47","NO","NO","NO","NO"
"Yanmar","VIO 15-2","VIO15-2","yanmar-vio15-2","230x72x47","NO","NO","NO","NO"
"Yanmar","VIO 17 [OEM 230x72x46]","VIO17","yanmar-vio17","230x72x46; 230x72x47","NO","NO","NO","NO"
"Yanmar","VIO 17PR [OEM 230x72x47]","VIO17PR","yanmar-vio17pr","230x72x47","NO","NO","NO","NO"
"Yanmar","VIO 20","VIO20","yanmar-vio20","260x97x40; 250x48.5x80","NO","NO","NO","NO"
"Yanmar","VIO 20 Global","VIO20Global","yanmar-vio20global","250x48.5x84","NO","NO","NO","NO"
"Yanmar","VIO 20-1","VIO20-1","yanmar-vio20-1","260x97x42; 250x48.5x84","NO","NO","NO","NO"
"Yanmar","VIO 20-2","VIO20-2","yanmar-vio20-2","260x97x42; 250x48.5x84","NO","NO","NO","NO"
"Yanmar","VIO 20-3 (offset type)","VIO20-3","yanmar-vio20-3","250x48.5x84","NO","NO","NO","NO"
"Yanmar","VIO 20-4 (offset type)","VIO20-4","yanmar-vio20-4","250x48.5x84","NO","NO","NO","NO"
"Yanmar","VIO 20CR","VIO20CR","yanmar-vio20cr","250x48.5x84","NO","NO","NO","NO"
"Yanmar","VIO 20PR-1","VIO20PR-1","yanmar-vio20pr-1","250x48.5x84","NO","NO","NO","NO"
"Yanmar","VIO 25 [OEM 250x55.5x79 Symetric)","VIO25 [OEM250x55.5x79Symetric)","yanmar-vio25oem250x555x79symetric","250x55.5x79","NO","NO","NO","NO"
"Yanmar","VIO 25 [OEM 260x55.5x78 Offset)","VIO25 [OEM260x55.5x78Offset)","yanmar-vio25oem260x555x78offset","260x55.5x78; 300x55.5x78","NO","NO","NO","NO"
"Yanmar","VIO 25-4","VIO25-4","yanmar-vio25-4","260x55.5x78; 300x55.5x78","NO","NO","NO","NO"
"Yanmar","VIO 25-6","VIO25-6","yanmar-vio25-6","250x55.5x79","NO","NO","NO","NO"
"Yanmar","VIO 25PR","VIO25PR","yanmar-vio25pr","260x55.5x78; 300x55.5x78","NO","NO","NO","NO"
"Yanmar","VIO 26","VIO26","yanmar-vio26","250x55.5x79","NO","NO","NO","NO"
"Yanmar","VIO 27","VIO27","yanmar-vio27","260x55.5x78; 300x55.5x78","NO","NO","NO","NO"
"Yanmar","VIO 27-2 (Offset type)","VIO27-2","yanmar-vio27-2","260x55.5x78; 300x55.5x78","NO","NO","NO","NO"
"Yanmar","VIO 27-2 Global (Offset type)","VIO27-2Global","yanmar-vio27-2global","260x55.5x78; 300x55.5x78","NO","NO","NO","NO"
"Yanmar","VIO 27-3","VIO27-3","yanmar-vio27-3","260x55.5x78; 300x55.5x78","NO","NO","NO","NO"
"Yanmar","VIO 27-5","VIO27-5","yanmar-vio27-5","260x55.5x78; 300x55.5x78","NO","NO","NO","NO"
"Yanmar","VIO 27-6","VIO27-6","yanmar-vio27-6","250x55.5x79","NO","NO","NO","NO"
"Yanmar","VIO 30-1","VIO30-1","yanmar-vio30-1","300x55.5x82","NO","NO","NO","NO"
"Yanmar","VIO 30-2","VIO30-2","yanmar-vio30-2","300x55.5x82","NO","NO","NO","NO"
"Yanmar","VIO 30-3S","VIO30-3S","yanmar-vio30-3s","300x55.5x82","NO","NO","NO","NO"
"Yanmar","VIO 30-6","VIO30-6","yanmar-vio30-6","300x55x84; 300x52.5x88","NO","NO","NO","NO"
"Yanmar","VIO 30V (Offset type)","VIO30V","yanmar-vio30v","300x55.5x82","NO","NO","NO","NO"
"Yanmar","VIO 33 (Offset type)","VIO33","yanmar-vio33","300x55.5x82","NO","NO","NO","NO"
"Yanmar","VIO 33-6","VIO33-6","yanmar-vio33-6","300x55x84; 300x52.5x82","NO","NO","NO","NO"
"Yanmar","VIO 35 (Offset type)","VIO35","yanmar-vio35","300x55.5x82","NO","NO","NO","NO"
"Yanmar","VIO 35 Global","VIO35Global","yanmar-vio35global","300x55.5x82","NO","NO","NO","NO"
"Yanmar","VIO 35-1 (Offset type)","VIO35-1","yanmar-vio35-1","300x55.5x82","NO","NO","NO","NO"
"Yanmar","VIO 35-2 (Offset type)","VIO35-2","yanmar-vio35-2","300x55.5x82","NO","NO","NO","NO"
"Yanmar","VIO 35-3 (Offset type)","VIO35-3","yanmar-vio35-3","300x55.5x82","NO","NO","NO","NO"
"Yanmar","VIO 35-5 (Offset type)","VIO35-5","yanmar-vio35-5","300x55.5x82","NO","NO","NO","NO"
"Yanmar","VIO 35-6","VIO35-6","yanmar-vio35-6","300x55x84; 300x52.5x88","NO","NO","NO","NO"
"Yanmar","VIO 35CR (Offset type)","VIO35CR","yanmar-vio35cr","300x55.5x82","NO","NO","NO","NO"
"Yanmar","VIO 38 (Offset type)","VIO38","yanmar-vio38","300x55.5x82","NO","NO","NO","NO"
"Yanmar","VIO 38-6","VIO38-6","yanmar-vio38-6","300x55x84; 300x52.5x88","NO","NO","NO","NO"
"Yanmar","VIO 40 (Offset type)","VIO40","yanmar-vio40","350x75.5x74; 400x75.5x74","NO","NO","NO","NO"
"Yanmar","VIO 40-1 (Offset type)","VIO40-1","yanmar-vio40-1","350x75.5x74; 400x75.5x74","NO","NO","NO","NO"
"Yanmar","VIO 40-2 (Offset type)","VIO40-2","yanmar-vio40-2","350x75.5x74; 400x75.5x74","NO","NO","NO","NO"
"Yanmar","VIO 40-3 (Offset type)","VIO40-3","yanmar-vio40-3","350x75.5x74; 400x75.5x74","NO","NO","NO","NO"
"Yanmar","VIO 40V (Offset type)","VIO40V","yanmar-vio40v","350x75.5x74; 400x75.5x74","NO","NO","NO","NO"
"Yanmar","VIO 45 (Offset type)","VIO45","yanmar-vio45","350x75.5x74; 400x75.5x74","NO","NO","NO","NO"
"Yanmar","VIO 45 CR","VIO45CR","yanmar-vio45cr","350x75.5x74; 400x75.5x74","NO","NO","NO","NO"
"Yanmar","VIO 45 Global (Offset type)","VIO45Global","yanmar-vio45global","350x75.5x74; 400x75.5x74","NO","NO","NO","NO"
"Yanmar","VIO 45-3 (Offset type)","VIO45-3","yanmar-vio45-3","350x75.5x74; 400x75.5x74","NO","NO","NO","NO"
"Yanmar","VIO 45-5 (Offset type)","VIO45-5","yanmar-vio45-5","350x75.5x74; 400x75.5x74","NO","NO","NO","NO"
"Yanmar","VIO 45-6","VIO45-6","yanmar-vio45-6","350x73x76","NO","NO","NO","NO"
"Yanmar","VIO 45V (Offset type)","VIO45V","yanmar-vio45v","350x75.5x74; 400x75.5x74","NO","NO","NO","NO"
"Yanmar","VIO 50-1 (Offset type)","VIO50-1","yanmar-vio50-1","400x75.5x74","NO","NO","NO","NO"
"Yanmar","VIO 50-2 (Offset type)","VIO50-2","yanmar-vio50-2","400x75.5x74","NO","NO","NO","NO"
"Yanmar","VIO 50-2 Global","VIO50-2Global","yanmar-vio50-2global","400x75.5x74","NO","NO","NO","NO"
"Yanmar","VIO 50-3 (Offset type)","VIO50-3","yanmar-vio50-3","400x75.5x74","NO","NO","NO","NO"
"Yanmar","VIO 50-6","VIO50-6","yanmar-vio50-6","350x73x76","NO","NO","NO","NO"
"Yanmar","VIO 50-PR-1","VIO50-PR-1","yanmar-vio50-pr-1","400x75.5x74","NO","NO","NO","NO"
"Yanmar","VIO 50U (Offset type)","VIO50U","yanmar-vio50u","350x75.5x74; 400x75.5x74","NO","NO","NO","NO"
"Yanmar","VIO 50V (Offset type)","VIO50V","yanmar-vio50v","400x75.5x74","NO","NO","NO","NO"
"Yanmar","VIO 55 (Offset type)","VIO55","yanmar-vio55","400x75.5x74","NO","NO","NO","NO"
"Yanmar","VIO 55 CR","VIO55CR","yanmar-vio55cr","400x75.5x74","NO","NO","NO","NO"
"Yanmar","VIO 55-3 (Offset type)","VIO55-3","yanmar-vio55-3","400x75.5x74","NO","NO","NO","NO"
"Yanmar","VIO 55-5 (Offset type)","VIO55-5","yanmar-vio55-5","400x75.5x74","NO","NO","NO","NO"
"Yanmar","VIO 55-6","VIO55-6","yanmar-vio55-6","400x73x76","NO","NO","NO","NO"
"Yanmar","VIO 57-6","VIO57-6","yanmar-vio57-6","400x73x76","NO","NO","NO","NO"
"Yanmar","VIO 57U","VIO57U","yanmar-vio57u","400x75.5x74","NO","NO","NO","NO"
"Yanmar","VIO 70","VIO70","yanmar-vio70","450x84x74; 450x81x76","NO","NO","NO","NO"
"Yanmar","VIO 70A (Offset type)","VIO70A","yanmar-vio70a","450x83.5x74","NO","NO","NO","NO"
"Yanmar","VIO 70CR","VIO70CR","yanmar-vio70cr","450x84x74; 450x81x76","NO","NO","NO","NO"
"Yanmar","VIO 75 (Offset type)","VIO75","yanmar-vio75","450x83.5x74","NO","NO","NO","NO"
"Yanmar","VIO 75-A (Offset type)","VIO75-A","yanmar-vio75-a","450x83.5x74","NO","NO","NO","NO"
"Yanmar","VIO 80 (Offset type)","VIO80","yanmar-vio80","450x83.5x74","NO","NO","NO","NO"
"Yanmar","VIO 80-1","VIO80-1","yanmar-vio80-1","450x83.5x74","NO","NO","NO","NO"
"Yanmar","VIO 82","VIO82","yanmar-vio82","450x83.5x74","NO","NO","NO","NO"
"Yanmar","WB 1300","WB1300","yanmar-wb1300","280x72x52; 250x72x52","NO","NO","NO","NO"
"Yanmar","WB 500 (minidumper)","WB500","yanmar-wb500","200x72x34; 180x72x34","NO","NO","NO","NO"
"Yanmar","Y 12","Y12","yanmar-y12","230x72x43","NO","NO","NO","NO"
"Yanmar","Y 12B","Y12B","yanmar-y12b","230x72x43","NO","NO","NO","NO"
"Yanmar","Y 14","Y14","yanmar-y14","230x72x43","NO","NO","NO","NO"
"Yanmar","YB 10","YB10","yanmar-yb10","230x72x43","NO","NO","NO","NO"
"Yanmar","YB 10-2","YB10-2","yanmar-yb10-2","230x72x43","NO","NO","NO","NO"
"Yanmar","YB 101","YB101","yanmar-yb101","200x72x39","NO","NO","NO","NO"
"Yanmar","YB 101UZ","YB101UZ","yanmar-yb101uz","200x72x39","NO","NO","NO","NO"
"Yanmar","YB 101VL","YB101VL","yanmar-yb101vl","200x72x39","NO","NO","NO","NO"
"Yanmar","YB 121","YB121","yanmar-yb121","230x72x43","NO","NO","NO","NO"
"Yanmar","YB 125","YB125","yanmar-yb125","260x55.5x78; 300x55.5x78","NO","NO","NO","NO"
"Yanmar","YB 151","YB151","yanmar-yb151","230x72x43","NO","NO","NO","NO"
"Yanmar","YBT 650","YBT650","yanmar-ybt650","230x72x43","NO","NO","NO","NO"
"Yanmar","YEW 5D-1","YEW5D-1","yanmar-yew5d-1","230x72x50; 250x72x35","NO","NO","NO","NO"
"Yanmar","YEW 8R","YEW8R","yanmar-yew8r","230x72x50","NO","NO","NO","NO"
"Yanmar","YFW 8R (Mini-dumper)","YFW8R","yanmar-yfw8r","230x72x50","NO","NO","NO","NO"
"Yanmar","YM 10","YM10","yanmar-ym10","200x72x34; 180x72x34","NO","NO","NO","NO"
"Yanmar","YMD 60","YMD60","yanmar-ymd60","200x72x34; 180x72x34","NO","NO","NO","NO"
"Ygry","M 120","M120","ygry-m120","230x72x43","NO","NO","NO","NO"
"Ygry","SA 140","SA140","ygry-sa140","230x72x43","NO","NO","NO","NO"
"Ygry","SA 170","SA170","ygry-sa170","250x72x47","NO","NO","NO","NO"
"Ygry","Y 12","Y12","ygry-y12","230x72x43","NO","NO","NO","NO"
"Ygry","Y 12B","Y12B","ygry-y12b","230x72x43","NO","NO","NO","NO"
"Ygry","Y 14","Y14","ygry-y14","230x72x43","NO","NO","NO","NO"
"Ygry","Y 14B","Y14B","ygry-y14b","230x72x43","NO","NO","NO","NO"
"Ygry","Y 15","Y15","ygry-y15","230x72x47","NO","NO","NO","NO"
"Yuchai","R 103.3","R103.3","yuchai-r1033","230x72x43","NO","NO","NO","NO"
"Yuchai","R 105.3","R105.3","yuchai-r1053","230x72x43","NO","NO","NO","NO"
"Yuchai","WY 1.3","WY1.3","yuchai-wy13","230x72x43","NO","NO","NO","NO"
"Yuchai","WY 2.5","WY2.5","yuchai-wy25","300x109x38; 300x52.5x78","NO","NO","NO","NO"
"Yuchai","WY 3.5","WY3.5","yuchai-wy35","300x109x41; 300x52.5x84","NO","NO","NO","NO"
"Yuchai","YC 15-7","YC15-7","yuchai-yc15-7","230x72x43","NO","NO","NO","NO"
"Yuchai","YC 15-8","YC15-8","yuchai-yc15-8","230x72x43","NO","NO","NO","NO"
"Yuchai","YC 25","YC25","yuchai-yc25","300x55x76; 300x52.5x78","NO","NO","NO","NO"
"Yuchai","YC 25-2","YC25-2","yuchai-yc25-2","300x55x76; 300x52.5x78","NO","NO","NO","NO"
"Yuchai","YC 25-8","YC25-8","yuchai-yc25-8","300x55x76; 300x52.5x78","NO","NO","NO","NO"
"Yuchai","YC 30-2","YC30-2","yuchai-yc30-2","300x55x76; 300x52.5x78","NO","NO","NO","NO"
"Yuchai","YC 35 SR","YC35SR","yuchai-yc35sr","300x55x82; 300x52.5x84","NO","NO","NO","NO"
"Yuchai","YC 35-7","YC35-7","yuchai-yc35-7","300x55x82; 300x52.5x84","NO","NO","NO","NO"
"Yuchai","YC 35-8","YC35-8","yuchai-yc35-8","300x52.5x84","NO","NO","NO","NO"
"Yuchai","YC 45 [OEM 300x55x86]","YC45","yuchai-yc45","300x55x86","NO","NO","NO","NO"
"Yuchai","YC 45-6 [OEM 300x55x94]","YC45-6","yuchai-yc45-6","300x55x94","NO","NO","NO","NO"
"Yuchai","YC 55-2","YC55-2","yuchai-yc55-2","400x73x74; 400x72.5x74","NO","NO","NO","NO"
"Yuchai","YC 85","YC85","yuchai-yc85","450x76x80","NO","NO","NO","NO"
"Yuchai","YC 85-7","YC85-7","yuchai-yc85-7","450x76x80","NO","NO","NO","NO"
"Yutani","B 53","B53","yutani-b53","450x81.5x74; 450x81x76","NO","NO","NO","NO"
"Yutani","B 76","B76","yutani-b76","450x81.5x74; 450x81x76","NO","NO","NO","NO"
"Yutani","Z 53","Z53","yutani-z53","300x109x38; 300x52.5x78","NO","NO","NO","NO"
"Yutani","Z 54","Z54","yutani-z54","300x109x40; 300x52.5x82","NO","NO","NO","NO"
"Yutani","Z 55","Z55","yutani-z55","350x108x42; 350x52.5x86","NO","NO","NO","NO"
"Zavattini","E19P/9SC","E19P/9SC","zavattini-e19p9sc","250x72x52","NO","NO","NO","NO"
"Zeppelin","ZR 02","ZR02","zeppelin-zr02","230x96x33; 230x48x66","NO","NO","NO","NO"
"Zeppelin","ZR 14","ZR14","zeppelin-zr14","300x55x72; 300x52.5x74","NO","NO","NO","NO"
"Zeppelin","ZR 15","ZR15","zeppelin-zr15","230x96x33; 230x48x66","NO","NO","NO","NO"
"Zeppelin","ZR 25","ZR25","zeppelin-zr25","300x55x72; 300x52.5x74","NO","NO","NO","NO"
"Zeppelin","ZR 35","ZR35","zeppelin-zr35","300x55x78; 300x52.5x80","NO","NO","NO","NO"
"Zeppelin","ZR 45","ZR45","zeppelin-zr45","400x72.5x72","NO","NO","NO","NO"
"Zeppelin","ZR 55","ZR55","zeppelin-zr55","400x72.5x76","NO","NO","NO","NO"
"Zeppelin","ZRH 02","ZRH02","zeppelin-zrh02","230x96x33; 230x48x66","NO","NO","NO","NO"
"Zeppelin","ZRH 04","ZRH04","zeppelin-zrh04","300x109x36; 300x52.5x74","NO","NO","NO","NO"
"Zeppelin","ZRH 12","ZRH12","zeppelin-zrh12","230x96x33; 230x48x66","NO","NO","NO","NO"
"Zeppelin","ZRH 14","ZRH14","zeppelin-zrh14","300x55x72; 300x52.5x74","NO","NO","NO","NO"
"Zeppelin","ZRH 16","ZRH16","zeppelin-zrh16","300x55x78; 300x52.5x80","NO","NO","NO","NO"
"Zeppelin","ZRH 8","ZRH8","zeppelin-zrh8","300x109x39; 300x52.5x80","NO","NO","NO","NO"
"Zhenyu","ZY 55","ZY55","zhenyu-zy55","400x72.5x72","NO","NO","NO","NO"
"Zntsis Brzesko","RT-10","RT-10","zntsis-brzesko-rt-10","230x72x43","NO","NO","NO","NO"