Brand,Model,Slug,Track Size
"A.X.I.","FR300AA","a.x.i.-fr300aa","300x55x82"
"A.X.I.","FR300AA","a.x.i.-fr300aa","300x52.5x84"
"ACM","ME040","acm-me040","300x55x82"
"ACM","ME040","acm-me040","300x52.5x84"
"ALLEN","AT14F","allen-at14f","180x72x37"
"ALLEN","AT16","allen-at16","180x72x42"
"ALLtrack","AT1500","alltrack-at1500","700x100x98"
"ALLtrack","AT2200","alltrack-at2200","750x150x66"
"ASV","MD-70","asv-md-70","457x101.6x56"
"ASV","POSI-TRAC2800","asv-posi-trac2800","457x101.6x56"
"ASV","POSI-TRAC2810","asv-posi-trac2810","457x101.6x56"
"ASV","POSI-TRAC4800","asv-posi-trac4800","457x101.6x56"
"ASV","POSI-TRAC4810","asv-posi-trac4810","457x101.6x56"
"ASV","POSI-TRAC HD4500","asv-posi-trachd4500","457x101.6x56"
"ASV","POSI-TRAC HD4520","asv-posi-trachd4520","457x101.6x56"
"ASV","PT100","asv-pt100","457x101.6x56"
"ASV","PT50","asv-pt50","381x101.6x42"
"ASV","PT60","asv-pt60","381x101.6x42"
"ASV","PT80","asv-pt80","457x101.6x51"
"ASV","RC100","asv-rc100","457x101.6x50"
"ASV","RC50","asv-rc50","381x101.6x42"
"ASV","RC60","asv-rc60","381x101.6x42"
"ASV","RC85","asv-rc85","457x101.6x50"
"ASV","RCV","asv-rcv","457x101.6x50"
"ASV","RT50","asv-rt50","381x101.6x42"
"ASV","RT65","asv-rt65","381x101.6x42"
"ASV","RT75","asv-rt75","457x101.6x51"
"ASV","SC-50","asv-sc-50","381x101.6x42"
"ASV","SR-80","asv-sr-80","457x101.6x51"
"ASV","ST-50","asv-st-50","381x101.6x42"
"ASV","VT-70","asv-vt-70","381x101.6x42"
"ATN","ATN | PIAF450","atn-atnpiaf450","230x96x32"
"ATN","ATN | PIAF450","atn-atnpiaf450","230x48x64"
"ATN","ATN | PIAF560","atn-atnpiaf560","230x96x32"
"ATN","ATN | PIAF560","atn-atnpiaf560","230x48x64"
"ATN","ATN | PIAF800","atn-atnpiaf800","230x96x34"
"ATN","ATN | PIAF800","atn-atnpiaf800","230x48x68"
"ATN","ATN | PIAF810","atn-atnpiaf810","230x96x34"
"ATN","ATN | PIAF810","atn-atnpiaf810","230x48x68"
"ATN","ATN | PIAF811","atn-atnpiaf811","230x96x34"
"ATN","ATN | PIAF811","atn-atnpiaf811","230x48x68"
"Abbati","BBT954-5.16","abbati-bbt954-516","180x72x37"
"Abbati","BBT954-5.17","abbati-bbt954-517","180x60x38"
"Aces","HTC500","aces-htc500","180x60x37"
"Active","PT1300","active-pt1300","180x60x30"
"Active","PT1320","active-pt1320","180x60x34"
"Active","PT1460","active-pt1460","180x60x37"
"Agri","DM10","agri-dm10","230x72x43"
"Aichi","FR300","aichi-fr300","300x55x82"
"Aichi","FR300","aichi-fr300","300x52.5x84"
"Aichi","RM040","aichi-rm040","200x72x42"
"Aichi","RV040","aichi-rv040","200x72x42"
"Aichi","RV041","aichi-rv041","200x72x42"
"Aichi","RV042","aichi-rv042","230x72x50"
"Aichi","RV04A","aichi-rv04a","230x72x42"
"Aichi","RV04A","aichi-rv04a","200x72x42"
"Aichi","RV060","aichi-rv060","230x72x56"
"Aichi","RV061","aichi-rv061","230x72x56"
"Airman","AX17","airman-ax17","230x96x33"
"Airman","AX17","airman-ax17","230x48x66"
"Airman","AX17 - 2","airman-ax17-2","230x96x33"
"Airman","AX17 - 2","airman-ax17-2","230x48x66"
"Airman","AX17 - 2N","airman-ax17-2n","230x96x33"
"Airman","AX17 - 2N","airman-ax17-2n","230x48x66"
"Airman","AX17CGL-2N","airman-ax17cgl-2n","230x96x33"
"Airman","AX17CGL-2N","airman-ax17cgl-2n","230x48x66"
"Airman","AX17U","airman-ax17u","230x96x35"
"Airman","AX17U","airman-ax17u","230x48x70"
"Airman","AX08","airman-ax08","180x72x37"
"Airman","AX08-02","airman-ax08-02","180x72x37"
"Airman","AX08-2KT","airman-ax08-2kt","180x72x37"
"Airman","AX08GL-2","airman-ax08gl-2","180x72x37"
"Airman","AX10U","airman-ax10u","180x72x40"
"Airman","AX12","airman-ax12","230x96x31"
"Airman","AX12","airman-ax12","230x48x62"
"Airman","AX12-2","airman-ax12-2","230x96x31"
"Airman","AX12-2","airman-ax12-2","230x48x62"
"Airman","AX15","airman-ax15","230x96x31"
"Airman","AX15","airman-ax15","230x48x62"
"Airman","AX15U","airman-ax15u","230x96x31"
"Airman","AX15U","airman-ax15u","230x48x62"
"Airman","AX15-2","airman-ax15-2","230x96x31"
"Airman","AX15-2","airman-ax15-2","230x48x62"
"Airman","AX16","airman-ax16","230x96x33"
"Airman","AX16","airman-ax16","230x48x63"
"Airman","AX16-2","airman-ax16-2","230x96x33"
"Airman","AX16-2","airman-ax16-2","230x48x66"
"Airman","AX16-3","airman-ax16-3","230x96x33"
"Airman","AX16-3","airman-ax16-3","230x48x66"
"Airman","AX16CBL-3","airman-ax16cbl-3","230x96x33"
"Airman","AX16CBL-3","airman-ax16cbl-3","230x48x66"
"Airman","AX18-2","airman-ax18-2","250x52.5x73"
"Airman","AX18-2","airman-ax18-2","300x52.5x72"
"Airman","AX19U","airman-ax19u","230x48x70"
"Airman","AX20-3","airman-ax20-3","250x107x38"
"Airman","AX20-3","airman-ax20-3","300x52.5x76"
"Airman","AX20U","airman-ax20u","250x96x41"
"Airman","AX20U","airman-ax20u","250x47x84"
"Airman","AX20U","airman-ax20u","250x48x82"
"Airman","AX20UR","airman-ax20ur","250x107x38"
"Airman","AX20UR","airman-ax20ur","250x52.5x76"
"Airman","AX20UR","airman-ax20ur","300x52.5x76"
"Airman","AX22","airman-ax22","250x52.5x73"
"Airman","AX22","airman-ax22","300x52.5x72"
"Airman","AX22-1","airman-ax22-1","250x52.5x73"
"Airman","AX22-1","airman-ax22-1","300x52.5x72"
"Airman","AX22-2","airman-ax22-2","250x52.5x73"
"Airman","AX22-2","airman-ax22-2","300x52.5x72"
"Airman","AX22CGL","airman-ax22cgl","250x52.5x73"
"Airman","AX22CGL","airman-ax22cgl","300x52.5x72"
"Airman","AX22UCGL","airman-ax22ucgl","250x52.5x73"
"Airman","AX22UCGL","airman-ax22ucgl","300x52.5x72"
"Airman","AX22UCGL4","airman-ax22ucgl4","250x52.5x73"
"Airman","AX22UCGL4","airman-ax22ucgl4","300x52.5x72"
"Airman","AX25","airman-ax25","300x55x74"
"Airman","AX25","airman-ax25","250x52.5x76"
"Airman","AX25","airman-ax25","300x52.5x76"
"Airman","AX25-1","airman-ax25-1","300x55x74"
"Airman","AX25-1","airman-ax25-1","250x52.5x76"
"Airman","AX25-1","airman-ax25-1","300x52.5x76"
"Airman","AX25-2","airman-ax25-2","300x55x74"
"Airman","AX25-2","airman-ax25-2","250x52.5x76"
"Airman","AX25-2","airman-ax25-2","300x52.5x76"
"Airman","AX25-3","airman-ax25-3","250x52.5x73"
"Airman","AX25-3","airman-ax25-3","300x52.5x72"
"Airman","AX26U-6","airman-ax26u-6","300x52.5x80"
"Airman","AX27","airman-ax27","300x52.5x78"
"Airman","AX27U","airman-ax27u","300x52.5x78"
"Airman","AX27U-4","airman-ax27u-4","300x52.5x80"
"Airman","AX29UCGL","airman-ax29ucgl","300x52.5x78"
"Airman","AX30","airman-ax30","300x55x80"
"Airman","AX30","airman-ax30","300x52.5x82"
"Airman","AX30-1","airman-ax30-1","300x52.5x82"
"Airman","AX30-1","airman-ax30-1","300x52.5x86"
"Airman","AX30-2","airman-ax30-2","300x55x80"
"Airman","AX30-2","airman-ax30-2","300x52.5x82"
"Airman","AX30-3","airman-ax30-3","300x52.5x82"
"Airman","AX30U-4","airman-ax30u-4","300x52.5x86"
"Airman","AX30UR","airman-ax30ur","300x52.5x76"
"Airman","AX30UR-1","airman-ax30ur-1","300x55x74"
"Airman","AX30UR-1","airman-ax30ur-1","250x52.5x76"
"Airman","AX30UR-1","airman-ax30ur-1","300x52.5x76"
"Airman","AX30UR-2","airman-ax30ur-2","300x55x74"
"Airman","AX30UR-2","airman-ax30ur-2","250x52.5x76"
"Airman","AX30UR-2","airman-ax30ur-2","300x52.5x76"
"Airman","AX30UR-3","airman-ax30ur-3","300x52.5x82"
"Airman","AX32U","airman-ax32u","300x52.5x82"
"Airman","AX33MU","airman-ax33mu","300x52.5x82"
"Airman","AX33U","airman-ax33u","300x52.5x82"
"Airman","AX33U-6","airman-ax33u-6","300x52.5x82"
"Airman","AX35","airman-ax35","300x55x80"
"Airman","AX35","airman-ax35","300x52.5x82"
"Airman","AX35-1","airman-ax35-1","300x55x80"
"Airman","AX35-1","airman-ax35-1","300x52.5x82"
"Airman","AX35-2","airman-ax35-2","300x52.5x82"
"Airman","AX35CGL-3","airman-ax35cgl-3","300x52.5x82"
"Airman","AX35U","airman-ax35u","300x52.5x86"
"Airman","AX35U-4","airman-ax35u-4","300x52.5x86"
"Airman","AX36U","airman-ax36u","300x52.5x86"
"Airman","AX36UCGL","airman-ax36ucgl","300x52.5x86"
"Airman","AX38UCGL","airman-ax38ucgl","300x52.5x86"
"Airman","AX40","airman-ax40","400x72.5x72"
"Airman","AX40-2","airman-ax40-2","400x72.5x72"
"Airman","AX40U","airman-ax40u","400x72.5x72"
"Airman","AX40U-4","airman-ax40u-4","400x73x72"
"Airman","AX40U-4","airman-ax40u-4","400x72.5x72"
"Airman","AX40UR-1","airman-ax40ur-1","400x72.5x72"
"Airman","AX40UR-2","airman-ax40ur-2","400x72.5x72"
"Airman","AX45","airman-ax45","400x72.5x72"
"Airman","AX45-2","airman-ax45-2","400x72.5x72"
"Airman","AX45CGL-2","airman-ax45cgl-2","400x72.5x72"
"Airman","AX50","airman-ax50","400x142x37"
"Airman","AX50","airman-ax50","400x72.5x72"
"Airman","AX50-2","airman-ax50-2","400x72.5x72"
"Airman","AX50-3","airman-ax50-3","400x73x72"
"Airman","AX50-3","airman-ax50-3","400x72.5x72"
"Airman","AX50U","airman-ax50u","400x72.5x72"
"Airman","AX50U-4","airman-ax50u-4","400x73x74"
"Airman","AX50U-4","airman-ax50u-4","400x72.5x74"
"Airman","AX50UCGL","airman-ax50ucgl","400x72.5x72"
"Airman","AX52UCGL-5","airman-ax52ucgl-5","400x72.5x74"
"Airman","AX55U-6A","airman-ax55u-6a","400x72.5x74"
"Airman","AX55UR","airman-ax55ur","400x72.5x72"
"Airman","AX55UR-3","airman-ax55ur-3","400x72.5x72"
"Airman","AX58","airman-ax58","400x72.5x74"
"Airman","AX58MU","airman-ax58mu","400x73x74"
"Airman","AX58MU","airman-ax58mu","400x72.5x74"
"Airman","AXC12","airman-axc12","230x96x31"
"Airman","AXC12","airman-axc12","230x48x62"
"Airman","AXC15","airman-axc15","230x96x31"
"Airman","AXC15","airman-axc15","230x48x62"
"Airman","HM07S","airman-hm07s","180x72x36"
"Airman","HM10","airman-hm10","200x72x42"
"Airman","HM10NEW","airman-hm10new","230x48x66"
"Airman","HM10G","airman-hm10g","200x72x42"
"Airman","HM10SG","airman-hm10sg","200x72x42"
"Airman","HM15","airman-hm15","200x72x42"
"Airman","HM15NEW","airman-hm15new","230x96x33"
"Airman","HM15NEW","airman-hm15new","230x48x66"
"Airman","HM15S","airman-hm15s","200x72x42"
"Airman","HM30SGZ","airman-hm30sgz","300x109x40"
"Airman","HM30SGZ","airman-hm30sgz","300x52.5x82"
"Airman","HM35","airman-hm35","300x109x42"
"Airman","HM35","airman-hm35","300x52.5x86"
"Airman","HM45","airman-hm45","400x146x36"
"Airman","HM45","airman-hm45","400x72.5x72"
"Airman","HM45-2","airman-hm45-2","400x146x36"
"Airman","HM45-2","airman-hm45-2","400x72.5x72"
"Airman","HM45SG-2","airman-hm45sg-2","400x146x36"
"Airman","HM45SG-2","airman-hm45sg-2","400x72.5x72"
"Airman","HM50","airman-hm50","400x146x36"
"Airman","HM50","airman-hm50","400x72.5x72"
"Airman","HM55","airman-hm55","400x146x36"
"Airman","HM55","airman-hm55","400x72.5x72"
"Airman-Foredil","AX16-2N","airman-foredil-ax16-2n","230x96x33"
"Airman-Foredil","AX16-2N","airman-foredil-ax16-2n","230x48x66"
"Airman-Foredil","AX29U","airman-foredil-ax29u","300x52.5x78"
"Airman-Foredil","AX35","airman-foredil-ax35","300x55x80"
"Airman-Foredil","AX35","airman-foredil-ax35","300x52.5x82"
"Airman-Foredil","AX45","airman-foredil-ax45","400x72.5x72"
"Airman-Foredil","AX22","airman-foredil-ax22","250x52.5x73"
"Airman-Foredil","AX22","airman-foredil-ax22","300x52.5x72"
"Almac","Athena-870","almac-athena-870","250x72x57"
"Almac","BIBI-1090EVO","almac-bibi-1090evo","250x72x64"
"Almac","BIBI-1250CL","almac-bibi-1250cl","250x72x64"
"Almac","BIBI-1470HE","almac-bibi-1470he","250x72x64"
"Almac","BIBI-850BL","almac-bibi-850bl","250x72x57"
"Almac","BIBI-850HE","almac-bibi-850he","200x72x47"
"Almac","BIBI-870BL","almac-bibi-870bl","250x72x57"
"Almac","BIEASY1,5","almac-bieasy15","230x72x43"
"Almac","MULTI-LOADER2.5","almac-multi-loader25","250x72x64"
"Amerequip Eagle","TRAX40","amerequip-eagle-trax40","230x96x39"
"Amerequip Eagle","TRAX40","amerequip-eagle-trax40","250x48x78"
"American Direction Drill","DD10","american-direction-drill-dd10","230x72x56"
"American Direction Drill","DD2","american-direction-drill-dd2","230x72x56"
"American Direction Drill","DD3","american-direction-drill-dd3","320x52.5x88"
"American Direction Drill","DD3","american-direction-drill-dd3","300x52.5x88"
"American Direction Drill","DD4","american-direction-drill-dd4","300x54x82"
"American Direction Drill","DD4","american-direction-drill-dd4","300x52.5x84"
"American Direction Drill","DD6","american-direction-drill-dd6","400x73x74"
"American Direction Drill","DD6","american-direction-drill-dd6","400x72.5x74"
"American Direction Drill","DD8","american-direction-drill-dd8","400x73x74"
"American Direction Drill","DD8","american-direction-drill-dd8","400x72.5x74"
"Ammann","AMX65","ammann-amx65","400x72.5x76"
"Ammann","AMX85ZT","ammann-amx85zt","450x76x82"
"Andreoli","UT60EVO","andreoli-ut60evo","230x78x42"
"Angel","WY1.3","angel-wy13","230x72x43"
"Angel","WY2.5","angel-wy25","300x55x76"
"Angel","WY2.5","angel-wy25","300x52.5x78"
"Angel","WY3.5","angel-wy35","300x55x82"
"Angel","WY3.5","angel-wy35","300x52.5x84"
"Antec","A12B","antec-a12b","230x72x43"
"Antec","A14sa","antec-a14sa","230x72x43"
"Antec","HCC1051D","antec-hcc1051d","180x72x37"
"Apageo","450","apageo-450","250x72x52"
"Apageo","580","apageo-580","250x72x52"
"Apageo","LWC100","apageo-lwc100","250x72x57"
"Aros China","1.5","aros-china-15","230x72x43"
"Astec","Mini-Excavator","astec-mini-excavator","250x72x56"
"Astec","Mini-Excavator","astec-mini-excavator","300x52.5x92"
"Atex","XC750D","atex-xc750d","200x72x38"
"Atex","XC750D","atex-xc750d","180x72x38"
"Atex","XG450M","atex-xg450m","200x72x39"
"Athena","1090","athena-1090","250x72x64"
"Atlas","100","atlas-100","200x72x41"
"Atlas","100B","atlas-100b","200x72x41"
"Atlas","100CT","atlas-100ct","200x72x41"
"Atlas","110","atlas-110","200x72x41"
"Atlas","1104","atlas-1104","200x72x41"
"Atlas","120","atlas-120","230x72x43"
"Atlas","120AB","atlas-120ab","230x72x42"
"Atlas","120RF","atlas-120rf","230x72x43"
"Atlas","404","atlas-404","230x72x43"
"Atlas","404R","atlas-404r","230x72x43"
"Atlas","604","atlas-604","250x72x57"
"Atlas","604.2","atlas-6042","300x109x39"
"Atlas","604.2","atlas-6042","300x52.5x80"
"Atlas","604R","atlas-604r","250x72x57"
"Atlas","605R","atlas-605r","400x72.5x72"
"Atlas","805R","atlas-805r","450x71x86"
"Atlas","AM29R","atlas-am29r","300x55x72"
"Atlas","AM29R","atlas-am29r","300x52.5x74"
"Atlas","AM37R","atlas-am37r","300x52.5x86"
"Atlas","AP604","atlas-ap604","230x72x43"
"Atlas","AP604","atlas-ap604","320x100x41"
"Atlas","AR100","atlas-ar100","230x72x42"
"Atlas","AR120","atlas-ar120","230x72x42"
"Atlas","CT045","atlas-ct045","200x72x34"
"Atlas","CT045","atlas-ct045","180x72x34"
"Atlas","CT100","atlas-ct100","200x72x41"
"Atlas","CT100R","atlas-ct100r","200x72x41"
"Atlas","CT10N","atlas-ct10n","230x72x43"
"Atlas","CT120","atlas-ct120","230x72x42"
"Atlas","CT12N","atlas-ct12n","230x72x43"
"Atlas","CT27N","atlas-ct27n","300x109x36"
"Atlas","CT27N","atlas-ct27n","300x52.5x74"
"Atlas","CT30N","atlas-ct30n","300x109x39"
"Atlas","CT30N","atlas-ct30n","300x52.5x80"
"Atlas","CT35N","atlas-ct35n","300x109x41"
"Atlas","CT35N","atlas-ct35n","300x52.5x84"
"Atlas","CT50N","atlas-ct50n","400x142x38"
"Atlas","CT50N","atlas-ct50n","400x72.5x74"
"Atlas","CT7NX","atlas-ct7nx","180x72x37"
"Atlas","ISO7","atlas-iso7","180x72x37"
"Ausa","25CM","ausa-25cm","180x60x30"
"Ausa","75","ausa-75","200x72x42"
"Ausa","80CMA","ausa-80cma","250x72x48"
"Ausa","MH08","ausa-mh08","180x72x38"
"Ausa","MH15","ausa-mh15","230x48x66"
"Ausa","MH15","ausa-mh15","230x96x33"
"Ausa","MH25","ausa-mh25","300x52.5x74"
"Ausa","MH35","ausa-mh35","300x52.5x84"
"Ausa","MH35R","ausa-mh35r","300x52.5x84"
"Ausa","MH55","ausa-mh55","400x72.5x72"
"Ausa","MH75","ausa-mh75","450x71x86"
"Avant Tecno","Dumper1200","avant-tecno-dumper1200","230x72x45"
"Avant Tecno","Dumper1500","avant-tecno-dumper1500","250x72x45"
"Awasi","75-6","awasi-75-6","450x71x86"
"BOART LONGYEAR","DeltaBase420","boart-longyear-deltabase420","450x71x86"
"BOART LONGYEAR","DeltaBase430","boart-longyear-deltabase430","450x71x86"
"Babyack","Babyack1","babyack-babyack1","190x72x37"
"Babyack","Babyack1","babyack-babyack1","180x72x37"
"Babyack","Babyack2","babyack-babyack2","180x72x34"
"Bandit","19XP","bandit-19xp","400x72.5x76"
"Bandit","3200","bandit-3200","300x52.5x84"
"Baraladi","EB40","baraladi-eb40","230x72x43"
"Baraladi","FB1.02","baraladi-fb102","230x72x43"
"Baraladi","FB1.2","baraladi-fb12","230x72x43"
"Baraladi","FB102B","baraladi-fb102b","230x72x43"
"Baraladi","FB102EB","baraladi-fb102eb","230x72x43"
"Baraladi","FB203","baraladi-fb203","250x72x45"
"Baraladi","Granello","baraladi-granello","180x60x34"
"Baraladi","Minding","baraladi-minding","108x72x37"
"Baraladi","Minding","baraladi-minding","180x72x37"
"Baratti","Scorpio","baratti-scorpio","190x72x37"
"Baratti","Scorpio","baratti-scorpio","180x72x37"
"Barreto","1324STK","barreto-1324stk","180x60x28"
"Barreto","13STKH","barreto-13stkh","180x60x28"
"Barreto","16STKB","barreto-16stkb","180x60x28"
"Barreto","1824TK","barreto-1824tk","180x72x36"
"Barreto","2024RTK","barreto-2024rtk","180x72x36"
"Barreto","2036RTK","barreto-2036rtk","180x72x36"
"Barreto","2324RTK","barreto-2324rtk","180x72x36"
"Bastei","SLD151D","bastei-sld151d","180x72x37"
"Belle","5070","belle-5070","200x72x37"
"Belle","5070","belle-5070","180x72x37"
"Bellon Maria","Monkey","bellon-maria-monkey","170x60x34"
"Bellon Maria","Monkey","bellon-maria-monkey","180x60x34"
"Benassi","M350H","benassi-m350h","180x60x35"
"Benassi","M450H","benassi-m450h","180x60x37"
"Benassi","M550H","benassi-m550h","180x60x37"
"Benati","M13","benati-m13","230x72x43"
"Benati","M14","benati-m14","230x72x43"
"Benati","M16","benati-m16","230x72x45"
"Benfra","9.01","benfra-901","230x72x43"
"Benfra","9.01B","benfra-901b","230x72x43"
"Benfra","9.02","benfra-902","230x72x43"
"Benfra","9.02B","benfra-902b","250x72x52"
"Benfra","9.02S","benfra-902s","230x72x43"
"Bentrac","M16","bentrac-m16","230x72x45"
"Bentrac","M25","bentrac-m25","300x54x74"
"Bentrac","M25","bentrac-m25","250x52.5x76"
"Bentrac","M25","bentrac-m25","300x52.5x76"
"Beretta","GT15","beretta-gt15","230x96x39"
"Beretta","GT15","beretta-gt15","250x48x78"
"Beretta","GT52","beretta-gt52","250x52.5x76"
"Beretta","GT52","beretta-gt52","300x52.5x76"
"Beretta","Skorpio2C","beretta-skorpio2c","230x72x43"
"Beretta","Spider","beretta-spider","230x72x43"
"Beretta","T41","beretta-t41","250x52.5x76"
"Beretta","T41","beretta-t41","300x52.5x76"
"Beretta","T41","beretta-t41","230x72x43"
"Beretta","T21","beretta-t21","180x72x34"
"Beretta","T25","beretta-t25","200x72x36"
"Beretta","T25","beretta-t25","180x72x36"
"Beretta","T43","beretta-t43","230x72x43"
"Beretta","T43/2","beretta-t432","250x72x52"
"Beretta","T44","beretta-t44","250x107.5x37"
"Beretta","T44","beretta-t44","250x52.5x76"
"Beretta","T44","beretta-t44","300x52.5x76"
"Beretta","T45","beretta-t45","230x72x43"
"Beretta","T46","beretta-t46","250x107.5x37"
"Beretta","T46","beretta-t46","250x52.5x76"
"Beretta","T46","beretta-t46","300x52.5x76"
"Beretta","TD50","beretta-td50","230x72x56"
"Beretta","TD75","beretta-td75","230x72x56"
"Bergmann","Dumper","bergmann-dumper","190x72x37"
"Bertani","C75","bertani-c75","230x72x45"
"Bertolini","Mini-excavator","bertolini-mini-excavator","180x60x34"
"Bertolini","Mini-excavator","bertolini-mini-excavator","180x60x38"
"Bertolini","Mini-excavator","bertolini-mini-excavator","180x72x34"
"Betram","Crawler Crane","betram-crawlercrane","400x72.5x72"
"Bitelli","BB611C","bitelli-bb611c","250x72x52"
"Bluelift","Aerial Platform","bluelift-aerialplatform","230x72x43"
"Bluelift","Aerial Platform","bluelift-aerialplatform","230x72x37"
"Bluelift","Aerial Platform","bluelift-aerialplatform","230x96x39"
"Bluelift","Aerial Platform","bluelift-aerialplatform","250x48x78"
"Bobcat","220","bobcat-220","230x96x33"
"Bobcat","220","bobcat-220","230x48x66"
"Bobcat","316","bobcat-316","180x72x38"
"Bobcat","319","bobcat-319","200x72x41"
"Bobcat","320","bobcat-320","230x96x33"
"Bobcat","320","bobcat-320","230x48x66"
"Bobcat","320","bobcat-320","230x72x45"
"Bobcat","320L","bobcat-320l","230x96x33"
"Bobcat","320L","bobcat-320l","230x48x66"
"Bobcat","321","bobcat-321","230x96x33"
"Bobcat","321","bobcat-321","230x48x66"
"Bobcat","322","bobcat-322","230x96x33"
"Bobcat","322","bobcat-322","230x48x66"
"Bobcat","322G","bobcat-322g","230x96x33"
"Bobcat","322G","bobcat-322g","230x48x66"
"Bobcat","323","bobcat-323","230x96x33"
"Bobcat","323","bobcat-323","230x48x66"
"Bobcat","324","bobcat-324","230x96x33"
"Bobcat","324","bobcat-324","230x48x66"
"Bobcat","325","bobcat-325","300x52.5x74"
"Bobcat","328","bobcat-328","320x52.5x74"
"Bobcat","328","bobcat-328","300x52.5x74"
"Bobcat","328G","bobcat-328g","320x52.5x74"
"Bobcat","328G","bobcat-328g","300x52.5x74"
"Bobcat","329","bobcat-329","320x52.5x80"
"Bobcat","331","bobcat-331","320x52.5x80"
"Bobcat","331D","bobcat-331d","320x52.5x80"
"Bobcat","331D","bobcat-331d","300x52.5x80"
"Bobcat","331E","bobcat-331e","320x52.5x80"
"Bobcat","331E","bobcat-331e","300x52.5x80"
"Bobcat","331G","bobcat-331g","320x52.5x80"
"Bobcat","334","bobcat-334","320x52.5x80"
"Bobcat","334D","bobcat-334d","320x52.5x80"
"Bobcat","334D","bobcat-334d","300x52.5x80"
"Bobcat","335","bobcat-335","320x55x88"
"Bobcat","335","bobcat-335","300x52.5x92"
"Bobcat","337","bobcat-337","400x73x74"
"Bobcat","337","bobcat-337","400x72.5x74"
"Bobcat","337G","bobcat-337g","400x73x74"
"Bobcat","337G","bobcat-337g","400x72.5x74"
"Bobcat","341","bobcat-341","400x73x74"
"Bobcat","341","bobcat-341","400x72.5x74"
"Bobcat","341D","bobcat-341d","400x73x74"
"Bobcat","341D","bobcat-341d","400x72.5x74"
"Bobcat","341G","bobcat-341g","400x73x74"
"Bobcat","341G","bobcat-341g","400x72.5x74"
"Bobcat","418","bobcat-418","180x72x39"
"Bobcat","418A","bobcat-418a","180x72x39"
"Bobcat","425","bobcat-425","320x52.5x80"
"Bobcat","425","bobcat-425","300x52.5x80"
"Bobcat","428","bobcat-428","320x52.5x80"
"Bobcat","428","bobcat-428","300x52.5x80"
"Bobcat","430D","bobcat-430d","320x55x88"
"Bobcat","430D","bobcat-430d","300x52.5x92"
"Bobcat","430G","bobcat-430g","320x55x88"
"Bobcat","430G","bobcat-430g","300x52.5x92"
"Bobcat","430ZHS","bobcat-430zhs","320x55x88"
"Bobcat","430ZHS","bobcat-430zhs","300x52.5x92"
"Bobcat","430ZTS","bobcat-430zts","320x55x88"
"Bobcat","430ZTS","bobcat-430zts","300x52.5x92"
"Bobcat","435","bobcat-435","400x73x74"
"Bobcat","435","bobcat-435","400x72.5x74"
"Bobcat","442","bobcat-442","450x71x86"
"Bobcat","444","bobcat-444","500x92x78"
"Bobcat","863","bobcat-863","450x86x56"
"Bobcat","864","bobcat-864","320x86x52"
"Bobcat","864","bobcat-864","450x86x52"
"Bobcat","864H","bobcat-864h","450x84x53"
"Bobcat","864H","bobcat-864h","450x86x52"
"Bobcat","873","bobcat-873","450x86x60"
"Bobcat","883","bobcat-883","450x86x60"
"Bobcat","E08","bobcat-e08","180x72x39"
"Bobcat","E10","bobcat-e10","180x72x39"
"Bobcat","E10Z","bobcat-e10z","180x72x39"
"Bobcat","E10e","bobcat-e10e","180x72x39"
"Bobcat","E14","bobcat-e14","200x72x41"
"Bobcat","E16","bobcat-e16","230x48x66"
"Bobcat","E17","bobcat-e17","230x48x66"
"Bobcat","E17Z","bobcat-e17z","230x48x66"
"Bobcat","E19","bobcat-e19","230x48x66"
"Bobcat","E20","bobcat-e20","230x48x72"
"Bobcat","E20Z","bobcat-e20z","230x48x72"
"Bobcat","E26","bobcat-e26","300x52.5x80"
"Bobcat","E27","bobcat-e27","300x52.5x80"
"Bobcat","E27z","bobcat-e27z","300x52.5x80"
"Bobcat","E32","bobcat-e32","320x52.5x80"
"Bobcat","E32","bobcat-e32","300x52.5x80"
"Bobcat","E32C","bobcat-e32c","320x52.5x80"
"Bobcat","E32C","bobcat-e32c","300x52.5x80"
"Bobcat","E34","bobcat-e34","300x52.5x80"
"Bobcat","E35","bobcat-e35","300x52.5x84"
"Bobcat","E35I","bobcat-e35i","300x52.5x84"
"Bobcat","E35I","bobcat-e35i","300x55x81"
"Bobcat","E35M","bobcat-e35m","300x52.5x84"
"Bobcat","E35Z","bobcat-e35z","300x52.5x84"
"Bobcat","E41","bobcat-e41","350x55x88"
"Bobcat","E41","bobcat-e41","300x52.5x92"
"Bobcat","E42","bobcat-e42","350x55x88"
"Bobcat","E42","bobcat-e42","300x52.5x92"
"Bobcat","E45","bobcat-e45","400x72.5x74"
"Bobcat","E50","bobcat-e50","400x72.5x74"
"Bobcat","E55","bobcat-e55","400x72.5x74"
"Bobcat","E60","bobcat-e60","400x72.5x76"
"Bobcat","E62","bobcat-e62","400x72.5x76"
"Bobcat","E63","bobcat-e63","400x72.5x76"
"Bobcat","E80","bobcat-e80","450x81x76"
"Bobcat","E85","bobcat-e85","450x81x76"
"Bobcat","MT100","bobcat-mt100","250x72x45"
"Bobcat","MT100","bobcat-mt100","230x72x45"
"Bobcat","MT100","bobcat-mt100","180x72x45"
"Bobcat","MT120","bobcat-mt120","180x72x45"
"Bobcat","MT50","bobcat-mt50","180x72x39"
"Bobcat","MT52","bobcat-mt52","180x72x39"
"Bobcat","MT55","bobcat-mt55","180x72x39"
"Bobcat","MT85","bobcat-mt85","180x72x45"
"Bobcat","MT85","bobcat-mt85","250x72x45"
"Bobcat","S130","bobcat-s130","320x86x50"
"Bobcat","S130","bobcat-s130","400x86x50"
"Bobcat","S130","bobcat-s130","375x86x50"
"Bobcat","S150","bobcat-s150","320x86x52"
"Bobcat","S150","bobcat-s150","400x86x52"
"Bobcat","S150","bobcat-s150","375x86x52"
"Bobcat","S160","bobcat-s160","320x86x52"
"Bobcat","S160","bobcat-s160","400x86x52"
"Bobcat","S160","bobcat-s160","375x86x52"
"Bobcat","S175","bobcat-s175","320x86x52"
"Bobcat","S175","bobcat-s175","400x86x52"
"Bobcat","S175","bobcat-s175","375x86x52"
"Bobcat","S185","bobcat-s185","320x86x52"
"Bobcat","S185","bobcat-s185","400x86x52"
"Bobcat","S185","bobcat-s185","375x86x52"
"Bobcat","S205","bobcat-s205","320x86x52"
"Bobcat","S205","bobcat-s205","400x86x52"
"Bobcat","S205","bobcat-s205","375x86x52"
"Bobcat","S220","bobcat-s220","450x86x60"
"Bobcat","S250","bobcat-s250","450x86x60"
"Bobcat","S300","bobcat-s300","450x86x60"
"Bobcat","T110","bobcat-t110","250x75x52"
"Bobcat","T110","bobcat-t110","250x72x52"
"Bobcat","T140","bobcat-t140","300x84x46"
"Bobcat","T140","bobcat-t140","320x86x45"
"Bobcat","T180","bobcat-t180","320x86x49"
"Bobcat","T180","bobcat-t180","400x86x49"
"Bobcat","T180H","bobcat-t180h","320x86x49"
"Bobcat","T190","bobcat-t190","400x86x49"
"Bobcat","T190","bobcat-t190","320x86x49"
"Bobcat","T190H","bobcat-t190h","320x86x49"
"Bobcat","T190H","bobcat-t190h","400x86x49"
"Bobcat","T200","bobcat-t200","320x86x52"
"Bobcat","T200","bobcat-t200","450x86x52"
"Bobcat","T250","bobcat-t250","450x86x55"
"Bobcat","T250","bobcat-t250","400x86x55"
"Bobcat","T250H","bobcat-t250h","450x86x55"
"Bobcat","T250H","bobcat-t250h","400x86x55"
"Bobcat","T300","bobcat-t300","450x86x55"
"Bobcat","T300","bobcat-t300","400x86x55"
"Bobcat","T300H","bobcat-t300h","450x86x55"
"Bobcat","T300H","bobcat-t300h","400x86x55"
"Bobcat","T320","bobcat-t320","450x86x55"
"Bobcat","T320","bobcat-t320","400x86x55"
"Bobcat","T450","bobcat-t450","300x84x46"
"Bobcat","T550","bobcat-t550","400x86x49"
"Bobcat","T550","bobcat-t550","320x86x49"
"Bobcat","T590","bobcat-t590","400x86x49"
"Bobcat","T590","bobcat-t590","320x86x49"
"Bobcat","T595","bobcat-t595","400x86x49"
"Bobcat","T595","bobcat-t595","320x86x49"
"Bobcat","T62","bobcat-t62","320x86x50"
"Bobcat","T62","bobcat-t62","400x86x50"
"Bobcat","T630","bobcat-t630","450x86x52"
"Bobcat","T630","bobcat-t630","400x86x52"
"Bobcat","T630","bobcat-t630","320x86x52"
"Bobcat","T64","bobcat-t64","320x86x50"
"Bobcat","T64","bobcat-t64","400x86x50"
"Bobcat","T650","bobcat-t650","450x86x52"
"Bobcat","T650","bobcat-t650","400x86x52"
"Bobcat","T650","bobcat-t650","320x86x52"
"Bobcat","T66","bobcat-t66","320x86x50"
"Bobcat","T66","bobcat-t66","400x86x50"
"Bobcat","T72","bobcat-t72","320x86x53"
"Bobcat","T72","bobcat-t72","450x86x53"
"Bobcat","T72","bobcat-t72","400x86x53"
"Bobcat","T740","bobcat-t740","450x86x55"
"Bobcat","T750","bobcat-t750","450x86x55"
"Bobcat","T750","bobcat-t750","400x86x55"
"Bobcat","T76","bobcat-t76","320x86x53"
"Bobcat","T76","bobcat-t76","450x86x53"
"Bobcat","T770","bobcat-t770","450x86x55"
"Bobcat","T770","bobcat-t770","400x86x55"
"Bobcat","T830","bobcat-t830","450x86x58"
"Bobcat","T86","bobcat-t86","450x86x58"
"Bobcat","T870","bobcat-t870","450x84x59"
"Bobcat","T870","bobcat-t870","450x86x58"
"Bobcat","X119","bobcat-x119","230x72x43"
"Bobcat","X120","bobcat-x120","230x72x43"
"Bobcat","X122","bobcat-x122","230x72x43"
"Bobcat","X123","bobcat-x123","250x72x47"
"Bobcat","X220","bobcat-x220","250x72x45"
"Bobcat","X225","bobcat-x225","300x52.5x74"
"Bobcat","X225","bobcat-x225","300x55x71"
"Bobcat","X231","bobcat-x231","320x54x78"
"Bobcat","X231","bobcat-x231","300x52.5x80"
"Bobcat","X316","bobcat-x316","180x72x38"
"Bobcat","X320","bobcat-x320","230x72x45"
"Bobcat","X320","bobcat-x320","250x72x45"
"Bobcat","X320D","bobcat-x320d","230x96x33"
"Bobcat","X320D","bobcat-x320d","230x48x66"
"Bobcat","X320E","bobcat-x320e","230x96x33"
"Bobcat","X320E","bobcat-x320e","230x48x66"
"Bobcat","X322","bobcat-x322","230x96x33"
"Bobcat","X322","bobcat-x322","230x48x66"
"Bobcat","X322","bobcat-x322","250x72x45"
"Bobcat","X322D","bobcat-x322d","230x96x33"
"Bobcat","X322D","bobcat-x322d","230x48x66"
"Bobcat","X322E","bobcat-x322e","230x96x33"
"Bobcat","X322E","bobcat-x322e","230x48x66"
"Bobcat","X322G","bobcat-x322g","230x96x33"
"Bobcat","X322G","bobcat-x322g","230x48x66"
"Bobcat","X323","bobcat-x323","230x96x33"
"Bobcat","X323","bobcat-x323","230x48x66"
"Bobcat","X324","bobcat-x324","230x96x33"
"Bobcat","X324","bobcat-x324","230x48x66"
"Bobcat","X325","bobcat-x325","320x54x72"
"Bobcat","X325","bobcat-x325","300x52.5x74"
"Bobcat","X328","bobcat-x328","320x54x72"
"Bobcat","X328","bobcat-x328","300x52.5x74"
"Bobcat","X328E","bobcat-x328e","320x54x72"
"Bobcat","X328E","bobcat-x328e","300x52.5x74"
"Bobcat","X329","bobcat-x329","320x52.5x80"
"Bobcat","X329","bobcat-x329","300x52.5x80"
"Bobcat","X331","bobcat-x331","320x54x78"
"Bobcat","X331","bobcat-x331","300x52.5x80"
"Bobcat","X331E","bobcat-x331e","320x54x78"
"Bobcat","X331E","bobcat-x331e","300x52.5x80"
"Bobcat","X334","bobcat-x334","320x54x78"
"Bobcat","X334","bobcat-x334","300x52.5x80"
"Bobcat","X334G","bobcat-x334g","300x54x78"
"Bobcat","X334G","bobcat-x334g","300x52.5x80"
"Bobcat","X337","bobcat-x337","400x72.5x74"
"Bobcat","X341","bobcat-x341","400x73x74"
"Bobcat","X341","bobcat-x341","400x72.5x74"
"Bobcat","X418","bobcat-x418","180x72x39"
"Bobcat","X422","bobcat-x422","450x71x86"
"Bobcat","X425","bobcat-x425","320x52.5x80"
"Bobcat","X425","bobcat-x425","300x52.5x80"
"Bobcat","X430","bobcat-x430","300x52.5x92"
"Bobcat","X435","bobcat-x435","400x73x74"
"Bobcat","X435","bobcat-x435","400x72.5x74"
"Bobcat","X442","bobcat-x442","450x71x86"
"Bobcat","X442B","bobcat-x442b","450x71x86"
"Bobcat","X442ZTS","bobcat-x442zts","450x71x86"
"Bobcat","X444","bobcat-x444","500x92x78"
"Bobcat","Y12","bobcat-y12","230x72x43"
"Bobcat","ZX125","bobcat-zx125","500x92x78"
"Bobcat","ZX75","bobcat-zx75","450x71x86"
"Bonne Esperance","B23RP","bonne-esperance-b23rp","250x72x47"
"Bonne Esperance","BE2050","bonne-esperance-be2050","250x72x52"
"Bonne Esperance","Minisand","bonne-esperance-minisand","250x72x52"
"Bormor","200TX","bormor-200tx","230x72x56"
"Bormor","400TX","bormor-400tx","230x72x56"
"Boxer","118","boxer-118","180x72x36"
"Boxer","320","boxer-320","180x72x36"
"Boxer","322D","boxer-322d","180x72x36"
"Boxer","427","boxer-427","230x72x39"
"Boxer","526DX","boxer-526dx","230x72x39"
"Boxer","530DX","boxer-530dx","230x72x39"
"Boxer","532DX","boxer-532dx","230x72x39"
"Boxer","600HD","boxer-600hd","180x72x39"
"Boxer","700HDX","boxer-700hdx","230x72x39"
"Boxer","Brute TRX","boxer-brutetrx","230x72x39"
"Boxer","TL224","boxer-tl224","180x72x34"
"Brokk","100","brokk-100","180x72x36"
"Brokk","100","brokk-100","200x72x36"
"Brokk","110","brokk-110","180x72x36"
"Brokk","120D","brokk-120d","180x72x39"
"Brokk","150","brokk-150","200x72x36"
"Brokk","150","brokk-150","180x72x36"
"Brokk","160","brokk-160","230x72x42"
"Brokk","180","brokk-180","230x72x42"
"Brokk","180 <<2004","brokk-1802004","230x72x56"
"Brokk","180 >>2005","brokk-1802005","230x72x42"
"Brokk","260","brokk-260","300x55x72"
"Brokk","260","brokk-260","300x52.5x74"
"Brokk","280","brokk-280","300x55x72"
"Brokk","280","brokk-280","300x52.5x74"
"Brokk","300","brokk-300","300x52.5x78"
"Brokk","330","brokk-330","300x55x78"
"Brokk","330","brokk-330","300x25.5x80"
"Brokk","40","brokk-40","130x72x29"
"Brokk","400","brokk-400","300x55x78"
"Brokk","400","brokk-400","300x52.5x80"
"Brokk","50","brokk-50","130x72x29"
"Brokk","60","brokk-60","130x72x29"
"Brokk","90","brokk-90","180x72x36"
"Brokk","Aquacutter","brokk-aquacutter","250x72x52"
"Brokk","BM110","brokk-bm110","200x72x36"
"Brokk","BM110","brokk-bm110","180x72x36"
"Brokk","BM150","brokk-bm150","200x72x36"
"Brokk","BM150","brokk-bm150","180x72x36"
"Brokk","BM150C","brokk-bm150c","200x72x36"
"Brokk","BM150C","brokk-bm150c","180x72x36"
"Brokk","BM150P","brokk-bm150p","200x72x36"
"Brokk","BM150P","brokk-bm150p","180x72x36"
"Brokk","K330","brokk-k330","250x96x41"
"Brokk","K330","brokk-k330","250x47x84"
"Brokk","K330","brokk-k330","250x48x82"
"C & F","T50","c-&-f-t50","180x72x34"
"C & F","T85","c-&-f-t85","180x72x34"
"CARAVAGGI","Bio235","caravaggi-bio235","230x72x43"
"CASE","15","case-15","230x96x31"
"CASE","15","case-15","230x48x62"
"CASE","15Maxi","case-15maxi","230x96x31"
"CASE","15Maxi","case-15maxi","230x48x62"
"CASE","16","case-16","230x96x31"
"CASE","16","case-16","230x48x62"
"CASE","16Maxi","case-16maxi","230x96x31"
"CASE","16Maxi","case-16maxi","230x48x62"
"CASE","16RTN","case-16rtn","230x96x31"
"CASE","16RTN","case-16rtn","230x48x62"
"CASE","17RTN Maxi","case-17rtnmaxi","230x96x31"
"CASE","17RTN Maxi","case-17rtnmaxi","230x48x62"
"CASE","1854C","case-1854c","320x86x52"
"CASE","1854C","case-1854c","375x86x52"
"CASE","1854C","case-1854c","400x86x52"
"CASE","23","case-23","250x109x35"
"CASE","23","case-23","300x52.5x72"
"CASE","23Maxi","case-23maxi","250x109x35"
"CASE","23Maxi","case-23maxi","300x52.5x72"
"CASE","28","case-28","300x109x38"
"CASE","28","case-28","300x52.5x78"
"CASE","28Maxi","case-28maxi","300x109x38"
"CASE","28Maxi","case-28maxi","300x52.5x78"
"CASE","31","case-31","300x109x40"
"CASE","31","case-31","300x52.5x82"
"CASE","31Maxi","case-31maxi","300x109x40"
"CASE","31Maxi","case-31maxi","300x52.5x82"
"CASE","35","case-35","350x108x42"
"CASE","35","case-35","350x52.5x86"
"CASE","35Maxi","case-35maxi","350x108x42"
"CASE","35Maxi","case-35maxi","350x52.5x86"
"CASE","35STB","case-35stb","350x108x42"
"CASE","35STB","case-35stb","350x52.5x86"
"CASE","40XT","case-40xt","320x86x54"
"CASE","40XT","case-40xt","375x86x54"
"CASE","40XT","case-40xt","400x86x54"
"CASE","410","case-410","320x86x54"
"CASE","410","case-410","375x86x54"
"CASE","410","case-410","400x86x54"
"CASE","420","case-420","320x86x54"
"CASE","420","case-420","375x86x54"
"CASE","420","case-420","400x86x54"
"CASE","420CT","case-420ct","320x86x50"
"CASE","430","case-430","450x86x56"
"CASE","435","case-435","450x86x58"
"CASE","440","case-440","320x86x54"
"CASE","440","case-440","375x86x54"
"CASE","440","case-440","450x86x56"
"CASE","440CT","case-440ct","400x86x50"
"CASE","445","case-445","450x86x58"
"CASE","445CT","case-445ct","400x86x55"
"CASE","445CT","case-445ct","450x86x55"
"CASE","450","case-450","450x86x58"
"CASE","450CT","case-450ct","400x86x55"
"CASE","450CT","case-450ct","450x86x55"
"CASE","465","case-465","450x86x60"
"CASE","50","case-50","400x72.5x72"
"CASE","50Maxi","case-50maxi","400x72.5x72"
"CASE","50RTB","case-50rtb","400x72.5x72"
"CASE","6010Turbo","case-6010turbo","230x72x56"
"CASE","6030Turbo","case-6030turbo","400x135x39"
"CASE","6030Turbo","case-6030turbo","400x725.5x74"
"CASE","6060Turbo","case-6060turbo","400x73x74"
"CASE","6060Turbo","case-6060turbo","400x72.5x74"
"CASE","60XT","case-60xt","320x86x54"
"CASE","60XT","case-60xt","375x86x54"
"CASE","60XT","case-60xt","450x86x56"
"CASE","70XT","case-70xt","320x86x54"
"CASE","70XT","case-70xt","375x86x54"
"CASE","70XT","case-70xt","450x86x56"
"CASE","75XT","case-75xt","450x86x58"
"CASE","85XT","case-85xt","450x86x58"
"CASE","9007Alliance","case-9007alliance","450x73.5x80"
"CASE","9007Alliance","case-9007alliance","450x135x42"
"CASE","9007Alliance","case-9007alliance","450x71x82"
"CASE","90XT","case-90xt","450x86x58"
"CASE","95XT","case-95xt","450x86x60"
"CASE","CK08","case-ck08","180x72x36"
"CASE","CK13","case-ck13","200x96x30"
"CASE","CK13","case-ck13","230x48x60"
"CASE","CK15","case-ck15","200x96x30"
"CASE","CK15","case-ck15","230x48x60"
"CASE","CK16","case-ck16","230x96x31"
"CASE","CK16","case-ck16","230x48x62"
"CASE","CK23","case-ck23","260x109x35"
"CASE","CK23","case-ck23","300x52.5x72"
"CASE","CK25","case-ck25","300x109x35"
"CASE","CK25","case-ck25","300x52.5x72"
"CASE","CK28","case-ck28","300x109x35"
"CASE","CK28","case-ck28","300x52.5x72"
"CASE","CK28","case-ck28","300x109x38"
"CASE","CK28","case-ck28","300x52.5x78"
"CASE","CK31","case-ck31","300x109x40"
"CASE","CK31","case-ck31","300x52.5x82"
"CASE","CK32","case-ck32","300x109x39"
"CASE","CK32","case-ck32","300x52.5x80"
"CASE","CK35","case-ck35","350x108x42"
"CASE","CK35","case-ck35","350x52.5x86"
"CASE","CK36","case-ck36","300x109x41"
"CASE","CK36","case-ck36","300x52.5x84"
"CASE","CK38","case-ck38","350x56x84"
"CASE","CK38","case-ck38","350x52.5x88"
"CASE","CK50","case-ck50","400x73x72"
"CASE","CK50","case-ck50","400x72.5x72"
"CASE","CK52","case-ck52","400x72.5x72"
"CASE","CX26C","case-cx26c","250x52.5x78"
"CASE","CX27B","case-cx27b","250x52.5x80"
"CASE","CX27B","case-cx27b","300x52.5x80"
"CASE","CX27BMC","case-cx27bmc","250x52.5x80"
"CASE","CX27BMC","case-cx27bmc","300x52.5x80"
"CASE","CX27BMR","case-cx27bmr","250x52.5x80"
"CASE","CX27BMR","case-cx27bmr","300x52.5x80"
"CASE","CX27BZTS","case-cx27bzts","250x52.5x80"
"CASE","CX27BZTS","case-cx27bzts","300x52.5x80"
"CASE","CX28","case-cx28","300x109x38"
"CASE","CX28","case-cx28","300x52.5x78"
"CASE","CX30B","case-cx30b","250x52.5x80"
"CASE","CX30B","case-cx30b","300x52.5x80"
"CASE","CX30C","case-cx30c","300x52.5x80"
"CASE","CX31","case-cx31","300x109x40"
"CASE","CX31","case-cx31","300x52.5x82"
"CASE","CX31B","case-cx31b","300x52.5x82"
"CASE","CX31B","case-cx31b","300x52.5x88"
"CASE","CX31BMC","case-cx31bmc","300x52.5x82"
"CASE","CX31BMR","case-cx31bmr","300x52.5x82"
"CASE","CX33C","case-cx33c","300x52.5x86"
"CASE","CX35","case-cx35","300x52.5x86"
"CASE","CX35B","case-cx35b","300x52.5x82"
"CASE","CX36","case-cx36","300x52.5x88"
"CASE","CX36BMC","case-cx36bmc","300x52.5x88"
"CASE","CX36BMR","case-cx36bmr","300x52.5x88"
"CASE","CX36BZTS","case-cx36bzts","300x52.5x88"
"CASE","CX36BZTS","case-cx36bzts","300x52x588"
"CASE","CX36B","case-cx36b","300x52.5x88"
"CASE","CX37C","case-cx37c","300x52.5x86"
"CASE","CX39B","case-cx39b","300x52.5x88"
"CASE","CX40B","case-cx40b","400x74x68"
"CASE","CX40B","case-cx40b","400x72.5x70"
"CASE","CX40BMC","case-cx40bmc","400x74x68"
"CASE","CX40BMC","case-cx40bmc","400x72.5x70"
"CASE","CX40BMR","case-cx40bmr","400x74x68"
"CASE","CX40BMR","case-cx40bmr","400x72.5x70"
"CASE","CX45B","case-cx45b","400x74x68"
"CASE","CX45B","case-cx45b","400x72.5x70"
"CASE","CX47","case-cx47","400x74x72"
"CASE","CX47","case-cx47","400x72.5x73"
"CASE","CX50","case-cx50","400x74x72"
"CASE","CX50","case-cx50","400x72.5x73"
"CASE","CX50B","case-cx50b","400x74x72"
"CASE","CX50B","case-cx50b","400x72.5x73"
"CASE","CX50BMC","case-cx50bmc","400x74x72"
"CASE","CX50BMC","case-cx50bmc","400x72.5x73"
"CASE","CX50BMR","case-cx50bmr","400x74x72"
"CASE","CX50BMR","case-cx50bmr","400x72.5x73"
"CASE","CX50BZTS","case-cx50bzts","400x74x72"
"CASE","CX50BZTS","case-cx50bzts","400x72.5x73"
"CASE","CX55B","case-cx55b","400x72.5x74"
"CASE","CX57C","case-cx57c","400x73x76"
"CASE","CX57C","case-cx57c","400x72.5x76"
"CASE","CX60C","case-cx60c","400x73x76"
"CASE","CX60C","case-cx60c","400x72.5x76"
"CASE","CX75SR","case-cx75sr","450x81x76"
"CASE","CX80","case-cx80","450x81x76"
"CASE","CX80C","case-cx80c","450x81x76"
"CASE","CX90D","case-cx90d","450x81.5x76"
"CASE","CX90D","case-cx90d","450x81x76"
"CASE","CX14","case-cx14","230x48x70"
"CASE","CX14ZTS","case-cx14zts","230x48x70"
"CASE","CX15","case-cx15","230x96x31"
"CASE","CX15","case-cx15","230x48x62"
"CASE","CX15STC","case-cx15stc","230x48x70"
"CASE","CX15STR","case-cx15str","230x48x70"
"CASE","CX16","case-cx16","230x96x31"
"CASE","CX16","case-cx16","230x48x62"
"CASE","CX16B","case-cx16b","230x48x70"
"CASE","CX16SVC","case-cx16svc","230x48x70"
"CASE","CX16SVR","case-cx16svr","230x48x70"
"CASE","CX17BZTS","case-cx17bzts","230x48x70"
"CASE","CX17C","case-cx17c","230x48x70"
"CASE","CX18B","case-cx18b","230x48x70"
"CASE","CX18C","case-cx18c","230x48x70"
"CASE","CX20BMR","case-cx20bmr","250x52.5x76"
"CASE","CX20BMR","case-cx20bmr","300x52.5x76"
"CASE","CX20B","case-cx20b","250x52.5x76"
"CASE","CX20B","case-cx20b","300x52.5x76"
"CASE","CX22B","case-cx22b","250x52.5x76"
"CASE","CX22B","case-cx22b","300x52.5x76"
"CASE","CX22BMC","case-cx22bmc","250x52.5x76"
"CASE","CX22BMC","case-cx22bmc","300x52.5x76"
"CASE","CX22BZTS","case-cx22bzts","250x52.5x76"
"CASE","CX22BZTS","case-cx22bzts","300x52.5x76"
"CASE","CX23","case-cx23","250x109x35"
"CASE","CX23","case-cx23","300x52.5x72"
"CASE","CX25","case-cx25","250x52.5x76"
"CASE","CX25","case-cx25","300x52.5x76"
"CASE","CX26BZTS","case-cx26bzts","250x52.5x76"
"CASE","CX26BZTS","case-cx26bzts","300x52.5x76"
"CASE","CX26B","case-cx26b","250x52.5x76"
"CASE","CX26B","case-cx26b","300x52.5x76"
"CASE","LX92","case-lx92","230x96x30"
"CASE","LX92","case-lx92","230x48x60"
"CASE","TF300","case-tf300","230x72x39"
"CASE","TF300","case-tf300","250x72x39"
"CASE","TF300RT","case-tf300rt","250x72x39"
"CASE","TR270","case-tr270","320x86x50"
"CASE","TR310","case-tr310","400x86x50"
"CASE","TR320","case-tr320","450x86x55"
"CASE","TR340","case-tr340","450x86x55"
"CASE","TV370","case-tv370","450x86x55"
"CASE","TV370B","case-tv370b","450x86x55"
"CASE","TV380","case-tv380","450x86x55"
"CASE","TV450B","case-tv450b","450x86x55"
"CASE","TV620B","case-tv620b","450x86x53"
"CAT","216","cat-216","320x86x52"
"CAT","216","cat-216","375x86x52"
"CAT","216","cat-216","400x86x52"
"CAT","226","cat-226","320x86x52"
"CAT","226","cat-226","375x86x52"
"CAT","226","cat-226","400x86x52"
"CAT","228","cat-228","320x86x52"
"CAT","228","cat-228","375x86x52"
"CAT","228","cat-228","400x86x52"
"CAT","232","cat-232","320x86x54"
"CAT","232","cat-232","375x86x54"
"CAT","232","cat-232","400x86x54"
"CAT","236","cat-236","320x86x56"
"CAT","236","cat-236","375x86x56"
"CAT","236","cat-236","450x86x56"
"CAT","239D","cat-239d","320x86x49"
"CAT","239D3","cat-239d3","320x86x49"
"CAT","242","cat-242","320x86x54"
"CAT","242","cat-242","375x86x54"
"CAT","242","cat-242","400x86x54"
"CAT","246","cat-246","320x86x56"
"CAT","246","cat-246","375x86x56"
"CAT","246","cat-246","450x86x56"
"CAT","246C","cat-246c","450x86x60"
"CAT","247","cat-247","381x100x42"
"CAT","247A","cat-247a","381x100x42"
"CAT","247B","cat-247b","381x100x42"
"CAT","247B2","cat-247b2","381x100x42"
"CAT","247B3","cat-247b3","381x100x42"
"CAT","248","cat-248","320x86x56"
"CAT","248","cat-248","375x86x56"
"CAT","248","cat-248","450x86x56"
"CAT","249D","cat-249d","320x86x49"
"CAT","249D","cat-249d","400x86x49"
"CAT","249D3","cat-249d3","320x86x49"
"CAT","249D3","cat-249d3","400x86x49"
"CAT","256C","cat-256c","450x86x60"
"CAT","257","cat-257","381x100x42"
"CAT","257A","cat-257a","381x100x42"
"CAT","257B","cat-257b","381x100x42"
"CAT","257B2","cat-257b2","381x100x42"
"CAT","257B3","cat-257b3","381x100x42"
"CAT","257D","cat-257d","381x100x42"
"CAT","257D3","cat-257d3","381x100x42"
"CAT","259","cat-259","320x86x53"
"CAT","259B","cat-259b","320x86x53"
"CAT","259B3","cat-259b3","320x86x53"
"CAT","259C","cat-259c","320x86x53"
"CAT","259D","cat-259d","320x86x53"
"CAT","259D3","cat-259d3","320x86x53"
"CAT","262C","cat-262c","450x86x60"
"CAT","267","cat-267","457x100.6x56"
"CAT","267A","cat-267a","457x100.6x56"
"CAT","267B","cat-267b","457x100.6x56"
"CAT","269C","cat-269c","450x86x60"
"CAT","272C","cat-272c","450x86x63"
"CAT","277","cat-277","457x100.6x56"
"CAT","277A","cat-277a","457x100.6x56"
"CAT","277B","cat-277b","457x100.6x56"
"CAT","277C","cat-277c","457x100.6x51"
"CAT","277C2","cat-277c2","457x100.6x51"
"CAT","277D","cat-277d","457x100.6x51"
"CAT","279C","cat-279c","400x86x56"
"CAT","279C","cat-279c","450x86x60"
"CAT","279C2","cat-279c2","400x86x56"
"CAT","279C2","cat-279c2","450x86x60"
"CAT","279D","cat-279d","400x86x56"
"CAT","279D","cat-279d","450x86x60"
"CAT","279D2","cat-279d2","400x86x56"
"CAT","279D2","cat-279d2","450x86x60"
"CAT","279D3","cat-279d3","400x86x56"
"CAT","279D3","cat-279d3","450x86x60"
"CAT","287","cat-287","457x100x51"
"CAT","287A","cat-287a","457x100x51"
"CAT","287B","cat-287b","457x100x51"
"CAT","287C","cat-287c","457x100x51"
"CAT","287C2","cat-287c2","457x100x51"
"CAT","287D","cat-287d","457x100x51"
"CAT","289C","cat-289c","400x86x56"
"CAT","289C","cat-289c","450x86x60"
"CAT","289C2","cat-289c2","400x86x56"
"CAT","289C2","cat-289c2","450x86x60"
"CAT","289D","cat-289d","400x86x56"
"CAT","289D","cat-289d","450x86x60"
"CAT","289D2","cat-289d2","400x86x56"
"CAT","289D2","cat-289d2","450x86x60"
"CAT","289D3","cat-289d3","400x86x56"
"CAT","289D3","cat-289d3","450x86x60"
"CAT","297C","cat-297c","457x100x51"
"CAT","297D","cat-297d","457x100x51"
"CAT","297D2","cat-297d2","457x100x51"
"CAT","297D2XHP","cat-297d2xhp","457x100x51"
"CAT","299C","cat-299c","450x86x60"
"CAT","299C","cat-299c","400x86x60"
"CAT","299C2","cat-299c2","450x86x60"
"CAT","299C2","cat-299c2","400x86x60"
"CAT","299D","cat-299d","450x86x60"
"CAT","299D","cat-299d","400x86x60"
"CAT","299D XHP","cat-299dxhp","400x86x60"
"CAT","299D XHP","cat-299dxhp","450x86x60"
"CAT","299D2","cat-299d2","450x86x60"
"CAT","299D2","cat-299d2","400x86x60"
"CAT","299D2XHP","cat-299d2xhp","400x86x60"
"CAT","299D2XHP","cat-299d2xhp","450x86x60"
"CAT","299D3","cat-299d3","450x86x60"
"CAT","299D3","cat-299d3","400x86x60"
"CAT","299D3XE","cat-299d3xe","450x86x60"
"CAT","299D3XE","cat-299d3xe","400x86x60"
"CAT","300.9D","cat-3009d","180x72x37"
"CAT","301.4C","cat-3014c","230x96x33"
"CAT","301.4C","cat-3014c","230x48x66"
"CAT","301.5","cat-3015","230x48x62"
"CAT","301.5CR","cat-3015cr","230x48x70"
"CAT","301.6","cat-3016","230x48x66"
"CAT","301.6","cat-3016","230x96x33"
"CAT","301.6C","cat-3016c","230x48x70"
"CAT","301.7CR","cat-3017cr","230x48x70"
"CAT","301.7D","cat-3017d","230x96x36"
"CAT","301.7D","cat-3017d","230x48x72"
"CAT","301.7DCR","cat-3017dcr","230x96x36"
"CAT","301.7DCR","cat-3017dcr","230x48x72"
"CAT","301.8","cat-3018","230x48x66"
"CAT","301.8","cat-3018","230x96x33"
"CAT","301.8C","cat-3018c","230x48x70"
"CAT","301.8CR","cat-3018cr","230x48x70"
"CAT","302.2D","cat-3022d","250x96x38"
"CAT","302.2D","cat-3022d","250x48x76"
"CAT","302.5","cat-3025","300x52.5x78"
"CAT","302.5C","cat-3025c","300x55x74"
"CAT","302.5C","cat-3025c","300x52.5x78"
"CAT","302.7DCR","cat-3027dcr","300x52.5x82"
"CAT","302CR","cat-302cr","250x48x82"
"CAT","302CR","cat-302cr","250x47x84"
"CAT","303.5","cat-3035","300x52.5x84"
"CAT","303.5CCR","cat-3035ccr","300x52.5x90"
"CAT","303.5DCR","cat-3035dcr","300x52.5x90"
"CAT","303.5E2CR","cat-3035e2cr","300x52.5x90"
"CAT","303.5ECR","cat-3035ecr","300x52.5x90"
"CAT","303CCR","cat-303ccr","300x52.5x90"
"CAT","303CR","cat-303cr","300x52.5x84"
"CAT","303CR2007","cat-303cr2007","300x52.5x90"
"CAT","303ECR","cat-303ecr","300x52.5x84"
"CAT","304.5","cat-3045","400x73x72"
"CAT","304.5","cat-3045","400x72.5x72"
"CAT","304.5E2XTC","cat-3045e2xtc","350x52.5x90"
"CAT","304C","cat-304c","400x72.5x72"
"CAT","304CCR","cat-304ccr","400x72.5x76"
"CAT","304CR","cat-304cr","400x73x72"
"CAT","304CR","cat-304cr","400x72.5x72"
"CAT","304DCR","cat-304dcr","350x52.5x90"
"CAT","304E2CR","cat-304e2cr","350x52.5x90"
"CAT","304ECR","cat-304ecr","350x52.5x90"
"CAT","305.5DCR","cat-3055dcr","400x72.5x76"
"CAT","305.5E2CR","cat-3055e2cr","400x72.5x76"
"CAT","305.5ECR","cat-3055ecr","400x72.5x76"
"CAT","305CCR","cat-305ccr","400x72.5x76"
"CAT","306CR","cat-306cr","400x72.5x76"
"CAT","307","cat-307","450x71x82"
"CAT","307A","cat-307a","450x71x82"
"CAT","307B","cat-307b","450x71x82"
"CAT","307C","cat-307c","450x71x82"
"CAT","307CAC","cat-307cac","450x71x82"
"CAT","307CCC","cat-307ccc","450x71x82"
"CAT","307CSB","cat-307csb","450x71x82"
"CAT","307HD","cat-307hd","450x71x84"
"CAT","307SSR","cat-307ssr","450x71x82"
"CAT","308","cat-308","450x71x86"
"CAT","308BSR","cat-308bsr","450x71x86"
"CAT","308CCR","cat-308ccr","450x81x78"
"CAT","308CSR","cat-308csr","450x81x78"
"CAT","308DCRSB","cat-308dcrsb","450x81x78"
"CAT","308E2CR","cat-308e2cr","450x81x78"
"CAT","308ECRSB","cat-308ecrsb","450x81x78"
"CAT","311B","cat-311b","500x92x78"
"CAT","311BSR","cat-311bsr","500x92x78"
"CAT","311C Utility","cat-311cutility","500x92x78"
"CAT","E110B","cat-e110b","500x92x78"
"CAT","E70","cat-e70","450x71x82"
"CAT","E70B","cat-e70b","450x71x82"
"CAT","ME08","cat-me08","180x72x36"
"CAT","ME08B","cat-me08b","180x72x36"
"CAT","ME15","cat-me15","230x96x33"
"CAT","ME15","cat-me15","230x48x66"
"CAT","ME20","cat-me20","300x109x36"
"CAT","ME20","cat-me20","300x52.5x74"
"CAT","ME25","cat-me25","300x109x36"
"CAT","ME25","cat-me25","300x52.5x74"
"CAT","ME30","cat-me30","300x52.5x80"
"CAT","ME30B","cat-me30b","300x52.5x80"
"CAT","ME30T","cat-me30t","300x52.5x80"
"CAT","ME35","cat-me35","300x52.5x80"
"CAT","ME40","cat-me40","400x146x35"
"CAT","ME40","cat-me40","400x72.5x70"
"CAT","ME40R","cat-me40r","400x146x35"
"CAT","ME40R","cat-me40r","400x72.5x70"
"CAT","ME45","cat-me45","400x146x35"
"CAT","ME45","cat-me45","400x72.5x70"
"CAT","MH15","cat-mh15","230x96x33"
"CAT","MH15","cat-mh15","230x48x66"
"CAT","MM08B","cat-mm08b","180x72x36"
"CAT","MM15","cat-mm15","230x96x33"
"CAT","MM15","cat-mm15","230x48x66"
"CAT","MM15","cat-mm15","230x96x31"
"CAT","MM15","cat-mm15","230x48x62"
"CAT","MM15-7","cat-mm15-7","230x96x31"
"CAT","MM15-7","cat-mm15-7","230x48x62"
"CAT","MM15T","cat-mm15t","230x96x31"
"CAT","MM15T","cat-mm15t","230x48x62"
"CAT","MM20","cat-mm20","260x52.5x74"
"CAT","MM20","cat-mm20","300x52.5x74"
"CAT","MM20CR","cat-mm20cr","260x52.5x74"
"CAT","MM20CR","cat-mm20cr","300x52.5x74"
"CAT","MM20SR","cat-mm20sr","260x52.5x74"
"CAT","MM20SR","cat-mm20sr","300x52.5x74"
"CAT","MM20T","cat-mm20t","260x52.5x74"
"CAT","MM20T","cat-mm20t","300x52.5x74"
"CAT","MM25","cat-mm25","300x52.5x76"
"CAT","MM25","cat-mm25","300x52.5x72"
"CAT","MM25T","cat-mm25t","300x52.5x78"
"CAT","MM30","cat-mm30","300x52.5x80"
"CAT","MM30B","cat-mm30b","300x52.5x80"
"CAT","MM30CR","cat-mm30cr","300x52.5x80"
"CAT","MM30CR-2","cat-mm30cr-2","300x52.5x80"
"CAT","MM30SR","cat-mm30sr","300x52.5x80"
"CAT","MM30T","cat-mm30t","300x52.5x80"
"CAT","MM35","cat-mm35","300x52.5x84"
"CAT","MM35B","cat-mm35b","300x52.5x84"
"CAT","MM35T","cat-mm35t","300x52.5x84"
"CAT","MM40B","cat-mm40b","400x73x72"
"CAT","MM40B","cat-mm40b","400x72.5x72"
"CAT","MM40CR","cat-mm40cr","400x73x72"
"CAT","MM40CR","cat-mm40cr","400x72.5x72"
"CAT","MM40CR-2","cat-mm40cr-2","400x73x72"
"CAT","MM40CR-2","cat-mm40cr-2","400x72.5x72"
"CAT","MM40SR","cat-mm40sr","400x73x72"
"CAT","MM40SR","cat-mm40sr","400x72.5x72"
"CAT","MM40SR-2","cat-mm40sr-2","400x73x72"
"CAT","MM40SR-2","cat-mm40sr-2","400x72.5x72"
"CAT","MM40T","cat-mm40t","400x146x36"
"CAT","MM40T","cat-mm40t","400x72.5x72"
"CAT","MM45","cat-mm45","400x146x36"
"CAT","MM45","cat-mm45","400x72.5x72"
"CAT","MM45B","cat-mm45b","400x146x36"
"CAT","MM45B","cat-mm45b","400x72.5x72"
"CAT","MM45T","cat-mm45t","400x146x36"
"CAT","MM45T","cat-mm45t","400x72.5x72"
"CAT","MM55SR","cat-mm55sr","400x73x72"
"CAT","MM55SR","cat-mm55sr","400x72.5x72"
"CAT","MM57SR","cat-mm57sr","400x73x72"
"CAT","MM57SR","cat-mm57sr","400x72.5x72"
"CAT","MMCR","cat-mmcr","260x52.5x74"
"CAT","MMCR","cat-mmcr","300x52.5x74"
"CAT","MS010","cat-ms010","250x72x45"
"CAT","MX35","cat-mx35","300x109x39"
"CAT","MX35","cat-mx35","300x52.5x80"
"CAT","MX35","cat-mx35","300x52.5x84"
"CAT","MX45","cat-mx45","400x73x70"
"CAT","MX45","cat-mx45","400x72.5x70"
"CEASER","ES150-3","ceaser-es150-3","230x48x66"
"CEASER","ES150-3","ceaser-es150-3","230x96x33"
"CEASER","ES180-3","ceaser-es180-3","230x48x66"
"CEASER","ES180-3","ceaser-es180-3","230x96x33"
"CEASER","ES300","ceaser-es300","300x52.5x74"
"CEASER","ES400","ceaser-es400","300x55x82"
"CEASER","ES400","ceaser-es400","300x52.5x84"
"CEASER","ES400ZT","ceaser-es400zt","300x52.5x84"
"CEASER","ES500","ceaser-es500","400x72.5x72"
"CEASER","ES800","ceaser-es800","450x71x86"
"CEASER","ES800TR","ceaser-es800tr","450x71x86"
"CELA","Spider120","cela-spider120","190x72x37"
"CELA","Spider120","cela-spider120","180x72x37"
"CELA","Spider260","cela-spider260","250x72x57"
"CELA","Spider560","cela-spider560","320x100x52"
"CELA","TELJ28","cela-telj28","230x72x43"
"CFC","BabyTapiro","cfc-babytapiro","180x60x30"
"CFC","MaxiSpeed","cfc-maxispeed","250x72x45"
"CFC","Speed1800","cfc-speed1800","250x72x45"
"CFC","SpeedTapiro Old","cfc-speedtapiroold","200x72x40"
"CFC","SpeedTaripo Carro Standard","cfc-speedtaripocarrostandard","180x72x34"
"CFC","SpeedTaripo Carro Standard2","cfc-speedtaripocarrostandard2","180x72x40"
"CFC","SpeedTaripo NuovoCarro2013","cfc-speedtariponuovocarro2013","230x72x43"
"CMC","S15","cmc-s15","180x72x37"
"CMC","S19","cmc-s19","180x72x43"
"CMC","S19","cmc-s19","250x72x42"
"CMC","S24","cmc-s24","250x72x2"
"CMC","S24","cmc-s24","250x72x52"
"CME","M12","cme-m12","230x72x43"
"CME","M15","cme-m15","230x72x43"
"Cameca","Baby","cameca-baby","200x72x37"
"Cameca","Baby","cameca-baby","180x72x37"
"Camisa","280","camisa-280","180x60x35"
"Camisa","380","camisa-380","180x60x35"
"Camisa","480H","camisa-480h","180x60x38"
"Camisa","580","camisa-580","180x72x34"
"Camisa","680","camisa-680","200x72x40"
"Camisa","TR635","camisa-tr635","230x72x47"
"Cams Libra","214","cams-libra-214","300x55x72"
"Cams Libra","214","cams-libra-214","300x52.5x74"
"Cams Libra","216S","cams-libra-216s","230x72x45"
"Cams Libra","218SV","cams-libra-218sv","230x48x70"
"Cams Libra","219RSV","cams-libra-219rsv","230x72x45"
"Cams Libra","219RSV","cams-libra-219rsv","230x96x35"
"Cams Libra","219RSV","cams-libra-219rsv","230x48x70"
"Cams Libra","224S","cams-libra-224s","300x52.5x74"
"Cams Libra","229S","cams-libra-229s","300x55x78"
"Cams Libra","229S","cams-libra-229s","300x52.5x80"
"Cams Libra","234S","cams-libra-234s","300x55x78"
"Cams Libra","234S","cams-libra-234s","300x52.5x80"
"Cams Libra","254ST","cams-libra-254st","400x72.5x72"
"Cams Libra","865","cams-libra-865","320x86x48"
"Cams Libra","CZ25","cams-libra-cz25","300x52.5x80"
"Cams Libra","CZ30","cams-libra-cz30","300x52.5x80"
"Cams Libra","CZ37","cams-libra-cz37","300x52.5x80"
"Cams Libra","CZ50","cams-libra-cz50","400x72.5x72"
"Cams Libra","CZ54","cams-libra-cz54","400x72.5x72"
"Cams Libra","CZ55","cams-libra-cz55","400x72.5x76"
"Cams Libra","T865","cams-libra-t865","320x86x48"
"Cams Libra","T985","cams-libra-t985","450x86x52"
"Carlton","SP5014TRX","carlton-sp5014trx","180x72x36"
"Carlton","SP7015TRX","carlton-sp7015trx","230x96x42"
"Carlton","SP8018TRX<2009","carlton-sp8018trx2009","230x72x56"
"Carmix","K413","carmix-k413","230x72x43"
"Carmix","K414","carmix-k414","230x72x43"
"Carmix","K415","carmix-k415","230x72x43"
"Carrier","1200","carrier-1200","200x72x42"
"Carrier","1700X","carrier-1700x","200x72x42"
"Casorzo","MTR450","casorzo-mtr450","180x72x32"
"Casorzo","MTR600","casorzo-mtr600","180x72x34"
"Celli","ECOSTAR-SC600","celli-ecostar-sc600","320x100x43"
"Chieftan","10","chieftan-10","230x72x43"
"Chieftan","10F","chieftan-10f","230x72x43"
"Chieftan","10G","chieftan-10g","230x72x43"
"Chieftan","10S","chieftan-10s","230x72x43"
"Chieftan","12","chieftan-12","230x72x43"
"Chieftan","12G","chieftan-12g","230x72x43"
"Chieftan","IS7FX","chieftan-is7fx","180x72x37"
"Chikusui/Canycom","BFG1005","chikusui/canycom-bfg1005","230x72x47"
"Chikusui/Canycom","BFG1005","chikusui/canycom-bfg1005","250x72x52"
"Chikusui/Canycom","BFG1301","chikusui/canycom-bfg1301","280x72x48"
"Chikusui/Canycom","BFG1301","chikusui/canycom-bfg1301","250x72x48"
"Chikusui/Canycom","BFG1302","chikusui/canycom-bfg1302","280x72x48"
"Chikusui/Canycom","BFG1302","chikusui/canycom-bfg1302","250x72x48"
"Chikusui/Canycom","BFG1303","chikusui/canycom-bfg1303","280x72x48"
"Chikusui/Canycom","BFG1303","chikusui/canycom-bfg1303","250x72x48"
"Chikusui/Canycom","BFK703","chikusui/canycom-bfk703","180x72x34"
"Chikusui/Canycom","BFK709","chikusui/canycom-bfk709","180x72x34"
"Chikusui/Canycom","BFK709","chikusui/canycom-bfk709","200x72x34"
"Chikusui/Canycom","BFK808","chikusui/canycom-bfk808","230x72x42"
"Chikusui/Canycom","BFP402","chikusui/canycom-bfp402","180x60x34"
"Chikusui/Canycom","BFP405","chikusui/canycom-bfp405","180x60x34"
"Chikusui/Canycom","BFP405","chikusui/canycom-bfp405","180x72x31"
"Chikusui/Canycom","BFP501","chikusui/canycom-bfp501","180x60x37"
"Chikusui/Canycom","BFP602","chikusui/canycom-bfp602","180x60x37"
"Chikusui/Canycom","BFP703","chikusui/canycom-bfp703","180x72x34"
"Chikusui/Canycom","BFS901G","chikusui/canycom-bfs901g","200x72x42"
"Chikusui/Canycom","BFS901Q","chikusui/canycom-bfs901q","200x72x42"
"Chikusui/Canycom","BFX703","chikusui/canycom-bfx703","180x72x34"
"Chikusui/Canycom","BFY901","chikusui/canycom-bfy901","230x72x42"
"Chikusui/Canycom","CC1000","chikusui/canycom-cc1000","230x72x48"
"Chikusui/Canycom","CC1300","chikusui/canycom-cc1300","280x72x48"
"Chikusui/Canycom","CC1300","chikusui/canycom-cc1300","250x72x48"
"Chikusui/Canycom","CC1500","chikusui/canycom-cc1500","280x72x48"
"Chikusui/Canycom","CC1500","chikusui/canycom-cc1500","250x72x48"
"Chikusui/Canycom","CC300","chikusui/canycom-cc300","230x72x43"
"Chikusui/Canycom","CC316","chikusui/canycom-cc316","180x72x31"
"Chikusui/Canycom","CC350","chikusui/canycom-cc350","180x60x34"
"Chikusui/Canycom","CC450","chikusui/canycom-cc450","180x60x37"
"Chikusui/Canycom","CC500","chikusui/canycom-cc500","180x72x34"
"Chikusui/Canycom","CC600","chikusui/canycom-cc600","180x72x34"
"Chikusui/Canycom","CC700","chikusui/canycom-cc700","200x72x42"
"Chikusui/Canycom","CC800","chikusui/canycom-cc800","230x72x42"
"Chikusui/Canycom","CC800","chikusui/canycom-cc800","250x72x43"
"Chikusui/Canycom","D50","chikusui/canycom-d50","200x72x34"
"Chikusui/Canycom","D50","chikusui/canycom-d50","180x72x34"
"Chikusui/Canycom","DF407","chikusui/canycom-df407","180x72x31"
"Chikusui/Canycom","GC403","chikusui/canycom-gc403","180x72x34"
"Chikusui/Canycom","GC403","chikusui/canycom-gc403","230x72x43"
"Chikusui/Canycom","GC41","chikusui/canycom-gc41","200x72x39"
"Chikusui/Canycom","GC42","chikusui/canycom-gc42","200x72x39"
"Chikusui/Canycom","GC50","chikusui/canycom-gc50","200x72x43"
"Chikusui/Canycom","GC640","chikusui/canycom-gc640","250x72x44"
"Chikusui/Canycom","GC640","chikusui/canycom-gc640","250x72x55"
"Chikusui/Canycom","GG403","chikusui/canycom-gg403","180x72x34"
"Chikusui/Canycom","HUKI130","chikusui/canycom-huki130","280x72x48"
"Chikusui/Canycom","HUKI130","chikusui/canycom-huki130","250x72x48"
"Chikusui/Canycom","HUKI150","chikusui/canycom-huki150","200x72x43"
"Chikusui/Canycom","S100","chikusui/canycom-s100","250x72x48"
"Chikusui/Canycom","SC75","chikusui/canycom-sc75","200x72x42"
"Collina","320L Tractor","collina-320ltractor","180x60x30"
"Collina","Junior200","collina-junior200","180x60x30"
"Collina","S100","collina-s100","180x60x30"
"Collina","SC","collina-sc","180x60x30"
"Collina","Sardegna","collina-sardegna","180x60x30"
"Coltrax","CX60","coltrax-cx60","400x72.5x76"
"Coltrax","CX85S","coltrax-cx85s","450x76x82"
"Coltrax","MXC550","coltrax-mxc550","450x86x56"
"Comacchio","GEO205","comacchio-geo205","230x72x43"
"Comacchio","GEO305","comacchio-geo305","300x55x77"
"Comacchio","GEO305","comacchio-geo305","300x52.5x80"
"Comeca","Bamby8","comeca-bamby8","180x72x36"
"Comet","MT13","comet-mt13","180x72x37"
"Comet","MT13AB","comet-mt13ab","190x72x37"
"Comet","MT13BB","comet-mt13bb","230x72x47"
"Commander","C4200","commander-c4200","230x72x43"
"Commander","H15","commander-h15","230x72x43"
"Comoter","C15","comoter-c15","230x72x42"
"Comoter","C18","comoter-c18","230x72x42"
"Compair Holman","MTRAX","compair-holman-mtrax","200x72x40"
"Conjet","ROBOT322","conjet-robot322","230x72x43"
"Cormidi","10.65","cormidi-1065","180x72x34"
"Cormidi","10.65auto","cormidi-1065auto","180x72x34"
"Cormidi","13.80","cormidi-1380","180x72x34"
"Cormidi","13.80auto","cormidi-1380auto","180x72x34"
"Cormidi","14.100","cormidi-14100","190x72x37"
"Cormidi","14.100","cormidi-14100","180x72x37"
"Cormidi","14.65","cormidi-1465","180x72x39"
"Cormidi","14.90","cormidi-1490","190x72x37"
"Cormidi","14.90","cormidi-1490","180x72x39"
"Cormidi","18.100","cormidi-18100","190x72x37"
"Cormidi","18.100","cormidi-18100","180x72x39"
"Cormidi","18.100Dtae","cormidi-18100dtae","190x72x37"
"Cormidi","18.100Dtae","cormidi-18100dtae","190x72x39"
"Cormidi","20.150","cormidi-20150","230x72x48"
"Cormidi","23.150Auto","cormidi-23150auto","250x72x48"
"Cormidi","23.150Dtae","cormidi-23150dtae","250x72x48"
"Cormidi","23.150Dum","cormidi-23150dum","250x72x48"
"Cormidi","23.150Ext","cormidi-23150ext","250x72x48"
"Cormidi","34.200Auto","cormidi-34200auto","320x52.5x82"
"Cormidi","34.200Auto","cormidi-34200auto","300x52.5x82"
"Cormidi","34.200Dum","cormidi-34200dum","320x52.5x82"
"Cormidi","34.200Dum","cormidi-34200dum","300x52.5x82"
"Cormidi","5.65","cormidi-565","180x72x34"
"Cormidi","50","cormidi-50","180x60x37"
"Cormidi","56","cormidi-56","180x72x34"
"Cormidi","6.50RI","cormidi-650ri","170x60x37"
"Cormidi","6.50RI","cormidi-650ri","180x60x37"
"Cormidi","6.65","cormidi-665","180x72x34"
"Cormidi","65","cormidi-65","180x72x34"
"Cormidi","9.65","cormidi-965","180x72x34"
"Cormidi","9.65Auto","cormidi-965auto","180x72x34"
"Cormidi","9.65R","cormidi-965r","180x72x37"
"Cormidi","C10-80ACW","cormidi-c10-80acw","180x72x34"
"Cormidi","C100","cormidi-c100","200x72x39"
"Cormidi","C145","cormidi-c145","320x86x48"
"Cormidi","C1500","cormidi-c1500","230x72x54"
"Cormidi","C20.150","cormidi-c20150","230x72x48"
"Cormidi","C85","cormidi-c85","180x72x36"
"DLGZ","DL15-9","dlgz-dl15-9","230x72x43"
"Daewoo","450Plus","daewoo-450plus","320x86x54"
"Daewoo","450Plus","daewoo-450plus","375x86x54"
"Daewoo","450Plus","daewoo-450plus","400x86x54"
"Daewoo","460Plus","daewoo-460plus","320x86x54"
"Daewoo","460Plus","daewoo-460plus","375x86x54"
"Daewoo","460Plus","daewoo-460plus","400x86x54"
"Daewoo","AH30","daewoo-ah30","300x109x39"
"Daewoo","AH30","daewoo-ah30","300x52.5x80"
"Daewoo","DH30","daewoo-dh30","300x52.5x76"
"Daewoo","DH35","daewoo-dh35","300x52.5x84"
"Daewoo","DH50","daewoo-dh50","400x73x74"
"Daewoo","DH50","daewoo-dh50","400x72.5x74"
"Daewoo","SL035","daewoo-sl035","300x52.5x84"
"Daewoo","Solar007","daewoo-solar007","180x72x37"
"Daewoo","Solar010","daewoo-solar010","180x72x37"
"Daewoo","Solar015","daewoo-solar015","230x96x33"
"Daewoo","Solar015","daewoo-solar015","230x48x66"
"Daewoo","Solar015Plus","daewoo-solar015plus","230x96x35"
"Daewoo","Solar015Plus","daewoo-solar015plus","230x48x70"
"Daewoo","Solar018","daewoo-solar018","230x96x35"
"Daewoo","Solar018","daewoo-solar018","230x48x70"
"Daewoo","Solar018VT","daewoo-solar018vt","230x96x35"
"Daewoo","Solar018VT","daewoo-solar018vt","230x48x70"
"Daewoo","Solar030","daewoo-solar030","300x52.5x76"
"Daewoo","Solar030Plus","daewoo-solar030plus","300x52.5x76"
"Daewoo","Solar035","daewoo-solar035","300x52.52x84"
"Daewoo","Solar035","daewoo-solar035","300x52.5x84"
"Daewoo","Solar035Plus","daewoo-solar035plus","300x52.52x84"
"Daewoo","Solar035Plus","daewoo-solar035plus","300x52.5x84"
"Daewoo","Solar10","daewoo-solar10","180x72x37"
"Daewoo","Solar15","daewoo-solar15","230x96x33"
"Daewoo","Solar15","daewoo-solar15","230x48x66"
"Daewoo","Solar25","daewoo-solar25","300x109x36"
"Daewoo","Solar25","daewoo-solar25","300x52.5x74"
"Daewoo","Solar30","daewoo-solar30","300x52.5x76"
"Daewoo","Solar35","daewoo-solar35","300x109x39"
"Daewoo","Solar35","daewoo-solar35","300x52.5x80"
"Daewoo","Solar55","daewoo-solar55","400x73x74"
"Daewoo","Solar55","daewoo-solar55","400x72.5x74"
"Daewoo","Solar55-3","daewoo-solar55-3","400x73x76"
"Daewoo","Solar55-3","daewoo-solar55-3","400x72.5x76"
"Daewoo","Solar55-5","daewoo-solar55-5","400x72.5x74"
"Daewoo","Solar55-V","daewoo-solar55-v","400x73x74"
"Daewoo","Solar55-V","daewoo-solar55-v","400x72.5x74"
"Daewoo","Solar55-VPlus","daewoo-solar55-vplus","400x72.5x74"
"Daewoo","Solar55Exv","daewoo-solar55exv","400x72.5x72"
"Daewoo","Solar70-III","daewoo-solar70-iii","450x81x74"
"Daewoo","Solar75V","daewoo-solar75v","450x81x74"
"Dimex","DBM0511","dimex-dbm0511","300x109x41"
"Dimex","DBM0511","dimex-dbm0511","300x52.5x84"
"Dino","185XTC","dino-185xtc","250x72x57"
"Ditch-Witch","AT40","ditch-witch-at40","400x72.5x74"
"Ditch-Witch","HT25","ditch-witch-ht25","230x72x39"
"Ditch-Witch","HT25K","ditch-witch-ht25k","230x72x39"
"Ditch-Witch","JT10","ditch-witch-jt10","230x72x56"
"Ditch-Witch","JT1200","ditch-witch-jt1200","230x72x39"
"Ditch-Witch","JT2320","ditch-witch-jt2320","300x52.5x92"
"Ditch-Witch","JT2321","ditch-witch-jt2321","300x109x44"
"Ditch-Witch","JT2321","ditch-witch-jt2321","300x52.5x92"
"Ditch-Witch","JT25","ditch-witch-jt25","300x52.5x98"
"Ditch-Witch","JT2511","ditch-witch-jt2511","230x72x39"
"Ditch-Witch","JT2520","ditch-witch-jt2520","320x52.5x92"
"Ditch-Witch","JT2720","ditch-witch-jt2720","320x52.5x92"
"Ditch-Witch","JT2720","ditch-witch-jt2720","320x52.5x98"
"Ditch-Witch","JT30","ditch-witch-jt30","320x52.5x98"
"Ditch-Witch","JT3020","ditch-witch-jt3020","320x52.5x98"
"Ditch-Witch","JT3020Mach1","ditch-witch-jt3020mach1","320x52.5x98"
"Ditch-Witch","JT3510","ditch-witch-jt3510","230x72x56"
"Ditch-Witch","JT40","ditch-witch-jt40","400x72.5x74"
"Ditch-Witch","JT4020","ditch-witch-jt4020","400x72.5x82"
"Ditch-Witch","JT4020Mach1","ditch-witch-jt4020mach1","400x72.5x82"
"Ditch-Witch","JT5","ditch-witch-jt5","180x72x39"
"Ditch-Witch","JT520","ditch-witch-jt520","180x72x39"
"Ditch-Witch","JT820","ditch-witch-jt820","230x72x56"
"Ditch-Witch","JT860","ditch-witch-jt860","300x109x44"
"Ditch-Witch","JT860","ditch-witch-jt860","300x52.5x92"
"Ditch-Witch","JT9","ditch-witch-jt9","230x72x56"
"Ditch-Witch","JT9","ditch-witch-jt9","2303x72x56"
"Ditch-Witch","JT920","ditch-witch-jt920","230x72x56"
"Ditch-Witch","JT920","ditch-witch-jt920","2303x72x56"
"Ditch-Witch","JT920L","ditch-witch-jt920l","230x72x56"
"Ditch-Witch","JT920L","ditch-witch-jt920l","2303x72x56"
"Ditch-Witch","JT922","ditch-witch-jt922","230x72x56"
"Ditch-Witch","JT922","ditch-witch-jt922","2303x72x56"
"Ditch-Witch","MX15","ditch-witch-mx15","230x96x35"
"Ditch-Witch","MX15","ditch-witch-mx15","230x48x70"
"Ditch-Witch","MX182","ditch-witch-mx182","230x96x35"
"Ditch-Witch","MX182","ditch-witch-mx182","230x48x70"
"Ditch-Witch","MX202","ditch-witch-mx202","250x52.5x78"
"Ditch-Witch","MX202","ditch-witch-mx202","300x52.5x78"
"Ditch-Witch","MX27","ditch-witch-mx27","300x52.5x80"
"Ditch-Witch","MX27-2","ditch-witch-mx27-2","300x52.5x80"
"Ditch-Witch","MX35","ditch-witch-mx35","300x52.5x84"
"Ditch-Witch","MX352","ditch-witch-mx352","300x52.5x86"
"Ditch-Witch","MX45","ditch-witch-mx45","400x72.5x72"
"Ditch-Witch","MX45CA","ditch-witch-mx45ca","400x72.5x72"
"Ditch-Witch","MX502","ditch-witch-mx502","400x73x74"
"Ditch-Witch","MX502","ditch-witch-mx502","400x72.5x74"
"Ditch-Witch","MX9","ditch-witch-mx9","180x72x37"
"Ditch-Witch","SK300","ditch-witch-sk300","180x72x32"
"Ditch-Witch","SK350","ditch-witch-sk350","180x72x32"
"Ditch-Witch","SK600","ditch-witch-sk600","230x72x40"
"Ditch-Witch","XT850","ditch-witch-xt850","250x72x45"
"Ditch-Witch","XT855","ditch-witch-xt855","250x72x45"
"Dodich","DM2.1","dodich-dm21","230x72x43"
"Domine","FUTURO","domine-futuro","230x72x43"
"Doosan","DX80","doosan-dx80","450x81x76"
"Doosan","DX80R","doosan-dx80r","450x81x76"
"Doosan","DX85R","doosan-dx85r","450x81x76"
"Doosan","Dx10z","doosan-dx10z","180x72x39"
"Doosan","Dx19","doosan-dx19","230x48x66"
"Doosan","Dx27","doosan-dx27","300x52.5x78"
"Doosan","Dx27Z","doosan-dx27z","300x52.5x80"
"Doosan","Dx30","doosan-dx30","300x52.5x84"
"Doosan","Dx30Z","doosan-dx30z","300x52.5x84"
"Doosan","Dx35","doosan-dx35","300x52.5x86"
"Doosan","Dx35Z","doosan-dx35z","300x52.5x86"
"Doosan","Dx35Z-7","doosan-dx35z-7","300x52.5x86"
"Doosan","Dx50Z-7","doosan-dx50z-7","400x72.5x74"
"Doosan","Dx55","doosan-dx55","400x72.5x74"
"Doosan","Dx60","doosan-dx60","400x72.5x76"
"Doosan","Dx60R","doosan-dx60r","400x72.5x76"
"Doosan","Dx62R","doosan-dx62r","400x72.5x76"
"Doosan","Dx63R","doosan-dx63r","400x72.5x76"
"Drago","SWISS","drago-swiss","230x72x43"
"Dumec","D800","dumec-d800","180x72x37"
"Dumec","D800B","dumec-d800b","180x72x37"
"Dumec","D800F","dumec-d800f","180x72x37"
"Dumec","D800P","dumec-d800p","180x72x37"
"Dumec","Transporter","dumec-transporter","180x72x37"
"Durso","10.65Auto","durso-1065auto","180x72x34"
"Durso","10.65Dumper","durso-1065dumper","180x72x34"
"Durso","13.80Auto","durso-1380auto","180x72x34"
"Durso","13.80Dumper","durso-1380dumper","180x72x34"
"Durso","14.100Auto","durso-14100auto","190x72x37"
"Durso","14.100Auto","durso-14100auto","180x723x37"
"Durso","14.100Dumper","durso-14100dumper","190x72x37"
"Durso","14.100Dumper","durso-14100dumper","180x723x37"
"Durso","18.100Auto","durso-18100auto","190x72x37"
"Durso","18.100Auto","durso-18100auto","180x72x37"
"Durso","18.100DTR","durso-18100dtr","190x72x37"
"Durso","18.100DTR","durso-18100dtr","180x72x37"
"Durso","18.100Dumper","durso-18100dumper","190x72x37"
"Durso","18.100Dumper","durso-18100dumper","180x72x37"
"Durso","6.50RI","durso-650ri","190x72x37"
"Durso","6.50RI","durso-650ri","180x72x37"
"Durso","6.50RM","durso-650rm","190x72x37"
"Durso","6.50RM","durso-650rm","180x72x37"
"Durso","9.65Auto","durso-965auto","180x72x34"
"Durso","9.65Dumper","durso-965dumper","180x72x34"
"Dynapac","FC15","dynapac-fc15","250x72x45"
"Dynapac","VC15","dynapac-vc15","250x72x45"
"Dynapac","VD15","dynapac-vd15","250x72x45"
"Dynapac","VD151","dynapac-vd151","230x96x33"
"Dynapac","VD151","dynapac-vd151","230x48x66"
"Dynapac","VD152","dynapac-vd152","230x96x33"
"Dynapac","VD152","dynapac-vd152","230x48x66"
"Dynapac","VD251","dynapac-vd251","300x109x36"
"Dynapac","VD251","dynapac-vd251","300x52.5x74"
"Dynapac","VD351","dynapac-vd351","300x109x39"
"Dynapac","VD351","dynapac-vd351","300x52.5x80"
"EFCO","TN500R","efco-tn500r","180x60x38"
"EMCI","700","emci-700","250x72x52"
"Eckart","1B30","eckart-1b30","180x72x34"
"Eckart","EMB450B","eckart-emb450b","180x72x34"
"Ecofore","CE302G","ecofore-ce302g","250x72x52"
"Ecofore","CE403G","ecofore-ce403g","320x100x52"
"Electro Joe","Ecojolly","electro-joe-ecojolly","180x72x34"
"Energreen","Robogreen","energreen-robogreen","250x72x47"
"Enteco","E4","enteco-e4","250x72x57"
"Erreppi","Carry500","erreppi-carry500","180x60x38"
"EuroCAT","140HVS","eurocat-140hvs","230x72x43"
"EuroCAT","150LSE","eurocat-150lse","230x72x43"
"EuroCAT","350LSE","eurocat-350lse","320x109x39"
"EuroCAT","350LSE","eurocat-350lse","320x100x44"
"EuroTrac","Comet MT13","eurotrac-cometmt13","190x72x37"
"EuroTrac","Comet MT13","eurotrac-cometmt13","180x72x37"
"EuroTrac","Comet MT13BB","eurotrac-cometmt13bb","230x72x42"
"EuroTrac","chasis M13","eurotrac-chasism13","180x72x37"
"EuroTrac","chasis T150","eurotrac-chasist150","230x96x32"
"EuroTrac","chasis T150","eurotrac-chasist150","230x48x64"
"EuroTrac","chasis T150Old","eurotrac-chasist150old","230x96x33"
"EuroTrac","chasis T150Old","eurotrac-chasist150old","230x96x35"
"EuroTrac","chasis T150Old","eurotrac-chasist150old","230x48x66"
"EuroTrac","chasis T150Old","eurotrac-chasist150old","230x48x70"
"EuroTrac","chasis T300","eurotrac-chasist300","300x109x36"
"EuroTrac","chasis T300","eurotrac-chasist300","300x52.5x74"
"EuroTrac","chasis T300Old","eurotrac-chasist300old","300x109x39"
"EuroTrac","chasis T300Old","eurotrac-chasist300old","300x52.5x80"
"EuroTrac","chasis T4","eurotrac-chasist4","230x72x43"
"EuroTrac","chasis T4Old","eurotrac-chasist4old","230x72x45"
"EuroTrac","chasis T500","eurotrac-chasist500","400x146x36"
"EuroTrac","chasis T500","eurotrac-chasist500","400x72.5x72"
"EuroTrac","chasis T500Old","eurotrac-chasist500old","400x146x36"
"EuroTrac","chasis T500Old","eurotrac-chasist500old","400x72.5x72"
"EurocoMach","100TR","eurocomach-100tr","450x76x82"
"EurocoMach","22SR","eurocomach-22sr","230x48x70"
"EurocoMach","42ZT","eurocomach-42zt","350x55x88"
"EurocoMach","45TR","eurocomach-45tr","350x55x88"
"EurocoMach","90ZT","eurocomach-90zt","450x76x82"
"EurocoMach","E1300","eurocomach-e1300","230x72x43"
"EurocoMach","E1300","eurocomach-e1300","200x72x37"
"EurocoMach","E1300","eurocomach-e1300","180x72x37"
"EurocoMach","E1500","eurocomach-e1500","230x72x43"
"EurocoMach","E1500S","eurocomach-e1500s","230x96x32"
"EurocoMach","E1500S","eurocomach-e1500s","230x48x64"
"EurocoMach","E1500Sb","eurocomach-e1500sb","230x72x43"
"EurocoMach","E4000","eurocomach-e4000","300x55x82"
"EurocoMach","E4000","eurocomach-e4000","300x52.5x84"
"EurocoMach","E800","eurocomach-e800","180x72x34"
"EurocoMach","E1200","eurocomach-e1200","230x72x43"
"EurocoMach","EB09.5Dumper","eurocomach-eb095dumper","180x72x34"
"EurocoMach","ES150SR","eurocomach-es150sr","230x96x35"
"EurocoMach","ES150SR","eurocomach-es150sr","230x48x70"
"EurocoMach","ES150","eurocomach-es150","230x96x33"
"EurocoMach","ES150","eurocomach-es150","230x48x66"
"EurocoMach","ES150-1","eurocomach-es150-1","230x96x33"
"EurocoMach","ES150-1","eurocomach-es150-1","230x48x66"
"EurocoMach","ES150-2","eurocomach-es150-2","230x96x33"
"EurocoMach","ES150-2","eurocomach-es150-2","230x48x66"
"EurocoMach","ES150-3","eurocomach-es150-3","230x48x66"
"EurocoMach","ES150-3","eurocomach-es150-3","230x96x33"
"EurocoMach","ES180","eurocomach-es180","230x96x33"
"EurocoMach","ES180","eurocomach-es180","230x48x66"
"EurocoMach","ES180-1","eurocomach-es180-1","230x96x33"
"EurocoMach","ES180-1","eurocomach-es180-1","230x48x66"
"EurocoMach","ES180-2","eurocomach-es180-2","230x72x43"
"EurocoMach","ES180-2","eurocomach-es180-2","230x96x32"
"EurocoMach","ES180-2","eurocomach-es180-2","230x48x64"
"EurocoMach","ES180-3","eurocomach-es180-3","230x48x66"
"EurocoMach","ES180-3","eurocomach-es180-3","230x96x33"
"EurocoMach","ES180-4","eurocomach-es180-4","230x96x32"
"EurocoMach","ES180-4","eurocomach-es180-4","230x48x64"
"EurocoMach","ES180SR","eurocomach-es180sr","230x96x35"
"EurocoMach","ES180SR","eurocomach-es180sr","230x48x70"
"EurocoMach","ES180ZT","eurocomach-es180zt","230x48x70"
"EurocoMach","ES18ZT","eurocomach-es18zt","230x48x70"
"EurocoMach","ES25ZT","eurocomach-es25zt","280x52.5x82"
"EurocoMach","ES25ZT","eurocomach-es25zt","280x52x582"
"EurocoMach","ES300","eurocomach-es300","300x55x72"
"EurocoMach","ES300","eurocomach-es300","300x52.5x74"
"EurocoMach","ES300ZT","eurocomach-es300zt","300x52.5x82"
"EurocoMach","ES35.2ZT","eurocomach-es352zt","300x52.5x88"
"EurocoMach","ES350ZT","eurocomach-es350zt","300x52.5x82"
"EurocoMach","ES40.2ZT","eurocomach-es402zt","300x52.5x88"
"EurocoMach","ES400","eurocomach-es400","300x55x82"
"EurocoMach","ES400","eurocomach-es400","300x52.5x84"
"EurocoMach","ES400SR","eurocomach-es400sr","300x52.5x84"
"EurocoMach","ES40ZT","eurocomach-es40zt","300x52.5x88"
"EurocoMach","ES500","eurocomach-es500","400x72.5x72"
"EurocoMach","ES500ZT","eurocomach-es500zt","400x72.5x72"
"EurocoMach","ES57ZT","eurocomach-es57zt","400x72.5x76"
"EurocoMach","ES60ZT","eurocomach-es60zt","400x72.5x76"
"EurocoMach","ES65TR","eurocomach-es65tr","400x72.5x76"
"EurocoMach","ES80","eurocomach-es80","180x72x34"
"EurocoMach","ES800","eurocomach-es800","450x71x86"
"EurocoMach","ES800TR","eurocomach-es800tr","450x71x86"
"EurocoMach","ES85","eurocomach-es85","450x76x82"
"EurocoMach","ES850ZT","eurocomach-es850zt","450x76x82"
"EurocoMach","ES90","eurocomach-es90","180x72x34"
"EurocoMach","ES90UR","eurocomach-es90ur","450x76x82"
"EurocoMach","ES90ZT","eurocomach-es90zt","180x72x38"
"EurocoMach","ES95TR","eurocomach-es95tr","450x76x82"
"EurocoMach","Es10ZT","eurocomach-es10zt","180x72x38"
"Eurodig","C15","eurodig-c15","250x72x52"
"Eurodig","C18","eurodig-c18","250x72x52"
"Eurodig","Dumpy300","eurodig-dumpy300","180x60x34"
"Eurodig","Dumpy300M","eurodig-dumpy300m","180x60x34"
"Eurodig","Dumpy500","eurodig-dumpy500","190x72x37"
"Eurodig","Dumpy500","eurodig-dumpy500","180x72x37"
"Eurodig","Dumpy500","eurodig-dumpy500","180x72x34"
"Eurodig","Dumpy800","eurodig-dumpy800","180x72x34"
"Eurodig","Dumpy800","eurodig-dumpy800","180x60x34"
"Eurodig","Dumpy800","eurodig-dumpy800","190x72x37"
"Eurodig","Dumpy800","eurodig-dumpy800","180x72x37"
"Eurodig","G500","eurodig-g500","180x72x34"
"Eurodig","GR1000","eurodig-gr1000","180x72x37"
"Eurodig","GR500","eurodig-gr500","180x72x34"
"Eurodig","GR500D","eurodig-gr500d","180x72x34"
"Eurodig","GR700","eurodig-gr700","180x72x34"
"Eurodig","GR700A","eurodig-gr700a","190x72x37"
"Eurodig","GR700A","eurodig-gr700a","180x72x37"
"Eurodig","GR700A3","eurodig-gr700a3","190x72x37"
"Eurodig","GR700A3","eurodig-gr700a3","180x72x37"
"Eurodig","GR700D","eurodig-gr700d","190x72x37"
"Eurodig","GR700D","eurodig-gr700d","180x72x37"
"Eurodig","GR900","eurodig-gr900","190x72x37"
"Eurodig","GR900","eurodig-gr900","180x72x37"
"Eurodig","Miniload800","eurodig-miniload800","190x72x37"
"Eurodig","Miniload800","eurodig-miniload800","180x72x37"
"Eurofor","GEO205","eurofor-geo205","230x72x43"
"Eurotom","NB30","eurotom-nb30","300x55x78"
"Eurotom","NB30","eurotom-nb30","300x52.5x80"
"Eurotom","TS08","eurotom-ts08","180x72x38"
"Eurotom","TS15","eurotom-ts15","230x96x33"
"Eurotom","TS15","eurotom-ts15","230x48x66"
"Eurotom","TS15S","eurotom-ts15s","230x96x33"
"Eurotom","TS15S","eurotom-ts15s","230x48x66"
"Eurotom","TS17SE","eurotom-ts17se","230x96x33"
"Eurotom","TS17SE","eurotom-ts17se","230x48x66"
"Eurotom","TS25","eurotom-ts25","300x55x72"
"Eurotom","TS25","eurotom-ts25","300x52.5x74"
"Eurotom","TS27S","eurotom-ts27s","300x52.5x74"
"Eurotom","TS30","eurotom-ts30","300x55x78"
"Eurotom","TS30","eurotom-ts30","300x52.5x80"
"Eurotom","TS30R","eurotom-ts30r","300x55x78"
"Eurotom","TS30R","eurotom-ts30r","300x52.5x80"
"Eurotom","TS35","eurotom-ts35","300x55x78"
"Eurotom","TS35","eurotom-ts35","300x52.5x80"
"Eurotom","TS35S","eurotom-ts35s","300x55x78"
"Eurotom","TS35S","eurotom-ts35s","300x52.5x80"
"Eurotom","TS75","eurotom-ts75","450x71x86"
"Eurotom","TS75S","eurotom-ts75s","450x71x86"
"FAI","212New","fai-212new","230x96x31"
"FAI","212New","fai-212new","230x48x62"
"FAI","212Old","fai-212old","230x72x43"
"FAI","215","fai-215","230x96x31"
"FAI","215","fai-215","230x48x62"
"FAI","218","fai-218","230x96x31"
"FAI","218","fai-218","230x48x62"
"FAI","230","fai-230","300x109x39"
"FAI","230","fai-230","300x109x41"
"FAI","230","fai-230","300x52.5x80"
"FAI","230","fai-230","300x52.5x84"
"FAI","230","fai-230","300x55x71"
"FAI","230","fai-230","300x55x81"
"FAI","235","fai-235","300x109x41"
"FAI","235","fai-235","300x52.5x84"
"FAI","235","fai-235","300x55x81"
"FAI","240","fai-240","300x109x41"
"FAI","240","fai-240","300x52.5x84"
"FAI","240","fai-240","300x55x81"
"FAI","410C","fai-410c","450x76x84"
"FIGO","MC150","figo-mc150","180x72x36"
"FORT","Minidumper","fort-minidumper","180x60x38"
"Falcon Spider","FS290C","falcon-spider-fs290c","300x55x78"
"Falcon Spider","FS290C","falcon-spider-fs290c","300x52.5x80"
"Fercad","T3250","fercad-t3250","180x60x34"
"Fermec","114","fermec-114","230x96x31"
"Fermec","114","fermec-114","230x48x62"
"Fermec","115","fermec-115","230x96x31"
"Fermec","115","fermec-115","230x48x62"
"Fermec","123","fermec-123","250x109x35"
"Fermec","123","fermec-123","300x52.5x72"
"Fermec","125","fermec-125","300x109x38"
"Fermec","125","fermec-125","300x52.5x78"
"Fermec","128","fermec-128","300x109x38"
"Fermec","128","fermec-128","300x52.5x78"
"Fermec","130","fermec-130","300x109x40"
"Fermec","130","fermec-130","300x52.5x82"
"Fermec","131","fermec-131","300x109x40"
"Fermec","131","fermec-131","300x52.5x82"
"Fermec","135","fermec-135","350x108x42"
"Fermec","135","fermec-135","350x52.5x86"
"Fermec","145","fermec-145","400x73x74"
"Fermec","145","fermec-145","400x72.5x73"
"Fermec","150","fermec-150","400x73x74"
"Fermec","150","fermec-150","400x72.5x73"
"Fermec","SK015","fermec-sk015","230x96x31"
"Fermec","SK015","fermec-sk015","230x48x62"
"Fermec","SK025","fermec-sk025","300x109x38"
"Fermec","SK025","fermec-sk025","300x52.5x78"
"Fermec","SK030","fermec-sk030","300x109x40"
"Fermec","SK030","fermec-sk030","300x52.5x82"
"Fermec","SK035","fermec-sk035","350x108x42"
"Fermec","SK035","fermec-sk035","350x52.5x86"
"Fiat-Hitachi","FH15","fiat-hitachi-fh15","230x96x31"
"Fiat-Hitachi","FH15","fiat-hitachi-fh15","230x48x62"
"Fiat-Hitachi","FH15.2","fiat-hitachi-fh152","230x96x31"
"Fiat-Hitachi","FH15.2","fiat-hitachi-fh152","230x48x62"
"Fiat-Hitachi","FH15.2Plus","fiat-hitachi-fh152plus","230x96x31"
"Fiat-Hitachi","FH15.2Plus","fiat-hitachi-fh152plus","230x48x62"
"Fiat-Hitachi","FH16.2","fiat-hitachi-fh162","230x96x33"
"Fiat-Hitachi","FH16.2","fiat-hitachi-fh162","230x48x66"
"Fiat-Hitachi","FH17.2","fiat-hitachi-fh172","230x96x33"
"Fiat-Hitachi","FH17.2","fiat-hitachi-fh172","230x48x66"
"Fiat-Hitachi","FH17.2Plus","fiat-hitachi-fh172plus","230x96x33"
"Fiat-Hitachi","FH17.2Plus","fiat-hitachi-fh172plus","230x48x66"
"Fiat-Hitachi","FH17.2-B","fiat-hitachi-fh172-b","230x96x33"
"Fiat-Hitachi","FH17.2-B","fiat-hitachi-fh172-b","230x48x66"
"Fiat-Hitachi","FH22","fiat-hitachi-fh22","250x52.5x73"
"Fiat-Hitachi","FH22","fiat-hitachi-fh22","300x52.5x72"
"Fiat-Hitachi","FH22.2","fiat-hitachi-fh222","250x52.5x73"
"Fiat-Hitachi","FH22.2","fiat-hitachi-fh222","300x52.5x72"
"Fiat-Hitachi","FH30.2","fiat-hitachi-fh302","300x55x80"
"Fiat-Hitachi","FH30.2","fiat-hitachi-fh302","300x52.5x82"
"Fiat-Hitachi","FH30.2Plus","fiat-hitachi-fh302plus","300x55x80"
"Fiat-Hitachi","FH30.2Plus","fiat-hitachi-fh302plus","300x52.5x82"
"Fiat-Hitachi","FH35.2","fiat-hitachi-fh352","300x55x80"
"Fiat-Hitachi","FH35.2","fiat-hitachi-fh352","300x52.5x82"
"Fiat-Hitachi","FH35.2Plus","fiat-hitachi-fh352plus","300x55x80"
"Fiat-Hitachi","FH35.2Plus","fiat-hitachi-fh352plus","300x52.5x82"
"Fiat-Hitachi","FH40.2","fiat-hitachi-fh402","400x72.5x72"
"Fiat-Hitachi","FH40.2Plus","fiat-hitachi-fh402plus","400x72.5x72"
"Fiori","800","fiori-800","180x72x34"
"Fiori","Dumpy Proffesional","fiori-dumpyproffesional","180x72x37"
"Fiori","Eurodig1000","fiori-eurodig1000","180x72x37"
"Fiori","GR1000","fiori-gr1000","180x72x37"
"Fiori","GR500","fiori-gr500","180x72x34"
"Fiori","GR700","fiori-gr700","180x72x37"
"Fiori","Minding","fiori-minding","180x72x37"
"Foredil","FM16","foredil-fm16","230x72x45"
"Foredil","FM18V","foredil-fm18v","230x72x45"
"Foredil","FM19RSV","foredil-fm19rsv","230x72x45"
"Foredil","FM19VR","foredil-fm19vr","230x72x45"
"Foredil","FM24","foredil-fm24","300x55x72"
"Foredil","FM24","foredil-fm24","300x52.5x74"
"Foredil","FM29","foredil-fm29","300x55x78"
"Foredil","FM29","foredil-fm29","300x52.5x80"
"Foredil","FM34","foredil-fm34","300x55x78"
"Foredil","FM34","foredil-fm34","300x52.5x80"
"Foredil","FM54","foredil-fm54","400x73x72"
"Foredil","FM54","foredil-fm54","400x72.5x72"
"Forti","Forti","forti-forti","180x60x38"
"Forti","Forti","forti-forti","230x48x66"
"Forti","Forti","forti-forti","230x96x33"
"Fraste","Multidrill ML","fraste-multidrillml","250x72x52"
"Fraste","Multidrill ML","fraste-multidrillml","230x96x39"
"Fraste","Multidrill ML","fraste-multidrillml","250x48x78"
"Fraste","Multidrill PL","fraste-multidrillpl","230x72x43"
"Fraste","Multidrill XL","fraste-multidrillxl","300x55x82"
"Fraste","Multidrill XL","fraste-multidrillxl","300x52.5x84"
"Fraste","Terrain","fraste-terrain","180x72x34"
"Gayk","HRE1000","gayk-hre1000","300x55x78"
"Gayk","HRE1000","gayk-hre1000","300x52.5x80"
"Gayk","HRE3000","gayk-hre3000","300x55x78"
"Gayk","HRE3000","gayk-hre3000","300x52.5x80"
"Geawelltech","Well drill3050CR","geawelltech-welldrill3050cr","400x72.5x74"
"Gehl","12002","gehl-12002","500x92x78"
"Gehl","153","gehl-153","230x96x36"
"Gehl","153","gehl-153","230x48x72"
"Gehl","193","gehl-193","250x96x38"
"Gehl","193","gehl-193","250x48x76"
"Gehl","223","gehl-223","250x96x38"
"Gehl","223","gehl-223","250x48x76"
"Gehl","253","gehl-253","250x109x37"
"Gehl","253","gehl-253","300x52.5x76"
"Gehl","303","gehl-303","300x109x38"
"Gehl","303","gehl-303","300x52.5x78"
"Gehl","353","gehl-353","300x109x41"
"Gehl","353","gehl-353","300x52.5x84"
"Gehl","363","gehl-363","300x109x39"
"Gehl","363","gehl-363","300x52.5x80"
"Gehl","373","gehl-373","300x109x41"
"Gehl","373","gehl-373","300x52.5x84"
"Gehl","383Z","gehl-383z","300x52.5x84"
"Gehl","502","gehl-502","400x73x74"
"Gehl","502","gehl-502","400x72.5x74"
"Gehl","503","gehl-503","400x72.5x74"
"Gehl","503Z","gehl-503z","400x72.5x74"
"Gehl","603","gehl-603","400x72.5x74"
"Gehl","753","gehl-753","450x71x86"
"Gehl","753Z","gehl-753z","450x71x86"
"Gehl","75Z3","gehl-75z3","450x71x86"
"Gehl","8003","gehl-8003","450x76x80"
"Gehl","802","gehl-802","450x71x84"
"Gehl","803","gehl-803","450x76x80"
"Gehl","GE12002","gehl-ge12002","500x92x78"
"Gehl","GE142","gehl-ge142","230x96x33"
"Gehl","GE142","gehl-ge142","230x48x66"
"Gehl","GE152","gehl-ge152","230x96x33"
"Gehl","GE152","gehl-ge152","230x48x66"
"Gehl","GE153","gehl-ge153","230x96x36"
"Gehl","GE153","gehl-ge153","230x48x72"
"Gehl","GE192","gehl-ge192","230x96x33"
"Gehl","GE192","gehl-ge192","230x48x72"
"Gehl","GE193","gehl-ge193","250x96x38"
"Gehl","GE193","gehl-ge193","250x48x76"
"Gehl","GE222","gehl-ge222","230x96x36"
"Gehl","GE222","gehl-ge222","230x48x72"
"Gehl","GE223","gehl-ge223","250x96x38"
"Gehl","GE223","gehl-ge223","250x48x76"
"Gehl","GE253","gehl-ge253","250x109x37"
"Gehl","GE253","gehl-ge253","300x52.5x76"
"Gehl","GE272","gehl-ge272","300x54x72"
"Gehl","GE272","gehl-ge272","300x52.5x72"
"Gehl","GE292","gehl-ge292","300x54x72"
"Gehl","GE292","gehl-ge292","300x52.5x74"
"Gehl","GE303","gehl-ge303","300x109x38"
"Gehl","GE303","gehl-ge303","300x52.5x78"
"Gehl","GE342","gehl-ge342","320x54x78"
"Gehl","GE342","gehl-ge342","300x52.5x80"
"Gehl","GE353","gehl-ge353","300x109x41"
"Gehl","GE353","gehl-ge353","300x52.5x84"
"Gehl","GE362","gehl-ge362","320x54x78"
"Gehl","GE362","gehl-ge362","300x52.5x80"
"Gehl","GE373","gehl-ge373","300x109x41"
"Gehl","GE373","gehl-ge373","300x52.5x84"
"Gehl","GE502","gehl-ge502","400x72.5x74"
"Gehl","GE602","gehl-ge602","400x72.5x74"
"Gehl","GE802","gehl-ge802","450x71x84"
"Gehl","GE503Z","gehl-ge503z","400x72.5x74"
"Gehl","Z35","gehl-z35","300x55x84"
"Gehl","Z35","gehl-z35","300x52.5x88"
"Gehl","Z45","gehl-z45","400x75.5x74"
"Gehl","Z80","gehl-z80","450x83.5x74"
"Gehlmax","A12","gehlmax-a12","230x72x43"
"Gehlmax","A12B","gehlmax-a12b","230x72x43"
"Gehlmax","A14SA","gehlmax-a14sa","230x72x43"
"Gehlmax","DR600","gehlmax-dr600","200x72x40"
"Gehlmax","GX10","gehlmax-gx10","200x72x42"
"Gehlmax","GX35","gehlmax-gx35","400x72.5x72"
"Gehlmax","M045","gehlmax-m045","180x72x36"
"Gehlmax","M135","gehlmax-m135","250x72x45"
"Gehlmax","M135S","gehlmax-m135s","230x72x43"
"Gehlmax","MB045","gehlmax-mb045","180x72x36"
"Gehlmax","MB1135","gehlmax-mb1135","250x72x45"
"Gehlmax","MB1135S","gehlmax-mb1135s","250x72x45"
"Gehlmax","MB138","gehlmax-mb138","230x72x43"
"Gehlmax","MB145","gehlmax-mb145","250x72x45"
"Gehlmax","MB148","gehlmax-mb148","230x72x43"
"Gehlmax","MB165","gehlmax-mb165","250x72x45"
"Gehlmax","MB253","gehlmax-mb253","300x109x37"
"Gehlmax","MB253","gehlmax-mb253","300x52.5x76"
"Gehlmax","MB288","gehlmax-mb288","300x55x76"
"Gehlmax","MB288","gehlmax-mb288","300x52.5x78"
"Gehlmax","MB358","gehlmax-mb358","300x55x82"
"Gehlmax","MB358","gehlmax-mb358","300x52.5x84"
"Gehlmax","RD10","gehlmax-rd10","180x72x37"
"Gehlmax","RD10SLE","gehlmax-rd10sle","180x72x37"
"Gehlmax","RD15D","gehlmax-rd15d","250x72x52"
"Gehlmax","RD15DR","gehlmax-rd15dr","250x72x52"
"Gehlmax","RD6HX","gehlmax-rd6hx","180x72x34"
"Gehlmax","RD7","gehlmax-rd7","180x72x34"
"Gehlmax","RD7-10D","gehlmax-rd7-10d","180x72x34"
"Gehlmax","RD7SLE","gehlmax-rd7sle","180x72x37"
"Gehlmax","RD8","gehlmax-rd8","180x72x37"
"Gehlmax","RD8HX","gehlmax-rd8hx","180x72x37"
"Gehlmax","RD8SLE","gehlmax-rd8sle","180x72x37"
"Geier","40S","geier-40s","230x72x48"
"Geier","60S","geier-60s","250x72x52"
"Geier","85TLY","geier-85tly","250x72x57"
"Gelai & Castegnaro","G&C","gelai-&-castegnaro-gc","250x72x52"
"Genie","S-60Trax","genie-s-60trax","450x86x42"
"Genie","S-65Trax400Wide","genie-s-65trax400wide","400x86x42"
"Genie","S-65Trax450Wide","genie-s-65trax450wide","450x86x42"
"Geoprobe","54DT","geoprobe-54dt","230x72x56"
"Geoprobe","6610DT","geoprobe-6610dt","230x72x56"
"Geoprobe","7822DT","geoprobe-7822dt","300x52.5x90"
"Goman","T30","goman-t30","250x72x52"
"Goman","X08","goman-x08","180x72x57"
"Goman","X08","goman-x08","250x72x52"
"Goman","X16","goman-x16","200x72x43"
"Green Mech","ST19-28","green-mech-st19-28","250x72x52"
"Green Mech","ST220","green-mech-st220","250x72x52"
"Green Technik","BC350","green-technik-bc350","180x72x37"
"Grillo","Dumper350Basic","grillo-dumper350basic","180x60x34"
"Grillo","Dumper350HD","grillo-dumper350hd","180x72x34"
"Grillo","Dumper507","grillo-dumper507","180x72x34"
"Grundohit","4S","grundohit-4s","250x72x57"
"Grundohit","TT","grundohit-tt","250x72x52"
"Grundohit","Undercarriage40","grundohit-undercarriage40","250x72x52"
"HCC","1050-B","hcc-1050-b","180x72x37"
"HCC","1051","hcc-1051","180x72x37"
"HCC","1051-B","hcc-1051-b","180x72x37"
"HCC","1051-D","hcc-1051-d","180x72x37"
"HOEFLON","C6","hoeflon-c6","180x72x37"
"Hades","TP1500","hades-tp1500","250x72x57"
"Haihong","CTX8008","haihong-ctx8008","180x72x39"
"Hainzl","150LSE","hainzl-150lse","230x72x43"
"Hanix","H08","hanix-h08","180x72x36"
"Hanix","H08-1","hanix-h08-1","180x72x37"
"Hanix","H08-2","hanix-h08-2","180x72x36"
"Hanix","H08A","hanix-h08a","180x72x37"
"Hanix","H08B","hanix-h08b","180x72x38"
"Hanix","H09D","hanix-h09d","180x72x38"
"Hanix","H12A","hanix-h12a","230x96x31"
"Hanix","H12A","hanix-h12a","230x48x62"
"Hanix","H15","hanix-h15","230x96x33"
"Hanix","H15","hanix-h15","230x96x31"
"Hanix","H15","hanix-h15","230x48x62"
"Hanix","H15","hanix-h15","230x48x66"
"Hanix","H15B","hanix-h15b","230x96x31"
"Hanix","H15B","hanix-h15b","230x48x62"
"Hanix","H15B-2","hanix-h15b-2","230x96x33"
"Hanix","H15B-2","hanix-h15b-2","230x48x66"
"Hanix","H15Bplus","hanix-h15bplus","230x96x31"
"Hanix","H15Bplus","hanix-h15bplus","230x48x62"
"Hanix","H15Bplus-2","hanix-h15bplus-2","230x96x33"
"Hanix","H15Bplus-2","hanix-h15bplus-2","230x48x66"
"Hanix","H151","hanix-h151","230x96x33"
"Hanix","H151","hanix-h151","230x48x66"
"Hanix","H15A","hanix-h15a","230x96x33"
"Hanix","H15A","hanix-h15a","230x48x66"
"Hanix","H15A","hanix-h15a","230x96x31"
"Hanix","H15A","hanix-h15a","230x48x62"
"Hanix","H22","hanix-h22","300x55x72"
"Hanix","H22","hanix-h22","300x52x574"
"Hanix","H22A","hanix-h22a","300x55x72"
"Hanix","H22A","hanix-h22a","300x52x574"
"Hanix","H24","hanix-h24","300x52.5x74"
"Hanix","H24","hanix-h24","300x52x574"
"Hanix","H24A","hanix-h24a","300x55x72"
"Hanix","H24A","hanix-h24a","300x52.5x74"
"Hanix","H26B","hanix-h26b","300x55x72"
"Hanix","H26B","hanix-h26b","300x52.5x74"
"Hanix","H26C","hanix-h26c","300x52.5x74"
"Hanix","H27","hanix-h27","300x109x36"
"Hanix","H27","hanix-h27","300x52.5x74"
"Hanix","H27-2","hanix-h27-2","300x109x36"
"Hanix","H27-2","hanix-h27-2","300x52.5x74"
"Hanix","H29A","hanix-h29a","300x55x78"
"Hanix","H29A","hanix-h29a","300x52.5x80"
"Hanix","H30","hanix-h30","300x55x78"
"Hanix","H30","hanix-h30","300x52.5x80"
"Hanix","H30-2","hanix-h30-2","300x55x78"
"Hanix","H30-2","hanix-h30-2","300x52.5x80"
"Hanix","H30A","hanix-h30a","300x55x78"
"Hanix","H30A","hanix-h30a","300x52.5x80"
"Hanix","H35","hanix-h35","300x55x78"
"Hanix","H35","hanix-h35","300x52.5x80"
"Hanix","H35A","hanix-h35a","300x55x78"
"Hanix","H35A","hanix-h35a","300x52.5x80"
"Hanix","H36A","hanix-h36a","300x55x78"
"Hanix","H36A","hanix-h36a","300x52.5x80"
"Hanix","H36B","hanix-h36b","300x55x82"
"Hanix","H36B","hanix-h36b","300x52.5x84"
"Hanix","H36C","hanix-h36c","300x52.5x84"
"Hanix","H36CR","hanix-h36cr","300x52.5x84"
"Hanix","H36R","hanix-h36r","300x52.5x84"
"Hanix","H50B","hanix-h50b","400x72.5x72"
"Hanix","H50C","hanix-h50c","400x72.5x72"
"Hanix","H55DR","hanix-h55dr","400x72.5x72"
"Hanix","H56C","hanix-h56c","400x72.5x72"
"Hanix","H75B","hanix-h75b","450x71x86"
"Hanix","H75C","hanix-h75c","450x71x86"
"Hanix","H80","hanix-h80","180x72x37"
"Hanix","H80-2","hanix-h80-2","180x72x37"
"Hanix","N050","hanix-n050","180x72x38"
"Hanix","N06","hanix-n06","250x72x45"
"Hanix","N060","hanix-n060","250x72x45"
"Hanix","N080","hanix-n080","180x72x37"
"Hanix","N080-1","hanix-n080-1","180x72x37"
"Hanix","N080-2","hanix-n080-2","180x72x36"
"Hanix","N080-2LR","hanix-n080-2lr","180x72x38"
"Hanix","N080-3LR","hanix-n080-3lr","180x72x37"
"Hanix","N120","hanix-n120","250x72x45"
"Hanix","N120-2","hanix-n120-2","230x96x33"
"Hanix","N120-2","hanix-n120-2","230x48x66"
"Hanix","N120R","hanix-n120r","250x72x45"
"Hanix","N150","hanix-n150","230x72x43"
"Hanix","N150-2","hanix-n150-2","230x96x33"
"Hanix","N150-2","hanix-n150-2","230x48x66"
"Hanix","N150R","hanix-n150r","230x72x43"
"Hanix","N220-2","hanix-n220-2","320x109x36"
"Hanix","N220-2","hanix-n220-2","300x52.5x74"
"Hanix","N230-2","hanix-n230-2","320x109x36"
"Hanix","N230-2","hanix-n230-2","300x52.5x74"
"Hanix","N250-2","hanix-n250-2","320x109x36"
"Hanix","N250-2","hanix-n250-2","300x52.5x74"
"Hanix","N260-2","hanix-n260-2","320x109x36"
"Hanix","N260-2","hanix-n260-2","300x52.5x74"
"Hanix","N300-2","hanix-n300-2","320x109x39"
"Hanix","N300-2","hanix-n300-2","300x52.5x80"
"Hanix","N35","hanix-n35","300x55x78"
"Hanix","N35","hanix-n35","300x52.5x80"
"Hanix","N350-2","hanix-n350-2","320x109x39"
"Hanix","N350-2","hanix-n350-2","300x52.5x80"
"Hanix","N80","hanix-n80","180x72x36"
"Hanix","N80-2","hanix-n80-2","180x72x36"
"Hanix","N80-2R","hanix-n80-2r","180x72x36"
"Hanix","NH070","hanix-nh070","230x96x41"
"Hanix","NH070","hanix-nh070","250x47x84"
"Hanix","NH070","hanix-nh070","250x48x82"
"Hanix","NS25","hanix-ns25","300x109x36"
"Hanix","NS25","hanix-ns25","300x52.5x74"
"Hanix","RT30","hanix-rt30","180x72x36"
"Hanix","RT30","hanix-rt30","180x72x37"
"Hanix","RT50D","hanix-rt50d","200x72x38"
"Hanix","RT50D","hanix-rt50d","180x72x38"
"Hanix","S&B15","hanix-sb15","320x100x40"
"Hanix","S&B15","hanix-sb15","320x100x43"
"Hanix","S&B15R","hanix-sb15r","320x100x40"
"Hanix","S&B15R","hanix-sb15r","320x100x43"
"Hanix","S&B15S","hanix-sb15s","320x100x40"
"Hanix","S&B15S","hanix-sb15s","320x100x43"
"Hanix","S&B15SR","hanix-sb15sr","320x100x40"
"Hanix","S&B15SR","hanix-sb15sr","320x100x43"
"Hanix","S&B25-1","hanix-sb25-1","400x72.5x72"
"Hanix","S&B25-2","hanix-sb25-2","400x142x38"
"Hanix","S&B25-2","hanix-sb25-2","400x72.5x74"
"Hanix","S&B300","hanix-sb300","300x52.5x80"
"Hanix","S&B300-2","hanix-sb300-2","300x52.5x80"
"Hanix","S&BX-1","hanix-sbx-1","300x52.5x80"
"Hanix","TP50-D","hanix-tp50-d","300x55x80"
"Hanix","TP50-D","hanix-tp50-d","300x52.5x82"
"Hanix","YB10","hanix-yb10","230x72x43"
"Hanix","YFW5D-1","hanix-yfw5d-1","230x72x50"
"Hansa","C65RX","hansa-c65rx","230x72x43"
"Hanta","SLD151D","hanta-sld151d","180x72x37"
"Haulotte","Mygalift19","haulotte-mygalift19","250x72x57"
"Hematec","CTE CS135","hematec-ctecs135","180x72x37"
"Hematec","CTE CS170","hematec-ctecs170","230x72x43"
"Hengte","HT20","hengte-ht20","230x48x68"
"Hiab","033T","hiab-033t","180x72x37"
"Hinowa","DB10.13","hinowa-db1013","200x96x28"
"Hinowa","DB10.13","hinowa-db1013","230x96x66"
"Hinowa","DB14.7","hinowa-db147","180x72x37"
"Hinowa","DB8.35","hinowa-db835","180x72x37"
"Hinowa","DB9.11","hinowa-db911","200x72x37"
"Hinowa","DB9.11","hinowa-db911","180x72x37"
"Hinowa","DM09","hinowa-dm09","200x72x37"
"Hinowa","DM09","hinowa-dm09","180x72x37"
"Hinowa","DM10","hinowa-dm10","200x72x37"
"Hinowa","DM10","hinowa-dm10","230x72x43"
"Hinowa","DM10","hinowa-dm10","180x72x37"
"Hinowa","DM10A2V","hinowa-dm10a2v","200x72x42"
"Hinowa","DM10M","hinowa-dm10m","180x72x39"
"Hinowa","DM11KA","hinowa-dm11ka","230x72x42"
"Hinowa","DM13","hinowa-dm13","200x72x42"
"Hinowa","DM13A2V","hinowa-dm13a2v","200x72x42"
"Hinowa","DM15","hinowa-dm15","230x72x43"
"Hinowa","DM15","hinowa-dm15","230x96x32"
"Hinowa","DM15","hinowa-dm15","230x48x64"
"Hinowa","DM15M","hinowa-dm15m","230x96x32"
"Hinowa","DM15M","hinowa-dm15m","230x48x64"
"Hinowa","DM15S","hinowa-dm15s","230x72x43"
"Hinowa","DM20","hinowa-dm20","250x72x52"
"Hinowa","DM20S","hinowa-dm20s","250x72x52"
"Hinowa","DM20S","hinowa-dm20s","250x48x78"
"Hinowa","DM20S","hinowa-dm20s","230x96x39"
"Hinowa","DM30","hinowa-dm30","300x55x82"
"Hinowa","DM30","hinowa-dm30","300x52.5x84"
"Hinowa","DM30C","hinowa-dm30c","300x109x36"
"Hinowa","DM30C","hinowa-dm30c","300x52.5x74"
"Hinowa","DM30S","hinowa-dm30s","300x55x82"
"Hinowa","DM30S","hinowa-dm30s","300x52.5x84"
"Hinowa","DM40","hinowa-dm40","300x55x82"
"Hinowa","DM40","hinowa-dm40","300x52.5x84"
"Hinowa","DM40L","hinowa-dm40l","300x55x82"
"Hinowa","DM40L","hinowa-dm40l","300x52.5x84"
"Hinowa","DM40L2V","hinowa-dm40l2v","300x55x82"
"Hinowa","DM40L2V","hinowa-dm40l2v","300x52.5x84"
"Hinowa","DM8","hinowa-dm8","180x72x34"
"Hinowa","DM8A","hinowa-dm8a","180x72x34"
"Hinowa","DM8M","hinowa-dm8m","180x72x34"
"Hinowa","Dumpy","hinowa-dumpy","180x60x37"
"Hinowa","GL1255","hinowa-gl1255","180x72x37"
"Hinowa","GL1470","hinowa-gl1470","180x72x37"
"Hinowa","Gold lift12.55","hinowa-goldlift1255","180x72x37"
"Hinowa","Gold lift14.70","hinowa-goldlift1470","180x72x37"
"Hinowa","Gold lift17.80XL","hinowa-goldlift1780xl","180x72x37"
"Hinowa","HP1000","hinowa-hp1000","180x72x34"
"Hinowa","HP1000","hinowa-hp1000","180x72x37"
"Hinowa","HP1000E","hinowa-hp1000e","180x72x37"
"Hinowa","HP1100","hinowa-hp1100","180x72x37"
"Hinowa","HP1100A","hinowa-hp1100a","180x72x37"
"Hinowa","HP1100D","hinowa-hp1100d","180x72x37"
"Hinowa","HP1150","hinowa-hp1150","180x72x37"
"Hinowa","HP1200","hinowa-hp1200","180x72x37"
"Hinowa","HP1200E","hinowa-hp1200e","180x72x37"
"Hinowa","HP1500","hinowa-hp1500","230x72x43"
"Hinowa","HP1500","hinowa-hp1500","230x96x39"
"Hinowa","HP1500","hinowa-hp1500","230x96x40"
"Hinowa","HP1500","hinowa-hp1500","250x48x78"
"Hinowa","HP1500","hinowa-hp1500","250x48x80"
"Hinowa","HP1500/2","hinowa-hp15002","230x96x38"
"Hinowa","HP1500/2","hinowa-hp15002","250x48x76"
"Hinowa","HP800","hinowa-hp800","180x72x34"
"Hinowa","HP800A","hinowa-hp800a","180x72x34"
"Hinowa","HP800E","hinowa-hp800e","180x72x34"
"Hinowa","HP850B/A","hinowa-hp850ba","180x72x35"
"Hinowa","HP850B/A","hinowa-hp850ba","180x72x37"
"Hinowa","HR15.1","hinowa-hr151","230x72x43"
"Hinowa","HS1100","hinowa-hs1100","180x72x37"
"Hinowa","HS1150","hinowa-hs1150","180x72x37"
"Hinowa","HS1200E","hinowa-hs1200e","180x72x37"
"Hinowa","HS701","hinowa-hs701","180x72x37"
"Hinowa","HS850","hinowa-hs850","180x72x35"
"Hinowa","LL14.72","hinowa-ll1472","180x72x37"
"Hinowa","LL15.70","hinowa-ll1570","180x72x37"
"Hinowa","LL19.65","hinowa-ll1965","180x72x37"
"Hinowa","LL23.12","hinowa-ll2312","230x96x39"
"Hinowa","LL23.12","hinowa-ll2312","250x48x78"
"Hinowa","LL33.17","hinowa-ll3317","300x55x82"
"Hinowa","LL33.17","hinowa-ll3317","300x52.5x84"
"Hinowa","PT10","hinowa-pt10","200x72x37"
"Hinowa","PT10","hinowa-pt10","180x72x37"
"Hinowa","PT100","hinowa-pt100","500x92x72"
"Hinowa","PT100","hinowa-pt100","485x92x72"
"Hinowa","PT10G","hinowa-pt10g","200x72x37"
"Hinowa","PT10G","hinowa-pt10g","180x72x37"
"Hinowa","PT10G/300","hinowa-pt10g300","200x72x37"
"Hinowa","PT10G/300","hinowa-pt10g300","180x72x37"
"Hinowa","PT30G","hinowa-pt30g","300x55x82"
"Hinowa","PT30G","hinowa-pt30g","300x52.5x84"
"Hinowa","PT30G/200","hinowa-pt30g200","300x55x82"
"Hinowa","PT30G/200","hinowa-pt30g200","300x52.5x84"
"Hinowa","PT35GL","hinowa-pt35gl","320x100x52"
"Hinowa","PT35GL/300","hinowa-pt35gl300","320x100x52"
"Hinowa","PT4000","hinowa-pt4000","350x109x42"
"Hinowa","PT4000","hinowa-pt4000","350x52.5x86"
"Hinowa","PT4000G/100","hinowa-pt4000g100","350x109x42"
"Hinowa","PT4000G/100","hinowa-pt4000g100","350x52.5x86"
"Hinowa","PT70","hinowa-pt70","400x72.5x74"
"Hinowa","PT70G/100","hinowa-pt70g100","400x72.5x74"
"Hinowa","PT70GL","hinowa-pt70gl","400x72.5x82"
"Hinowa","PT8","hinowa-pt8","180x72x34"
"Hinowa","PT8G/300","hinowa-pt8g300","180x72x34"
"Hinowa","PT9","hinowa-pt9","180x72x37"
"Hinowa","PT9C","hinowa-pt9c","180x72x35"
"Hinowa","PT13","hinowa-pt13","200x72x42"
"Hinowa","PT13/300","hinowa-pt13300","200x72x42"
"Hinowa","PT15","hinowa-pt15","230x72x43"
"Hinowa","PT150","hinowa-pt150","500x92x72"
"Hinowa","PT150","hinowa-pt150","485x92x72"
"Hinowa","PT15G","hinowa-pt15g","230x96x32"
"Hinowa","PT15G","hinowa-pt15g","230x48x64"
"Hinowa","PT15G/400","hinowa-pt15g400","230x72x43"
"Hinowa","PT15G/4001","hinowa-pt15g4001","230x96x32"
"Hinowa","PT15G/4001","hinowa-pt15g4001","230x48x64"
"Hinowa","PT1700","hinowa-pt1700","230x96x35"
"Hinowa","PT1700","hinowa-pt1700","230x48x70"
"Hinowa","PT20","hinowa-pt20","250x72x52"
"Hinowa","PT2000","hinowa-pt2000","230x96x39"
"Hinowa","PT2000","hinowa-pt2000","250x48x78"
"Hinowa","PT2000G/100","hinowa-pt2000g100","230x96x39"
"Hinowa","PT2000G/100","hinowa-pt2000g100","250x48x78"
"Hinowa","PT200P","hinowa-pt200p","230x96x40"
"Hinowa","PT200P","hinowa-pt200p","250x48x80"
"Hinowa","PT20G","hinowa-pt20g","250x72x52"
"Hinowa","PT20G/301","hinowa-pt20g301","250x72x52"
"Hinowa","PT20G/3011","hinowa-pt20g3011","250x96x39"
"Hinowa","PT20G/3011","hinowa-pt20g3011","250x48x78"
"Hinowa","PT20GL","hinowa-pt20gl","250x72x57"
"Hinowa","PT20GL/301","hinowa-pt20gl301","250x72x57"
"Hinowa","PT3000","hinowa-pt3000","300x54x78"
"Hinowa","PT3000","hinowa-pt3000","300x52.5x80"
"Hinowa","PT3000G/100","hinowa-pt3000g100","300x55x78"
"Hinowa","PT3000G/100","hinowa-pt3000g100","300x52.5x80"
"Hinowa","TT1350","hinowa-tt1350","200x96x33"
"Hinowa","TT1350","hinowa-tt1350","230x48x66"
"Hinowa","TT1600","hinowa-tt1600","230x96x35"
"Hinowa","TT1600","hinowa-tt1600","230x48x70"
"Hinowa","TT1700","hinowa-tt1700","230x96x35"
"Hinowa","TT1700","hinowa-tt1700","230x48x70"
"Hinowa","VT1550","hinowa-vt1550","230x72x43"
"Hinowa","VT1550","hinowa-vt1550","230x48x64"
"Hinowa","VT1550","hinowa-vt1550","230x96x32"
"Hinowa","VT1550 2V","hinowa-vt15502v","230x72x43"
"Hinowa","VT1650","hinowa-vt1650","230x72x43"
"Hinowa","VT1650","hinowa-vt1650","230x48x64"
"Hinowa","VT1650","hinowa-vt1650","230x96x32"
"Hinowa","VT1650 2V","hinowa-vt16502v","230x72x43"
"Hinowa","VT2000","hinowa-vt2000","230x96x39"
"Hinowa","VT2000","hinowa-vt2000","250x48x78"
"Hinowa","VT2500","hinowa-vt2500","250x107.5x37"
"Hinowa","VT2500","hinowa-vt2500","250x52.5x76"
"Hinowa","VT2500","hinowa-vt2500","300x52.5x76"
"Hinowa","VT3000","hinowa-vt3000","300x52.5x76"
"Hinowa","VT3000","hinowa-vt3000","250x52.5x76"
"Hinowa","VT3000 2V","hinowa-vt30002v","300x54x78"
"Hinowa","VT3000 2V","hinowa-vt30002v","300x52.5x80"
"Hinowa","VT4000","hinowa-vt4000","350x108x42"
"Hinowa","VT4000","hinowa-vt4000","350x52.5x86"
"Hinowa","VT4000 2V","hinowa-vt40002v","350x109x42"
"Hinowa","VT4000 2V","hinowa-vt40002v","350x52.5x86"
"Hinowa","VTT1300","hinowa-vtt1300","200x96x31"
"Hinowa","VTT1300","hinowa-vtt1300","230x48x62"
"Hinowa","VTT1550","hinowa-vtt1550","200x96x35"
"Hinowa","VTT1550","hinowa-vtt1550","230x48x70"
"Hinowa","VTT1650","hinowa-vtt1650","200x96x35"
"Hinowa","VTT1650","hinowa-vtt1650","230x48x70"
"Hinowa","YB10","hinowa-yb10","230x72x43"
"Hinowa","YFW5D-1","hinowa-yfw5d-1","230x72x50"
"Hitachi","16","hitachi-16","230x96x33"
"Hitachi","16","hitachi-16","230x48x66"
"Hitachi","18","hitachi-18","230x96x33"
"Hitachi","18","hitachi-18","230x48x66"
"Hitachi","25","hitachi-25","250x52.5x73"
"Hitachi","25","hitachi-25","300x52.5x72"
"Hitachi","30","hitachi-30","300x52.5x82"
"Hitachi","30U","hitachi-30u","300x52.5x86"
"Hitachi","35","hitachi-35","300x52.5x82"
"Hitachi","35U","hitachi-35u","300x52.5x86"
"Hitachi","40","hitachi-40","400x72.5x72"
"Hitachi","40U","hitachi-40u","400x72.5x72"
"Hitachi","50","hitachi-50","400x72.5x72"
"Hitachi","50U","hitachi-50u","400x72.5x72"
"Hitachi","50U-2","hitachi-50u-2","400x72.5x72"
"Hitachi","55U","hitachi-55u","400x72.5x72"
"Hitachi","70","hitachi-70","450x81x78"
"Hitachi","80","hitachi-80","450x81x78"
"Hitachi","85","hitachi-85","450x81x78"
"Hitachi","AX16-2N","hitachi-ax16-2n","230x96x33"
"Hitachi","AX16-2N","hitachi-ax16-2n","230x48x66"
"Hitachi","CG100","hitachi-cg100","750x150x66"
"Hitachi","CG110","hitachi-cg110","750x150x66"
"Hitachi","CG65","hitachi-cg65","700x100x98"
"Hitachi","EX08","hitachi-ex08","180x72x37"
"Hitachi","EX100","hitachi-ex100","500x92x78"
"Hitachi","EX100-1","hitachi-ex100-1","500x92x78"
"Hitachi","EX100-2","hitachi-ex100-2","500x92x78"
"Hitachi","EX100-3","hitachi-ex100-3","500x92x78"
"Hitachi","EX100-5","hitachi-ex100-5","500x92x78"
"Hitachi","EX105","hitachi-ex105","500x92x78"
"Hitachi","EX10U","hitachi-ex10u","180x72x40"
"Hitachi","EX10UX","hitachi-ex10ux","180x72x40"
"Hitachi","EX12","hitachi-ex12","230x96x31"
"Hitachi","EX12","hitachi-ex12","230x48x62"
"Hitachi","EX12","hitachi-ex12","230x72x42"
"Hitachi","EX12-1","hitachi-ex12-1","230x96x31"
"Hitachi","EX12-1","hitachi-ex12-1","230x48x62"
"Hitachi","EX12-2","hitachi-ex12-2","230x96x31"
"Hitachi","EX12-2","hitachi-ex12-2","230x48x62"
"Hitachi","EX120","hitachi-ex120","500x92x84"
"Hitachi","EX120-2","hitachi-ex120-2","500x92x84"
"Hitachi","EX120-5","hitachi-ex120-5","500x92x84"
"Hitachi","EX135U","hitachi-ex135u","500x92x84"
"Hitachi","EX135UR","hitachi-ex135ur","500x92x84"
"Hitachi","EX135VR","hitachi-ex135vr","500x92x84"
"Hitachi","EX138UU","hitachi-ex138uu","500x92x84"
"Hitachi","EX14","hitachi-ex14","230x72x42"
"Hitachi","EX14SR","hitachi-ex14sr","230x72x42"
"Hitachi","EX15","hitachi-ex15","230x96x31"
"Hitachi","EX15","hitachi-ex15","230x48x62"
"Hitachi","EX15","hitachi-ex15","230x96x34"
"Hitachi","EX15","hitachi-ex15","230x48x68"
"Hitachi","EX15-1","hitachi-ex15-1","230x96x31"
"Hitachi","EX15-1","hitachi-ex15-1","230x48x62"
"Hitachi","EX15-2","hitachi-ex15-2","230x96x31"
"Hitachi","EX15-2","hitachi-ex15-2","230x48x62"
"Hitachi","EX15SR","hitachi-ex15sr","200x72x42"
"Hitachi","EX15U","hitachi-ex15u","230x96x31"
"Hitachi","EX15U","hitachi-ex15u","230x48x62"
"Hitachi","EX15UR","hitachi-ex15ur","230x96x35"
"Hitachi","EX15UR","hitachi-ex15ur","230x48x70"
"Hitachi","EX16","hitachi-ex16","230x96x31"
"Hitachi","EX16","hitachi-ex16","230x48x62"
"Hitachi","EX16-2","hitachi-ex16-2","230x96x33"
"Hitachi","EX16-2","hitachi-ex16-2","230x48x66"
"Hitachi","EX17","hitachi-ex17","230x96x33"
"Hitachi","EX17","hitachi-ex17","230x48x66"
"Hitachi","EX17-2","hitachi-ex17-2","230x96x33"
"Hitachi","EX17-2","hitachi-ex17-2","230x48x66"
"Hitachi","EX17-2B","hitachi-ex17-2b","230x96x33"
"Hitachi","EX17-2B","hitachi-ex17-2b","230x48x66"
"Hitachi","EX17U","hitachi-ex17u","230x96x35"
"Hitachi","EX17U","hitachi-ex17u","230x48x70"
"Hitachi","EX20-2","hitachi-ex20-2","250x52.5x73"
"Hitachi","EX20-2","hitachi-ex20-2","300x52.5x72"
"Hitachi","EX20U","hitachi-ex20u","250x96x41"
"Hitachi","EX20U","hitachi-ex20u","250x47x84"
"Hitachi","EX20U","hitachi-ex20u","250x48x82"
"Hitachi","EX20U-1","hitachi-ex20u-1","250x96x41"
"Hitachi","EX20U-1","hitachi-ex20u-1","250x47x84"
"Hitachi","EX20U-1","hitachi-ex20u-1","250x48x82"
"Hitachi","EX20U-3","hitachi-ex20u-3","250x52.5x76"
"Hitachi","EX20U-3","hitachi-ex20u-3","300x52.5x76"
"Hitachi","EX20UR","hitachi-ex20ur","250x52.5x76"
"Hitachi","EX20UR","hitachi-ex20ur","300x52.5x76"
"Hitachi","EX20UR-1","hitachi-ex20ur-1","250x52.5x76"
"Hitachi","EX20UR-1","hitachi-ex20ur-1","300x52.5x76"
"Hitachi","EX20UR-3","hitachi-ex20ur-3","250x52.5x77"
"Hitachi","EX21","hitachi-ex21","250x52.5x73"
"Hitachi","EX21","hitachi-ex21","300x52.5x72"
"Hitachi","EX22","hitachi-ex22","250x52.5x73"
"Hitachi","EX22","hitachi-ex22","300x52.5x72"
"Hitachi","EX22-1","hitachi-ex22-1","250x52.5x73"
"Hitachi","EX22-1","hitachi-ex22-1","300x52.5x72"
"Hitachi","EX22-2","hitachi-ex22-2","250x52.5x73"
"Hitachi","EX22-2","hitachi-ex22-2","300x52.5x72"
"Hitachi","EX24","hitachi-ex24","300x109x35"
"Hitachi","EX24","hitachi-ex24","300x52.5x72"
"Hitachi","EX24U","hitachi-ex24u","300x52.5x76"
"Hitachi","EX24U","hitachi-ex24u","250x52.5x76"
"Hitachi","EX25","hitachi-ex25","300x55x74"
"Hitachi","EX25","hitachi-ex25","250x52.5x76"
"Hitachi","EX25","hitachi-ex25","300x52.5x76"
"Hitachi","EX25-1","hitachi-ex25-1","300x55x74"
"Hitachi","EX25-1","hitachi-ex25-1","250x52.5x76"
"Hitachi","EX25-1","hitachi-ex25-1","300x52.5x76"
"Hitachi","EX25-2","hitachi-ex25-2","300x52.5x77"
"Hitachi","EX25-2","hitachi-ex25-2","250x52.5x76"
"Hitachi","EX25-2","hitachi-ex25-2","300x52.5x76"
"Hitachi","EX25U","hitachi-ex25u","300x52.5x78"
"Hitachi","EX26","hitachi-ex26","300x109x37"
"Hitachi","EX26","hitachi-ex26","250x52.5x76"
"Hitachi","EX26","hitachi-ex26","300x52.5x76"
"Hitachi","EX27","hitachi-ex27","300x109x37"
"Hitachi","EX27","hitachi-ex27","250x52.5x76"
"Hitachi","EX27","hitachi-ex27","300x52.5x76"
"Hitachi","EX27U","hitachi-ex27u","300x52.5x78"
"Hitachi","EX29U","hitachi-ex29u","300x52.5x78"
"Hitachi","EX29UR","hitachi-ex29ur","300x52.5x78"
"Hitachi","EX30","hitachi-ex30","300x55x80"
"Hitachi","EX30","hitachi-ex30","300x52.5x82"
"Hitachi","EX30-1","hitachi-ex30-1","300x55x80"
"Hitachi","EX30-1","hitachi-ex30-1","300x52.5x82"
"Hitachi","EX30-2","hitachi-ex30-2","300x52.5x82"
"Hitachi","EX30U Lotus root","hitachi-ex30ulotusroot","300x55x80"
"Hitachi","EX30U Lotus root","hitachi-ex30ulotusroot","300x52.5x82"
"Hitachi","EX30UR","hitachi-ex30ur","300x52.5x76"
"Hitachi","EX30UR","hitachi-ex30ur","300x52.5x82"
"Hitachi","EX30UR-1","hitachi-ex30ur-1","300x55x74"
"Hitachi","EX30UR-1","hitachi-ex30ur-1","300x52.5x76"
"Hitachi","EX30UR-2","hitachi-ex30ur-2","300x55x74"
"Hitachi","EX30UR-2","hitachi-ex30ur-2","300x52.5x76"
"Hitachi","EX30UR-3","hitachi-ex30ur-3","300x52.5x82"
"Hitachi","EX32U","hitachi-ex32u","300x52.5x82"
"Hitachi","EX33","hitachi-ex33","300x109x41"
"Hitachi","EX33","hitachi-ex33","300x52.5x84"
"Hitachi","EX33Mu","hitachi-ex33mu","300x52.5x82"
"Hitachi","EX33U","hitachi-ex33u","300x55x80"
"Hitachi","EX33U","hitachi-ex33u","300x52.5x82"
"Hitachi","EX33U-3","hitachi-ex33u-3","300x55x80"
"Hitachi","EX33U-3","hitachi-ex33u-3","300x52.5x82"
"Hitachi","EX35","hitachi-ex35","300x55x82"
"Hitachi","EX35","hitachi-ex35","300x52.5x84"
"Hitachi","EX35-1","hitachi-ex35-1","300x55x82"
"Hitachi","EX35-1","hitachi-ex35-1","300x52.5x84"
"Hitachi","EX35-2","hitachi-ex35-2","300x52.5x82"
"Hitachi","EX35U","hitachi-ex35u","300x52.5x86"
"Hitachi","EX36U","hitachi-ex36u","300x52.5x86"
"Hitachi","EX40","hitachi-ex40","400x72.5x72"
"Hitachi","EX40","hitachi-ex40","400x725x72"
"Hitachi","EX40-2","hitachi-ex40-2","400x72.5x72"
"Hitachi","EX40-2","hitachi-ex40-2","400x725x72"
"Hitachi","EX40U","hitachi-ex40u","400x72.5x72"
"Hitachi","EX40U","hitachi-ex40u","400x725x72"
"Hitachi","EX40UR","hitachi-ex40ur","300x55x82"
"Hitachi","EX40UR","hitachi-ex40ur","300x52.5x84"
"Hitachi","EX40UR-1","hitachi-ex40ur-1","300x55x82"
"Hitachi","EX40UR-1","hitachi-ex40ur-1","300x52.5x84"
"Hitachi","EX40UR-2","hitachi-ex40ur-2","300x55x82"
"Hitachi","EX40UR-2","hitachi-ex40ur-2","300x52.5x84"
"Hitachi","EX40URG","hitachi-ex40urg","300x55x82"
"Hitachi","EX40URG","hitachi-ex40urg","300x52.5x84"
"Hitachi","EX45","hitachi-ex45","400x72.5x72"
"Hitachi","EX45-2","hitachi-ex45-2","400x72.5x72"
"Hitachi","EX50","hitachi-ex50","400x142x37"
"Hitachi","EX50","hitachi-ex50","400x72.5x72"
"Hitachi","EX50-1","hitachi-ex50-1","400x142x37"
"Hitachi","EX50-1","hitachi-ex50-1","400x72.5x72"
"Hitachi","EX50-2","hitachi-ex50-2","400x72.5x72"
"Hitachi","EX50U","hitachi-ex50u","400x72.5x72"
"Hitachi","EX50UR","hitachi-ex50ur","400x72.5x72"
"Hitachi","EX50UR-2","hitachi-ex50ur-2","400x72.5x72"
"Hitachi","EX50URG","hitachi-ex50urg","400x72.5x72"
"Hitachi","EX55","hitachi-ex55","400x72.5x72"
"Hitachi","EX55","hitachi-ex55","400x142x39"
"Hitachi","EX55","hitachi-ex55","400x72.5x76"
"Hitachi","EX55UR","hitachi-ex55ur","400x72.5x72"
"Hitachi","EX55UR-2","hitachi-ex55ur-2","400x72.5x72"
"Hitachi","EX55UR-3","hitachi-ex55ur-3","400x72.5x72"
"Hitachi","EX55URG","hitachi-ex55urg","400x142x37"
"Hitachi","EX55URG","hitachi-ex55urg","400x72.5x72"
"Hitachi","EX58","hitachi-ex58","400x72.5x74"
"Hitachi","EX58Mu","hitachi-ex58mu","400x72.5x74"
"Hitachi","EX60LC","hitachi-ex60lc","450x81x78"
"Hitachi","EX60LC-2","hitachi-ex60lc-2","450x81x76"
"Hitachi","EX60LC-3","hitachi-ex60lc-3","450x163x38"
"Hitachi","EX60LC-3","hitachi-ex60lc-3","450x81x76"
"Hitachi","EX60LC-5","hitachi-ex60lc-5","450x81x78"
"Hitachi","EX60URG-2","hitachi-ex60urg-2","450x81x76"
"Hitachi","EX7","hitachi-ex7","180x72x36"
"Hitachi","EX70U","hitachi-ex70u","450x81x78"
"Hitachi","EX75-2","hitachi-ex75-2","450x81x76"
"Hitachi","EX75UR","hitachi-ex75ur","450x81x76"
"Hitachi","EX75UR-2","hitachi-ex75ur-2","450x81x76"
"Hitachi","EX75UR-3","hitachi-ex75ur-3","450x81x76"
"Hitachi","EX75UR-3","hitachi-ex75ur-3","450x81x78"
"Hitachi","EX75UR-5","hitachi-ex75ur-5","450x81x78"
"Hitachi","EX75US","hitachi-ex75us","450x81x78"
"Hitachi","EX75US-7","hitachi-ex75us-7","450x81x78"
"Hitachi","EX8","hitachi-ex8","180x72x37"
"Hitachi","EX8-1","hitachi-ex8-1","180x72x37"
"Hitachi","EX8-2","hitachi-ex8-2","180x72x37"
"Hitachi","EX8-2B","hitachi-ex8-2b","180x72x37"
"Hitachi","EX80U","hitachi-ex80u","450x81.5x76"
"Hitachi","EX80U","hitachi-ex80u","450x81x78"
"Hitachi","Ex18-2","hitachi-ex18-2","250x52.5x73"
"Hitachi","Ex18-2","hitachi-ex18-2","300x52.5x72"
"Hitachi","HE10","hitachi-he10","230x72x42"
"Hitachi","HE15","hitachi-he15","230x96x33"
"Hitachi","HE15","hitachi-he15","230x48x66"
"Hitachi","HX140B","hitachi-hx140b","400x72.5x72"
"Hitachi","HX140B","hitachi-hx140b","400x72.5x78"
"Hitachi","HX64B","hitachi-hx64b","250x52.5x76"
"Hitachi","HX64B","hitachi-hx64b","300x52.5x76"
"Hitachi","HX99B","hitachi-hx99b","400x72.5x72"
"Hitachi","HX99B-2","hitachi-hx99b-2","400x72.5x72"
"Hitachi","ME15","hitachi-me15","230x96x33"
"Hitachi","ME15","hitachi-me15","230x48x66"
"Hitachi","ME15S","hitachi-me15s","230x72x42"
"Hitachi","SH15-2","hitachi-sh15-2","230x96x31"
"Hitachi","SH15-2","hitachi-sh15-2","230x48x62"
"Hitachi","SH30-2","hitachi-sh30-2","300x55x80"
"Hitachi","SH30-2","hitachi-sh30-2","300x52.5x82"
"Hitachi","SH40-2","hitachi-sh40-2","400x72.5x72"
"Hitachi","SH45-2","hitachi-sh45-2","400x72.5x72"
"Hitachi","UE004","hitachi-ue004","230x72x42"
"Hitachi","UE10","hitachi-ue10","230x72x42"
"Hitachi","UE12","hitachi-ue12","230x72x42"
"Hitachi","UE15","hitachi-ue15","230x72x42"
"Hitachi","UE15","hitachi-ue15","230x72x43"
"Hitachi","UE15SR","hitachi-ue15sr","230x72x42"
"Hitachi","UE15SR","hitachi-ue15sr","230x72x43"
"Hitachi","UE20","hitachi-ue20","300x109x35"
"Hitachi","UE20","hitachi-ue20","320x100x38"
"Hitachi","UE20","hitachi-ue20","300x52.5x72"
"Hitachi","UE30","hitachi-ue30","300x52.5x84"
"Hitachi","UE30","hitachi-ue30","320x100x44"
"Hitachi","UE35","hitachi-ue35","300x109x42"
"Hitachi","UE35","hitachi-ue35","300x52.5x86"
"Hitachi","UE40","hitachi-ue40","350x109x42"
"Hitachi","UE40","hitachi-ue40","300x52.5x86"
"Hitachi","UE45","hitachi-ue45","400x72.5x72"
"Hitachi","UE50","hitachi-ue50","400x72.5x72"
"Hitachi","ZE19","hitachi-ze19","230x48x70"
"Hitachi","ZX10U","hitachi-zx10u","180x72x41"
"Hitachi","ZX10U-2","hitachi-zx10u-2","180x72x41"
"Hitachi","ZX135","hitachi-zx135","500x92x84"
"Hitachi","ZX14-3","hitachi-zx14-3","230x96x31"
"Hitachi","ZX14-3","hitachi-zx14-3","230x48x62"
"Hitachi","ZX16","hitachi-zx16","230x96x33"
"Hitachi","ZX16","hitachi-zx16","230x48x66"
"Hitachi","ZX16-3","hitachi-zx16-3","230x48x66"
"Hitachi","ZX16YLR","hitachi-zx16ylr","230x96x33"
"Hitachi","ZX16YLR","hitachi-zx16ylr","230x48x66"
"Hitachi","ZX17U-2","hitachi-zx17u-2","230x48x70"
"Hitachi","ZX17U-2YLR","hitachi-zx17u-2ylr","230x96x35"
"Hitachi","ZX17U-2YLR","hitachi-zx17u-2ylr","230x48x70"
"Hitachi","ZX17U-5","hitachi-zx17u-5","230x48x70"
"Hitachi","ZX17U-6","hitachi-zx17u-6","230x48x70"
"Hitachi","ZX18","hitachi-zx18","230x96x33"
"Hitachi","ZX18","hitachi-zx18","230x48x66"
"Hitachi","ZX18-3","hitachi-zx18-3","230x48x70"
"Hitachi","ZX19U-5","hitachi-zx19u-5","230x48x70"
"Hitachi","ZX19U-6","hitachi-zx19u-6","230x48x70"
"Hitachi","ZX22U","hitachi-zx22u","250x52.5x77"
"Hitachi","ZX22U-2","hitachi-zx22u-2","250x52.5x77"
"Hitachi","ZX25","hitachi-zx25","250x52.5x73"
"Hitachi","ZX25","hitachi-zx25","300x52.5x72"
"Hitachi","ZX25CLR","hitachi-zx25clr","250x52.5x73"
"Hitachi","ZX25CLR","hitachi-zx25clr","300x52.5x72"
"Hitachi","ZX26U-5","hitachi-zx26u-5","300x52.5x80"
"Hitachi","ZX27U","hitachi-zx27u","300x52.5x78"
"Hitachi","ZX27U-2","hitachi-zx27u-2","300x52.5x80"
"Hitachi","ZX27U-3","hitachi-zx27u-3","300x52.5x80"
"Hitachi","ZX29U","hitachi-zx29u","300x52.5x80"
"Hitachi","ZX29U-3","hitachi-zx29u-3","300x52.5x80"
"Hitachi","ZX30","hitachi-zx30","300x52.5x82"
"Hitachi","ZX30U","hitachi-zx30u","300x52.5x86"
"Hitachi","ZX30U-2","hitachi-zx30u-2","300x52.5x86"
"Hitachi","ZX30U-3F","hitachi-zx30u-3f","300x52.5x86"
"Hitachi","ZX33U","hitachi-zx33u","300x52.5x86"
"Hitachi","ZX33U-3","hitachi-zx33u-3","300x52.5x86"
"Hitachi","ZX33U-5","hitachi-zx33u-5","300x52.5x86"
"Hitachi","ZX35","hitachi-zx35","300x52.5x82"
"Hitachi","ZX35U-2","hitachi-zx35u-2","300x52.5x86"
"Hitachi","ZX35U-3","hitachi-zx35u-3","300x52.5x86"
"Hitachi","ZX35U-5","hitachi-zx35u-5","300x52.5x86"
"Hitachi","ZX38U","hitachi-zx38u","300x52.5x86"
"Hitachi","ZX38U-3","hitachi-zx38u-3","300x52.5x86"
"Hitachi","ZX38U-5","hitachi-zx38u-5","300x52.5x86"
"Hitachi","ZX40","hitachi-zx40","400x72.5x72"
"Hitachi","ZX40U","hitachi-zx40u","400x72.5x72"
"Hitachi","ZX40U-2","hitachi-zx40u-2","400x72.5x74"
"Hitachi","ZX40U-3","hitachi-zx40u-3","400x72.5x74"
"Hitachi","ZX48U-3","hitachi-zx48u-3","400x72.5x74"
"Hitachi","ZX48U-5","hitachi-zx48u-5","400x72.5x74"
"Hitachi","ZX50","hitachi-zx50","400x72.5x72"
"Hitachi","ZX50U","hitachi-zx50u","400x72.5x72"
"Hitachi","ZX50U","hitachi-zx50u","400x72.5x74"
"Hitachi","ZX50U-2","hitachi-zx50u-2","400x72.5x74"
"Hitachi","ZX50U-3","hitachi-zx50u-3","400x72.5x74"
"Hitachi","ZX50U-5","hitachi-zx50u-5","400x72.5x74"
"Hitachi","ZX52U","hitachi-zx52u","400x72.5x74"
"Hitachi","ZX52U-3","hitachi-zx52u-3","400x72.5x74"
"Hitachi","ZX55U","hitachi-zx55u","400x72.5x72"
"Hitachi","ZX55U-5","hitachi-zx55u-5","400x72.5x74"
"Hitachi","ZX55U-6","hitachi-zx55u-6","400x72.5x74"
"Hitachi","ZX60U-3","hitachi-zx60u-3","400x72.5x74"
"Hitachi","ZX60U-5","hitachi-zx60u-5","400x72.5x74"
"Hitachi","ZX60USB","hitachi-zx60usb","400x72.5x74"
"Hitachi","ZX60USB-3","hitachi-zx60usb-3","400x72.5x74"
"Hitachi","ZX60USB-5N","hitachi-zx60usb-5n","400x72.5x74"
"Hitachi","ZX65U-5","hitachi-zx65u-5","400x72.5x74"
"Hitachi","ZX65USB-6","hitachi-zx65usb-6","400x72.5x74"
"Hitachi","ZX70LC","hitachi-zx70lc","450x81x78"
"Hitachi","ZX75US","hitachi-zx75us","450x81.5x76"
"Hitachi","ZX75US","hitachi-zx75us","450x81x76"
"Hitachi","ZX8-2","hitachi-zx8-2","180x72x37"
"Hitachi","ZX80LC","hitachi-zx80lc","450x81x78"
"Hitachi","ZX85","hitachi-zx85","450x81x78"
"Hitachi","ZX85US","hitachi-zx85us","450x81x78"
"Hitachi","ZX85US-3","hitachi-zx85us-3","450x81x78"
"Hitachi","ZX85US-5A","hitachi-zx85us-5a","450x81x78"
"Hokuetsu","HM07S","hokuetsu-hm07s","180x72x36"
"Hokuetsu","HM10","hokuetsu-hm10","200x72x42"
"Hokuetsu","HM10G","hokuetsu-hm10g","200x72x42"
"Hokuetsu","HM10SG","hokuetsu-hm10sg","200x72x42"
"Hokuetsu","HM15","hokuetsu-hm15","200x72x42"
"Hokuetsu","HM15S","hokuetsu-hm15s","200x72x42"
"Hokuetsu","HM30SZG","hokuetsu-hm30szg","300x109x40"
"Hokuetsu","HM30SZG","hokuetsu-hm30szg","300x52.5x82"
"Hokuetsu","HM45","hokuetsu-hm45","400x146x36"
"Hokuetsu","HM45","hokuetsu-hm45","400x72.5x72"
"Holmac","HM200","holmac-hm200","200x72x37"
"Holmac","HZC16-22","holmac-hzc16-22","200x72x37"
"Holmac","HZC16-22","holmac-hzc16-22","180x72x37"
"Holmac","HZC24","holmac-hzc24","230x72x37"
"Holmac","HZC25","holmac-hzc25","230x72x37"
"Holmac","HZC26-20","holmac-hzc26-20","230x72x43"
"Holmac","HZC26TL","holmac-hzc26tl","200x72x42"
"Holmac","HZC26TL","holmac-hzc26tl","200x72x37"
"Holmac","HZC26TL","holmac-hzc26tl","180x72x37"
"Holmac","HZC29 2X","holmac-hzc292x","230x72x43"
"Holmac","HZC35","holmac-hzc35","300x72x45"
"Holmac","HZC35","holmac-hzc35","250x72x45"
"Holmac","HZC35T","holmac-hzc35t","300x72x45"
"Holmac","HZC35T","holmac-hzc35t","250x72x45"
"Holmac","HZC37","holmac-hzc37","300x72x45"
"Holmac","HZC37","holmac-hzc37","250x72x45"
"Holman","R13700","holman-r13700","230x72x43"
"Holmed","Mini-excavator","holmed-mini-excavator","200x72x36"
"Holmed","Mini-excavator","holmed-mini-excavator","180x72x36"
"Honda","B114","honda-b114","180x60x30"
"Honda","B415","honda-b415","180x60x37"
"Honda","HP250","honda-hp250","180x60x30"
"Honda","HP250","honda-hp250","180x60x34"
"Honda","HP250","honda-hp250","180x60x37"
"Honda","HP350","honda-hp350","180x60x34"
"Honda","HP400","honda-hp400","180x60x37"
"Honda","HP400","honda-hp400","180x72x34"
"Honda","HP500","honda-hp500","180x60x37"
"Honda","HP500","honda-hp500","230x72x37"
"Honda","HP510","honda-hp510","180x60x37"
"Honda","HP515","honda-hp515","180x60x37"
"Honda","HP516","honda-hp516","180x60x37"
"Honda","HP800A","honda-hp800a","180x72x34"
"Honda","SC156DD","honda-sc156dd","180x60x34"
"Honda","SC433","honda-sc433","200x72x35"
"Honda","SC433","honda-sc433","180x72x35"
"Huki","110","huki-110","230x72x47"
"Huki","120H","huki-120h","250x72x52"
"Huki","130","huki-130","250x72x48"
"Huki","150","huki-150","250x72x52"
"Huki","150R","huki-150r","250x72x48"
"Huki","150S","huki-150s","250x72x48"
"Huki","700-2","huki-700-2","700x100x98"
"Huki","80","huki-80","230x72x43"
"Huki","D50","huki-d50","200x72x34"
"Huki","D50","huki-d50","180x72x34"
"Husqvarna","DXR140","husqvarna-dxr140","180x72x35"
"Husqvarna","DXR270","husqvarna-dxr270","230x72x43"
"Husqvarna","DXR300","husqvarna-dxr300","230x72x43"
"Husqvarna","DXR310","husqvarna-dxr310","230x72x43"
"Husqvarna","DXR250","husqvarna-dxr250","230x72x37"
"Hutte","HBR202TF","hutte-hbr202tf","250x72x57"
"Hutter","14G2","hutter-14g2","230x72x43"
"Hydra","9 / 2","hydra-92","180x60x38"
"Hydra","JOY1","hydra-joy1","230x72x43"
"Hydra","JOY2","hydra-joy2","250x72x52"
"Hydramac","H15","hydramac-h15","230x72x43"
"Hydramac","H20","hydramac-h20","230x72x43"
"Hydro Rain","EUROPA H20","hydro-rain-europah20","230x72x43"
"Hyundai","HX10A","hyundai-hx10a","180x72x37"
"Hyundai","R35Z-9","hyundai-r35z-9","300x52.5x86"
"Hyundai","Robex15-5","hyundai-robex15-5","230x48x66"
"Hyundai","Robex15-5","hyundai-robex15-5","230x96x33"
"Hyundai","Robex15-7","hyundai-robex15-7","230x48x66"
"Hyundai","Robex15-7","hyundai-robex15-7","230x96x33"
"Hyundai","Robex16-7","hyundai-robex16-7","230x48x66"
"Hyundai","Robex16-7","hyundai-robex16-7","230x96x33"
"Hyundai","Robex16-9","hyundai-robex16-9","230x48x70"
"Hyundai","Robex17z-9a","hyundai-robex17z-9a","230x48x70"
"Hyundai","Robex18-9","hyundai-robex18-9","230x48x70"
"Hyundai","Robex25z-9ak","hyundai-robex25z-9ak","250x52.5x78"
"Hyundai","Robex27Z-9","hyundai-robex27z-9","300x52.5x80"
"Hyundai","Robex28-5","hyundai-robex28-5","300x52.5x74"
"Hyundai","Robex30","hyundai-robex30","300x55x78"
"Hyundai","Robex30","hyundai-robex30","300x52.5x80"
"Hyundai","Robex30z-9a","hyundai-robex30z-9a","300x52.5x80"
"Hyundai","Robex30z-9ak","hyundai-robex30z-9ak","300x52.5x80"
"Hyundai","Robex35-9","hyundai-robex35-9","300x52.5x86"
"Hyundai","Robex35Z-7A","hyundai-robex35z-7a","300x52.5x86"
"Hyundai","Robex35z-9a","hyundai-robex35z-9a","300x52.5x86"
"Hyundai","Robex35z-9ak","hyundai-robex35z-9ak","300x52.5x86"
"Hyundai","Robex36-7","hyundai-robex36-7","300x52.5x84"
"Hyundai","Robex55-3","hyundai-robex55-3","400x73x76"
"Hyundai","Robex55-3","hyundai-robex55-3","400x72.5x76"
"Hyundai","Robex55-7","hyundai-robex55-7","400x73x76"
"Hyundai","Robex55-7","hyundai-robex55-7","400x72.5x76"
"Hyundai","Robex55-9","hyundai-robex55-9","400x73x76"
"Hyundai","Robex55-9","hyundai-robex55-9","400x72.5x76"
"Hyundai","Robex55-9a","hyundai-robex55-9a","400x73x76"
"Hyundai","Robex55-9a","hyundai-robex55-9a","400x72.5x76"
"Hyundai","Robex60cr-9a","hyundai-robex60cr-9a","400x73x76"
"Hyundai","Robex60cr-9a","hyundai-robex60cr-9a","400x72.5x76"
"Hyundai","Robex75-7","hyundai-robex75-7","450x71x86"
"Hyundai","Robex80CR-9","hyundai-robex80cr-9","450x83.5x74"
"Hyundai","Robex80CR-9","hyundai-robex80cr-9","450x81x76"
"Hyundai","Robex R60CR-9","hyundai-robexr60cr-9","400x73x76"
"Hyundai","Robex R60CR-9","hyundai-robexr60cr-9","400x72.5x76"
"ICE(Internationalstruction Equipment INC","TD308","ice(internationalstruction-equipment-inc-td308","230x96x33"
"ICE(Internationalstruction Equipment INC","TD308","ice(internationalstruction-equipment-inc-td308","230x48x66"
"IHI","102","ihi-102","180x72x34"
"IHI","102R","ihi-102r","180x72x37"
"IHI","103","ihi-103","180x72x37"
"IHI","103E","ihi-103e","180x72x37"
"IHI","107","ihi-107","200x72x37"
"IHI","107","ihi-107","180x72x37"
"IHI","10Z","ihi-10z","230x72x47"
"IHI","12J","ihi-12j","230x72x47"
"IHI","12JX","ihi-12jx","230x72x47"
"IHI","12NX","ihi-12nx","230x72x47"
"IHI","12VXE","ihi-12vxe","200x72x40"
"IHI","14NXT","ihi-14nxt","230x96x32"
"IHI","14NXT","ihi-14nxt","230x48x64"
"IHI","15J","ihi-15j","230x96x32"
"IHI","15J","ihi-15j","230x48x64"
"IHI","15NX","ihi-15nx","230x96x35"
"IHI","15NX","ihi-15nx","230x48x70"
"IHI","16N","ihi-16n","230x96x32"
"IHI","16N","ihi-16n","230x48x64"
"IHI","16NXT","ihi-16nxt","230x96x35"
"IHI","16NXT","ihi-16nxt","230x48x70"
"IHI","17J","ihi-17j","230x96x32"
"IHI","17J","ihi-17j","230x48x64"
"IHI","17NE","ihi-17ne","230x96x32"
"IHI","17NE","ihi-17ne","230x48x64"
"IHI","17VXE","ihi-17vxe","230x96x35"
"IHI","17VXE","ihi-17vxe","230x48x70"
"IHI","18J","ihi-18j","230x96x35"
"IHI","18J","ihi-18j","230x48x70"
"IHI","18N","ihi-18n","230x96x35"
"IHI","18N","ihi-18n","230x48x70"
"IHI","18NXT","ihi-18nxt","230x96x35"
"IHI","18NXT","ihi-18nxt","230x48x70"
"IHI","19VXT","ihi-19vxt","230x96x35"
"IHI","19VXT","ihi-19vxt","230x48x70"
"IHI","20JX","ihi-20jx","250x96x40"
"IHI","20JX","ihi-20jx","250x48x80"
"IHI","20NX","ihi-20nx","250x96x40"
"IHI","20NX","ihi-20nx","250x48x80"
"IHI","20NX-2","ihi-20nx-2","250x96x40"
"IHI","20NX-2","ihi-20nx-2","250x48x80"
"IHI","20Z","ihi-20z","250x96x40"
"IHI","20Z","ihi-20z","250x48x80"
"IHI","22UX","ihi-22ux","300x109x39"
"IHI","22UX","ihi-22ux","300x52.5x80"
"IHI","25J","ihi-25j","300x52.5x72"
"IHI","25JX","ihi-25jx","300x52.5x76"
"IHI","25NX","ihi-25nx","300x52.5x78"
"IHI","25VX","ihi-25vx","300x52.5x78"
"IHI","27V4","ihi-27v4","250x52.5x78"
"IHI","27V4","ihi-27v4","300x52.5x78"
"IHI","28J","ihi-28j","300x52.5x76"
"IHI","28N","ihi-28n","300x52.5x78"
"IHI","28N-2","ihi-28n-2","300x52.5x78"
"IHI","28N-3","ihi-28n-3","300x52.5x78"
"IHI","28UX","ihi-28ux","300x109x39"
"IHI","28UX","ihi-28ux","300x52.5x80"
"IHI","30J","ihi-30j","300x52.5x80"
"IHI","30JX","ihi-30jx","300x52.5x84"
"IHI","30NX","ihi-30nx","300x52.5x84"
"IHI","30NX-2","ihi-30nx-2","300x55x82"
"IHI","30NX-2","ihi-30nx-2","300x52.5x84"
"IHI","30UJ","ihi-30uj","300x52.5x80"
"IHI","30UX","ihi-30ux","300x52.5x84"
"IHI","30V4","ihi-30v4","300x52.5x84"
"IHI","30VX","ihi-30vx","300x55x82"
"IHI","30VX","ihi-30vx","300x52.5x84"
"IHI","30Z","ihi-30z","300x52.5x80"
"IHI","32J","ihi-32j","300x52.5x84"
"IHI","35FX","ihi-35fx","300x52.5x90"
"IHI","35J","ihi-35j","300x52.5x84"
"IHI","35JX","ihi-35jx","300x52.5x90"
"IHI","35N","ihi-35n","300x52.5x84"
"IHI","35NX","ihi-35nx","300x52.5x90"
"IHI","35NX-2","ihi-35nx-2","300x52.5x90"
"IHI","35UJ","ihi-35uj","300x52.5x90"
"IHI","35VX","ihi-35vx","300x55x88"
"IHI","35VX","ihi-35vx","300x52.5x90"
"IHI","38N","ihi-38n","350x52.5x84"
"IHI","38N","ihi-38n","300x52.5x84"
"IHI","38UJ","ihi-38uj","300x52.5x90"
"IHI","40G-1","ihi-40g-1","400x73x70"
"IHI","40G-1","ihi-40g-1","400x72.5x72"
"IHI","40GX-2","ihi-40gx-2","400x72.5x72"
"IHI","40J","ihi-40j","400x73x70"
"IHI","40J","ihi-40j","400x72.5x72"
"IHI","40JX","ihi-40jx","400x73x70"
"IHI","40JX","ihi-40jx","400x72.5x72"
"IHI","40NX","ihi-40nx","400x73x70"
"IHI","40NX","ihi-40nx","400x72.5x72"
"IHI","40Z","ihi-40z","300x52.5x90"
"IHI","45J","ihi-45j","400x73x72"
"IHI","45J","ihi-45j","400x72.5x72"
"IHI","45J-2","ihi-45j-2","400x73x72"
"IHI","45J-2","ihi-45j-2","400x72.5x72"
"IHI","45N","ihi-45n","400x72.5x72"
"IHI","45NX","ihi-45nx","400x72.5x72"
"IHI","45UJ","ihi-45uj","400x73x72"
"IHI","45UJ","ihi-45uj","400x72.5x72"
"IHI","45UJ-2","ihi-45uj-2","400x73x72"
"IHI","45UJ-2","ihi-45uj-2","400x72.5x72"
"IHI","45V4","ihi-45v4","400x72.5x74"
"IHI","50J","ihi-50j","400x73x74"
"IHI","50J","ihi-50j","400x72.5x74"
"IHI","50NX","ihi-50nx","400x72.5x72"
"IHI","50UX","ihi-50ux","400x73x74"
"IHI","50UX","ihi-50ux","400x72.5x74"
"IHI","50VX","ihi-50vx","400x72.5x74"
"IHI","50Z","ihi-50z","400x73x74"
"IHI","50Z","ihi-50z","400x72.5x74"
"IHI","55J","ihi-55j","400x73x74"
"IHI","55J","ihi-55j","400x72.5x74"
"IHI","55J-2","ihi-55j-2","400x73x74"
"IHI","55J-2","ihi-55j-2","400x72.5x74"
"IHI","55N","ihi-55n","400x73x74"
"IHI","55N","ihi-55n","400x72.5x74"
"IHI","55UJ","ihi-55uj","400x73x74"
"IHI","55UJ","ihi-55uj","400x72.5x74"
"IHI","55UX","ihi-55ux","400x73x74"
"IHI","55UX","ihi-55ux","400x72.5x74"
"IHI","55V4","ihi-55v4","400x72.5x74"
"IHI","55VX","ihi-55vx","400x72.5x74"
"IHI","55VX-3","ihi-55vx-3","400x72.5x74"
"IHI","60V4","ihi-60v4","400x72.5x74"
"IHI","65NX","ihi-65nx","400x73x82"
"IHI","65NX","ihi-65nx","400x72.5x82"
"IHI","65UJ","ihi-65uj","450x71x82"
"IHI","65UX","ihi-65ux","400x73x82"
"IHI","65UX","ihi-65ux","400x72.5x82"
"IHI","65VX","ihi-65vx","400x73x82"
"IHI","65VX","ihi-65vx","400x72.5x82"
"IHI","65VX-2","ihi-65vx-2","400x73x82"
"IHI","65VX-2","ihi-65vx-2","400x72.5x82"
"IHI","70Z","ihi-70z","450x71x82"
"IHI","75NX","ihi-75nx","450x71x82"
"IHI","75UJ","ihi-75uj","450x71x82"
"IHI","7GX","ihi-7gx","180x72x37"
"IHI","7J","ihi-7j","180x72x37"
"IHI","7JE","ihi-7je","180x72x37"
"IHI","80NX","ihi-80nx","450x71x82"
"IHI","80NX-3","ihi-80nx-3","450x71x82"
"IHI","80VX","ihi-80vx","450x71x82"
"IHI","80VX-3","ihi-80vx-3","450x71x82"
"IHI","85V-4","ihi-85v-4","450x71x82"
"IHI","9NX","ihi-9nx","180x72x37"
"IHI","9VX","ihi-9vx","180x72x37"
"IHI","CARRY105","ihi-carry105","180x72x34"
"IHI","CARRY107","ihi-carry107","180x72x37"
"IHI","CARRY110","ihi-carry110","200x72x44"
"IHI","CARRY110","ihi-carry110","180x72x44"
"IHI","CCH30T","ihi-cch30t","300x52.5x90"
"IHI","IM R15","ihi-imr15","230x72x47"
"IHI","IS07","ihi-is07","180x72x37"
"IHI","IS10","ihi-is10","230x72x43"
"IHI","IS10C","ihi-is10c","230x72x43"
"IHI","IS10F","ihi-is10f","230x72x43"
"IHI","IS10FX","ihi-is10fx","230x72x43"
"IHI","IS10G","ihi-is10g","230x72x43"
"IHI","IS10GX","ihi-is10gx","230x72x43"
"IHI","IS10S","ihi-is10s","230x72x43"
"IHI","IS10Z","ihi-is10z","230x72x47"
"IHI","IS11X","ihi-is11x","230x72x43"
"IHI","IS12","ihi-is12","230x72x43"
"IHI","IS12C","ihi-is12c","230x72x43"
"IHI","IS12G","ihi-is12g","230x72x43"
"IHI","IS12GX","ihi-is12gx","230x72x43"
"IHI","IS12JX","ihi-is12jx","230x72x47"
"IHI","IS12NX","ihi-is12nx","230x72x47"
"IHI","IS12S","ihi-is12s","230x72x43"
"IHI","IS14","ihi-is14","230x72x43"
"IHI","IS14G","ihi-is14g","230x72x43"
"IHI","IS14GX","ihi-is14gx","230x72x43"
"IHI","IS14GX-2","ihi-is14gx-2","230x72x43"
"IHI","IS14GX-3","ihi-is14gx-3","230x72x43"
"IHI","IS14PX","ihi-is14px","230x72x43"
"IHI","IS15J","ihi-is15j","230x96x32"
"IHI","IS15J","ihi-is15j","230x48x64"
"IHI","IS17J","ihi-is17j","230x96x32"
"IHI","IS17J","ihi-is17j","230x48x64"
"IHI","IS17JE","ihi-is17je","230x96x32"
"IHI","IS17JE","ihi-is17je","230x48x64"
"IHI","IS18J","ihi-is18j","230x96x35"
"IHI","IS18J","ihi-is18j","230x48x70"
"IHI","IS18UJ","ihi-is18uj","250x96x40"
"IHI","IS18UJ","ihi-is18uj","250x48x80"
"IHI","IS20JX","ihi-is20jx","250x96x40"
"IHI","IS20JX","ihi-is20jx","250x48x80"
"IHI","IS20LX","ihi-is20lx","300x109x37"
"IHI","IS20LX","ihi-is20lx","300x52.5x76"
"IHI","IS22UX","ihi-is22ux","300x109x39"
"IHI","IS22UX","ihi-is22ux","300x52.5x80"
"IHI","IS25G","ihi-is25g","300x52.5x72"
"IHI","IS25GX","ihi-is25gx","300x52.5x72"
"IHI","IS25J","ihi-is25j","300x52.5x72"
"IHI","IS25JX","ihi-is25jx","300x52.5x76"
"IHI","IS25NX","ihi-is25nx","300x52.5x76"
"IHI","IS27","ihi-is27","300x109x37"
"IHI","IS27","ihi-is27","300x52.5x76"
"IHI","IS27G","ihi-is27g","300x109x37"
"IHI","IS27G","ihi-is27g","300x52.5x76"
"IHI","IS27GX","ihi-is27gx","300x109x37"
"IHI","IS27GX","ihi-is27gx","300x52.5x76"
"IHI","IS28","ihi-is28","300x109x37"
"IHI","IS28","ihi-is28","300x52.5x76"
"IHI","IS28G","ihi-is28g","300x52.5x76"
"IHI","IS28G3","ihi-is28g3","300x52.5x76"
"IHI","IS28GX","ihi-is28gx","300x52.5x76"
"IHI","IS28J","ihi-is28j","300x52.5x76"
"IHI","IS28JX","ihi-is28jx","300x52.5x76"
"IHI","IS28LX","ihi-is28lx","300x109x37"
"IHI","IS28LX","ihi-is28lx","300x52.5x76"
"IHI","IS28PX","ihi-is28px","300x52.5x76"
"IHI","IS28UX","ihi-is28ux","300x52.5x80"
"IHI","IS28UX-2","ihi-is28ux-2","300x52.5x80"
"IHI","IS30G","ihi-is30g","300x52.5x80"
"IHI","IS30GX","ihi-is30gx","300x52.5x80"
"IHI","IS30GX-2","ihi-is30gx-2","300x52.5x80"
"IHI","IS30GX-3","ihi-is30gx-3","300x52.5x80"
"IHI","IS30J","ihi-is30j","300x52.5x80"
"IHI","IS30JX","ihi-is30jx","300x52.5x84"
"IHI","IS30NX","ihi-is30nx","300x52.5x84"
"IHI","IS30NX-2","ihi-is30nx-2","300x55x82"
"IHI","IS30NX-2","ihi-is30nx-2","300x52.5x84"
"IHI","IS30UJ","ihi-is30uj","300x52.5x80"
"IHI","IS30UJ-2","ihi-is30uj-2","300x52.5x80"
"IHI","IS30Z","ihi-is30z","300x52.5x80"
"IHI","IS32J","ihi-is32j","300x52.5x84"
"IHI","IS35G","ihi-is35g","300x52.5x84"
"IHI","IS35G-1","ihi-is35g-1","300x52.5x84"
"IHI","IS35G-2","ihi-is35g-2","300x52.5x84"
"IHI","IS35GX","ihi-is35gx","300x52.5x84"
"IHI","IS35GX-1","ihi-is35gx-1","300x52.5x84"
"IHI","IS35GX-2","ihi-is35gx-2","300x52.5x84"
"IHI","IS35GX-3","ihi-is35gx-3","300x52.5x84"
"IHI","IS35J","ihi-is35j","300x52.5x84"
"IHI","IS35JX","ihi-is35jx","300x52.5x90"
"IHI","IS35NX","ihi-is35nx","300x52.5x90"
"IHI","IS35UJ","ihi-is35uj","300x52.5x90"
"IHI","IS38UJ","ihi-is38uj","300x52.5x90"
"IHI","IS38UX","ihi-is38ux","300x109x39"
"IHI","IS38UX","ihi-is38ux","300x52.5x80"
"IHI","IS40J","ihi-is40j","400x73x70"
"IHI","IS40J","ihi-is40j","400x72.5x70"
"IHI","IS40JX","ihi-is40jx","400x73x72"
"IHI","IS40JX","ihi-is40jx","400x72.5x72"
"IHI","IS40NX","ihi-is40nx","400x73x72"
"IHI","IS40NX","ihi-is40nx","400x72.5x72"
"IHI","IS40UJ","ihi-is40uj","300x52.5x90"
"IHI","IS40Z","ihi-is40z","300x52.5x90"
"IHI","IS45J","ihi-is45j","400x73x72"
"IHI","IS45J","ihi-is45j","400x72.5x72"
"IHI","IS45NX","ihi-is45nx","400x73x72"
"IHI","IS45NX","ihi-is45nx","400x72.5x72"
"IHI","IS45UJ","ihi-is45uj","400x73x72"
"IHI","IS45UJ","ihi-is45uj","400x72.5x72"
"IHI","IS50G","ihi-is50g","400x73x74"
"IHI","IS50G","ihi-is50g","400x72.5x74"
"IHI","IS50G3","ihi-is50g3","400x73x74"
"IHI","IS50G3","ihi-is50g3","400x72.5x74"
"IHI","IS50GX","ihi-is50gx","400x73x74"
"IHI","IS50GX","ihi-is50gx","400x72.5x74"
"IHI","IS50UJ","ihi-is50uj","400x73x74"
"IHI","IS50UJ","ihi-is50uj","400x72.5x74"
"IHI","IS50UX","ihi-is50ux","400x73x74"
"IHI","IS50UX","ihi-is50ux","400x72.5x74"
"IHI","IS50Z","ihi-is50z","400x73x74"
"IHI","IS50Z","ihi-is50z","400x72.5x74"
"IHI","IS55","ihi-is55","400x73x74"
"IHI","IS55","ihi-is55","400x72.5x74"
"IHI","IS55G","ihi-is55g","400x73x74"
"IHI","IS55G","ihi-is55g","400x72.5x74"
"IHI","IS55G-3","ihi-is55g-3","400x73x74"
"IHI","IS55G-3","ihi-is55g-3","400x72.5x74"
"IHI","IS55J","ihi-is55j","400x73x74"
"IHI","IS55J","ihi-is55j","400x72.5x74"
"IHI","IS55LX","ihi-is55lx","400x73x74"
"IHI","IS55LX","ihi-is55lx","400x72.5x74"
"IHI","IS55N","ihi-is55n","400x73x74"
"IHI","IS55N","ihi-is55n","400x72.5x74"
"IHI","IS55U-1","ihi-is55u-1","400x73x72"
"IHI","IS55U-1","ihi-is55u-1","400x72.5x72"
"IHI","IS55U-2","ihi-is55u-2","400x73x72"
"IHI","IS55U-2","ihi-is55u-2","400x72.5x72"
"IHI","IS55UJ","ihi-is55uj","400x73x74"
"IHI","IS55UJ","ihi-is55uj","400x72.5x74"
"IHI","IS55UX","ihi-is55ux","400x73x74"
"IHI","IS55UX","ihi-is55ux","400x72.5x74"
"IHI","IS65UJ","ihi-is65uj","450x71x82"
"IHI","IS65UJ","ihi-is65uj","450x71x182"
"IHI","IS65UJ3","ihi-is65uj3","450x71x82"
"IHI","IS65UJ3","ihi-is65uj3","450x71x182"
"IHI","IS70Z","ihi-is70z","450x71x82"
"IHI","IS70Z","ihi-is70z","450x71x182"
"IHI","IS75F","ihi-is75f","450x145x40"
"IHI","IS75F","ihi-is75f","450x71x82"
"IHI","IS75F UJ","ihi-is75fuj","450x73x80"
"IHI","IS75F UJ","ihi-is75fuj","450x71x82"
"IHI","IS7FX","ihi-is7fx","180x72x37"
"IHI","IS7GX","ihi-is7gx","180x72x37"
"IHI","IS7GX-2","ihi-is7gx-2","180x72x37"
"IHI","IS7GX-3","ihi-is7gx-3","180x72x37"
"IHI","IS7J","ihi-is7j","180x72x37"
"IHI","IS7P","ihi-is7p","180x72x37"
"IHI","IS80NX","ihi-is80nx","450x73x80"
"IHI","IS80NX","ihi-is80nx","450x71x82"
"IHI","IS9UX-2","ihi-is9ux-2","230x72x47"
"IHI","IS9UX-3","ihi-is9ux-3","230x72x47"
"IHI","MC15","ihi-mc15","230x72x52"
"IHI","T840","ihi-t840","350x108x42"
"IHI","T840","ihi-t840","350x52.5x86"
"INOVA","INOVA","inova-inova","320x100x52"
"Imai","SPD265C","imai-spd265c","230x72x43"
"Imai","SPD360C","imai-spd360c","230x72x43"
"Imef","HE1.15","imef-he115","230x72x43"
"Imef","HE12","imef-he12","230x72x43"
"Imef","HE14","imef-he14","230x72x43"
"Imef","HE14S","imef-he14s","230x72x43"
"Imef","HE16","imef-he16","230x72x43"
"Imef","HE16S","imef-he16s","230x72x43"
"Imef","HE18","imef-he18","230x72x48"
"Imef","HE185","imef-he185","230x72x48"
"Imef","HE185","imef-he185","250x72x48"
"Imef","HE18S","imef-he18s","230x72x48"
"Imef","HE230","imef-he230","320x100x43"
"Imef","HE230","imef-he230","350x109x44"
"Imef","HE230","imef-he230","350x52.5x90"
"Imef","HE31","imef-he31","350x109x44"
"Imef","HE31","imef-he31","350x52.5x90"
"Imef","HE32","imef-he32","350x109x44"
"Imef","HE32","imef-he32","350x52.5x90"
"Imef","HT6.01","imef-ht601","180x72x34"
"Imer","CC1500","imer-cc1500","280x72x48"
"Imer","CC1500","imer-cc1500","250x72x48"
"Imer","CC450","imer-cc450","180x60x37"
"Imer","CC600","imer-cc600","200x72x34"
"Imer","CC600","imer-cc600","180x72x34"
"Imer","CC800","imer-cc800","230x72x42"
"Imer","IM R19","imer-imr19","200x72x47"
"Italmec","Platform","italmec-platform","250x72x57"
"JCB","100C-1","jcb-100c-1","450x81.5x78"
"JCB","100C-1","jcb-100c-1","450x81x78"
"JCB","16C-1","jcb-16c-1","230x48x70"
"JCB","18Z-1","jcb-18z-1","230x48x70"
"JCB","19C-1","jcb-19c-1","230x48x70"
"JCB","35Z-1","jcb-35z-1","300x52.5x84"
"JCB","45Z-1","jcb-45z-1","350x73x74"
"JCB","45Z-1","jcb-45z-1","400x72.5x74"
"JCB","48Z-1","jcb-48z-1","400x72.5x74"
"JCB","51R-1","jcb-51r-1","400x72.5x74"
"JCB","55Z-1","jcb-55z-1","400x72.5x74"
"JCB","57C-1","jcb-57c-1","400x72.5x74"
"JCB","65R","jcb-65r","400x73x74"
"JCB","65R","jcb-65r","400x72.5x74"
"JCB","67C","jcb-67c","400x73x74"
"JCB","67C","jcb-67c","400x72.5x74"
"JCB","8008 'Micro800'","jcb-8008micro800","180x72x35"
"JCB","8008CTS","jcb-8008cts","180x72x35"
"JCB","801","jcb-801","230x72x42"
"JCB","801","jcb-801","230x96x31"
"JCB","801","jcb-801","230x48x62"
"JCB","801,2ZTS","jcb-8012zts","200x96x31"
"JCB","801,2ZTS","jcb-8012zts","230x48x62"
"JCB","801,7","jcb-8017","230x96x31"
"JCB","801,7","jcb-8017","230x48x62"
"JCB","801.4","jcb-8014","230x96x31"
"JCB","801.4","jcb-8014","230x48x62"
"JCB","801.5","jcb-8015","230x96x31"
"JCB","801.5","jcb-8015","230x48x62"
"JCB","801.6","jcb-8016","230x96x31"
"JCB","801.6","jcb-8016","230x48x62"
"JCB","801.6","jcb-8016","230x96x33"
"JCB","801.6","jcb-8016","230x48x66"
"JCB","801.8","jcb-8018","230x96x31"
"JCB","801.8","jcb-8018","230x48x62"
"JCB","8010 'Micro1000'","jcb-8010micro1000","180x72x37"
"JCB","8012 'Micro1000'","jcb-8012micro1000","200x96x31"
"JCB","8012 'Micro1000'","jcb-8012micro1000","230x48x62"
"JCB","8013","jcb-8013","230x96x31"
"JCB","8013","jcb-8013","230x48x62"
"JCB","8014CTS","jcb-8014cts","230x96x31"
"JCB","8014CTS","jcb-8014cts","230x48x62"
"JCB","8014Super","jcb-8014super","230x96x31"
"JCB","8014Super","jcb-8014super","230x48x62"
"JCB","8015-2","jcb-8015-2","230x96x31"
"JCB","8015-2","jcb-8015-2","230x48x62"
"JCB","8016Super","jcb-8016super","230x96x33"
"JCB","8016Super","jcb-8016super","230x48x66"
"JCB","8018CTS","jcb-8018cts","230x48x66"
"JCB","8018Super","jcb-8018super","230x96x33"
"JCB","8018Super","jcb-8018super","230x48x66"
"JCB","8018TG","jcb-8018tg","230x96x31"
"JCB","8018TG","jcb-8018tg","230x48x62"
"JCB","8018ZTS","jcb-8018zts","230x96x33"
"JCB","8018ZTS","jcb-8018zts","230x48x66"
"JCB","8018X","jcb-8018x","230x96x33"
"JCB","8018X","jcb-8018x","230x48x66"
"JCB","801FDI","jcb-801fdi","230x72x42"
"JCB","801R","jcb-801r","230x96x31"
"JCB","801R","jcb-801r","230x48x62"
"JCB","801R","jcb-801r","230x72x42"
"JCB","802","jcb-802","250x109x35"
"JCB","802","jcb-802","250x109x36"
"JCB","802","jcb-802","300x52.5x72"
"JCB","802","jcb-802","300x52.5x74"
"JCB","802Plus","jcb-802plus","250x109x36"
"JCB","802Plus","jcb-802plus","300x52.5x74"
"JCB","802Super","jcb-802super","250x109x36"
"JCB","802Super","jcb-802super","300x52.5x74"
"JCB","802,7ZTS","jcb-8027zts","300x109x41"
"JCB","802,7ZTS","jcb-8027zts","300x52.5x84"
"JCB","802,7ZTS","jcb-8027zts","250x109x41"
"JCB","802.4","jcb-8024","250x109x36"
"JCB","802.4","jcb-8024","300x52.5x74"
"JCB","802.7","jcb-8027","300x109x36"
"JCB","802.7","jcb-8027","300x52.5x74"
"JCB","802.7Plus","jcb-8027plus","300x109x36"
"JCB","802.7Plus","jcb-8027plus","300x52.5x74"
"JCB","8020","jcb-8020","250x96x38"
"JCB","8020","jcb-8020","250x48x76"
"JCB","8020CTS","jcb-8020cts","250x96x38"
"JCB","8020CTS","jcb-8020cts","250x48x76"
"JCB","8025ZTS","jcb-8025zts","250x96x38"
"JCB","8025ZTS","jcb-8025zts","250x48x76"
"JCB","8025ZTS","jcb-8025zts","250x109x41"
"JCB","8025ZTS","jcb-8025zts","300x52.5x84"
"JCB","8026","jcb-8026","250x52.5x78"
"JCB","8026","jcb-8026","300x52.5x78"
"JCB","8026CTS","jcb-8026cts","250x52.5x78"
"JCB","8026CTS","jcb-8026cts","300x52.5x78"
"JCB","8027Z","jcb-8027z","250x109x41"
"JCB","8027Z","jcb-8027z","300x52.5x84"
"JCB","8029CTS","jcb-8029cts","250x52.5x78"
"JCB","8029CTS","jcb-8029cts","300x52.5x78"
"JCB","803","jcb-803","300x109x41"
"JCB","803","jcb-803","300x52.5x84"
"JCB","803Magnum","jcb-803magnum","300x109x41"
"JCB","803Magnum","jcb-803magnum","300x52.5x84"
"JCB","803Plus","jcb-803plus","300x109x41"
"JCB","803Plus","jcb-803plus","300x52.5x84"
"JCB","803Super","jcb-803super","300x109x41"
"JCB","803Super","jcb-803super","300x52.5x84"
"JCB","803,2ZTS","jcb-8032zts","300x109x41"
"JCB","803,2ZTS","jcb-8032zts","300x52.5x84"
"JCB","8030ZTS","jcb-8030zts","300x109x41"
"JCB","8030ZTS","jcb-8030zts","300x52.5x84"
"JCB","8032Z","jcb-8032z","300x109x41"
"JCB","8032Z","jcb-8032z","300x52.5x84"
"JCB","8035Z","jcb-8035z","300x109x43"
"JCB","8035Z","jcb-8035z","300x52.5x88"
"JCB","803E","jcb-803e","300x109x41"
"JCB","803E","jcb-803e","300x52.5x84"
"JCB","804","jcb-804","350x108x41"
"JCB","804","jcb-804","350x52.5x84"
"JCB","804Plus","jcb-804plus","350x108x41"
"JCB","804Plus","jcb-804plus","350x52.5x84"
"JCB","804Super","jcb-804super","350x108x41"
"JCB","804Super","jcb-804super","350x52.5x84"
"JCB","8040ZTS","jcb-8040zts","400x72.5x70"
"JCB","8045ZTS","jcb-8045zts","400x72.5x74"
"JCB","805","jcb-805","400x73x74"
"JCB","805","jcb-805","400x72.5x74"
"JCB","805.2","jcb-8052","400x73x74"
"JCB","805.2","jcb-8052","400x72.5x74"
"JCB","8050ZTS","jcb-8050zts","400x73x74"
"JCB","8050ZTS","jcb-8050zts","400x72.5x74"
"JCB","8055RTS","jcb-8055rts","400x73x74"
"JCB","8055RTS","jcb-8055rts","400x72.5x74"
"JCB","8055Z","jcb-8055z","400x73x74"
"JCB","8055Z","jcb-8055z","400x72.5x74"
"JCB","8055ZTS","jcb-8055zts","400x73x74"
"JCB","8055ZTS","jcb-8055zts","400x72.5x74"
"JCB","8056","jcb-8056","400x73x74"
"JCB","8056","jcb-8056","400x72.5x74"
"JCB","806","jcb-806","400x73x74"
"JCB","806","jcb-806","400x72.5x74"
"JCB","8060","jcb-8060","400x73x74"
"JCB","8060","jcb-8060","400x72.5x74"
"JCB","8065RTS","jcb-8065rts","400x73x74"
"JCB","8065RTS","jcb-8065rts","400x72.5x74"
"JCB","8080ZTS","jcb-8080zts","450x81.5x76"
"JCB","8080ZTS","jcb-8080zts","450x81x76"
"JCB","8085ZTS","jcb-8085zts","450x81.5x76"
"JCB","8085ZTS","jcb-8085zts","450x81x76"
"JCB","85Z-1","jcb-85z-1","450x81.5x78"
"JCB","85Z-1","jcb-85z-1","450x81x78"
"JCB","86C-1","jcb-86c-1","450x81.5x78"
"JCB","86C-1","jcb-86c-1","450x81x78"
"JCB","90Z-1","jcb-90z-1","450x81.5x78"
"JCB","90Z-1","jcb-90z-1","450x81x78"
"JCB","Dumpster","jcb-dumpster","180x72x35"
"JCB","JS70","jcb-js70","450x73.5x80"
"JCB","JS70","jcb-js70","450x71x82"
"JCB","JZ70","jcb-jz70","450x81x76"
"JCB","MTl200","jcb-mtl200","180x72x37"
"JCB","Micro","jcb-micro","180x72x37"
"JCB","Micro8008","jcb-micro8008","180x72x35"
"JCB","Micro Light","jcb-microlight","180x72x35"
"JCB","Micro Plus","jcb-microplus","230x96x31"
"JCB","Micro Plus","jcb-microplus","230x48x62"
"JCB","TD10","jcb-td10","180x72x37"
"JCB","TD10SL","jcb-td10sl","180x72x37"
"JCB","TD7","jcb-td7","180x72x37"
"JIEHE","JHZA-25","jiehe-jhza-25","200x72x39"
"JLG","X14J","jlg-x14j","180x72x37"
"JLG","X14JH","jlg-x14jh","180x72x37"
"JLG","X17J","jlg-x17j","180x72x37"
"JLG","X19J","jlg-x19j","180x72x37"
"JLG","X23J","jlg-x23j","230x96x39"
"JLG","X23J","jlg-x23j","250x48x78"
"JLG","X33JPlus","jlg-x33jplus","300x55x82"
"JLG","X33JPlus","jlg-x33jplus","300x52.5x84"
"JLG","X390AJ","jlg-x390aj","180x72x37"
"JLG","X550AJ","jlg-x550aj","180x72x37"
"JLG","X700AJ","jlg-x700aj","230x96x39"
"JLG","X700AJ","jlg-x700aj","250x48x78"
"Jekko","JF40","jekko-jf40","180x72x42"
"Jekko","SPX424CDH","jekko-spx424cdh","200x72x42"
"Jekko","SPX527CDH","jekko-spx527cdh","250x72x52"
"John Deere","120","john-deere-120","500x92x84"
"John Deere","120C","john-deere-120c","500x92x84"
"John Deere","15","john-deere-15","230x72x43"
"John Deere","17ZTS","john-deere-17zts","230x96x35"
"John Deere","17ZTS","john-deere-17zts","230x48x70"
"John Deere","17D","john-deere-17d","230x96x35"
"John Deere","17D","john-deere-17d","230x48x70"
"John Deere","17G","john-deere-17g","230x48x70"
"John Deere","240","john-deere-240","320x86x54"
"John Deere","240","john-deere-240","375x86x54"
"John Deere","240","john-deere-240","400x86x54"
"John Deere","250","john-deere-250","320x86x54"
"John Deere","250","john-deere-250","375x86x54"
"John Deere","250","john-deere-250","400x86x54"
"John Deere","260","john-deere-260","450x86x58"
"John Deere","26D","john-deere-26d","300x52.5x80"
"John Deere","26G","john-deere-26g","300x52.5x80"
"John Deere","27ZTS","john-deere-27zts","300x52.5x78"
"John Deere","270","john-deere-270","450x86x58"
"John Deere","27C ZTS","john-deere-27czts","300x52.5x78"
"John Deere","27D","john-deere-27d","300x52.5x80"
"John Deere","280","john-deere-280","450x86x60"
"John Deere","30G","john-deere-30g","300x52.5x86"
"John Deere","317","john-deere-317","320x86x54"
"John Deere","317","john-deere-317","375x86x54"
"John Deere","317","john-deere-317","400x86x54"
"John Deere","317G","john-deere-317g","320x86x50"
"John Deere","317G","john-deere-317g","400x86x50"
"John Deere","320","john-deere-320","320x86x54"
"John Deere","320","john-deere-320","375x86x54"
"John Deere","320","john-deere-320","400x86x54"
"John Deere","325","john-deere-325","450x86x58"
"John Deere","325G","john-deere-325g","320x86x52"
"John Deere","325G","john-deere-325g","400x86x52"
"John Deere","328","john-deere-328","450x86x58"
"John Deere","332","john-deere-332","450x86x60"
"John Deere","35ZTS","john-deere-35zts","300x52.5x86"
"John Deere","35C ZTS","john-deere-35czts","300x52.5x86"
"John Deere","35D","john-deere-35d","300x52.5x86"
"John Deere","35G","john-deere-35g","300x52.5x86"
"John Deere","50ZTS","john-deere-50zts","400x72.5x72"
"John Deere","50C ZTS","john-deere-50czts","400x72.5x72"
"John Deere","50D","john-deere-50d","400x72.5x74"
"John Deere","50G","john-deere-50g","400x72.5x74"
"John Deere","60D","john-deere-60d","400x72.5x74"
"John Deere","60G","john-deere-60g","400x72.5x74"
"John Deere","75C","john-deere-75c","450x81x78"
"John Deere","75D","john-deere-75d","450x81x78"
"John Deere","75G","john-deere-75g","450x81x78"
"John Deere","85D","john-deere-85d","450x81x78"
"John Deere","85G","john-deere-85g","450x81x78"
"John Deere","8875","john-deere-8875","450x86x60"
"John Deere","CT319D","john-deere-ct319d","320x86x52"
"John Deere","CT319E","john-deere-ct319e","320x86x52"
"John Deere","CT322","john-deere-ct322","320x86x52"
"John Deere","CT323D","john-deere-ct323d","320x86x52"
"John Deere","CT323D","john-deere-ct323d","400x86x52"
"John Deere","CT323E","john-deere-ct323e","320x86x52"
"John Deere","CT323E","john-deere-ct323e","400x86x52"
"John Deere","CT329D","john-deere-ct329d","400x86x56"
"John Deere","CT329D","john-deere-ct329d","450x86x56"
"John Deere","CT329E","john-deere-ct329e","400x86x56"
"John Deere","CT329E","john-deere-ct329e","450x86x56"
"John Deere","CT331G","john-deere-ct331g","450x86x58"
"John Deere","CT332","john-deere-ct332","450x86x56"
"John Deere","CT333D","john-deere-ct333d","400x86x56"
"John Deere","CT333D","john-deere-ct333d","450x86x56"
"John Deere","CT333E","john-deere-ct333e","400x86x56"
"John Deere","CT333E","john-deere-ct333e","450x86x56"
"John Deere","CT333G","john-deere-ct333g","450x86x58"
"Joly","20HP","joly-20hp","200x72x42"
"Kaidi","103","kaidi-103","230x72x43"
"Kaidi","103.3","kaidi-1033","230x72x43"
"Kaidi","WY1.5","kaidi-wy15","230x72x43"
"Kato","70","kato-70","450x71x84"
"Kato","85V-4","kato-85v-4","450x71x82"
"Kato","HD09VX3","kato-hd09vx3","180x72x37"
"Kato","HD140","kato-hd140","400x132x37"
"Kato","HD140","kato-hd140","400x72.5x72"
"Kato","HD205UR","kato-hd205ur","400x72.5x74"
"Kato","HD250UR","kato-hd250ur","400x73x74"
"Kato","HD250UR","kato-hd250ur","400x72.5x74"
"Kato","HD307","kato-hd307","450x71x84"
"Kato","HD308","kato-hd308","450x81.5x76"
"Kato","HD308","kato-hd308","450x81x76"
"Kato","HD50UR","kato-hd50ur","400x72.5x74"
"Kato","HD510","kato-hd510","500x92x78"
"Kato","HD55UR","kato-hd55ur","400x72.5x74"
"Kato-Imer","19VXT","kato-imer-19vxt","230x96x35"
"Kato-Imer","19VXT","kato-imer-19vxt","230x48x70"
"Kato-Imer","HD27V4","kato-imer-hd27v4","250x52.5x78"
"Kato-Imer","HD27V4","kato-imer-hd27v4","300x52.5x78"
"Kato-Imer","HD27V5","kato-imer-hd27v5","250x52.5x78"
"Kato-Imer","HD27V5","kato-imer-hd27v5","300x52.5x78"
"Kato-Imer","HD30V5","kato-imer-hd30v5","300x55x82"
"Kato-Imer","HD30V5","kato-imer-hd30v5","300x52.5x84"
"Kato-Imer","HD35","kato-imer-hd35","300x52.5x90"
"Kato-Imer","HD45V5","kato-imer-hd45v5","400x72.5x74"
"Kawasaki","KE60","kawasaki-ke60","450x81.5x74"
"Kawasaki","KE60","kawasaki-ke60","450x81x76"
"Kawasaki","Mini-carrier","kawasaki-mini-carrier","200x72x35"
"Kawasaki","Mini-carrier","kawasaki-mini-carrier","180x72x35"
"Kobelco","115","kobelco-115","230x96x31"
"Kobelco","115","kobelco-115","230x48x62"
"Kobelco","B53","kobelco-b53","450x81.5x74"
"Kobelco","B53","kobelco-b53","450x81.5x76"
"Kobelco","B61","kobelco-b61","400x74x72"
"Kobelco","B61","kobelco-b61","400x72.5x73"
"Kobelco","B69","kobelco-b69","400x74x72"
"Kobelco","B69","kobelco-b69","400x72.5x73"
"Kobelco","FC50","kobelco-fc50","180x72x38"
"Kobelco","SK002","kobelco-sk002","180x72x37"
"Kobelco","SK005","kobelco-sk005","150x60x40"
"Kobelco","SK005","kobelco-sk005","180x72x36"
"Kobelco","SK007","kobelco-sk007","180x72x37"
"Kobelco","SK007-1","kobelco-sk007-1","180x72x37"
"Kobelco","SK007-2","kobelco-sk007-2","180x72x37"
"Kobelco","SK007-3","kobelco-sk007-3","180x72x37"
"Kobelco","SK008","kobelco-sk008","180x72x37"
"Kobelco","SK009","kobelco-sk009","180x72x37"
"Kobelco","SK013","kobelco-sk013","230x96x31"
"Kobelco","SK013","kobelco-sk013","230x48x62"
"Kobelco","SK013-1","kobelco-sk013-1","230x96x31"
"Kobelco","SK013-1","kobelco-sk013-1","230x48x62"
"Kobelco","SK014","kobelco-sk014","230x96x31"
"Kobelco","SK014","kobelco-sk014","230x48x62"
"Kobelco","SK014","kobelco-sk014","230x72x43"
"Kobelco","SK020","kobelco-sk020","250x109x35"
"Kobelco","SK020","kobelco-sk020","300x52.5x72"
"Kobelco","SK020Coupe","kobelco-sk020coupe","250x109x35"
"Kobelco","SK020Coupe","kobelco-sk020coupe","300x52.5x72"
"Kobelco","SK025Coupe","kobelco-sk025coupe","300x109x38"
"Kobelco","SK025Coupe","kobelco-sk025coupe","300x52.5x78"
"Kobelco","SK030Coupe","kobelco-sk030coupe","300x109x40"
"Kobelco","SK030Coupe","kobelco-sk030coupe","300x52.5x82"
"Kobelco","SK035Coupe","kobelco-sk035coupe","350x108x42"
"Kobelco","SK035Coupe","kobelco-sk035coupe","350x52.5x86"
"Kobelco","SK045Coupe","kobelco-sk045coupe","400x74x72"
"Kobelco","SK045Coupe","kobelco-sk045coupe","400x72.5x73"
"Kobelco","SK35SR","kobelco-sk35sr","350x108x44"
"Kobelco","SK35SR","kobelco-sk35sr","350x52.5x90"
"Kobelco","SK35SR-2","kobelco-sk35sr-2","350x108x44"
"Kobelco","SK35SR-2","kobelco-sk35sr-2","350x52.5x90"
"Kobelco","SK35SR-2E","kobelco-sk35sr-2e","300x52.5x88"
"Kobelco","SK35SR-3","kobelco-sk35sr-3","300x52.5x88"
"Kobelco","SK35SR-5","kobelco-sk35sr-5","300x52.5x88"
"Kobelco","SK35SR-6","kobelco-sk35sr-6","300x52.5x88"
"Kobelco","SL16MST","kobelco-sl16mst","230x48x70"
"Kobelco","SS60","kobelco-ss60","130x72x29"
"Kobelco","SS1","kobelco-ss1","130x72x29"
"Kobelco","Sk014-1","kobelco-sk014-1","230x96x31"
"Kobelco","Sk014-1","kobelco-sk014-1","230x48x62"
"Kobelco","Sk015","kobelco-sk015","230x96x31"
"Kobelco","Sk015","kobelco-sk015","230x48x62"
"Kobelco","Sk015-1","kobelco-sk015-1","230x96x31"
"Kobelco","Sk015-1","kobelco-sk015-1","230x48x62"
"Kobelco","Sk024","kobelco-sk024","300x109x38"
"Kobelco","Sk024","kobelco-sk024","300x52.5x78"
"Kobelco","Sk024-1","kobelco-sk024-1","300x109x38"
"Kobelco","Sk024-1","kobelco-sk024-1","300x52.5x78"
"Kobelco","Sk025","kobelco-sk025","300x109x38"
"Kobelco","Sk025","kobelco-sk025","300x52.5x78"
"Kobelco","Sk025-1","kobelco-sk025-1","300x109x38"
"Kobelco","Sk025-1","kobelco-sk025-1","300x52.5x78"
"Kobelco","Sk025-2","kobelco-sk025-2","300x109x38"
"Kobelco","Sk025-2","kobelco-sk025-2","300x52.5x78"
"Kobelco","Sk025SR","kobelco-sk025sr","300x109x38"
"Kobelco","Sk025SR","kobelco-sk025sr","300x52.5x78"
"Kobelco","Sk027","kobelco-sk027","300x109x40"
"Kobelco","Sk027","kobelco-sk027","300x52.5x82"
"Kobelco","Sk027-1","kobelco-sk027-1","300x109x40"
"Kobelco","Sk027-1","kobelco-sk027-1","300x52.5x82"
"Kobelco","Sk030","kobelco-sk030","300x109x40"
"Kobelco","Sk030","kobelco-sk030","300x52.5x82"
"Kobelco","Sk030-1","kobelco-sk030-1","300x109x40"
"Kobelco","Sk030-1","kobelco-sk030-1","300x52.5x82"
"Kobelco","Sk030-2","kobelco-sk030-2","300x109x40"
"Kobelco","Sk030-2","kobelco-sk030-2","300x52.5x82"
"Kobelco","Sk030SR","kobelco-sk030sr","300x109x40"
"Kobelco","Sk030SR","kobelco-sk030sr","300x52.5x82"
"Kobelco","Sk030UR","kobelco-sk030ur","300x109x40"
"Kobelco","Sk030UR","kobelco-sk030ur","300x52.5x82"
"Kobelco","Sk030UR-1","kobelco-sk030ur-1","300x109x40"
"Kobelco","Sk030UR-1","kobelco-sk030ur-1","300x52.5x82"
"Kobelco","Sk030UR-2","kobelco-sk030ur-2","300x109x40"
"Kobelco","Sk030UR-2","kobelco-sk030ur-2","300x52.5x82"
"Kobelco","Sk031","kobelco-sk031","300x109x41"
"Kobelco","Sk031","kobelco-sk031","300x52.5x84"
"Kobelco","Sk032","kobelco-sk032","350x109x41"
"Kobelco","Sk032","kobelco-sk032","350x52.5x84"
"Kobelco","Sk035","kobelco-sk035","350x108x42"
"Kobelco","Sk035","kobelco-sk035","350x52.5x86"
"Kobelco","Sk035-1","kobelco-sk035-1","350x108x42"
"Kobelco","Sk035-1","kobelco-sk035-1","350x52.5x86"
"Kobelco","Sk035-2","kobelco-sk035-2","350x108x42"
"Kobelco","Sk035-2","kobelco-sk035-2","350x52.5x86"
"Kobelco","Sk035SR","kobelco-sk035sr","350x108x44"
"Kobelco","Sk035SR","kobelco-sk035sr","350x52.5x90"
"Kobelco","Sk042","kobelco-sk042","400x74x72"
"Kobelco","Sk042","kobelco-sk042","400x72.5x73"
"Kobelco","Sk042-1","kobelco-sk042-1","400x74x72"
"Kobelco","Sk042-1","kobelco-sk042-1","400x72.5x73"
"Kobelco","Sk045","kobelco-sk045","400x74x72"
"Kobelco","Sk045","kobelco-sk045","400x72.5x73"
"Kobelco","Sk045-1","kobelco-sk045-1","400x74x72"
"Kobelco","Sk045-1","kobelco-sk045-1","400x72.5x73"
"Kobelco","Sk045-2","kobelco-sk045-2","400x74x72"
"Kobelco","Sk045-2","kobelco-sk045-2","400x72.5x73"
"Kobelco","Sk050","kobelco-sk050","400x74x72"
"Kobelco","Sk050","kobelco-sk050","400x72.5x73"
"Kobelco","Sk050-1","kobelco-sk050-1","400x74x72"
"Kobelco","Sk050-1","kobelco-sk050-1","400x72.5x73"
"Kobelco","Sk060","kobelco-sk060","450x81.5x74"
"Kobelco","Sk060","kobelco-sk060","450x81x76"
"Kobelco","Sk13SR","kobelco-sk13sr","230x48x70"
"Kobelco","Sk15MSR","kobelco-sk15msr","230x48x70"
"Kobelco","Sk15R","kobelco-sk15r","250x48x72"
"Kobelco","Sk15R","kobelco-sk15r","230x48x72"
"Kobelco","Sk15SR","kobelco-sk15sr","250x48x72"
"Kobelco","Sk15SR","kobelco-sk15sr","230x48x72"
"Kobelco","Sk16MSR","kobelco-sk16msr","230x48x70"
"Kobelco","Sk17","kobelco-sk17","230x48x70"
"Kobelco","Sk17SR3","kobelco-sk17sr3","230x48x70"
"Kobelco","Sk17SR5","kobelco-sk17sr5","230x72x46"
"Kobelco","Sk20SR","kobelco-sk20sr","250x96x38"
"Kobelco","Sk20SR","kobelco-sk20sr","250x48x76"
"Kobelco","Sk20SR-3","kobelco-sk20sr-3","250x52.5x76"
"Kobelco","Sk20SR-3","kobelco-sk20sr-3","300x52.5x76"
"Kobelco","Sk20UR","kobelco-sk20ur","250x109x35"
"Kobelco","Sk20UR","kobelco-sk20ur","300x52.5x72"
"Kobelco","Sk25SR","kobelco-sk25sr","300x109x38"
"Kobelco","Sk25SR","kobelco-sk25sr","300x52.5x78"
"Kobelco","Sk25SR-2","kobelco-sk25sr-2","250x52.5x76"
"Kobelco","Sk25SR-2","kobelco-sk25sr-2","300x52.5x76"
"Kobelco","Sk25SR-6","kobelco-sk25sr-6","250x55.5x79"
"Kobelco","Sk27","kobelco-sk27","300x109x40"
"Kobelco","Sk27","kobelco-sk27","300x52.5x82"
"Kobelco","Sk27SR-3","kobelco-sk27sr-3","250x52.5x80"
"Kobelco","Sk27SR-3","kobelco-sk27sr-3","300x52.5x80"
"Kobelco","Sk27SR-5","kobelco-sk27sr-5","250x52.5x80"
"Kobelco","Sk27SR-5","kobelco-sk27sr-5","300x52.5x80"
"Kobelco","Sk28SR-6","kobelco-sk28sr-6","300x52.5x88"
"Kobelco","Sk30SR","kobelco-sk30sr","300x109x40"
"Kobelco","Sk30SR","kobelco-sk30sr","300x52.5x82"
"Kobelco","Sk30SR-1","kobelco-sk30sr-1","300x109x40"
"Kobelco","Sk30SR-1","kobelco-sk30sr-1","300x52.5x82"
"Kobelco","Sk30SR-2","kobelco-sk30sr-2","300x52.5x82"
"Kobelco","Sk30SR-3","kobelco-sk30sr-3","300x52.5x82"
"Kobelco","Sk30SR-5","kobelco-sk30sr-5","300x52.5x88"
"Kobelco","Sk30SR-6","kobelco-sk30sr-6","300x52.5x88"
"Kobelco","Sk30UR","kobelco-sk30ur","300x52.5x82"
"Kobelco","Sk30UR-1","kobelco-sk30ur-1","300x109x40"
"Kobelco","Sk30UR-1","kobelco-sk30ur-1","300x52.5x82"
"Kobelco","Sk30UR-2","kobelco-sk30ur-2","300x109x40"
"Kobelco","Sk30UR-2","kobelco-sk30ur-2","300x52.5x82"
"Kobelco","Sk40SR","kobelco-sk40sr","400x74x68"
"Kobelco","Sk40SR","kobelco-sk40sr","400x72.5x70"
"Kobelco","Sk40SR-ZT","kobelco-sk40sr-zt","400x74x72"
"Kobelco","Sk40SR-ZT","kobelco-sk40sr-zt","400x72.5x73"
"Kobelco","Sk40SR3","kobelco-sk40sr3","400x74x68"
"Kobelco","Sk40SR3","kobelco-sk40sr3","400x72.5x70"
"Kobelco","Sk45","kobelco-sk45","400x74x72"
"Kobelco","Sk45","kobelco-sk45","400x72.5x73"
"Kobelco","Sk45-1","kobelco-sk45-1","400x74x72"
"Kobelco","Sk45-1","kobelco-sk45-1","400x72.5x73"
"Kobelco","Sk45SR","kobelco-sk45sr","400x74x72"
"Kobelco","Sk45SR","kobelco-sk45sr","400x72.5x73"
"Kobelco","Sk45SR-2","kobelco-sk45sr-2","400x74x72"
"Kobelco","Sk45SR-2","kobelco-sk45sr-2","400x72.5x73"
"Kobelco","Sk50","kobelco-sk50","400x74x72"
"Kobelco","Sk50","kobelco-sk50","400x72.5x73"
"Kobelco","Sk50-1","kobelco-sk50-1","400x74x72"
"Kobelco","Sk50-1","kobelco-sk50-1","400x72.5x73"
"Kobelco","Sk50SR","kobelco-sk50sr","400x74x72"
"Kobelco","Sk50SR","kobelco-sk50sr","400x72.5x73"
"Kobelco","Sk50SR-3","kobelco-sk50sr-3","400x74x72"
"Kobelco","Sk50SR-3","kobelco-sk50sr-3","400x72.5x73"
"Kobelco","Sk50UR","kobelco-sk50ur","400x74x72"
"Kobelco","Sk50UR","kobelco-sk50ur","400x72.5x73"
"Kobelco","Sk50UR-1","kobelco-sk50ur-1","400x74x72"
"Kobelco","Sk50UR-1","kobelco-sk50ur-1","400x72.5x73"
"Kobelco","Sk50UR-2","kobelco-sk50ur-2","400x74x72"
"Kobelco","Sk50UR-2","kobelco-sk50ur-2","400x72.5x73"
"Kobelco","Sk55SRX","kobelco-sk55srx","400x72.5x74"
"Kobelco","Sk55SRX6E","kobelco-sk55srx6e","400x72.5x74"
"Kobelco","Sk60","kobelco-sk60","450x81.5x74"
"Kobelco","Sk60","kobelco-sk60","450x81x76"
"Kobelco","Sk60-1","kobelco-sk60-1","450x81.5x74"
"Kobelco","Sk60-1","kobelco-sk60-1","450x81x76"
"Kobelco","Sk60-2","kobelco-sk60-2","450x81.5x74"
"Kobelco","Sk60-2","kobelco-sk60-2","450x81x76"
"Kobelco","Sk60-3","kobelco-sk60-3","450x81.5x74"
"Kobelco","Sk60-3","kobelco-sk60-3","450x81x76"
"Kobelco","Sk60UR","kobelco-sk60ur","450x81.5x74"
"Kobelco","Sk60UR","kobelco-sk60ur","450x81x76"
"Kobelco","Sk70SR","kobelco-sk70sr","450x81.5x74"
"Kobelco","Sk70SR","kobelco-sk70sr","450x81x76"
"Kobelco","Sk70SR-1E","kobelco-sk70sr-1e","450x81.5x74"
"Kobelco","Sk70SR-1E","kobelco-sk70sr-1e","450x81x76"
"Kobelco","Sk70SR-2","kobelco-sk70sr-2","450x81.5x74"
"Kobelco","Sk70SR-2","kobelco-sk70sr-2","450x81x76"
"Kobelco","Sk75-3","kobelco-sk75-3","450x81.5x74"
"Kobelco","Sk75-3","kobelco-sk75-3","450x81x76"
"Kobelco","Sk75SR","kobelco-sk75sr","450x81.5x74"
"Kobelco","Sk75SR","kobelco-sk75sr","450x81x76"
"Kobelco","Sk75UR","kobelco-sk75ur","450x81.5x74"
"Kobelco","Sk75UR","kobelco-sk75ur","450x81x76"
"Kobelco","Sk75UR-1","kobelco-sk75ur-1","450x81.5x74"
"Kobelco","Sk75UR-1","kobelco-sk75ur-1","450x81x76"
"Kobelco","Sk80CS","kobelco-sk80cs","450x81.5x74"
"Kobelco","Sk80CS","kobelco-sk80cs","450x81x76"
"Kobelco","Sk80MSR","kobelco-sk80msr","450x81.5x74"
"Kobelco","Sk80MSR","kobelco-sk80msr","450x81x76"
"Kobelco","Sk85CS","kobelco-sk85cs","450x81.5x74"
"Kobelco","Sk85CS","kobelco-sk85cs","450x81x76"
"Kobelco","Sk85MSR","kobelco-sk85msr","450x81.5x74"
"Kobelco","Sk85MSR","kobelco-sk85msr","450x81x76"
"Kobelco","Sk95UR","kobelco-sk95ur","450x81x78"
"Kobelco","Sk25SR-3","kobelco-sk25sr-3","250x52.5x80"
"Kobelco","Sk25SR-3","kobelco-sk25sr-3","300x52.5x80"
"Kobelco","Sk25SR-5","kobelco-sk25sr-5","250x52.5x80"
"Kobelco","Sk25SR-5","kobelco-sk25sr-5","300x52.5x80"
"Kobelco","Z11","kobelco-z11","180x72x37"
"Kobelco","Z13","kobelco-z13","300x109x38"
"Kobelco","Z13","kobelco-z13","300x52.5x78"
"Kobelco","Z14","kobelco-z14","300x109x40"
"Kobelco","Z14","kobelco-z14","300x52.5x82"
"Kobelco","Z15","kobelco-z15","350x109x41"
"Kobelco","Z15","kobelco-z15","350x52.5x84"
"Kobelco","Z16","kobelco-z16","400x74x72"
"Kobelco","Z16","kobelco-z16","400x72.5x73"
"Komatsu","1020Turbo","komatsu-1020turbo","320x86x56"
"Komatsu","1020Turbo","komatsu-1020turbo","450x86x56"
"Komatsu","820Turbo","komatsu-820turbo","320x86x52"
"Komatsu","CK1122","komatsu-ck1122","450x86x56"
"Komatsu","CK1122-5","komatsu-ck1122-5","450x86x56"
"Komatsu","CK16","komatsu-ck16","320x86x48"
"Komatsu","CK20","komatsu-ck20","320x86x52"
"Komatsu","CK20-1","komatsu-ck20-1","320x86x52"
"Komatsu","CK25","komatsu-ck25","320x86x52"
"Komatsu","CK25-1","komatsu-ck25-1","320x86x52"
"Komatsu","CK30","komatsu-ck30","450x86x56"
"Komatsu","CK30-1","komatsu-ck30-1","450x86x56"
"Komatsu","CK35","komatsu-ck35","450x86x56"
"Komatsu","CK35-1","komatsu-ck35-1","450x86x56"
"Komatsu","D27R-8","komatsu-d27r-8","300x52.5x80"
"Komatsu","PC03","komatsu-pc03","180x72x37"
"Komatsu","PC03avance","komatsu-pc03avance","180x72x37"
"Komatsu","PC03-1","komatsu-pc03-1","180x72x37"
"Komatsu","PC03-2","komatsu-pc03-2","180x72x37"
"Komatsu","PC03-2avance","komatsu-pc03-2avance","180x72x37"
"Komatsu","PC05","komatsu-pc05","230x72x42"
"Komatsu","PC05","komatsu-pc05","230x48x62"
"Komatsu","PC05","komatsu-pc05","230x96x31"
"Komatsu","PC05avance R","komatsu-pc05avancer","230x96x31"
"Komatsu","PC05avance R","komatsu-pc05avancer","230x48x62"
"Komatsu","PC05-1","komatsu-pc05-1","230x72x42"
"Komatsu","PC05-2","komatsu-pc05-2","230x72x42"
"Komatsu","PC05-5","komatsu-pc05-5","230x72x42"
"Komatsu","PC05-6","komatsu-pc05-6","230x72x42"
"Komatsu","PC05-6","komatsu-pc05-6","230x96x31"
"Komatsu","PC05-6","komatsu-pc05-6","230x48x62"
"Komatsu","PC05-7","komatsu-pc05-7","230x96x31"
"Komatsu","PC05-7","komatsu-pc05-7","230x48x62"
"Komatsu","PC05-8","komatsu-pc05-8","230x96x31"
"Komatsu","PC05-8","komatsu-pc05-8","230x48x62"
"Komatsu","PC05-R","komatsu-pc05-r","230x96x31"
"Komatsu","PC05-R","komatsu-pc05-r","230x48x62"
"Komatsu","PC07","komatsu-pc07","230x96x31"
"Komatsu","PC07","komatsu-pc07","230x48x62"
"Komatsu","PC07avance R","komatsu-pc07avancer","230x96x31"
"Komatsu","PC07avance R","komatsu-pc07avancer","230x48x62"
"Komatsu","PC07-1","komatsu-pc07-1","230x96x31"
"Komatsu","PC07-1","komatsu-pc07-1","230x48x62"
"Komatsu","PC07-2","komatsu-pc07-2","230x96x31"
"Komatsu","PC07-2","komatsu-pc07-2","230x48x62"
"Komatsu","PC07-2E","komatsu-pc07-2e","230x96x31"
"Komatsu","PC07-2E","komatsu-pc07-2e","230x48x62"
"Komatsu","PC07-6","komatsu-pc07-6","230x96x31"
"Komatsu","PC07-6","komatsu-pc07-6","230x48x62"
"Komatsu","PC07-7","komatsu-pc07-7","230x96x31"
"Komatsu","PC07-7","komatsu-pc07-7","230x48x62"
"Komatsu","PC07FR-1","komatsu-pc07fr-1","230x72x47"
"Komatsu","PC07R","komatsu-pc07r","230x96x31"
"Komatsu","PC07R","komatsu-pc07r","230x48x62"
"Komatsu","PC08","komatsu-pc08","200x72x40"
"Komatsu","PC08avance","komatsu-pc08avance","200x72x40"
"Komatsu","PC08U","komatsu-pc08u","200x72x40"
"Komatsu","PC08UU","komatsu-pc08uu","200x72x40"
"Komatsu","PC08UU-1","komatsu-pc08uu-1","200x72x40"
"Komatsu","PC09","komatsu-pc09","180x72x37"
"Komatsu","PC09-1","komatsu-pc09-1","180x72x37"
"Komatsu","PC09FR","komatsu-pc09fr","200x72x40"
"Komatsu","PC09FR-1","komatsu-pc09fr-1","200x72x43"
"Komatsu","PC10-6","komatsu-pc10-6","300x52.5x76"
"Komatsu","PC10-6","komatsu-pc10-6","250x52.5x76"
"Komatsu","PC10FR","komatsu-pc10fr","260x97x40"
"Komatsu","PC10FR","komatsu-pc10fr","250x48.5x80"
"Komatsu","PC10MR","komatsu-pc10mr","200x72x41"
"Komatsu","PC10MR-1avance","komatsu-pc10mr-1avance","180x72x41"
"Komatsu","PC10UU","komatsu-pc10uu","200x72x41"
"Komatsu","PC10UU-3avance","komatsu-pc10uu-3avance","180x72x41"
"Komatsu","PC20MR","komatsu-pc20mr","250x52.5x78"
"Komatsu","PC20MR","komatsu-pc20mr","300x52.5x78"
"Komatsu","PC20-2","komatsu-pc20-2","300x109x41"
"Komatsu","PC20-2","komatsu-pc20-2","300x52.5x84"
"Komatsu","PC20-2","komatsu-pc20-2","300x55x81"
"Komatsu","PC20-6","komatsu-pc20-6","300x109x39"
"Komatsu","PC20-6","komatsu-pc20-6","300x109x41"
"Komatsu","PC20-7","komatsu-pc20-7","300x109x39"
"Komatsu","PC20-7","komatsu-pc20-7","300x55x78"
"Komatsu","PC20FR-1","komatsu-pc20fr-1","260x97x40"
"Komatsu","PC20FR-1","komatsu-pc20fr-1","250x48.5x80"
"Komatsu","PC20FR-2","komatsu-pc20fr-2","260x97x40"
"Komatsu","PC20FR-2","komatsu-pc20fr-2","250x48.5x80"
"Komatsu","PC20MR-1avance","komatsu-pc20mr-1avance","250x52.5x78"
"Komatsu","PC20MR-1avance","komatsu-pc20mr-1avance","300x52.5x78"
"Komatsu","PC20MRX","komatsu-pc20mrx","250x52.5x78"
"Komatsu","PC20MRX","komatsu-pc20mrx","300x52.5x78"
"Komatsu","PC20MRX Utility","komatsu-pc20mrxutility","250x52.5x78"
"Komatsu","PC20MRX Utility","komatsu-pc20mrxutility","300x52.5x78"
"Komatsu","PC20R","komatsu-pc20r","260x52.5x76"
"Komatsu","PC20R","komatsu-pc20r","250x52.5x76"
"Komatsu","PC20R","komatsu-pc20r","300x52.5x76"
"Komatsu","PC20R Utility","komatsu-pc20rutility","300x55x78"
"Komatsu","PC20R Utility","komatsu-pc20rutility","300x52.5x80"
"Komatsu","PC20R-8","komatsu-pc20r-8","260x52.5x76"
"Komatsu","PC20R-8","komatsu-pc20r-8","250x52.5x76"
"Komatsu","PC20R-8","komatsu-pc20r-8","300x52.5x76"
"Komatsu","PC20R-8","komatsu-pc20r-8","260x109x37"
"Komatsu","PC20UU","komatsu-pc20uu","250x52.5x78"
"Komatsu","PC20UU","komatsu-pc20uu","300x52.5x78"
"Komatsu","PC20UU-3avance","komatsu-pc20uu-3avance","250x52.5x78"
"Komatsu","PC20UU-3avance","komatsu-pc20uu-3avance","300x52.5x78"
"Komatsu","PC22MR-3","komatsu-pc22mr-3","250x52.5x78"
"Komatsu","PC22MR-3","komatsu-pc22mr-3","300x52.5x78"
"Komatsu","PC24MR-5","komatsu-pc24mr-5","250x52.5x76"
"Komatsu","PC25","komatsu-pc25","300x109x41"
"Komatsu","PC25","komatsu-pc25","300x52.5x84"
"Komatsu","PC25","komatsu-pc25","300x55x81"
"Komatsu","PC25avance R","komatsu-pc25avancer","300x109x41"
"Komatsu","PC25avance R","komatsu-pc25avancer","300x52.5x84"
"Komatsu","PC25avance R","komatsu-pc25avancer","300x55x81"
"Komatsu","PC25-1","komatsu-pc25-1","300x109x41"
"Komatsu","PC25-1","komatsu-pc25-1","300x52.5x84"
"Komatsu","PC25-1","komatsu-pc25-1","300x55x81"
"Komatsu","PC25-2","komatsu-pc25-2","300x109x41"
"Komatsu","PC25-2","komatsu-pc25-2","300x52.5x84"
"Komatsu","PC25-2","komatsu-pc25-2","300x55x81"
"Komatsu","PC25-7","komatsu-pc25-7","300x55x82"
"Komatsu","PC25-7","komatsu-pc25-7","300x52.5x84"
"Komatsu","PC25E-1","komatsu-pc25e-1","300x55x82"
"Komatsu","PC25E-1","komatsu-pc25e-1","300x52.5x84"
"Komatsu","PC25R","komatsu-pc25r","300x52.5x80"
"Komatsu","PC25R","komatsu-pc25r","300x55x77"
"Komatsu","PC25R-8","komatsu-pc25r-8","300x52.5x80"
"Komatsu","PC25R-8","komatsu-pc25r-8","300x55x77"
"Komatsu","PC26MR","komatsu-pc26mr","300x52.5x80"
"Komatsu","PC26MR-5","komatsu-pc26mr-5","300x52.5x80"
"Komatsu","PC27","komatsu-pc27","300x109x39"
"Komatsu","PC27","komatsu-pc27","300x52.5x80"
"Komatsu","PC27","komatsu-pc27","300x55x77"
"Komatsu","PC27MR","komatsu-pc27mr","300x52.5x80"
"Komatsu","PC27MR-1avance","komatsu-pc27mr-1avance","300x52.5x80"
"Komatsu","PC27MR-2","komatsu-pc27mr-2","300x52.5x80"
"Komatsu","PC27MR-3","komatsu-pc27mr-3","300x52.5x80"
"Komatsu","PC27MRX","komatsu-pc27mrx","300x52.5x80"
"Komatsu","PC27R","komatsu-pc27r","300x55x78"
"Komatsu","PC27R Utility","komatsu-pc27rutility","300x55x78"
"Komatsu","PC27R-8","komatsu-pc27r-8","300x109x39"
"Komatsu","PC27R-8","komatsu-pc27r-8","300x52.5x80"
"Komatsu","PC27R-8","komatsu-pc27r-8","300x55x77"
"Komatsu","PC27R-8E Deluxe","komatsu-pc27r-8edeluxe","300x55x78"
"Komatsu","PC27R-8E Deluxe","komatsu-pc27r-8edeluxe","300x55x77"
"Komatsu","PC28","komatsu-pc28","260x109x39"
"Komatsu","PC28","komatsu-pc28","300x52.5x80"
"Komatsu","PC28","komatsu-pc28","260x100x42"
"Komatsu","PC28","komatsu-pc28","300x55x77"
"Komatsu","PC28UU-3avance","komatsu-pc28uu-3avance","300x52.5x80"
"Komatsu","PC28UU-3avance","komatsu-pc28uu-3avance","300x55x77"
"Komatsu","PC28-1","komatsu-pc28-1","260x109x39"
"Komatsu","PC28-1","komatsu-pc28-1","300x52.5x80"
"Komatsu","PC28-1","komatsu-pc28-1","300x55x77"
"Komatsu","PC28-2","komatsu-pc28-2","260x109x39"
"Komatsu","PC28-2","komatsu-pc28-2","300x52.5x80"
"Komatsu","PC28-2","komatsu-pc28-2","300x55x77"
"Komatsu","PC28-2avance","komatsu-pc28-2avance","300x109x39"
"Komatsu","PC28-2avance","komatsu-pc28-2avance","300x52.5x80"
"Komatsu","PC28-2avance","komatsu-pc28-2avance","300x55x77"
"Komatsu","PC28R","komatsu-pc28r","260x109x39"
"Komatsu","PC28R","komatsu-pc28r","300x52.5x80"
"Komatsu","PC28R","komatsu-pc28r","300x55x77"
"Komatsu","PC28uu","komatsu-pc28uu","260x109x39"
"Komatsu","PC28uu","komatsu-pc28uu","300x52.5x80"
"Komatsu","PC28uu","komatsu-pc28uu","300x55x77"
"Komatsu","PC28uu-1","komatsu-pc28uu-1","260x109x39"
"Komatsu","PC28uu-1","komatsu-pc28uu-1","300x52.5x80"
"Komatsu","PC28uu-1","komatsu-pc28uu-1","300x55x77"
"Komatsu","PC28uu-2","komatsu-pc28uu-2","260x109x39"
"Komatsu","PC28uu-2","komatsu-pc28uu-2","300x52.5x80"
"Komatsu","PC28uu-2","komatsu-pc28uu-2","300x55x77"
"Komatsu","PC28uu-3","komatsu-pc28uu-3","300x52.5x80"
"Komatsu","PC28uu-3","komatsu-pc28uu-3","300x55x77"
"Komatsu","PC30","komatsu-pc30","300x109x41"
"Komatsu","PC30","komatsu-pc30","320x100x45"
"Komatsu","PC30","komatsu-pc30","300x52.5x84"
"Komatsu","PC30","komatsu-pc30","300x55x81"
"Komatsu","PC30avance R","komatsu-pc30avancer","300x109x41"
"Komatsu","PC30avance R","komatsu-pc30avancer","300x52.5x84"
"Komatsu","PC30avance R","komatsu-pc30avancer","300x55x81"
"Komatsu","PC30-5","komatsu-pc30-5","300x109x41"
"Komatsu","PC30-5","komatsu-pc30-5","320x100x45"
"Komatsu","PC30-5","komatsu-pc30-5","300x52.5x84"
"Komatsu","PC30-5","komatsu-pc30-5","300x55x81"
"Komatsu","PC30-6","komatsu-pc30-6","300x109x41"
"Komatsu","PC30-6","komatsu-pc30-6","300x52.5x84"
"Komatsu","PC30-6","komatsu-pc30-6","300x55x81"
"Komatsu","PC30-7","komatsu-pc30-7","300x109x41"
"Komatsu","PC30-7","komatsu-pc30-7","300x52.5x84"
"Komatsu","PC30-7","komatsu-pc30-7","300x55x81"
"Komatsu","PC30-7E","komatsu-pc30-7e","300x109x41"
"Komatsu","PC30-7E","komatsu-pc30-7e","300x52.5x84"
"Komatsu","PC30-7E","komatsu-pc30-7e","300x55x81"
"Komatsu","PC30-8","komatsu-pc30-8","300x109x41"
"Komatsu","PC30-8","komatsu-pc30-8","300x55x81"
"Komatsu","PC30FR-1","komatsu-pc30fr-1","300x55x78"
"Komatsu","PC30FR-2","komatsu-pc30fr-2","300x55.5x82"
"Komatsu","PC30MR","komatsu-pc30mr","300x52.5x84"
"Komatsu","PC30MR","komatsu-pc30mr","300x55x81"
"Komatsu","PC30MR-1","komatsu-pc30mr-1","300x52.5x84"
"Komatsu","PC30MR-1","komatsu-pc30mr-1","300x55x81"
"Komatsu","PC30MR-1","komatsu-pc30mr-1","300x52.5x86"
"Komatsu","PC30MR-2","komatsu-pc30mr-2","300x52.5x86"
"Komatsu","PC30MR-3","komatsu-pc30mr-3","300x52.5x86"
"Komatsu","PC30MRX","komatsu-pc30mrx","300x52.5x84"
"Komatsu","PC30R","komatsu-pc30r","300x52.5x84"
"Komatsu","PC30R","komatsu-pc30r","300x55x81"
"Komatsu","PC30R-8","komatsu-pc30r-8","300x109x41"
"Komatsu","PC30R-8","komatsu-pc30r-8","300x52.5x84"
"Komatsu","PC30R-8","komatsu-pc30r-8","300x55x81"
"Komatsu","PC30R-8avance","komatsu-pc30r-8avance","300x52.5x84"
"Komatsu","PC30R-8avance","komatsu-pc30r-8avance","300x55x81"
"Komatsu","PC30uu-2","komatsu-pc30uu-2","300x109x41"
"Komatsu","PC30uu-2","komatsu-pc30uu-2","300x52.5x84"
"Komatsu","PC30uu-2","komatsu-pc30uu-2","300x55x81"
"Komatsu","PC30uu-3","komatsu-pc30uu-3","300x109x41"
"Komatsu","PC30uu-3","komatsu-pc30uu-3","300x52.5x84"
"Komatsu","PC30uu-3","komatsu-pc30uu-3","300x55x81"
"Komatsu","PC35","komatsu-pc35","300x109x41"
"Komatsu","PC35","komatsu-pc35","300x52.5x84"
"Komatsu","PC35","komatsu-pc35","300x55x81"
"Komatsu","PC35-8","komatsu-pc35-8","300x52.5x84"
"Komatsu","PC35MR","komatsu-pc35mr","300x109x41"
"Komatsu","PC35MR","komatsu-pc35mr","300x52.5x84"
"Komatsu","PC35MR","komatsu-pc35mr","300x55x81"
"Komatsu","PC35MR-1","komatsu-pc35mr-1","300x52.5x84"
"Komatsu","PC35MR-1","komatsu-pc35mr-1","300x55x81"
"Komatsu","PC35MR-1","komatsu-pc35mr-1","300x52.5x86"
"Komatsu","PC35MR-2","komatsu-pc35mr-2","300x52.5x86"
"Komatsu","PC35MR-3","komatsu-pc35mr-3","300x52.5x86"
"Komatsu","PC35MR-5","komatsu-pc35mr-5","300x52.5x86"
"Komatsu","PC35MRX","komatsu-pc35mrx","300x52.5x84"
"Komatsu","PC35MRX","komatsu-pc35mrx","300x55x81"
"Komatsu","PC35R","komatsu-pc35r","300x109x41"
"Komatsu","PC35R","komatsu-pc35r","300x52.5x84"
"Komatsu","PC35R","komatsu-pc35r","300x55x81"
"Komatsu","PC35R Utility","komatsu-pc35rutility","300x55x82"
"Komatsu","PC35R Utility","komatsu-pc35rutility","300x52.5x84"
"Komatsu","PC35R-8Deluxe","komatsu-pc35r-8deluxe","300x52.5x84"
"Komatsu","PC35R-8","komatsu-pc35r-8","300x109x41"
"Komatsu","PC35R-8","komatsu-pc35r-8","300x52.5x84"
"Komatsu","PC35R-8","komatsu-pc35r-8","300x55x81"
"Komatsu","PC35R-8","komatsu-pc35r-8","300x55x82"
"Komatsu","PC35R-8avance","komatsu-pc35r-8avance","300x52.5x84"
"Komatsu","PC38","komatsu-pc38","300x109x41"
"Komatsu","PC38","komatsu-pc38","300x52.5x84"
"Komatsu","PC38","komatsu-pc38","300x55x81"
"Komatsu","PC38-2","komatsu-pc38-2","300x109x41"
"Komatsu","PC38-2","komatsu-pc38-2","300x52.5x84"
"Komatsu","PC38-2","komatsu-pc38-2","300x55x81"
"Komatsu","PC38-2avance R","komatsu-pc38-2avancer","300x109x41"
"Komatsu","PC38-2avance R","komatsu-pc38-2avancer","300x52.5x84"
"Komatsu","PC38-2avance R","komatsu-pc38-2avancer","300x55x81"
"Komatsu","PC38uu-2","komatsu-pc38uu-2","300x55x82"
"Komatsu","PC38uu-2","komatsu-pc38uu-2","300x52.5x86"
"Komatsu","PC38uu-2avance","komatsu-pc38uu-2avance","300x109x41"
"Komatsu","PC38uu-2avance","komatsu-pc38uu-2avance","300x52.5x84"
"Komatsu","PC38uu-2avance","komatsu-pc38uu-2avance","300x55x81"
"Komatsu","PC38uu-3","komatsu-pc38uu-3","300x55x82"
"Komatsu","PC38uu-3","komatsu-pc38uu-3","300x52.5x86"
"Komatsu","PC38uuM-2","komatsu-pc38uum-2","300x55x82"
"Komatsu","PC38uuM-2","komatsu-pc38uum-2","300x52.5x86"
"Komatsu","PC38uuM-2avance","komatsu-pc38uum-2avance","300x52.5x84"
"Komatsu","PC38uuM-2avance","komatsu-pc38uum-2avance","300x55x81"
"Komatsu","PC40avance R","komatsu-pc40avancer","400x72.5x72"
"Komatsu","PC40-7","komatsu-pc40-7","400x73x72"
"Komatsu","PC40-7","komatsu-pc40-7","400x72.5x72"
"Komatsu","PC40FR-2","komatsu-pc40fr-2","350x75.5x74"
"Komatsu","PC40FR-2","komatsu-pc40fr-2","400x75.5x74"
"Komatsu","PC40MR","komatsu-pc40mr","400x72.5x72"
"Komatsu","PC40MR-1","komatsu-pc40mr-1","400x73x72"
"Komatsu","PC40MR-1","komatsu-pc40mr-1","400x72.5x72"
"Komatsu","PC40MR-2","komatsu-pc40mr-2","400x72.5x74"
"Komatsu","PC40MRX","komatsu-pc40mrx","400x73x72"
"Komatsu","PC40MRX","komatsu-pc40mrx","400x72.5x72"
"Komatsu","PC40R","komatsu-pc40r","400x72.5x72"
"Komatsu","PC40R-8","komatsu-pc40r-8","400x72.5x72"
"Komatsu","PC40R-8avance","komatsu-pc40r-8avance","400x73x72"
"Komatsu","PC40R-8avance","komatsu-pc40r-8avance","400x72.5x72"
"Komatsu","PC40T","komatsu-pc40t","400x73x72"
"Komatsu","PC40T","komatsu-pc40t","400x72.5x72"
"Komatsu","PC45","komatsu-pc45","400x72.5x72"
"Komatsu","PC45avance R","komatsu-pc45avancer","400x73x72"
"Komatsu","PC45avance R","komatsu-pc45avancer","400x72.5x72"
"Komatsu","PC45-1","komatsu-pc45-1","400x72.5x72"
"Komatsu","PC45-1E","komatsu-pc45-1e","400x72.5x72"
"Komatsu","PC45-8","komatsu-pc45-8","400x72.5x72"
"Komatsu","PC45MR","komatsu-pc45mr","400x72.5x72"
"Komatsu","PC45MR-1","komatsu-pc45mr-1","400x73x72"
"Komatsu","PC45MR-1","komatsu-pc45mr-1","400x72.5x72"
"Komatsu","PC45MR-3","komatsu-pc45mr-3","450x86x58"
"Komatsu","PC45MR-5","komatsu-pc45mr-5","320x86x54"
"Komatsu","PC45MR-5","komatsu-pc45mr-5","375x86x54"
"Komatsu","PC45MR-5","komatsu-pc45mr-5","400x86x54"
"Komatsu","PC45MRX","komatsu-pc45mrx","320x86x54"
"Komatsu","PC45MRX","komatsu-pc45mrx","375x86x54"
"Komatsu","PC45MRX","komatsu-pc45mrx","400x86x54"
"Komatsu","PC45R","komatsu-pc45r","320x86x54"
"Komatsu","PC45R","komatsu-pc45r","375x86x54"
"Komatsu","PC45R","komatsu-pc45r","400x86x54"
"Komatsu","PC45R Utility","komatsu-pc45rutility","400x72.5x72"
"Komatsu","PC45R-8","komatsu-pc45r-8","400x72.5x72"
"Komatsu","PC45R-8avance","komatsu-pc45r-8avance","400x73x72"
"Komatsu","PC45R-8avance","komatsu-pc45r-8avance","400x72.5x72"
"Komatsu","PC50-2","komatsu-pc50-2","400x73x72"
"Komatsu","PC50-2","komatsu-pc50-2","400x72.5x72"
"Komatsu","PC50-2avance R","komatsu-pc50-2avancer","400x72.5x72"
"Komatsu","PC50-3","komatsu-pc50-3","400x72.5x72"
"Komatsu","PC50FR-1","komatsu-pc50fr-1","400x72.5x72"
"Komatsu","PC50FR-2","komatsu-pc50fr-2","400x75.5x74"
"Komatsu","PC50M-2","komatsu-pc50m-2","400x72.5x72"
"Komatsu","PC50MR","komatsu-pc50mr","400x72.5x74"
"Komatsu","PC50MR-1","komatsu-pc50mr-1","400x72.5x74"
"Komatsu","PC50MR-2","komatsu-pc50mr-2","400x72.5x74"
"Komatsu","PC50UD UG-2","komatsu-pc50udug-2","400x73x72"
"Komatsu","PC50UD UG-2","komatsu-pc50udug-2","400x72.5x72"
"Komatsu","PC50uu-2","komatsu-pc50uu-2","400x73x72"
"Komatsu","PC50uu-2","komatsu-pc50uu-2","400x72.5x72"
"Komatsu","PC50uu-2avance","komatsu-pc50uu-2avance","400x73x72"
"Komatsu","PC50uu-2avance","komatsu-pc50uu-2avance","400x72.5x72"
"Komatsu","PC50uu-2E","komatsu-pc50uu-2e","400x73x72"
"Komatsu","PC50uu-2E","komatsu-pc50uu-2e","400x72.5x72"
"Komatsu","PC50uuM-2","komatsu-pc50uum-2","400x72.5x72"
"Komatsu","PC50uuM-2avance","komatsu-pc50uum-2avance","400x73x72"
"Komatsu","PC50uuM-2avance","komatsu-pc50uum-2avance","400x72.5x72"
"Komatsu","PC55MR","komatsu-pc55mr","400x72.5x74"
"Komatsu","PC55MR-3","komatsu-pc55mr-3","400x72.5x74"
"Komatsu","PC58SF-1","komatsu-pc58sf-1","400x73x72"
"Komatsu","PC58SF-1","komatsu-pc58sf-1","400x72.5x72"
"Komatsu","PC58uu-3","komatsu-pc58uu-3","400x135x38"
"Komatsu","PC58uu-3","komatsu-pc58uu-3","400x72.5x72"
"Komatsu","PC58uu-X","komatsu-pc58uu-x","400x135x38"
"Komatsu","PC58uu-X","komatsu-pc58uu-x","400x72.5x72"
"Komatsu","PC60-6","komatsu-pc60-6","450x83.5x74"
"Komatsu","PC60-6","komatsu-pc60-6","450x81x76"
"Komatsu","PC75","komatsu-pc75","450x76x80"
"Komatsu","PC75-1","komatsu-pc75-1","450x76x80"
"Komatsu","PC75-2","komatsu-pc75-2","450x76x80"
"Komatsu","PC75-2","komatsu-pc75-2","450x83.5x74"
"Komatsu","PC75-2","komatsu-pc75-2","450x81x76"
"Komatsu","PC75R-2","komatsu-pc75r-2","450x76x80"
"Komatsu","PC75R-8","komatsu-pc75r-8","450x76x80"
"Komatsu","PC75uu-1","komatsu-pc75uu-1","450x83.5x74"
"Komatsu","PC75uu-1","komatsu-pc75uu-1","450x81x76"
"Komatsu","PC75uu-2","komatsu-pc75uu-2","450x83.5x74"
"Komatsu","PC75uu-2","komatsu-pc75uu-2","450x81x76"
"Komatsu","PC75uu-2A","komatsu-pc75uu-2a","450x83.5x74"
"Komatsu","PC75uu-2A","komatsu-pc75uu-2a","450x81x76"
"Komatsu","PC75uu-2AR","komatsu-pc75uu-2ar","450x83.5x74"
"Komatsu","PC75uu-2AR","komatsu-pc75uu-2ar","450x81x76"
"Komatsu","PC75uu-2DQ","komatsu-pc75uu-2dq","450x83.5x74"
"Komatsu","PC75uu-2DQ","komatsu-pc75uu-2dq","450x81x76"
"Komatsu","PC75uu-2R","komatsu-pc75uu-2r","450x83.5x74"
"Komatsu","PC75uu-2R","komatsu-pc75uu-2r","450x81x76"
"Komatsu","PC75uu-3","komatsu-pc75uu-3","450x83.5x74"
"Komatsu","PC75uu-3","komatsu-pc75uu-3","450x81x76"
"Komatsu","PC75uu-3A","komatsu-pc75uu-3a","450x83.5x74"
"Komatsu","PC75uu-3A","komatsu-pc75uu-3a","450x81x76"
"Komatsu","PC75uu-3T","komatsu-pc75uu-3t","450x83.5x74"
"Komatsu","PC75uu-3T","komatsu-pc75uu-3t","450x81x76"
"Komatsu","PC75uuT-6","komatsu-pc75uut-6","450x83.5x74"
"Komatsu","PC75uuT-6","komatsu-pc75uut-6","450x81x76"
"Komatsu","PC78MR-6","komatsu-pc78mr-6","450x83.5x74"
"Komatsu","PC78MR-6","komatsu-pc78mr-6","450x81x76"
"Komatsu","PC78N","komatsu-pc78n","450x83.5x74"
"Komatsu","PC78N","komatsu-pc78n","450x81x76"
"Komatsu","PC80MR","komatsu-pc80mr","450x83.5x74"
"Komatsu","PC80MR","komatsu-pc80mr","450x81x76"
"Komatsu","PC80MR-5","komatsu-pc80mr-5","450x83.5x74"
"Komatsu","PC80MR-5","komatsu-pc80mr-5","450x81x76"
"Komatsu","PC88MR","komatsu-pc88mr","450x83.5x74"
"Komatsu","PC88MR","komatsu-pc88mr","450x81x76"
"Komatsu","PC88MR-10","komatsu-pc88mr-10","450x83.5x74"
"Komatsu","PC88MR-10","komatsu-pc88mr-10","450x81x76"
"Komatsu","PC88MR-6","komatsu-pc88mr-6","450x83.5x74"
"Komatsu","PC88MR-6","komatsu-pc88mr-6","450x81x76"
"Komatsu","PC88MR-8","komatsu-pc88mr-8","450x83.5x74"
"Komatsu","PC88MR-8","komatsu-pc88mr-8","450x81x76"
"Komatsu","PC95","komatsu-pc95","450x76x84"
"Komatsu","PC95-1","komatsu-pc95-1","450x76x84"
"Komatsu","PC95R-2","komatsu-pc95r-2","450x76x84"
"Komatsu","PC12R-8","komatsu-pc12r-8","230x96x31"
"Komatsu","PC12R-8","komatsu-pc12r-8","230x48x62"
"Komatsu","PC12R-8Mistral HS","komatsu-pc12r-8mistralhs","230x96x31"
"Komatsu","PC12R-8Mistral HS","komatsu-pc12r-8mistralhs","230x48x62"
"Komatsu","PC12R-8avance","komatsu-pc12r-8avance","230x96x31"
"Komatsu","PC12R-8avance","komatsu-pc12r-8avance","230x48x62"
"Komatsu","PC14R HS","komatsu-pc14rhs","230x96x35"
"Komatsu","PC14R HS","komatsu-pc14rhs","230x48x70"
"Komatsu","PC14R-2","komatsu-pc14r-2","230x96x31"
"Komatsu","PC14R-2","komatsu-pc14r-2","230x48x62"
"Komatsu","PC14R-2HS","komatsu-pc14r-2hs","230x96x35"
"Komatsu","PC14R-2HS","komatsu-pc14r-2hs","230x48x70"
"Komatsu","PC14R-3","komatsu-pc14r-3","230x48x62"
"Komatsu","PC14R-3HS","komatsu-pc14r-3hs","230x48x70"
"Komatsu","PC15","komatsu-pc15","300x52.5x80"
"Komatsu","PC15","komatsu-pc15","260x100x42"
"Komatsu","PC15","komatsu-pc15","300x55x77"
"Komatsu","PC15FR-1","komatsu-pc15fr-1","230x72x47"
"Komatsu","PC15MR","komatsu-pc15mr","200x72x41"
"Komatsu","PC15MR","komatsu-pc15mr","230x96x35"
"Komatsu","PC15MR","komatsu-pc15mr","230x48x70"
"Komatsu","PC15MR-1","komatsu-pc15mr-1","180x72x41"
"Komatsu","PC15MRX","komatsu-pc15mrx","230x96x35"
"Komatsu","PC15MRX","komatsu-pc15mrx","230x48x70"
"Komatsu","PC15MRX-1","komatsu-pc15mrx-1","230x96x35"
"Komatsu","PC15MRX-1","komatsu-pc15mrx-1","230x48x70"
"Komatsu","PC15P","komatsu-pc15p","260x109x39"
"Komatsu","PC15P","komatsu-pc15p","300x52.5x80"
"Komatsu","PC15P","komatsu-pc15p","300x55x77"
"Komatsu","PC15R","komatsu-pc15r","230x96x31"
"Komatsu","PC15R","komatsu-pc15r","230x48x62"
"Komatsu","PC15R HS","komatsu-pc15rhs","230x96x31"
"Komatsu","PC15R HS","komatsu-pc15rhs","230x48x62"
"Komatsu","PC15R Mistral","komatsu-pc15rmistral","230x96x31"
"Komatsu","PC15R Mistral","komatsu-pc15rmistral","230x48x62"
"Komatsu","PC15R-8E Deluxe","komatsu-pc15r-8edeluxe","230x96x31"
"Komatsu","PC15R-8E Deluxe","komatsu-pc15r-8edeluxe","230x48x62"
"Komatsu","PC15avance R","komatsu-pc15avancer","300x109x39"
"Komatsu","PC15avance R","komatsu-pc15avancer","300x52.5x80"
"Komatsu","PC15avance R","komatsu-pc15avancer","300x55x77"
"Komatsu","PC15-1","komatsu-pc15-1","260x109x39"
"Komatsu","PC15-1","komatsu-pc15-1","300x52.5x80"
"Komatsu","PC15-1","komatsu-pc15-1","300x55x77"
"Komatsu","PC15-2","komatsu-pc15-2","260x109x39"
"Komatsu","PC15-2","komatsu-pc15-2","300x52.5x80"
"Komatsu","PC15-2","komatsu-pc15-2","300x55x77"
"Komatsu","PC15-3","komatsu-pc15-3","260x109x39"
"Komatsu","PC15-3","komatsu-pc15-3","300x52.5x80"
"Komatsu","PC15-3","komatsu-pc15-3","300x55x77"
"Komatsu","PC15-6","komatsu-pc15-6","260x109x39"
"Komatsu","PC15-6","komatsu-pc15-6","300x52.5x80"
"Komatsu","PC15-6","komatsu-pc15-6","300x55x77"
"Komatsu","PC15-7","komatsu-pc15-7","300x52.5x80"
"Komatsu","PC16R HS","komatsu-pc16rhs","230x96x35"
"Komatsu","PC16R HS","komatsu-pc16rhs","230x48x70"
"Komatsu","PC16R-2","komatsu-pc16r-2","230x96x31"
"Komatsu","PC16R-2","komatsu-pc16r-2","230x48x62"
"Komatsu","PC16R-2HS","komatsu-pc16r-2hs","230x96x35"
"Komatsu","PC16R-2HS","komatsu-pc16r-2hs","230x48x70"
"Komatsu","PC16R-3","komatsu-pc16r-3","230x48x62"
"Komatsu","PC16R-3HS","komatsu-pc16r-3hs","230x48x70"
"Komatsu","PC18MR","komatsu-pc18mr","230x96x35"
"Komatsu","PC18MR","komatsu-pc18mr","230x48x70"
"Komatsu","PC18MR-2","komatsu-pc18mr-2","230x96x35"
"Komatsu","PC18MR-2","komatsu-pc18mr-2","230x48x70"
"Komatsu","PC18MR-3","komatsu-pc18mr-3","230x96x35"
"Komatsu","PC18MR-3","komatsu-pc18mr-3","230x48x70"
"Komatsu","PC18MR-5","komatsu-pc18mr-5","230x48x70"
"Komatsu","PC20","komatsu-pc20","320x100x45"
"Komatsu","PC20","komatsu-pc20","300x109x41"
"Komatsu","PC20MR-2","komatsu-pc20mr-2","260x52.5x78"
"Komatsu","PC20MR-2","komatsu-pc20mr-2","300x52.5x78"
"Komatsu","PC20avance R","komatsu-pc20avancer","300x109x39"
"Komatsu","PC20avance R","komatsu-pc20avancer","300x52.5x80"
"Komatsu","PC20-8","komatsu-pc20-8","300x55x78"
"Komatsu","PC20-8","komatsu-pc20-8","300x52.5x80"
"Komatsu","PC75R","komatsu-pc75r","450x76x80"
"Komatsu","SK1020","komatsu-sk1020","450x86x58"
"Komatsu","SK815","komatsu-sk815","320x86x54"
"Komatsu","SK815","komatsu-sk815","375x86x54"
"Komatsu","SK815","komatsu-sk815","400x86x54"
"Komatsu","SK818","komatsu-sk818","320x86x54"
"Komatsu","SK818","komatsu-sk818","375x86x54"
"Komatsu","SK818","komatsu-sk818","400x86x54"
"Komatsu","SK820","komatsu-sk820","320x86x54"
"Komatsu","SK820","komatsu-sk820","375x86x54"
"Komatsu","SK820","komatsu-sk820","400x86x54"
"Kubota","AR30","kubota-ar30","300x109x39"
"Kubota","AR30","kubota-ar30","300x52.5x80"
"Kubota","D902","kubota-d902","230x96x32"
"Kubota","D902","kubota-d902","230x48x64"
"Kubota","FH007","kubota-fh007","180x72x36"
"Kubota","HG","kubota-hg","200x72x42"
"Kubota","K007","kubota-k007","180x72x36"
"Kubota","K008","kubota-k008","180x72x37"
"Kubota","K008-2","kubota-k008-2","180x72x37"
"Kubota","K008-3","kubota-k008-3","180x72x37"
"Kubota","K008-3G","kubota-k008-3g","180x72x37"
"Kubota","K008DH","kubota-k008dh","180x72x37"
"Kubota","K013","kubota-k013","200x96x30"
"Kubota","K013","kubota-k013","230x48x60"
"Kubota","K015","kubota-k015","200x96x30"
"Kubota","K015","kubota-k015","230x48x60"
"Kubota","K020","kubota-k020","250x109x37"
"Kubota","K020","kubota-k020","250x52.5x76"
"Kubota","K020","kubota-k020","300x52.5x76"
"Kubota","K022","kubota-k022","250x109x37"
"Kubota","K022","kubota-k022","250x52.5x76"
"Kubota","K022","kubota-k022","300x52.5x76"
"Kubota","K025","kubota-k025","300x109x37"
"Kubota","K025","kubota-k025","250x52.5x76"
"Kubota","K025","kubota-k025","300x52.5x76"
"Kubota","K028","kubota-k028","300x109x39"
"Kubota","K028","kubota-k028","300x52.5x80"
"Kubota","K030","kubota-k030","300x109x39"
"Kubota","K030","kubota-k030","300x52.5x80"
"Kubota","K030-3","kubota-k030-3","300x53x80"
"Kubota","K035","kubota-k035","300x52.5x84"
"Kubota","K035-3","kubota-k035-3","300x53x84"
"Kubota","K038","kubota-k038","350x56x84"
"Kubota","K038","kubota-k038","350x52.5x88"
"Kubota","K040","kubota-k040","400x72.5x72"
"Kubota","K045","kubota-k045","400x72.5x72"
"Kubota","K080","kubota-k080","450x81.5x76"
"Kubota","K080","kubota-k080","450x81x76"
"Kubota","K151","kubota-k151","400x72.5x72"
"Kubota","KC110H","kubota-kc110h","250x72x48"
"Kubota","KC110HR","kubota-kc110hr","250x72x48"
"Kubota","KC110HR-4","kubota-kc110hr-4","230x72x43"
"Kubota","KC120","kubota-kc120","250x72x45"
"Kubota","KC120","kubota-kc120","230x72x46"
"Kubota","KC121","kubota-kc121","280x72x52"
"Kubota","KC121","kubota-kc121","250x72x52"
"Kubota","KC140","kubota-kc140","250x72x45"
"Kubota","KC40","kubota-kc40","180x60x34"
"Kubota","KC50","kubota-kc50","200x72x34"
"Kubota","KC50","kubota-kc50","200x72x39"
"Kubota","KC50new","kubota-kc50new","250x72x46"
"Kubota","KC50LZ","kubota-kc50lz","200x72x39"
"Kubota","KC51","kubota-kc51","200x72x39"
"Kubota","KC70","kubota-kc70","200x72x39"
"Kubota","KH007","kubota-kh007","180x72x36"
"Kubota","KH007","kubota-kh007","180x72x37"
"Kubota","KH008","kubota-kh008","180x72x37"
"Kubota","KH012","kubota-kh012","230x96x30"
"Kubota","KH012","kubota-kh012","230x48x60"
"Kubota","KH012","kubota-kh012","200x72x42"
"Kubota","KH012G","kubota-kh012g","200x72x42"
"Kubota","KH012HG","kubota-kh012hg","200x72x42"
"Kubota","KH014","kubota-kh014","230x72x42"
"Kubota","KH014G","kubota-kh014g","230x72x42"
"Kubota","KH014HG","kubota-kh014hg","230x72x42"
"Kubota","KH02","kubota-kh02","300x109x37"
"Kubota","KH02","kubota-kh02","250x52.5x76"
"Kubota","KH02","kubota-kh02","300x52.5x76"
"Kubota","KH021","kubota-kh021","250x109x35"
"Kubota","KH021","kubota-kh021","300x52.5x72"
"Kubota","KH021HG","kubota-kh021hg","250x109x35"
"Kubota","KH021HG","kubota-kh021hg","300x52.5x72"
"Kubota","KH024","kubota-kh024","300x109x37"
"Kubota","KH026","kubota-kh026","300x109x37"
"Kubota","KH026G","kubota-kh026g","300x109x35"
"Kubota","KH027","kubota-kh027","300x109x37"
"Kubota","KH027","kubota-kh027","250x52.5x76"
"Kubota","KH027","kubota-kh027","300x52.5x76"
"Kubota","KH027G","kubota-kh027g","300x109x37"
"Kubota","KH027G","kubota-kh027g","250x52.5x76"
"Kubota","KH027G","kubota-kh027g","300x52.5x76"
"Kubota","KH02HG","kubota-kh02hg","300x109x37"
"Kubota","KH02HG","kubota-kh02hg","250x52.5x76"
"Kubota","KH02HG","kubota-kh02hg","300x52.5x76"
"Kubota","KH030","kubota-kh030","300x109x39"
"Kubota","KH030","kubota-kh030","300x52.5x80"
"Kubota","KH030G","kubota-kh030g","300x109x39"
"Kubota","KH030G","kubota-kh030g","300x52.5x80"
"Kubota","KH030HG","kubota-kh030hg","300x109x39"
"Kubota","KH030HG","kubota-kh030hg","300x52.5x80"
"Kubota","KH033","kubota-kh033","300x109x39"
"Kubota","KH033","kubota-kh033","300x109x41"
"Kubota","KH033HG","kubota-kh033hg","300x109x39"
"Kubota","KH033HG","kubota-kh033hg","300x109x41"
"Kubota","KH040","kubota-kh040","400x142x37"
"Kubota","KH040","kubota-kh040","400x72.5x72"
"Kubota","KH041","kubota-kh041","230x72x42"
"Kubota","KH045","kubota-kh045","400x142x37"
"Kubota","KH045","kubota-kh045","400x72.5x72"
"Kubota","KH05","kubota-kh05","200x72x42"
"Kubota","KH055","kubota-kh055","400x142x39"
"Kubota","KH055","kubota-kh055","400x72.5x76"
"Kubota","KH055N","kubota-kh055n","400x72.5x76"
"Kubota","KH060","kubota-kh060","300x109x37"
"Kubota","KH060","kubota-kh060","250x52.5x76"
"Kubota","KH060","kubota-kh060","300x52.5x76"
"Kubota","KH07","kubota-kh07","180x72x37"
"Kubota","KH090","kubota-kh090","300x109x41"
"Kubota","KH090","kubota-kh090","300x52.5x84"
"Kubota","KH101","kubota-kh101","300x109x41"
"Kubota","KH101","kubota-kh101","300x52.5x84"
"Kubota","KH12","kubota-kh12","200x72x42"
"Kubota","KH120","kubota-kh120","230x72x42"
"Kubota","KH121","kubota-kh121","300x109x35"
"Kubota","KH121","kubota-kh121","300x52.5x72"
"Kubota","KH130","kubota-kh130","400x146x36"
"Kubota","KH130","kubota-kh130","400x72.5x72"
"Kubota","KH14","kubota-kh14","230x72x42"
"Kubota","KH14G","kubota-kh14g","230x72x42"
"Kubota","KH14HG","kubota-kh14hg","230x72x42"
"Kubota","KH151","kubota-kh151","400x142x37"
"Kubota","KH151","kubota-kh151","400x72.5x72"
"Kubota","KH191","kubota-kh191","450x71x78"
"Kubota","KH191","kubota-kh191","450x81x72"
"Kubota","KH21","kubota-kh21","180x72x36"
"Kubota","KH24","kubota-kh24","300x109x37"
"Kubota","KH24","kubota-kh24","250x52.5x76"
"Kubota","KH24","kubota-kh24","300x52.5x76"
"Kubota","KH24HG","kubota-kh24hg","300x109x37"
"Kubota","KH24HG","kubota-kh24hg","250x52.5x76"
"Kubota","KH24HG","kubota-kh24hg","300x52.5x76"
"Kubota","KH26HG","kubota-kh26hg","300x109x37"
"Kubota","KH26HG","kubota-kh26hg","250x52.5x76"
"Kubota","KH26HG","kubota-kh26hg","300x52.5x76"
"Kubota","KH26SR","kubota-kh26sr","320x100x40"
"Kubota","KH26SR","kubota-kh26sr","320x100x43"
"Kubota","KH28","kubota-kh28","200x72x42"
"Kubota","KH30SR","kubota-kh30sr","320x100x40"
"Kubota","KH30SR","kubota-kh30sr","320x100x43"
"Kubota","KH30SRG","kubota-kh30srg","320x100x40"
"Kubota","KH30SRG","kubota-kh30srg","320x100x43"
"Kubota","KH31","kubota-kh31","200x72x42"
"Kubota","KH35","kubota-kh35","200x72x42"
"Kubota","KH36","kubota-kh36","200x72x42"
"Kubota","KH37","kubota-kh37","200x72x42"
"Kubota","KH38","kubota-kh38","200x72x42"
"Kubota","KH41","kubota-kh41","230x72x42"
"Kubota","KH41","kubota-kh41","230x96x30"
"Kubota","KH41R","kubota-kh41r","230x72x42"
"Kubota","KH5","kubota-kh5","200x72x42"
"Kubota","KH50","kubota-kh50","230x72x42"
"Kubota","KH50","kubota-kh50","250x109x35"
"Kubota","KH50SR","kubota-kh50sr","420x100x52"
"Kubota","KH50SR","kubota-kh50sr","420x100x54"
"Kubota","KH51","kubota-kh51","250x109x35"
"Kubota","KH51","kubota-kh51","300x52.5x72"
"Kubota","KH51SR","kubota-kh51sr","420x100x52"
"Kubota","KH51SR","kubota-kh51sr","420x100x54"
"Kubota","KH52","kubota-kh52","250x109x35"
"Kubota","KH52","kubota-kh52","300x52.5x72"
"Kubota","KH52SR","kubota-kh52sr","400x146x36"
"Kubota","KH52SR","kubota-kh52sr","420x100x52"
"Kubota","KH52SR","kubota-kh52sr","420x100x54"
"Kubota","KH55","kubota-kh55","230x72x42"
"Kubota","KH55","kubota-kh55","250x109x35"
"Kubota","KH55G","kubota-kh55g","230x72x42"
"Kubota","KH55R","kubota-kh55r","230x72x42"
"Kubota","KH55S","kubota-kh55s","230x72x42"
"Kubota","KH55X","kubota-kh55x","230x72x42"
"Kubota","KH5HC","kubota-kh5hc","200x72x42"
"Kubota","KH60","kubota-kh60","300x109x35"
"Kubota","KH60","kubota-kh60","300x109x37"
"Kubota","KH61","kubota-kh61","300x109x35"
"Kubota","KH61","kubota-kh61","300x52.5x72"
"Kubota","KH65","kubota-kh65","300x109x37"
"Kubota","KH65","kubota-kh65","250x52.5x76"
"Kubota","KH65","kubota-kh65","300x52.5x76"
"Kubota","KH66","kubota-kh66","300x109x35"
"Kubota","KH66","kubota-kh66","300x109x37"
"Kubota","KH70","kubota-kh70","300x109x37"
"Kubota","KH70","kubota-kh70","300x109x39"
"Kubota","KH71","kubota-kh71","300x109x35"
"Kubota","KH90","kubota-kh90","300x109x41"
"Kubota","KH90","kubota-kh90","300x52.5x84"
"Kubota","KH91","kubota-kh91","300x1009x39"
"Kubota","KH91","kubota-kh91","300x52.5x80"
"Kubota","KN36","kubota-kn36","200x96x30"
"Kubota","KN36","kubota-kn36","230x48x60"
"Kubota","KN51","kubota-kn51","250x109x35"
"Kubota","KN51","kubota-kn51","300x52.5x72"
"Kubota","KX007","kubota-kx007","180x72x36"
"Kubota","KX008","kubota-kx008","180x72x37"
"Kubota","KX012","kubota-kx012","230x96x30"
"Kubota","KX012","kubota-kx012","230x48x60"
"Kubota","KX014","kubota-kx014","230x96x30"
"Kubota","KX014","kubota-kx014","230x48x60"
"Kubota","KX015-4","kubota-kx015-4","230x96x32"
"Kubota","KX015-4","kubota-kx015-4","230x48x64"
"Kubota","KX016-4","kubota-kx016-4","230x96x32"
"Kubota","KX016-4","kubota-kx016-4","230x48x64"
"Kubota","KX018-4","kubota-kx018-4","230x48x70"
"Kubota","KX019-4","kubota-kx019-4","230x48x70"
"Kubota","KX021","kubota-kx021","250x109x35"
"Kubota","KX021","kubota-kx021","250x109x37"
"Kubota","KX021UR","kubota-kx021ur","250x19x37"
"Kubota","KX021UR","kubota-kx021ur","250x52.5x76"
"Kubota","KX021UR","kubota-kx021ur","300x52.5x76"
"Kubota","KX024","kubota-kx024","250x109x35"
"Kubota","KX024","kubota-kx024","300x52.5x72"
"Kubota","KX026","kubota-kx026","300x109x35"
"Kubota","KX026","kubota-kx026","300x52.5x72"
"Kubota","KX027","kubota-kx027","300x109x37"
"Kubota","KX027","kubota-kx027","250x52.5x76"
"Kubota","KX027","kubota-kx027","300x52.5x76"
"Kubota","KX027-4","kubota-kx027-4","300x53x80"
"Kubota","KX030","kubota-kx030","300x109x39"
"Kubota","KX030","kubota-kx030","300x109x41"
"Kubota","KX030-4","kubota-kx030-4","300x53x80"
"Kubota","KX033","kubota-kx033","300x109x39"
"Kubota","KX033","kubota-kx033","300x109x41"
"Kubota","KX033-4","kubota-kx033-4","300x53x84"
"Kubota","KX037-4","kubota-kx037-4","300x53x84"
"Kubota","KX040","kubota-kx040","400x142x37"
"Kubota","KX040","kubota-kx040","400x72.5x72"
"Kubota","KX040-4","kubota-kx040-4","350x54.5x86"
"Kubota","KX040-4HGA","kubota-kx040-4hga","350x54.5x86"
"Kubota","KX041","kubota-kx041","230x96x30"
"Kubota","KX041","kubota-kx041","230x48x60"
"Kubota","KX042-4","kubota-kx042-4","350x54.5x86"
"Kubota","KX045","kubota-kx045","400x142x37"
"Kubota","KX045","kubota-kx045","400x72.5x72"
"Kubota","KX057-4","kubota-kx057-4","400x72.5x74"
"Kubota","KX057-5","kubota-kx057-5","400x72.5x74"
"Kubota","KX060-5","kubota-kx060-5","400x72.5x74"
"Kubota","KX080","kubota-kx080","450x81.5x76"
"Kubota","KX080","kubota-kx080","450x81x76"
"Kubota","KX080-3","kubota-kx080-3","450x81.5x76"
"Kubota","KX080-3","kubota-kx080-3","450x81x76"
"Kubota","KX080-4","kubota-kx080-4","450x81.5x76"
"Kubota","KX080-4","kubota-kx080-4","450x81x76"
"Kubota","KX100-5","kubota-kx100-5","500x92x78"
"Kubota","KX101","kubota-kx101","300x109x41"
"Kubota","KX101","kubota-kx101","300x52.5x84"
"Kubota","KX101-3","kubota-kx101-3","300x53x84"
"Kubota","KX101-3&2","kubota-kx101-32","300x53x84"
"Kubota","KX101-3&3","kubota-kx101-33","300x53x84"
"Kubota","KX101-3&4","kubota-kx101-34","300x53x84"
"Kubota","KX12","kubota-kx12","200x96x30"
"Kubota","KX12","kubota-kx12","230x48x60"
"Kubota","KX120-5","kubota-kx120-5","500x92x84"
"Kubota","KX121-2","kubota-kx121-2","350x56x84"
"Kubota","KX121-2","kubota-kx121-2","350x52.5x88"
"Kubota","KX121-2S","kubota-kx121-2s","350x56x84"
"Kubota","KX121-2S","kubota-kx121-2s","350x52.5x88"
"Kubota","KX121-3","kubota-kx121-3","350x54.5x86"
"Kubota","KX151","kubota-kx151","400x142x37"
"Kubota","KX151","kubota-kx151","400x72.5x72"
"Kubota","KX161-2","kubota-kx161-2","400x72.5x72"
"Kubota","KX161-2S","kubota-kx161-2s","400x72.5x72"
"Kubota","KX161-2SR","kubota-kx161-2sr","400x72.5x72"
"Kubota","KX161-3","kubota-kx161-3","400x72.5x74"
"Kubota","KX161-3CX","kubota-kx161-3cx","400x72.5x74"
"Kubota","KX21","kubota-kx21","180x72x39"
"Kubota","KX251","kubota-kx251","450x71x86"
"Kubota","KX251N2PG","kubota-kx251n2pg","450x71x86"
"Kubota","KX28","kubota-kx28","200x96x30"
"Kubota","KX28","kubota-kx28","230x48x60"
"Kubota","KX36","kubota-kx36","200x96x30"
"Kubota","KX36","kubota-kx36","230x48x60"
"Kubota","KX36-2","kubota-kx36-2","200x96x30"
"Kubota","KX36-2","kubota-kx36-2","230x96x30"
"Kubota","KX36-2","kubota-kx36-2","230x48x60"
"Kubota","KX36-3","kubota-kx36-3","230x96x32"
"Kubota","KX36-3","kubota-kx36-3","230x48x64"
"Kubota","KX36-3GL","kubota-kx36-3gl","230x96x32"
"Kubota","KX36-3GL","kubota-kx36-3gl","230x48x64"
"Kubota","KX36-3HGL","kubota-kx36-3hgl","230x96x32"
"Kubota","KX36-3HGL","kubota-kx36-3hgl","230x48x64"
"Kubota","KX36HG","kubota-kx36hg","230x96x30"
"Kubota","KX36HG","kubota-kx36hg","230x48x60"
"Kubota","KX41","kubota-kx41","230x96x30"
"Kubota","KX41","kubota-kx41","230x48x60"
"Kubota","KX41-2","kubota-kx41-2","230x96x30"
"Kubota","KX41-2","kubota-kx41-2","230x48x60"
"Kubota","KX41-2S","kubota-kx41-2s","230x96x32"
"Kubota","KX41-2S","kubota-kx41-2s","230x48x64"
"Kubota","KX41-2SC","kubota-kx41-2sc","230x96x32"
"Kubota","KX41-2SC","kubota-kx41-2sc","230x48x64"
"Kubota","KX41-2SV","kubota-kx41-2sv","230x96x35"
"Kubota","KX41-2SV","kubota-kx41-2sv","230x48x70"
"Kubota","KX41-2V","kubota-kx41-2v","230x96x35"
"Kubota","KX41-2V","kubota-kx41-2v","230x48x70"
"Kubota","KX41-2VC","kubota-kx41-2vc","230x96x35"
"Kubota","KX41-2VC","kubota-kx41-2vc","230x48x70"
"Kubota","KX41-3","kubota-kx41-3","230x48x70"
"Kubota","KX41-3S","kubota-kx41-3s","230x96x32"
"Kubota","KX41-3S","kubota-kx41-3s","230x48x64"
"Kubota","KX41-3SGL","kubota-kx41-3sgl","230x96x32"
"Kubota","KX41-3SGL","kubota-kx41-3sgl","230x48x64"
"Kubota","KX41-3V","kubota-kx41-3v","230x96x35"
"Kubota","KX41-3V","kubota-kx41-3v","230x48x70"
"Kubota","KX41-3VGL","kubota-kx41-3vgl","230x96x35"
"Kubota","KX41-3VGL","kubota-kx41-3vgl","230x48x70"
"Kubota","KX41HG","kubota-kx41hg","230x96x30"
"Kubota","KX41HG","kubota-kx41hg","230x48x60"
"Kubota","KX41L","kubota-kx41l","230x96x30"
"Kubota","KX41L","kubota-kx41l","230x48x60"
"Kubota","KX51","kubota-kx51","250x109x35"
"Kubota","KX51","kubota-kx51","300x52.5x72"
"Kubota","KX61","kubota-kx61","250x109x35"
"Kubota","KX61","kubota-kx61","300x52.5x72"
"Kubota","KX61-2","kubota-kx61-2","250x109x37"
"Kubota","KX61-2","kubota-kx61-2","250x52.5x76"
"Kubota","KX61-2","kubota-kx61-2","300x52.5x76"
"Kubota","KX61-2S","kubota-kx61-2s","250x109x37"
"Kubota","KX61-2S","kubota-kx61-2s","250x52.5x76"
"Kubota","KX61-2S","kubota-kx61-2s","300x52.5x76"
"Kubota","KX61-3","kubota-kx61-3","300x53x80"
"Kubota","KX71","kubota-kx71","300x109x35"
"Kubota","KX71","kubota-kx71","300x52.5x72"
"Kubota","KX71-2","kubota-kx71-2","300x109x39"
"Kubota","KX71-2","kubota-kx71-2","300x52.5x80"
"Kubota","KX71-3","kubota-kx71-3","300x53x80"
"Kubota","KX71-3GL","kubota-kx71-3gl","300x53x80"
"Kubota","KX75UR","kubota-kx75ur","450x81x76"
"Kubota","KX80","kubota-kx80","450x81x76"
"Kubota","KX90","kubota-kx90","300x109x41"
"Kubota","KX90","kubota-kx90","300x52.5x84"
"Kubota","KX91-2","kubota-kx91-2","300x109x39"
"Kubota","KX91-2","kubota-kx91-2","300x52.5x80"
"Kubota","KX91-2S","kubota-kx91-2s","300x109x39"
"Kubota","KX91-2S","kubota-kx91-2s","300x52.5x80"
"Kubota","KX91-2SR","kubota-kx91-2sr","300x109x39"
"Kubota","KX91-2SR","kubota-kx91-2sr","300x52.5x80"
"Kubota","KX91-3","kubota-kx91-3","300x53x80"
"Kubota","KX91-3&-2","kubota-kx91-3-2","300x53x80"
"Kubota","KXB300","kubota-kxb300","180x72x37"
"Kubota","RX141","kubota-rx141","230x96x35"
"Kubota","RX141","kubota-rx141","230x48x70"
"Kubota","RX201","kubota-rx201","250x109x37"
"Kubota","RX201","kubota-rx201","250x52.5x76"
"Kubota","RX201","kubota-rx201","300x52.5x76"
"Kubota","RX202","kubota-rx202","250x96x41"
"Kubota","RX202","kubota-rx202","250x47x84"
"Kubota","RX202","kubota-rx202","250x48x82"
"Kubota","RX301","kubota-rx301","300x109x41"
"Kubota","RX301","kubota-rx301","300x52.5x84"
"Kubota","RX301UR","kubota-rx301ur","300x109x41"
"Kubota","RX301UR","kubota-rx301ur","300x52.5x84"
"Kubota","RX302","kubota-rx302","300x52.5x84"
"Kubota","RX303","kubota-rx303","300x109x41"
"Kubota","RX303","kubota-rx303","300x52.5x84"
"Kubota","RX501","kubota-rx501","400x142x38"
"Kubota","RX501","kubota-rx501","400x72.5x74"
"Kubota","RX502","kubota-rx502","400x72.5x74"
"Kubota","RX502VA","kubota-rx502va","400x72.5x74"
"Kubota","SVL65-2","kubota-svl65-2","320x86x52"
"Kubota","SVL65-2","kubota-svl65-2","380x86x52"
"Kubota","SVL65-2","kubota-svl65-2","400x86x52"
"Kubota","SVL75","kubota-svl75","320x86x52"
"Kubota","SVL75","kubota-svl75","380x86x52"
"Kubota","SVL75","kubota-svl75","400x86x52"
"Kubota","SVL75-2","kubota-svl75-2","320x86x52"
"Kubota","SVL75-2","kubota-svl75-2","380x86x52"
"Kubota","SVL75-2","kubota-svl75-2","400x86x52"
"Kubota","SVL75-3","kubota-svl75-3","320x86x52"
"Kubota","SVL75-3","kubota-svl75-3","400x86x52"
"Kubota","SVL90","kubota-svl90","450x86x58"
"Kubota","SVL90-2","kubota-svl90-2","450x86x58"
"Kubota","SVL95","kubota-svl95","450x86x58"
"Kubota","SVL95-2","kubota-svl95-2","450x86x58"
"Kubota","SVL95-2s","kubota-svl95-2s","450x86x58"
"Kubota","SVL97-2","kubota-svl97-2","450x86x58"
"Kubota","U-008","kubota-u-008","180x72x37"
"Kubota","U-10","kubota-u-10","180x72x40"
"Kubota","U-10-3","kubota-u-10-3","180x72x40"
"Kubota","U-10-5","kubota-u-10-5","180x72x40"
"Kubota","U-15","kubota-u-15","230x96x35"
"Kubota","U-15Lotus root","kubota-u-15lotusroot","230x96x35"
"Kubota","U-15Lotus root","kubota-u-15lotusroot","230x48x70"
"Kubota","U-15-3","kubota-u-15-3","230x96x35"
"Kubota","U-15-3","kubota-u-15-3","230x48x70"
"Kubota","U-17","kubota-u-17","230x48x70"
"Kubota","U-17-3","kubota-u-17-3","230x48x70"
"Kubota","U-20","kubota-u-20","250x96x41"
"Kubota","U-20","kubota-u-20","250x47x84"
"Kubota","U-20","kubota-u-20","250x48x82"
"Kubota","U-20","kubota-u-20","250x109x35"
"Kubota","U-20","kubota-u-20","300x52.5x72"
"Kubota","U-20-3","kubota-u-20-3","250x47x84"
"Kubota","U-20-3","kubota-u-20-3","250x48x82"
"Kubota","U-20-3V","kubota-u-20-3v","250x47x84"
"Kubota","U-20-3V","kubota-u-20-3v","250x48x82"
"Kubota","U-20-3VHG","kubota-u-20-3vhg","250x47x84"
"Kubota","U-20-3VHG","kubota-u-20-3vhg","250x48x82"
"Kubota","U-25-3","kubota-u-25-3","300x53x80"
"Kubota","U-25-3G","kubota-u-25-3g","300x53x80"
"Kubota","U-25-3GL","kubota-u-25-3gl","300x53x80"
"Kubota","U-27-4","kubota-u-27-4","300x53x80"
"Kubota","U-30","kubota-u-30","300x52.5x84"
"Kubota","U-30-1","kubota-u-30-1","300x52.5x84"
"Kubota","U-30-2","kubota-u-30-2","300x52.5x84"
"Kubota","U-30-3","kubota-u-30-3","300x53x84"
"Kubota","U-30-5S","kubota-u-30-5s","300x52.5x84"
"Kubota","U-30-6S","kubota-u-30-6s","300x52.5x84"
"Kubota","U-30HG","kubota-u-30hg","300x52.5x84"
"Kubota","U-35","kubota-u-35","300x53x84"
"Kubota","U-35-3","kubota-u-35-3","300x53x84"
"Kubota","U-35-3&2","kubota-u-35-32","300x53x84"
"Kubota","U-35-3G","kubota-u-35-3g","300x53x84"
"Kubota","U-35-3GAI","kubota-u-35-3gai","300x53x84"
"Kubota","U-35-3HG","kubota-u-35-3hg","300x53x84"
"Kubota","U-35-4","kubota-u-35-4","300x53x84"
"Kubota","U-35HG","kubota-u-35hg","300x53x84"
"Kubota","U-35SS","kubota-u-35ss","300x53x84"
"Kubota","U-36-4","kubota-u-36-4","300x53x84"
"Kubota","U-40","kubota-u-40","400x72.5x74"
"Kubota","U-45","kubota-u-45","400x72.5x72"
"Kubota","U-45","kubota-u-45","400x75.2x72"
"Kubota","U-45-3","kubota-u-45-3","400x72.5x74"
"Kubota","U-45G","kubota-u-45g","400x72.5x72"
"Kubota","U-45G","kubota-u-45g","400x75.2x72"
"Kubota","U-45VA","kubota-u-45va","400x72.5x74"
"Kubota","U-48-4","kubota-u-48-4","400x72.5x74"
"Kubota","U-50-3","kubota-u-50-3","400x72.5x74"
"Kubota","U-50-5","kubota-u-50-5","400x72.5x74"
"Kubota","U-55","kubota-u-55","400x72.5x74"
"Kubota","U-55-4","kubota-u-55-4","400x72.5x74"
"Kubota","U-55-4S","kubota-u-55-4s","400x72.5x74"
"Kubota","U-55-5","kubota-u-55-5","400x72.5x74"
"Kubota","U-56-5","kubota-u-56-5","400x72.5x74"
"Kubota","UX30","kubota-ux30","300x52.5x84"
"Link-Belt","LS1600C","link-belt-ls1600c","450x73.5x80"
"Link-Belt","LS1600C","link-belt-ls1600c","450x71x82"
"Link-Belt","Quantum1600","link-belt-quantum1600","450x73.5x80"
"Link-Belt","Quantum1600","link-belt-quantum1600","450x71x82"
"MBU","D400","mbu-d400","180x72x37"
"MBU","D500","mbu-d500","180x72x37"
"Macanizacion Y Mineria Sa","MYMC","macanizacion-y-mineria-sa-mymc","230x72x43"
"Macanizacion Y Mineria Sa","MYMP6","macanizacion-y-mineria-sa-mymp6","300x55x78"
"Macanizacion Y Mineria Sa","MYMP6","macanizacion-y-mineria-sa-mymp6","300x52.5x80"
"Macmoter","L6C","macmoter-l6c","400x73x74"
"Macmoter","L6C","macmoter-l6c","400x72.5x74"
"Macmoter","M1","macmoter-m1","250x72x45"
"Macmoter","M1Miniropa","macmoter-m1miniropa","250x72x45"
"Macmoter","M1S","macmoter-m1s","250x72x45"
"Macmoter","M2","macmoter-m2","250x72x45"
"Macmoter","MB135S","macmoter-mb135s","250x72x45"
"Madro","OMH-400","madro-omh-400","230x72x43"
"Madro","SMH-400","madro-smh-400","230x72x43"
"Maeda","M-104C","maeda-m-104c","180x72x40"
"Maeda","MC104C","maeda-mc104c","180x72x40"
"Maeda","MC104CR","maeda-mc104cr","180x72x40"
"Maeda","MC174","maeda-mc174","180x72x40"
"Manitou","1.16S","manitou-116s","230x72x43"
"Manitou","1650RT","manitou-1650rt","320x86x49"
"Manitou","1850RT","manitou-1850rt","320x86x54"
"Manitou","1850RT","manitou-1850rt","400x86x54"
"Manitou","2100RT","manitou-2100rt","450x86x56"
"Manitou","2150RT","manitou-2150rt","450x86x56"
"Manitou","3200VT","manitou-3200vt","450x86x58"
"Manitou","RT105","manitou-rt105","250x72x52"
"Manitou","RT135","manitou-rt135","300x84x46"
"Manitou","RT135","manitou-rt135","300x86x45"
"Massey Ferguson","MF114","massey-ferguson-mf114","230x96x31"
"Massey Ferguson","MF114","massey-ferguson-mf114","230x48x62"
"Massey Ferguson","MF115","massey-ferguson-mf115","230x96x31"
"Massey Ferguson","MF115","massey-ferguson-mf115","230x48x62"
"Massey Ferguson","MF123","massey-ferguson-mf123","250x109x35"
"Massey Ferguson","MF123","massey-ferguson-mf123","300x52.5x72"
"Massey Ferguson","MF125","massey-ferguson-mf125","300x109x38"
"Massey Ferguson","MF125","massey-ferguson-mf125","300x52.5x78"
"Massey Ferguson","MF128","massey-ferguson-mf128","300x109x38"
"Massey Ferguson","MF128","massey-ferguson-mf128","300x52.5x78"
"Massey Ferguson","MF130","massey-ferguson-mf130","300x109x40"
"Massey Ferguson","MF130","massey-ferguson-mf130","300x52.5x82"
"Massey Ferguson","MF131","massey-ferguson-mf131","300x109x40"
"Massey Ferguson","MF131","massey-ferguson-mf131","300x52.5x82"
"Massey Ferguson","MF135","massey-ferguson-mf135","350x108x42"
"Massey Ferguson","MF135","massey-ferguson-mf135","350x52.5x86"
"Massey Ferguson","MF145","massey-ferguson-mf145","400x72.5x72"
"Massey Ferguson","MF145","massey-ferguson-mf145","400x72.5x73"
"Massey Ferguson","MF150","massey-ferguson-mf150","400x72.5x72"
"Massey Ferguson","MF150","massey-ferguson-mf150","400x72.5x73"
"Maweco","1003","maweco-1003","250x72x47"
"Maweco","1003","maweco-1003","230x72x44"
"Maweco","1302","maweco-1302","280x72x47"
"Maweco","1302","maweco-1302","250x72x47"
"Maweco","403","maweco-403","200x72x34"
"Maweco","403","maweco-403","180x72x34"
"Maweco","703","maweco-703","200x72x34"
"Maweco","703","maweco-703","180x72x34"
"Maweco","TC10","maweco-tc10","230x72x43"
"Maweco","YB10","maweco-yb10","230x72x43"
"Maxima","TB15","maxima-tb15","230x72x43"
"Mc Connel","Robocut","mc-connel-robocut","250x72x47"
"Mc Elory","TracStar28","mc-elory-tracstar28","180x72x42"
"Mc Elory","TracStar412","mc-elory-tracstar412","180x72x42"
"Mc Elory","TracStar500","mc-elory-tracstar500","230x72x42"
"Mc Elory","TracStar618","mc-elory-tracstar618","180x72x42"
"Mc Elory","TracStar900","mc-elory-tracstar900","300x100x43"
"Mc Elory","TracStar900","mc-elory-tracstar900","300x52.5x82"
"Mecalac","10MCR","mecalac-10mcr","450x76x84"
"Mecalac","6MCR","mecalac-6mcr","400x73x74"
"Mecalac","6MCR","mecalac-6mcr","400x72.5x74"
"Mecalac","8MCR","mecalac-8mcr","450x71x84"
"Mecanica Benassi","MB300","mecanica-benassi-mb300","180x60x35"
"Mecanica Benassi","MB350","mecanica-benassi-mb350","180x60x35"
"Mecanica Benassi","MB500","mecanica-benassi-mb500","180x60x37"
"Mecbo","P2800-BR.8","mecbo-p2800-br8","250x72x52"
"Meinl","Hamster","meinl-hamster","200x72x37"
"Meinl","Hamster","meinl-hamster","180x72x37"
"Menzi Muck","C14","menzi-muck-c14","200x72x42"
"Menzi Muck","C19","menzi-muck-c19","200x72x42"
"Merlo","M4-2","merlo-m4-2","180x72x37"
"Merlo","M4-3Turbo","merlo-m4-3turbo","180x72x41"
"Merlo","M6","merlo-m6","180x72x35"
"Merlo","M8","merlo-m8","180x72x35"
"Merlo","M8-2Plus Dumper","merlo-m8-2plusdumper","180x72x35"
"Merlo","M8-2Plus Mixer","merlo-m8-2plusmixer","180x72x36"
"Mertz","PX10","mertz-px10","200x72x36"
"Mertz","PX10","mertz-px10","180x72x36"
"Mertz","PX17","mertz-px17","200x72x36"
"Mertz","PX17","mertz-px17","180x72x36"
"Messersi","CH1","messersi-ch1","180x72x34"
"Messersi","CH2","messersi-ch2","180x72x34"
"Messersi","CH2/N13D","messersi-ch2n13d","180x72x37"
"Messersi","CH2/R13","messersi-ch2r13","180x72x37"
"Messersi","CH2R Carrier","messersi-ch2rcarrier","180x72x37"
"Messersi","CH2R Mixer","messersi-ch2rmixer","180x72x37"
"Messersi","CH3","messersi-ch3","180x72x34"
"Messersi","CM1","messersi-cm1","180x72x34"
"Messersi","M08","messersi-m08","180x72x37"
"Messersi","M08E","messersi-m08e","230x72x45"
"Messersi","M10E","messersi-m10e","180x72x37"
"Messersi","M13","messersi-m13","230x72x45"
"Messersi","M15","messersi-m15","230x72x45"
"Messersi","M15","messersi-m15","230x72x44"
"Messersi","M16","messersi-m16","230x72x45"
"Messersi","M16BV","messersi-m16bv","230x96x33"
"Messersi","M16BV","messersi-m16bv","230x48x66"
"Messersi","M16U","messersi-m16u","230x96x33"
"Messersi","M16U","messersi-m16u","230x48x66"
"Messersi","M18","messersi-m18","230x72x45"
"Messersi","M18BE","messersi-m18be","230x96x33"
"Messersi","M18BE","messersi-m18be","230x48x66"
"Messersi","M18BE/C","messersi-m18bec","230x96x32"
"Messersi","M18BE/C","messersi-m18bec","230x48x64"
"Messersi","M20","messersi-m20","230x72x45"
"Messersi","M22U","messersi-m22u","250x96x40"
"Messersi","M22U","messersi-m22u","250x48x80"
"Messersi","M25","messersi-m25","300x55x72"
"Messersi","M25","messersi-m25","300x52.5x74"
"Messersi","M28","messersi-m28","300x55x72"
"Messersi","M28","messersi-m28","300x52.5x74"
"Messersi","M28P","messersi-m28p","300x55x72"
"Messersi","M28P","messersi-m28p","300x52.5x74"
"Messersi","M30","messersi-m30","300x55x78"
"Messersi","M30","messersi-m30","300x52.5x80"
"Messersi","M32","messersi-m32","300x54x80"
"Messersi","M32","messersi-m32","300x52.5x82"
"Messersi","M35","messersi-m35","300x55x78"
"Messersi","M35","messersi-m35","300x52.5x80"
"Messersi","M35P/C","messersi-m35pc","300x54x80"
"Messersi","M35P/C","messersi-m35pc","300x52.5x82"
"Messersi","M50","messersi-m50","400x72.5x72"
"Messersi","M50P","messersi-m50p","400x72.5x72"
"Messersi","TCH05","messersi-tch05","180x72x34"
"Messersi","TCH07D","messersi-tch07d","180x72x34"
"Messersi","TCH09","messersi-tch09","180x72x34"
"Messersi","TCH10D","messersi-tch10d","180x72x34"
"Messersi","TCH12","messersi-tch12","230x72x52"
"Messersi","TCH13","messersi-tch13","180x72x34"
"Messersi","TCH15","messersi-tch15","230x72x52"
"Messersi","TCH1500","messersi-tch1500","230x72x52"
"Messersi","TCH15S","messersi-tch15s","230x72x52"
"Messersi","TCH R16D","messersi-tchr16d","180x73x37"
"Messersi","TCH R16D","messersi-tchr16d","180x72x37"
"Mini Mustang","MM18","mini-mustang-mm18","230x72x43"
"Minicarrier","TL10","minicarrier-tl10","230x72x43"
"Minicarrier","YB10","minicarrier-yb10","230x72x43"
"Minicarrier","YEW5D1","minicarrier-yew5d1","250x72x45"
"Minicarrier","YFW5","minicarrier-yfw5","250x72x45"
"Minidig","G500","minidig-g500","180x72x34"
"Minidig","GR700A","minidig-gr700a","190x72x37"
"Minidig","GR700A","minidig-gr700a","180x72x37"
"Minidig","GR900","minidig-gr900","190x72x37"
"Minidig","GR900","minidig-gr900","180x72x37"
"Mintrac","1003","mintrac-1003","250x72x52"
"Mintrac","1003","mintrac-1003","230x72x44"
"Mintrac","1302","mintrac-1302","280x72x48"
"Mintrac","1302","mintrac-1302","250x72x48"
"Mintrac","403","mintrac-403","230x72x43"
"Mintrac","703","mintrac-703","200x72x34"
"Mintrac","703","mintrac-703","180x72x34"
"Mintrac","709","mintrac-709","200x72x34"
"Mintrac","709","mintrac-709","180x72x34"
"Mintrac","808","mintrac-808","230x72x42"
"Mira","HD190-1","mira-hd190-1","180x72x38"
"Mitsubishi","ME15","mitsubishi-me15","230x96x33"
"Mitsubishi","ME15","mitsubishi-me15","230x48x66"
"Mitsubishi","ME30","mitsubishi-me30","300x52.5x80"
"Mitsubishi","MM20","mitsubishi-mm20","300x52.5x74"
"Mitsubishi","MM25","mitsubishi-mm25","300x52.5x76"
"Mitsubishi","MM25","mitsubishi-mm25","300x109x35"
"Mitsubishi","MM25","mitsubishi-mm25","300x52.5x72"
"Mitsubishi","MM30CR","mitsubishi-mm30cr","300x52.5x80"
"Mitsubishi","MM35","mitsubishi-mm35","300x109x41"
"Mitsubishi","MM35","mitsubishi-mm35","300x52.5x84"
"Mitsubishi","MM35A","mitsubishi-mm35a","300x109x41"
"Mitsubishi","MM35A","mitsubishi-mm35a","300x52.5x84"
"Mitsubishi","MM35B","mitsubishi-mm35b","300x109x41"
"Mitsubishi","MM35B","mitsubishi-mm35b","300x52.5x84"
"Mitsubishi","MM35T","mitsubishi-mm35t","300x109x41"
"Mitsubishi","MM35T","mitsubishi-mm35t","300x52.5x84"
"Mitsubishi","MM40","mitsubishi-mm40","300x52.5x84"
"Mitsubishi","MM40SR","mitsubishi-mm40sr","300x52.5x84"
"Mitsubishi","MM45B","mitsubishi-mm45b","400x73x72"
"Mitsubishi","MM45B","mitsubishi-mm45b","400x72.5x72"
"Mitsubishi","MM55SR","mitsubishi-mm55sr","400x73x72"
"Mitsubishi","MM55SR","mitsubishi-mm55sr","400x72.5x72"
"Mitsubishi","MS010","mitsubishi-ms010","250x72x45"
"Mitsubishi","MX35","mitsubishi-mx35","300x109x39"
"Mitsubishi","MX35","mitsubishi-mx35","300x52.5x80"
"Mitsubishi","MX45","mitsubishi-mx45","400x142x36"
"Mitsubishi","MX45","mitsubishi-mx45","400x72.5x70"
"Monitor","1275","monitor-1275","200x72x47"
"Monitor","43T","monitor-43t","400x72.5x82"
"Mopas","ME35","mopas-me35","300x109x39"
"Mopas","ME35","mopas-me35","300x52.5x80"
"Morath","BR1800","morath-br1800","250x72x57"
"Morooka","CG65","morooka-cg65","700x100x98"
"Morooka","MST1500","morooka-mst1500","700x100x98"
"Morooka","MST1500-P","morooka-mst1500-p","700x100x98"
"Morooka","MST1500E","morooka-mst1500e","700x100x98"
"Morooka","MST1500V","morooka-mst1500v","700x100x98"
"Morooka","MST1500VD","morooka-mst1500vd","700x100x98"
"Morooka","MST1700","morooka-mst1700","700x100x98"
"Morooka","MST1900","morooka-mst1900","700x100x98"
"Morooka","MST2200","morooka-mst2200","750x150x66"
"Morooka","MST2200V","morooka-mst2200v","750x150x66"
"Morooka","MST2200VD","morooka-mst2200vd","750x150x66"
"Morooka","MST2300","morooka-mst2300","750x150x66"
"Morooka","MST600V","morooka-mst600v","500x90x78"
"Morooka","MST600VD","morooka-mst600vd","500x100x65"
"Morooka","MST600VD","morooka-mst600vd","500x90x78"
"Morooka","Track Carrier1500","morooka-trackcarrier1500","700x100x98"
"Morooka","Track Carrier2200","morooka-trackcarrier2200","750x150x66"
"Multidrill","ML","multidrill-ml","250x72x52"
"Multidrill","PL","multidrill-pl","230x96x32"
"Multidrill","PL","multidrill-pl","230x48x64"
"Multidrill","SL","multidrill-sl","180x72x34"
"Multidrill","XL","multidrill-xl","300x52.5x82"
"Multitel","SMX250.E","multitel-smx250e","200x72x45"
"Mustang","1000M","mustang-1000m","485x92x72"
"Mustang","1650RT","mustang-1650rt","320x86x49"
"Mustang","170Z","mustang-170z","230x72x46"
"Mustang","1750RT","mustang-1750rt","320x86x54"
"Mustang","1850RT","mustang-1850rt","320x86x54"
"Mustang","1850RT","mustang-1850rt","400x86x54"
"Mustang","2040","mustang-2040","320x86x50"
"Mustang","2040","mustang-2040","375x86x50"
"Mustang","2040","mustang-2040","400x86x50"
"Mustang","2042","mustang-2042","320x86x50"
"Mustang","2042","mustang-2042","375x86x50"
"Mustang","2042","mustang-2042","400x86x50"
"Mustang","2044","mustang-2044","320x86x50"
"Mustang","2044","mustang-2044","375x86x50"
"Mustang","2044","mustang-2044","400x86x50"
"Mustang","2050","mustang-2050","320x86x50"
"Mustang","2050","mustang-2050","375x86x50"
"Mustang","2050","mustang-2050","400x86x50"
"Mustang","2054","mustang-2054","320x86x52"
"Mustang","2054","mustang-2054","375x86x52"
"Mustang","2054","mustang-2054","400x86x52"
"Mustang","2060","mustang-2060","320x86x52"
"Mustang","2060","mustang-2060","375x86x52"
"Mustang","2060","mustang-2060","400x86x52"
"Mustang","2066","mustang-2066","320x86x54"
"Mustang","2066","mustang-2066","375x86x54"
"Mustang","2066","mustang-2066","400x86x54"
"Mustang","2070","mustang-2070","450x86x56"
"Mustang","2076","mustang-2076","320x86x54"
"Mustang","2076","mustang-2076","375x86x54"
"Mustang","2076","mustang-2076","400x86x54"
"Mustang","2076","mustang-2076","450x86x54"
"Mustang","2086","mustang-2086","450x86x58"
"Mustang","2095","mustang-2095","450x86x63"
"Mustang","2099","mustang-2099","450x86x63"
"Mustang","2100RT","mustang-2100rt","450x86x56"
"Mustang","2105","mustang-2105","450x86x63"
"Mustang","2109","mustang-2109","450x86x63"
"Mustang","2500RT","mustang-2500rt","450x86x58"
"Mustang","250Z","mustang-250z","250x55.5x79"
"Mustang","3200VT","mustang-3200vt","450x86x58"
"Mustang","350ZNXT2","mustang-350znxt2","300x55x84"
"Mustang","350ZNXT2","mustang-350znxt2","300x52.5x88"
"Mustang","3803ZT","mustang-3803zt","300x52.5x84"
"Mustang","450ZNXT2","mustang-450znxt2","350x75.5x74"
"Mustang","450ZNXT2","mustang-450znxt2","400x75.5x74"
"Mustang","5003Z","mustang-5003z","400x72.5x74"
"Mustang","5003ZT","mustang-5003zt","400x73x74"
"Mustang","5003ZT","mustang-5003zt","400x72.5x74"
"Mustang","7503","mustang-7503","450x71x86"
"Mustang","7503ZT","mustang-7503zt","450x71x86"
"Mustang","ME1402","mustang-me1402","230x96x33"
"Mustang","ME1402","mustang-me1402","230x48x66"
"Mustang","ME1502","mustang-me1502","230x96x33"
"Mustang","ME1502","mustang-me1502","230x48x66"
"Mustang","ME1503","mustang-me1503","230x96x36"
"Mustang","ME1503","mustang-me1503","230x48x72"
"Mustang","ME1902","mustang-me1902","230x96x36"
"Mustang","ME1902","mustang-me1902","230x48x72"
"Mustang","ME1903","mustang-me1903","250x96x38"
"Mustang","ME1903","mustang-me1903","250x48x76"
"Mustang","ME2202","mustang-me2202","230x96x36"
"Mustang","ME2202","mustang-me2202","230x48x72"
"Mustang","ME2203","mustang-me2203","250x96x38"
"Mustang","ME2203","mustang-me2203","250x48x76"
"Mustang","ME2503","mustang-me2503","250x109x37"
"Mustang","ME2503","mustang-me2503","300x52.5x76"
"Mustang","ME2702","mustang-me2702","320x54x72"
"Mustang","ME2702","mustang-me2702","300x52.5x74"
"Mustang","ME2902","mustang-me2902","320x54x72"
"Mustang","ME2902","mustang-me2902","300x52.5x74"
"Mustang","ME3003","mustang-me3003","300x109x38"
"Mustang","ME3003","mustang-me3003","300x52.5x78"
"Mustang","ME3402","mustang-me3402","320x54x78"
"Mustang","ME3402","mustang-me3402","300x52.5x80"
"Mustang","ME3503","mustang-me3503","300x109x41"
"Mustang","ME3503","mustang-me3503","300x52.5x84"
"Mustang","ME3602","mustang-me3602","320x54x78"
"Mustang","ME3602","mustang-me3602","300x52.5x80"
"Mustang","ME3703","mustang-me3703","300x109x41"
"Mustang","ME3703","mustang-me3703","300x52.5x84"
"Mustang","ME5002","mustang-me5002","400x73x74"
"Mustang","ME5002","mustang-me5002","400x72.5x74"
"Mustang","ME5003","mustang-me5003","400x72.5x74"
"Mustang","ME6002","mustang-me6002","400x73x74"
"Mustang","ME6002","mustang-me6002","400x72.5x74"
"Mustang","ME6003","mustang-me6003","400x73x74"
"Mustang","ME6003","mustang-me6003","400x72.5x74"
"Mustang","ME6502","mustang-me6502","400x73x74"
"Mustang","ME6502","mustang-me6502","400x72.5x74"
"Mustang","ME8002","mustang-me8002","450x71x84"
"Mustang","MTL16","mustang-mtl16","320x86x52"
"Mustang","MTL20","mustang-mtl20","450x100x48"
"Mustang","MTL25","mustang-mtl25","450x100x50"
"Mustang","MTL312","mustang-mtl312","320x86x46"
"Mustang","MTL316","mustang-mtl316","320x86x52"
"Mustang","MTL320","mustang-mtl320","450x100x48"
"Mustang","MTL325","mustang-mtl325","450x100x50"
"Mustang","RD15","mustang-rd15","250x72x52"
"Nagano","NB30","nagano-nb30","300x55x78"
"Nagano","NB30","nagano-nb30","300x52.5x80"
"Nagano","NS08-2","nagano-ns08-2","180x72x36"
"Nagano","NS08-2","nagano-ns08-2","180x72x38"
"Nagano","NS15","nagano-ns15","230x96x33"
"Nagano","NS15","nagano-ns15","230x48x66"
"Nagano","NS15-2","nagano-ns15-2","230x96x33"
"Nagano","NS15-2","nagano-ns15-2","230x48x66"
"Nagano","NS15-3","nagano-ns15-3","230x48x66"
"Nagano","NS15-3","nagano-ns15-3","230x96x33"
"Nagano","NS16-3","nagano-ns16-3","230x48x66"
"Nagano","NS16-3","nagano-ns16-3","230x96x33"
"Nagano","NS25","nagano-ns25","300x55x72"
"Nagano","NS25","nagano-ns25","300x52.5x74"
"Nagano","NS30","nagano-ns30","300x55x78"
"Nagano","NS30","nagano-ns30","300x52.5x80"
"Nagano","NS35","nagano-ns35","300x55x78"
"Nagano","NS35","nagano-ns35","300x52.5x80"
"Nagano","NS35-2","nagano-ns35-2","300x55x82"
"Nagano","NS35-2","nagano-ns35-2","300x52.5x84"
"Nagano","NS35-2A","nagano-ns35-2a","300x52.5x86"
"Nagano","NS35-2B","nagano-ns35-2b","300x52.5x84"
"Nagano","NS75-2","nagano-ns75-2","450x71x86"
"Nagano Highland","NB30","nagano-highland-nb30","300x55x78"
"Nagano Highland","NB30","nagano-highland-nb30","300x52.5x80"
"Nagano Highland","NS15-2","nagano-highland-ns15-2","230x96x33"
"Nagano Highland","NS15-2","nagano-highland-ns15-2","230x48x66"
"Nagano Highland","NS45-2","nagano-highland-ns45-2","400x72.5x72"
"Nante","NT110","nante-nt110","180x72x37"
"Nante","NT12","nante-nt12","180x72x37"
"Nante","NT15","nante-nt15","230x48x62"
"Nante","NT15","nante-nt15","230x72x43"
"Nante","NT16","nante-nt16","230x48x66"
"Nante","NT16","nante-nt16","230x96x33"
"Nante","NT18","nante-nt18","230x48x64"
"Nante","NT18","nante-nt18","230x96x32"
"Nante","NT18D","nante-nt18d","230x48x66"
"Nante","NT18D","nante-nt18d","230x96x33"
"Nante","NT30U","nante-nt30u","300x55x82"
"Nante","NT30U","nante-nt30u","300x52.5x84"
"Navago","19/9","navago-199","250x72x52"
"Navigator","D7x11a","navigator-d7x11a","230x72x54"
"Nemag","Mini-excavator","nemag-mini-excavator","180x72x34"
"Nemek","407RT","nemek-407rt","450x71x82"
"Nemek","407TS","nemek-407ts","450x71x82"
"New Holland","C175","new-holland-c175","320x86x50"
"New Holland","C180","new-holland-c180","400x86x55"
"New Holland","C185","new-holland-c185","450x86x55"
"New Holland","C185","new-holland-c185","400x86x55"
"New Holland","C190","new-holland-c190","450x86x55"
"New Holland","C190","new-holland-c190","400x86x55"
"New Holland","C227","new-holland-c227","320x86x50"
"New Holland","C232","new-holland-c232","450x86x55"
"New Holland","C234","new-holland-c234","450x86x55"
"New Holland","C237","new-holland-c237","450x86x55"
"New Holland","C238","new-holland-c238","450x86x55"
"New Holland","C245","new-holland-c245","450x86x55"
"New Holland","C327","new-holland-c327","320x86x50"
"New Holland","C332","new-holland-c332","450x86x55"
"New Holland","C334","new-holland-c334","450x86x55"
"New Holland","C337","new-holland-c337","450x86x55"
"New Holland","C345","new-holland-c345","450x86x55"
"New Holland","E115","new-holland-e115","500x92x78"
"New Holland","E16","new-holland-e16","230x48x70"
"New Holland","E17","new-holland-e17","230x48x70"
"New Holland","E17C","new-holland-e17c","230x48x70"
"New Holland","E18","new-holland-e18","230x48x70"
"New Holland","E18C","new-holland-e18c","230x48x70"
"New Holland","E18SR","new-holland-e18sr","230x48x70"
"New Holland","E20.2SR","new-holland-e202sr","250x52.5x76"
"New Holland","E20.2SR","new-holland-e202sr","300x52.5x76"
"New Holland","E20SR","new-holland-e20sr","250x52.5x72"
"New Holland","E20SR","new-holland-e20sr","300x52.5x72"
"New Holland","E22.2SR","new-holland-e222sr","250x52.5x76"
"New Holland","E22.2SR","new-holland-e222sr","300x52.5x76"
"New Holland","E25SR","new-holland-e25sr","250x52.5x76"
"New Holland","E25SR","new-holland-e25sr","300x52.5x76"
"New Holland","E26BSR","new-holland-e26bsr","250x52.5x76"
"New Holland","E26BSR","new-holland-e26bsr","300x52.5x76"
"New Holland","E26C","new-holland-e26c","250x52.5x78"
"New Holland","E27.2SR","new-holland-e272sr","250x52.5x80"
"New Holland","E27.2SR","new-holland-e272sr","300x52.5x80"
"New Holland","E29BSR","new-holland-e29bsr","250x52.5x80"
"New Holland","E29BSR","new-holland-e29bsr","300x52.5x80"
"New Holland","E30.2SR","new-holland-e302sr","300x52.5x82"
"New Holland","E30C","new-holland-e30c","300x52.5x80"
"New Holland","E30SR","new-holland-e30sr","300x52.5x82"
"New Holland","E33C","new-holland-e33c","300x52.5x86"
"New Holland","E35.2C","new-holland-e352c","300x52.5x88"
"New Holland","E35.2SR","new-holland-e352sr","300x52.5x88"
"New Holland","E35BSR","new-holland-e35bsr","300x52.5x82"
"New Holland","E35SR","new-holland-e35sr","300x52.5x88"
"New Holland","E37C","new-holland-e37c","300x52.5x86"
"New Holland","E39BSR","new-holland-e39bsr","300x52.5x88"
"New Holland","E40.2SR","new-holland-e402sr","400x74x68"
"New Holland","E40.2SR","new-holland-e402sr","400x72.5x70"
"New Holland","E40SR","new-holland-e40sr","400x74x68"
"New Holland","E40SR","new-holland-e40sr","400x72.5x70"
"New Holland","E45.2SR","new-holland-e452sr","400x74x72"
"New Holland","E45.2SR","new-holland-e452sr","400x72.5x73"
"New Holland","E45SR","new-holland-e45sr","400x74x72"
"New Holland","E45SR","new-holland-e45sr","400x72.5x73"
"New Holland","E50.2SR","new-holland-e502sr","400x74x72"
"New Holland","E50.2SR","new-holland-e502sr","400x72.5x73"
"New Holland","E50B","new-holland-e50b","400x74x72"
"New Holland","E50B","new-holland-e50b","400x72.5x73"
"New Holland","E55BX","new-holland-e55bx","400x72.5x74"
"New Holland","E70BSR","new-holland-e70bsr","450x81.5x76"
"New Holland","E70BSR","new-holland-e70bsr","450x81x76"
"New Holland","E70SR","new-holland-e70sr","450x81.5x76"
"New Holland","E70SR","new-holland-e70sr","450x81x76"
"New Holland","E75CSR","new-holland-e75csr","450x81.5x76"
"New Holland","E75CSR","new-holland-e75csr","450x81x76"
"New Holland","E80","new-holland-e80","450x81.5x76"
"New Holland","E80","new-holland-e80","450x81x76"
"New Holland","E80BMSR","new-holland-e80bmsr","450x81.5x76"
"New Holland","E80BMSR","new-holland-e80bmsr","450x81x76"
"New Holland","E80CS","new-holland-e80cs","450x81.5x76"
"New Holland","E80CS","new-holland-e80cs","450x81x76"
"New Holland","E80MSR","new-holland-e80msr","450x81.5x76"
"New Holland","E80MSR","new-holland-e80msr","450x81x76"
"New Holland","EC15","new-holland-ec15","230x96x33"
"New Holland","EC15","new-holland-ec15","230x48x66"
"New Holland","EC25","new-holland-ec25","300x55x72"
"New Holland","EC25","new-holland-ec25","300x52.5x74"
"New Holland","EC25SR","new-holland-ec25sr","250x52.5x76"
"New Holland","EC25SR","new-holland-ec25sr","300x52.5x76"
"New Holland","EC35SR","new-holland-ec35sr","300x52.5x88"
"New Holland","EC45","new-holland-ec45","400x72.5x72"
"New Holland","EC45SR","new-holland-ec45sr","400x74x72"
"New Holland","EC45SR","new-holland-ec45sr","400x72.5x73"
"New Holland","EC60","new-holland-ec60","400x72.5x76"
"New Holland","EH15B","new-holland-eh15b","230x48x70"
"New Holland","EH16","new-holland-eh16","230x48x70"
"New Holland","EH18","new-holland-eh18","230x48x70"
"New Holland","EH25","new-holland-eh25","300x55x72"
"New Holland","EH25","new-holland-eh25","300x52.5x74"
"New Holland","EH27B","new-holland-eh27b","250x52.5x80"
"New Holland","EH27B","new-holland-eh27b","300x52.5x80"
"New Holland","EH30B","new-holland-eh30b","300x52.5x82"
"New Holland","EH35","new-holland-eh35","350x108x44"
"New Holland","EH35","new-holland-eh35","350x52.5x90"
"New Holland","EH35B","new-holland-eh35b","300x52.5x88"
"New Holland","EH45","new-holland-eh45","400x72x74"
"New Holland","EH45","new-holland-eh45","400x72.5x74"
"New Holland","EH50B","new-holland-eh50b","400x72.5x72"
"New Holland","EH80","new-holland-eh80","450x81.5x76"
"New Holland","EH80","new-holland-eh80","450x81x76"
"New Holland","LS160","new-holland-ls160","320x86x54"
"New Holland","LS160","new-holland-ls160","375x86x54"
"New Holland","LS160","new-holland-ls160","400x86x54"
"New Holland","LS170","new-holland-ls170","320x86x54"
"New Holland","LS170","new-holland-ls170","375x86x54"
"New Holland","LS170","new-holland-ls170","400x86x54"
"New Holland","LS180","new-holland-ls180","450x86x60"
"New Holland","LS185B","new-holland-ls185b","450x86x60"
"New Holland","LS190","new-holland-ls190","450x86x60"
"New Holland","LT175B","new-holland-lt175b","320x86x50"
"New Holland","LT185B","new-holland-lt185b","400x86x55"
"New Holland","LT190B","new-holland-lt190b","400x86x55"
"New Holland","LX865","new-holland-lx865","450x86x60"
"New Holland","LX885","new-holland-lx885","450x86x60"
"New Holland","LX985","new-holland-lx985","450x86x60"
"Nibbi","NTR270","nibbi-ntr270","180x60x34"
"Nibbi","NTR350","nibbi-ntr350","180x60x38"
"Nibbi","NTR450","nibbi-ntr450","180x60x38"
"Nibbi","NTR500","nibbi-ntr500","180x72x34"
"Nibbi","NTR500D","nibbi-ntr500d","180x72x34"
"Nifty","TD120TN","nifty-td120tn","250x72x52"
"Nifty","TD34T","nifty-td34t","250x72x52"
"Nihon Flex","Snow Plow","nihon-flex-snowplow","250x72x45"
"Nihon Freki","Snow showel","nihon-freki-snowshowel","250x72x45"
"Niko","HRS70","niko-hrs70","230x72x52"
"Niko","HRS70","niko-hrs70","250x72x52"
"Niko","HY13/11","niko-hy1311","180x60x38"
"Niko","HY20/11 70cm","niko-hy201170cm","190x72x38"
"Niko","HY20/11 70cm","niko-hy201170cm","180x72x38"
"Niko","HY20/11 70cm SOM","niko-hy201170cmsom","190x72x40"
"Niko","HY20/11 70cm SOM","niko-hy201170cmsom","180x72x40"
"Niko","HY27/16","niko-hy2716","230x72x43"
"Niko","HY27/16 85cm","niko-hy271685cm","190x72x43"
"Niko","HY27/16 85cm","niko-hy271685cm","200x72x43"
"Niko","HY30/16","niko-hy3016","230x72x43"
"Niko","HY38/16 70cm Poclain","niko-hy381670cmpoclain","190x72x45"
"Niko","HY38/16 70cm Poclain","niko-hy381670cmpoclain","200x72x45"
"Niko","HY38/16 90cm","niko-hy381690cm","230x72x43"
"Niko","HY38/16A","niko-hy3816a","230x72x45"
"Niko","HY48/58 2000","niko-hy48582000","230x72x52"
"Niko","HY610","niko-hy610","190x72x38"
"Niko","HY610","niko-hy610","180x72x38"
"Niko","HY710","niko-hy710","190x72x38"
"Niko","HY710","niko-hy710","180x72x38"
"Nissan","150/N","nissan-150n","230x96x33"
"Nissan","150/N","nissan-150n","230x48x66"
"Nissan","N050","nissan-n050","180x72x38"
"Nissan","N06","nissan-n06","250x72x45"
"Nissan","N060","nissan-n060","250x72x45"
"Nissan","N080","nissan-n080","180x72x37"
"Nissan","N080","nissan-n080","180x72x38"
"Nissan","N080 3LR","nissan-n0803lr","180x72x37"
"Nissan","N080-2","nissan-n080-2","180x72x36"
"Nissan","N080-2","nissan-n080-2","180x72x37"
"Nissan","N080-2LR","nissan-n080-2lr","180x72x38"
"Nissan","N120","nissan-n120","250x72x45"
"Nissan","N120-2","nissan-n120-2","230x96x33"
"Nissan","N120-2","nissan-n120-2","230x48x66"
"Nissan","N120R","nissan-n120r","250x72x45"
"Nissan","N150","nissan-n150","230x72x43"
"Nissan","N150-2","nissan-n150-2","230x96x33"
"Nissan","N150-2","nissan-n150-2","230x48x66"
"Nissan","N150-2R","nissan-n150-2r","230x96x33"
"Nissan","N150-2R","nissan-n150-2r","230x48x66"
"Nissan","N150R","nissan-n150r","230x72x43"
"Nissan","N220-2","nissan-n220-2","320x109x36"
"Nissan","N220-2","nissan-n220-2","300x52.5x74"
"Nissan","N230-2","nissan-n230-2","230x96x33"
"Nissan","N230-2","nissan-n230-2","320x109x36"
"Nissan","N230-2R","nissan-n230-2r","320x109x36"
"Nissan","N230-2R","nissan-n230-2r","300x52.5x74"
"Nissan","N250-2","nissan-n250-2","320x109x36"
"Nissan","N250-2","nissan-n250-2","300x52.5x74"
"Nissan","N260-2","nissan-n260-2","320x109x36"
"Nissan","N260-2","nissan-n260-2","300x52.5x74"
"Nissan","N260-2R","nissan-n260-2r","320x109x36"
"Nissan","N260-2R","nissan-n260-2r","300x52.5x74"
"Nissan","N300-2","nissan-n300-2","320x109x39"
"Nissan","N300-2","nissan-n300-2","300x52.5x80"
"Nissan","N300-2R","nissan-n300-2r","320x109x39"
"Nissan","N300-2R","nissan-n300-2r","300x52.5x80"
"Nissan","N35","nissan-n35","300x55x78"
"Nissan","N35","nissan-n35","300x52.5x80"
"Nissan","N350-2","nissan-n350-2","320x100x43"
"Nissan","N350-2","nissan-n350-2","320x109x39"
"Nissan","N350-2R","nissan-n350-2r","320x109x39"
"Nissan","N350-2R","nissan-n350-2r","300x52.5x80"
"Nissan","N80","nissan-n80","180x72x36"
"Nissan","N80-2","nissan-n80-2","180x72x36"
"Nissan","N80-2R","nissan-n80-2r","180x72x36"
"Nissan","S&B08","nissan-sb08","180x72x36"
"Nissan","S&B25-1","nissan-sb25-1","400x72.5x72"
"Nissan","S&B25-2","nissan-sb25-2","400x146x37"
"Nissan","S&B25-2","nissan-sb25-2","400x72.5x74"
"Nissan","S&B300","nissan-sb300","320x109x39"
"Nissan","S&B300","nissan-sb300","300x52.5x80"
"Nissan","S&B300-2","nissan-sb300-2","320x109x39"
"Nissan","S&B300-2","nissan-sb300-2","300x52.5x80"
"Nissan","S&B X1","nissan-sbx1","300x109x39"
"Nissan","S&B X1","nissan-sbx1","320x100x40"
"Nissan","X1","nissan-x1","320x100x38"
"Nissan","X1","nissan-x1","320x100x40"
"Pagani Geotechnical Equipment","TG63/100","pagani-geotechnical-equipment-tg63100","190x72x37"
"Pagani Geotechnical Equipment","TG63/100","pagani-geotechnical-equipment-tg63100","180x72x37"
"Pagani Geotechnical Equipment","TG63/150","pagani-geotechnical-equipment-tg63150","230x72x43"
"Pagani Geotechnical Equipment","TG73/200","pagani-geotechnical-equipment-tg73200","320x100x52"
"Palazzani","TSJ12","palazzani-tsj12","230x96x40"
"Palazzani","TSJ12","palazzani-tsj12","250x48x80"
"Palazzani","TSJ22/24","palazzani-tsj2224","250x72x52"
"Palazzani","TSJ23","palazzani-tsj23","230x96x40"
"Palazzani","TSJ23","palazzani-tsj23","250x48x80"
"Palazzani","TSJ24","palazzani-tsj24","230x96x40"
"Palazzani","TSJ24","palazzani-tsj24","250x72x54"
"Palazzani","TSJ24","palazzani-tsj24","250x48x80"
"Palazzani","TSJ34","palazzani-tsj34","320x100x52"
"Palazzani","TSJ43","palazzani-tsj43","400x72.5x74"
"Palazzani","TZ170","palazzani-tz170","250x72x52"
"Palazzani","XTJ30/C","palazzani-xtj30c","320x100x52"
"Palazzani","XTJ48","palazzani-xtj48","450x76x84"
"Paus-Hermann","MB1.6","paus-hermann-mb16","230x48x64"
"Paus-Hermann","MB1.6","paus-hermann-mb16","230x96x32"
"Paus-Hermann","MB2.0","paus-hermann-mb20","250x72x52"
"Paus-Hermann","MB2.4","paus-hermann-mb24","250x107.5x37"
"Paus-Hermann","MB2.4","paus-hermann-mb24","250x52.5x76"
"Paus-Hermann","MB2.4","paus-hermann-mb24","300x52.5x76"
"Paus-Hermann","MB3.2","paus-hermann-mb32","300x55x82"
"Paus-Hermann","MB3.2","paus-hermann-mb32","300x52.5x84"
"Pauselli","500","pauselli-500","230x72x43"
"Pauselli","700","pauselli-700","250x72x52"
"Pazzaglia","FZ100","pazzaglia-fz100","230x72x39"
"Pazzaglia","FZ110","pazzaglia-fz110","230x72x39"
"Pazzaglia","FZ110Turbo plus","pazzaglia-fz110turboplus","250x72x41"
"Pazzaglia","FZ120","pazzaglia-fz120","230x72x45"
"Pazzaglia","FZ150","pazzaglia-fz150","250x72x45"
"Pazzaglia","FZ160","pazzaglia-fz160","250x72x45"
"Pazzaglia","FZ50","pazzaglia-fz50","180x72x34"
"Pazzaglia","FZ80","pazzaglia-fz80","200x72x39"
"Pazzaglia","FZ90","pazzaglia-fz90","230x72x39"
"Peljob","EB10","peljob-eb10","230x72x43"
"Peljob","EB10.4","peljob-eb104","230x72x43"
"Peljob","EB11","peljob-eb11","250x72x47"
"Peljob","EB11","peljob-eb11","230x72x43"
"Peljob","EB12","peljob-eb12","230x72x43"
"Peljob","EB12.4","peljob-eb124","230x72x43"
"Peljob","EB14","peljob-eb14","250x72x45"
"Peljob","EB14","peljob-eb14","230x72x43"
"Peljob","EB14.2","peljob-eb142","230x72x43"
"Peljob","EB14.4","peljob-eb144","250x72x45"
"Peljob","EB14.4","peljob-eb144","230x72x43"
"Peljob","EB150","peljob-eb150","230x96x33"
"Peljob","EB150","peljob-eb150","230x48x66"
"Peljob","EB150XR","peljob-eb150xr","230x72x43"
"Peljob","EB150XR","peljob-eb150xr","230x96x33"
"Peljob","EB150XT","peljob-eb150xt","230x96x33"
"Peljob","EB150XT","peljob-eb150xt","230x48x66"
"Peljob","EB150XTV","peljob-eb150xtv","230x96x33"
"Peljob","EB150XTV","peljob-eb150xtv","230x48x66"
"Peljob","EB16","peljob-eb16","250x72x47"
"Peljob","EB16.4","peljob-eb164","250x72x47"
"Peljob","EB16.4","peljob-eb164","250x72x45"
"Peljob","EB16.5","peljob-eb165","250x72x47"
"Peljob","EB22.4","peljob-eb224","320x100x38"
"Peljob","EB22.4","peljob-eb224","300x109x35"
"Peljob","EB246","peljob-eb246","230x72x43"
"Peljob","EB25.4","peljob-eb254","300x109x41"
"Peljob","EB250","peljob-eb250","300x109x41"
"Peljob","EB250XT","peljob-eb250xt","300x109x38"
"Peljob","EB250XT","peljob-eb250xt","300x52.5x78"
"Peljob","EB251","peljob-eb251","300x109x35"
"Peljob","EB251","peljob-eb251","300x52.5x72"
"Peljob","EB252","peljob-eb252","300x109x41"
"Peljob","EB252","peljob-eb252","300x52.5x84"
"Peljob","EB271","peljob-eb271","230x72x43"
"Peljob","EB28","peljob-eb28","300x109x41"
"Peljob","EB28","peljob-eb28","300x52.5x84"
"Peljob","EB28.4","peljob-eb284","300x109x41"
"Peljob","EB28.6","peljob-eb286","300x109x41"
"Peljob","EB28.6","peljob-eb286","300x52.5x84"
"Peljob","EB281","peljob-eb281","300x109x38"
"Peljob","EB281","peljob-eb281","300x52.5x78"
"Peljob","EB30.4","peljob-eb304","300x109x35"
"Peljob","EB30.4","peljob-eb304","300x52.5x72"
"Peljob","EB300","peljob-eb300","300x109x38"
"Peljob","EB300","peljob-eb300","300x52.5x78"
"Peljob","EB306","peljob-eb306","300x109x41"
"Peljob","EB306","peljob-eb306","300x52.5x84"
"Peljob","EB350","peljob-eb350","300x109x41"
"Peljob","EB350","peljob-eb350","300x52.5x84"
"Peljob","EB350XT","peljob-eb350xt","300x109x41"
"Peljob","EB350XT","peljob-eb350xt","300x52.5x84"
"Peljob","EB36","peljob-eb36","300x109x41"
"Peljob","EB36","peljob-eb36","320x100x43"
"Peljob","EB400","peljob-eb400","300x109x41"
"Peljob","EB400","peljob-eb400","300x52.5x84"
"Peljob","EB406","peljob-eb406","300x109x41"
"Peljob","EB406","peljob-eb406","300x52.5x84"
"Peljob","EB450","peljob-eb450","400x72.5x68"
"Peljob","EB506","peljob-eb506","400x146x35"
"Peljob","EB506","peljob-eb506","400x72.5x72"
"Peljob","LS200","peljob-ls200","300x109x41"
"Peljob","LS200","peljob-ls200","300x52.5x84"
"Peljob","LS2000","peljob-ls2000","300x109x41"
"Peljob","LS2000","peljob-ls2000","300x52.5x84"
"Peljob","LS286","peljob-ls286","300x109x41"
"Peljob","LS286","peljob-ls286","300x52.5x84"
"Peljob","LS386","peljob-ls386","300x109x41"
"Peljob","LS386","peljob-ls386","300x52.5x84"
"Peljob","LS406","peljob-ls406","300x109x41"
"Peljob","LS406","peljob-ls406","300x52.5x84"
"Peljob","LS502","peljob-ls502","400x146x35"
"Peljob","LS502","peljob-ls502","400x72.5x72"
"Peljob","SIRIUS","peljob-sirius","230x72x43"
"Peljob","SIRIUS plus","peljob-siriusplus","230x72x43"
"Peljob","Tiga68","peljob-tiga68","400x73x72"
"Peljob","Tiga68","peljob-tiga68","400x72.5x72"
"Penta Moter","Jolly","penta-moter-jolly","230x72x42"
"Penta Moter","Jolly20B","penta-moter-jolly20b","200x72x42"
"Penta Moter","Jolly20B","penta-moter-jolly20b","180x72x42"
"Penta Moter","Jolly26B","penta-moter-jolly26b","200x72x42"
"Penta Moter","Jolly26B","penta-moter-jolly26b","180x72x42"
"Penta Moter","Jolly26PK","penta-moter-jolly26pk","230x72x45"
"Penta Moter","Maxi dumper","penta-moter-maxidumper","230x72x45"
"Penta Moter","Maxi dumper20PK","penta-moter-maxidumper20pk","200x72x42"
"Penta Moter","Robot","penta-moter-robot","200x72x42"
"Pezzolato","PZ250","pezzolato-pz250","300x55x78"
"Pezzolato","PZ250","pezzolato-pz250","300x52.5x80"
"Picchio","1465","picchio-1465","180x72x34"
"Picchio","1690","picchio-1690","250x72x57"
"Piccini","Dumper","piccini-dumper","230x72x43"
"Piccini","mini22","piccini-mini22","230x72x39"
"Piccini","minicar300","piccini-minicar300","180x72x34"
"Piccini","minicar500","piccini-minicar500","200x72x42"
"Piccini","minicat13","piccini-minicat13","200x72x42"
"Piccini","minicat20","piccini-minicat20","230x72x43"
"Piccini","minicat22","piccini-minicat22","230x72x43"
"Platform Basket","RQG12","platform-basket-rqg12","190x72x39"
"Platform Basket","RQG12","platform-basket-rqg12","180x72x39"
"Platform Basket","RQG12AD","platform-basket-rqg12ad","200x72x37"
"Platform Basket","RQG12AD","platform-basket-rqg12ad","180x72x37"
"Platform Basket","RQG15.75","platform-basket-rqg1575","200x72x47"
"Platform Basket","RQG150AD","platform-basket-rqg150ad","200x72x37"
"Platform Basket","RQG150AD","platform-basket-rqg150ad","180x72x37"
"Platform Basket","RQG18","platform-basket-rqg18","250x72x52"
"Platform Basket","Spider13.80","platform-basket-spider1380","200x72x47"
"Platform Basket","Spider18.90","platform-basket-spider1890","200x72x47"
"Platform Basket","Spider22.10","platform-basket-spider2210","200x72x47"
"Platform Basket","Spider27.14","platform-basket-spider2714","230x72x59"
"Platform Basket","Spider33.15","platform-basket-spider3315","250x72x64"
"Platinum Lift","CF125","platinum-lift-cf125","200x72x43"
"Porello","Car70","porello-car70","180x72x34"
"Porrello","Car100","porrello-car100","230x72x42"
"Porrello","Sky lifter","porrello-skylifter","180x72x34"
"Positrack","RCV85","positrack-rcv85","457x101.6x50"
"Powerfab","100X","powerfab-100x","200x72x40"
"Powerfab","1200SX","powerfab-1200sx","200x72x40"
"Powerfab","1200X","powerfab-1200x","200x72x35"
"Powerfab","1200X","powerfab-1200x","180x72x35"
"Powerfab","1250","powerfab-1250","200x72x40"
"Powerfab","1700SX","powerfab-1700sx","200x72x40"
"Powerfab","180","powerfab-180","200x72x40"
"Powerfab","HSS11","powerfab-hss11","200x72x40"
"Powerfab","High type","powerfab-hightype","200x72x40"
"Powerfab","Samurai","powerfab-samurai","230x72x42"
"Powerpac","RC350","powerpac-rc350","180x60x38"
"Powerpac","RC500","powerpac-rc500","180x60x38"
"Pressoil","HR15.1","pressoil-hr151","230x72x43"
"Putzmeister","SPM300","putzmeister-spm300","300x109x43"
"Putzmeister","SPM300","putzmeister-spm300","300x52.5x88"
"QIYUN","GTJZ06","qiyun-gtjz06","200x72x41"
"RHINOCEROS","XN12","rhinoceros-xn12","180x72x37"
"RHINOCEROS","XN16","rhinoceros-xn16","230x72x43"
"RHINOCEROS","XN18","rhinoceros-xn18","230x72x43"
"Rampicar","R100","rampicar-r100","190x72x37"
"Rampicar","R100","rampicar-r100","180x72x37"
"Rampicar","R100AE","rampicar-r100ae","190x72x37"
"Rampicar","R100AE","rampicar-r100ae","180x72x37"
"Rampicar","R35","rampicar-r35","180x60x38"
"Rampicar","R50","rampicar-r50","180x60x38"
"Rampicar","R500","rampicar-r500","180x60x37"
"Rampicar","R60","rampicar-r60","180x60x38"
"Rampicar","R600","rampicar-r600","180x72x34"
"Rampicar","R635","rampicar-r635","180x72x47"
"Rampicar","R635","rampicar-r635","200x72x47"
"Rampicar","R70","rampicar-r70","180x72x34"
"Rampicar","R70.1","rampicar-r701","180x72x39"
"Rampicar","R70AE","rampicar-r70ae","180x72x34"
"Rampicar","R800","rampicar-r800","180x72x34"
"Rampicar","R900","rampicar-r900","200x72x42"
"Rampicar","Vignoble","rampicar-vignoble","180x72x34"
"Ramrod","1150Taskmaster","ramrod-1150taskmaster","230x72x39"
"Rayco","C85L","rayco-c85l","400x73x68"
"Rayco","C85L","rayco-c85l","400x72.5x68"
"Rayco","RG35T","rayco-rg35t","180x72x31"
"Rayco","RG37T","rayco-rg37t","180x72x31"
"Rayco","RG40T","rayco-rg40t","180x72x31"
"Rayco","RG45T-R","rayco-rg45t-r","200x72x53"
"Rayco","RG55T","rayco-rg55t","200x72x53"
"Raymar","TRK102","raymar-trk102","320x55x88"
"Raymar","TRK102","raymar-trk102","300x52.5x92"
"Raymar","TRK120","raymar-trk120","400x72.5x74"
"Raymar","TRK120S","raymar-trk120s","400x72.5x74"
"Raymar","TRK40","raymar-trk40","230x72x45"
"Raymar","TRK40LT","raymar-trk40lt","230x72x45"
"Raymar","TRK60","raymar-trk60","230x72x56"
"Raymar","TRK60S","raymar-trk60s","230x72x56"
"Renders","RME170","renders-rme170","230x72x43"
"Riebsamen","Multi-pelle","riebsamen-multi-pelle","180x72x37"
"Rock","20","rock-20","230x72x43"
"Rocky Rapid","BFR402","rocky-rapid-bfr402","180x60x34"
"Rolatec","ML76A","rolatec-ml76a","180x72x34"
"Rossi","R103.3","rossi-r1033","230x72x43"
"Rossi","R105.3","rossi-r1053","230x72x43"
"Rotomax","Drilling machine","rotomax-drillingmachine","250x72x52"
"Rufener","RK1200","rufener-rk1200","230x72x45"
"Rufener","RK1500","rufener-rk1500","250x72x48"
"Rufener","RK500","rufener-rk500","180x72x34"
"Rufener","RK602","rufener-rk602","190x72x34"
"Rufener","RK602","rufener-rk602","180x72x34"
"Rufener","RK700","rufener-rk700","190x72x37"
"Rufener","RK700","rufener-rk700","180x72x37"
"Rufener","RK900","rufener-rk900","190x72x39"
"Rufener","RK900","rufener-rk900","180x72x39"
"SDP Manufacturing","2500","sdp-manufacturing-2500","230x72x56"
"SDP Manufacturing","EZ Hauler55M","sdp-manufacturing-ezhauler55m","300x52.5x92"
"SMC","MX08XT","smc-mx08xt","180x72x38"
"SMC","MX14-1","smc-mx14-1","230x72x43"
"SMC","MX15","smc-mx15","230x96x33"
"SMC","MX15","smc-mx15","230x48x66"
"SMC","MX16XT","smc-mx16xt","230x96x33"
"SMC","MX16XT","smc-mx16xt","230x48x66"
"SMC","MX30","smc-mx30","300x52.5x74"
"SMC","MX35","smc-mx35","300x54x82"
"SMC","MX35","smc-mx35","300x52.5x84"
"SMC","MX50","smc-mx50","400x72.5x72"
"SMC","MX80","smc-mx80","450x71x86"
"SUP","Elefant S19","sup-elefants19","230x72x52"
"Sacet","KC28ALV","sacet-kc28alv","250x72x57"
"Samsung","MX030","samsung-mx030","300x101.6x40"
"Samsung","MX030","samsung-mx030","300x52.5x78"
"Samsung","SE50","samsung-se50","400x73x74"
"Samsung","SE50","samsung-se50","400x72.5x74"
"Samsung","SE50-3","samsung-se50-3","400x72.5x74"
"Sandqueen Uk","Dumper","sandqueen-uk-dumper","230x72x42"
"Sany","SY16C","sany-sy16c","230x48x70"
"Sany","SY26C","sany-sy26c","300x52.5x80"
"Sany","SY26U","sany-sy26u","300x52.5x80"
"Sany","SY35U","sany-sy35u","300x55x84"
"Sany","SY35U","sany-sy35u","300x52.5x88"
"Sany","SY50U","sany-sy50u","400x72.5x74"
"Sany","SY75C","sany-sy75c","450x81.5x76"
"Sany","SY75C","sany-sy75c","450x81x76"
"Sany","SY80U","sany-sy80u","450x81.5x78"
"Sany","SY80U","sany-sy80u","450x81x78"
"Sato","SC1200","sato-sc1200","180x72x37"
"Sato","SC156DD","sato-sc156dd","180x60x34"
"Sato","SC156DS","sato-sc156ds","180x60x34"
"Sato","SC433","sato-sc433","200x72x35"
"Sato","SC433","sato-sc433","180x72x35"
"Sato","SC433DA","sato-sc433da","200x72x35"
"Sato","SC433DA","sato-sc433da","180x72x35"
"Sato","SC433DH","sato-sc433dh","200x72x35"
"Sato","SC433DH","sato-sc433dh","180x72x35"
"Sato","SC433LDA","sato-sc433lda","200x72x35"
"Sato","SC433LDA","sato-sc433lda","180x72x35"
"Sato","SC433LDS","sato-sc433lds","200x72x35"
"Sato","SC433LDS","sato-sc433lds","180x72x35"
"Sato","SCL476A","sato-scl476a","200x72x35"
"Sato","SCL476A","sato-scl476a","180x72x35"
"Satvia","VB101R","satvia-vb101r","250x72x48"
"Satvia","VT102R","satvia-vt102r","250x72x52"
"Satvia","VT150R","satvia-vt150r","300x55x82"
"Satvia","VT150R","satvia-vt150r","300x52.5x84"
"Scattrack","116","scattrack-116","230x72x45"
"Scattrack","118","scattrack-118","230x72x45"
"Scattrack","125","scattrack-125","300x109x36"
"Scattrack","125","scattrack-125","300x52.5x74"
"Scattrack","130","scattrack-130","300x55x78"
"Scattrack","130","scattrack-130","300x52.5x80"
"Scattrack","135","scattrack-135","300x55x78"
"Scattrack","135","scattrack-135","300x52.5x80"
"Scattrack","150","scattrack-150","400x73x72"
"Scattrack","150","scattrack-150","400x72.5x72"
"Scattrack","254S","scattrack-254s","400x73x72"
"Scattrack","254S","scattrack-254s","400x72.5x72"
"Scattrack","516","scattrack-516","230x72x45"
"Scattrack","520","scattrack-520","230x72x45"
"Scattrack","520V","scattrack-520v","230x72x45"
"Scattrack","530","scattrack-530","300x109x36"
"Scattrack","530","scattrack-530","300x52.5x74"
"Scattrack","533","scattrack-533","300x109x39"
"Scattrack","533","scattrack-533","300x52.5x80"
"Scattrack","535","scattrack-535","300x109x39"
"Scattrack","535","scattrack-535","300x52.5x80"
"Scattrack","545","scattrack-545","400x72.5x72"
"Schaefer","DS1200","schaefer-ds1200","180x72x37"
"Schaeff","H15","schaeff-h15","230x96x33"
"Schaeff","H15","schaeff-h15","230x48x66"
"Schaeff","H24","schaeff-h24","300x109x36"
"Schaeff","H24","schaeff-h24","300x52.5x74"
"Schaeff","H27","schaeff-h27","300x109x36"
"Schaeff","H27","schaeff-h27","300x52.5x74"
"Schaeff","HR02","schaeff-hr02","230x96x33"
"Schaeff","HR02","schaeff-hr02","230x48x66"
"Schaeff","HR02","schaeff-hr02","230x72x43"
"Schaeff","HR02","schaeff-hr02","250x72x45"
"Schaeff","HR1","schaeff-hr1","180x72x36"
"Schaeff","HR1.5","schaeff-hr15","230x48x66"
"Schaeff","HR1.5","schaeff-hr15","230x96x33"
"Schaeff","HR1.6","schaeff-hr16","230x48x66"
"Schaeff","HR1.6","schaeff-hr16","230x96x33"
"Schaeff","HR1.6","schaeff-hr16","300x109x39"
"Schaeff","HR1.6","schaeff-hr16","300x52.5x80"
"Schaeff","HR1.6","schaeff-hr16","300x55x78"
"Schaeff","HR11","schaeff-hr11","230x96x33"
"Schaeff","HR11","schaeff-hr11","230x48x66"
"Schaeff","HR12","schaeff-hr12","230x96x33"
"Schaeff","HR12","schaeff-hr12","230x96x31"
"Schaeff","HR13","schaeff-hr13","230x96x33"
"Schaeff","HR13","schaeff-hr13","230x48x66"
"Schaeff","HR14","schaeff-hr14","300x52.5x74"
"Schaeff","HR14","schaeff-hr14","300x109x36"
"Schaeff","HR14","schaeff-hr14","300x55x72"
"Schaeff","HR18","schaeff-hr18","400x72.5x72"
"Schaeff","HR2","schaeff-hr2","230x96x33"
"Schaeff","HR2","schaeff-hr2","230x48x66"
"Schaeff","HR2","schaeff-hr2","250x72x45"
"Schaeff","HR2.0","schaeff-hr20","230x48x66"
"Schaeff","HR2.0","schaeff-hr20","230x96x33"
"Schaeff","HR2.0","schaeff-hr20","400x72.5x72"
"Schaeff","HR2.0","schaeff-hr20","400x72.5x76"
"Schaeff","HR21","schaeff-hr21","400x72.5x76"
"Schaeff","HR22","schaeff-hr22","400x72.5x76"
"Schaeff","HR24","schaeff-hr24","300x109x36"
"Schaeff","HR24","schaeff-hr24","300x52.5x74"
"Schaeff","HR27","schaeff-hr27","300x109x36"
"Schaeff","HR27","schaeff-hr27","300x52.5x74"
"Schaeff","HR3.7","schaeff-hr37","300x52.5x86"
"Schaeff","HR3.7","schaeff-hr37","300x52.5x92"
"Schaeff","HR31","schaeff-hr31","450x81x76"
"Schaeff","HR32","schaeff-hr32","450x71x86"
"Schaeff","HR32CI","schaeff-hr32ci","450x71x86"
"Schaeff","HR4-A","schaeff-hr4-a","320x109x36"
"Schaeff","HR4-A","schaeff-hr4-a","300x52.5x74"
"Schaeff","HR42","schaeff-hr42","500x92x78"
"Schaeff","HR8","schaeff-hr8","300x109x39"
"Schaeff","HR8","schaeff-hr8","300x52.5x80"
"Schaeff","HR8-A","schaeff-hr8-a","300x109x39"
"Schaeff","HR8-A","schaeff-hr8-a","300x52.5x80"
"Schaeff","N120","schaeff-n120","230x72x47"
"Schaeff","TC08","schaeff-tc08","180x72x37"
"Schaeff","TC10Z","schaeff-tc10z","180x72x43"
"Sedidrill","110","sedidrill-110","200x72x37"
"Sedidrill","110","sedidrill-110","180x72x37"
"Sedidrill","210","sedidrill-210","250x72x52"
"Sedidrill","250","sedidrill-250","230x72x43"
"Sedidrill","90","sedidrill-90","180x72x37"
"Senic","TSJ34","senic-tsj34","320x100x52"
"Senic","TZ170","senic-tz170","250x72x52"
"Sequani","135CS Skylift","sequani-135csskylift","180x72x37"
"Shibura","425MA","shibura-425ma","200x72x35"
"Shibura","425MA","shibura-425ma","180x72x35"
"Shin-Towa","CC104","shin-towa-cc104","200x72x43"
"Shin-Towa","CC154","shin-towa-cc154","200x72x40"
"Shin-Towa","CC204","shin-towa-cc204","200x72x43"
"Shin-Towa","CC205","shin-towa-cc205","200x72x43"
"Shin-Towa","CC235","shin-towa-cc235","200x72x40"
"Shin-Towa","CC265","shin-towa-cc265","200x72x43"
"Shin-Towa","CC266","shin-towa-cc266","200x72x43"
"Shin-Towa","CC285","shin-towa-cc285","200x72x43"
"Shin-Towa","CL100","shin-towa-cl100","200x72x36"
"Shin-Towa","CL100","shin-towa-cl100","180x72x36"
"Shin-Towa","NC180","shin-towa-nc180","180x72x39"
"Shin-Towa","TC204","shin-towa-tc204","200x72x43"
"Showa Aircraft","SWP030VCB","showa-aircraft-swp030vcb","180x72x37"
"Sicocu","750DH3","sicocu-750dh3","200x72x38"
"Sicocu","750DH3","sicocu-750dh3","180x72x38"
"Sika","ALIVA503","sika-aliva503","250x72x47"
"Silea","45RP","silea-45rp","230x72x43"
"Silla","14","silla-14","230x72x43"
"Silla","18","silla-18","240x72x48"
"Silla","18","silla-18","230x72x48"
"Silla","18","silla-18","250x72x48"
"Silla","ME1400H","silla-me1400h","230x72x45"
"Slane","HT1000","slane-ht1000","180x72x40"
"Slane International","Big Dog SL900","slane-international-bigdogsl900","200x72x43"
"Slane International","Big Skip HT750","slane-international-bigskipht750","180x72x34"
"Smac","CC91","smac-cc91","300x55x80"
"Smac","CC91","smac-cc91","300x52.5x82"
"Smac","PC40III","smac-pc40iii","200x72x42"
"So.Ca.Ce","Europlanet190C080SC","so.ca.ce-europlanet190c080sc","250x72x52"
"Socomafor","35R","socomafor-35r","230x72x52"
"Socomafor","50R","socomafor-50r","250x72x52"
"Socomafor","65","socomafor-65","400x72.5x74"
"Soma","SB15K","soma-sb15k","230x72x43"
"Soma","SB28","soma-sb28","300x55x76"
"Soma","SB28","soma-sb28","300x52.5x78"
"Stanley","TRACKhorse","stanley-trackhorse","180x72x40"
"Stenuick","FORTRACK200H","stenuick-fortrack200h","230x72x43"
"Stenuick","S320","stenuick-s320","230x72x52"
"Straightline","2062","straightline-2062","320x100x52"
"Streck","SF / U","streck-sfu","230x72x59"
"Sumitomo","LS1000FXJ2","sumitomo-ls1000fxj2","300x52.5x84"
"Sumitomo","LS1000FXJ3","sumitomo-ls1000fxj3","300x52.5x84"
"Sumitomo","LS1200FXJ2","sumitomo-ls1200fxj2","400x72.5x70"
"Sumitomo","LS1200FXJ3","sumitomo-ls1200fxj3","400x72.5x70"
"Sumitomo","LS1300FXJ2","sumitomo-ls1300fxj2","400x73x74"
"Sumitomo","LS1300FXJ2","sumitomo-ls1300fxj2","400x72.5x74"
"Sumitomo","LS1300FXJ3","sumitomo-ls1300fxj3","400x73x74"
"Sumitomo","LS1300FXJ3","sumitomo-ls1300fxj3","400x72.5x74"
"Sumitomo","LS1350UXJ","sumitomo-ls1350uxj","400x73x74"
"Sumitomo","LS1350UXJ","sumitomo-ls1350uxj","400x72.5x74"
"Sumitomo","LS160","sumitomo-ls160","450x73.5x80"
"Sumitomo","LS160","sumitomo-ls160","450x71x82"
"Sumitomo","LS300FXJ","sumitomo-ls300fxj","180x72x37"
"Sumitomo","LS500FXJ","sumitomo-ls500fxj","230x72x43"
"Sumitomo","LS600FXJ","sumitomo-ls600fxj","230x72x43"
"Sumitomo","LS600FXJ3","sumitomo-ls600fxj3","230x72x43"
"Sumitomo","LS600PXJ3","sumitomo-ls600pxj3","230x72x43"
"Sumitomo","LS700FXJ2","sumitomo-ls700fxj2","300x52.5x72"
"Sumitomo","LS700FXJ3","sumitomo-ls700fxj3","300x52.5x72"
"Sumitomo","LS800FXJ2","sumitomo-ls800fxj2","300x52.5x76"
"Sumitomo","LS800FXJ3","sumitomo-ls800fxj3","300x52.5x76"
"Sumitomo","LS850UXJ","sumitomo-ls850uxj","300x52.5x80"
"Sumitomo","LS850UXJ2","sumitomo-ls850uxj2","300x52.5x80"
"Sumitomo","LS900FXJ2","sumitomo-ls900fxj2","300x52.5x80"
"Sumitomo","LS900FXJ3","sumitomo-ls900fxj3","300x52.5x80"
"Sumitomo","S100","sumitomo-s100","300x109x41"
"Sumitomo","S100","sumitomo-s100","300x52.5x84"
"Sumitomo","S100F2","sumitomo-s100f2","300x109x41"
"Sumitomo","S100F2","sumitomo-s100f2","300x52.5x84"
"Sumitomo","S100FJ3","sumitomo-s100fj3","300x109x41"
"Sumitomo","S100FJ3","sumitomo-s100fj3","300x52.5x84"
"Sumitomo","S120","sumitomo-s120","400x142x36"
"Sumitomo","S120","sumitomo-s120","400x72.5x70"
"Sumitomo","S120F2","sumitomo-s120f2","400x142x36"
"Sumitomo","S120F2","sumitomo-s120f2","400x72.5x70"
"Sumitomo","S130","sumitomo-s130","400x142x38"
"Sumitomo","S130","sumitomo-s130","400x72.5x74"
"Sumitomo","S130F2","sumitomo-s130f2","400x142x38"
"Sumitomo","S130F2","sumitomo-s130f2","400x72.5x74"
"Sumitomo","S160B","sumitomo-s160b","450x73.5x80"
"Sumitomo","S160B","sumitomo-s160b","450x71x82"
"Sumitomo","S160B2","sumitomo-s160b2","450x73.5x80"
"Sumitomo","S160B2","sumitomo-s160b2","450x71x82"
"Sumitomo","S160FJ2","sumitomo-s160fj2","450x73.5x80"
"Sumitomo","S160FJ2","sumitomo-s160fj2","450x71x82"
"Sumitomo","S30FX","sumitomo-s30fx","180x72x37"
"Sumitomo","S30UX-1","sumitomo-s30ux-1","200x72x41"
"Sumitomo","S50F2","sumitomo-s50f2","230x72x43"
"Sumitomo","S50K","sumitomo-s50k","230x72x43"
"Sumitomo","S60F2","sumitomo-s60f2","230x72x43"
"Sumitomo","S70FX2","sumitomo-s70fx2","300x52.5x72"
"Sumitomo","S80F2","sumitomo-s80f2","300x109x36"
"Sumitomo","S80F2","sumitomo-s80f2","300x52.5x74"
"Sumitomo","S80FX2","sumitomo-s80fx2","300x109x36"
"Sumitomo","S80FX2","sumitomo-s80fx2","300x52.5x74"
"Sumitomo","S90","sumitomo-s90","300x109x39"
"Sumitomo","S90","sumitomo-s90","300x52.5x80"
"Sumitomo","S90F2","sumitomo-s90f2","300x109x39"
"Sumitomo","S90F2","sumitomo-s90f2","300x52.5x80"
"Sumitomo","S90FX3","sumitomo-s90fx3","300x109x39"
"Sumitomo","S90FX3","sumitomo-s90fx3","300x52.5x80"
"Sumitomo","S90FXJ3","sumitomo-s90fxj3","300x109x39"
"Sumitomo","S90FXJ3","sumitomo-s90fxj3","300x52.5x80"
"Sumitomo","SH10UJ3","sumitomo-sh10uj3","200x72x47"
"Sumitomo","SH12JX","sumitomo-sh12jx","230x72x47"
"Sumitomo","SH135-2","sumitomo-sh135-2","500x92x84"
"Sumitomo","SH145","sumitomo-sh145","500x92x84"
"Sumitomo","SH15J","sumitomo-sh15j","230x96x32"
"Sumitomo","SH15J","sumitomo-sh15j","230x48x64"
"Sumitomo","SH18J","sumitomo-sh18j","230x96x35"
"Sumitomo","SH18J","sumitomo-sh18j","230x48x70"
"Sumitomo","SH18UJ","sumitomo-sh18uj","250x96x40"
"Sumitomo","SH18UJ","sumitomo-sh18uj","250x48x80"
"Sumitomo","SH18UJ2","sumitomo-sh18uj2","250x96x40"
"Sumitomo","SH18UJ2","sumitomo-sh18uj2","250x48x80"
"Sumitomo","SH20JX","sumitomo-sh20jx","250x96x40"
"Sumitomo","SH20JX","sumitomo-sh20jx","250x48x80"
"Sumitomo","SH25J","sumitomo-sh25j","300x52.5x72"
"Sumitomo","SH25JX","sumitomo-sh25jx","300x52.5x76"
"Sumitomo","SH28J","sumitomo-sh28j","300x52.5x76"
"Sumitomo","SH30J","sumitomo-sh30j","300x52.5x80"
"Sumitomo","SH30JX","sumitomo-sh30jx","300x52.5x84"
"Sumitomo","SH30JX2","sumitomo-sh30jx2","300x52.5x84"
"Sumitomo","SH30U","sumitomo-sh30u","300x52.5x80"
"Sumitomo","SH30UJ","sumitomo-sh30uj","300x52.5x80"
"Sumitomo","SH30UJ2","sumitomo-sh30uj2","300x52.5x80"
"Sumitomo","SH30UJ3","sumitomo-sh30uj3","300x52.5x80"
"Sumitomo","SH32J","sumitomo-sh32j","300x52.5x84"
"Sumitomo","SH35J","sumitomo-sh35j","300x52.5x84"
"Sumitomo","SH35JX","sumitomo-sh35jx","300x52.5x90"
"Sumitomo","SH35JX2","sumitomo-sh35jx2","300x52.5x90"
"Sumitomo","SH35UJ","sumitomo-sh35uj","300x52.5x90"
"Sumitomo","SH38UJ","sumitomo-sh38uj","300x52.5x90"
"Sumitomo","SH38UJ2","sumitomo-sh38uj2","300x52.5x90"
"Sumitomo","SH40JX","sumitomo-sh40jx","400x72.5x72"
"Sumitomo","SH40JX2","sumitomo-sh40jx2","400x72.5x72"
"Sumitomo","SH40UJ2","sumitomo-sh40uj2","300x52.5x90"
"Sumitomo","SH45J","sumitomo-sh45j","400x73x72"
"Sumitomo","SH45J","sumitomo-sh45j","400x72.5x72"
"Sumitomo","SH45J2","sumitomo-sh45j2","400x73x72"
"Sumitomo","SH45J2","sumitomo-sh45j2","400x72.5x72"
"Sumitomo","SH45JX","sumitomo-sh45jx","400x72.5x72"
"Sumitomo","SH45UJ","sumitomo-sh45uj","400x73x72"
"Sumitomo","SH45UJ","sumitomo-sh45uj","400x72.5x72"
"Sumitomo","SH55J","sumitomo-sh55j","400x73x74"
"Sumitomo","SH55J","sumitomo-sh55j","400x72.5x74"
"Sumitomo","SH55U-2","sumitomo-sh55u-2","400x73x72"
"Sumitomo","SH55U-2","sumitomo-sh55u-2","400x72.5x72"
"Sumitomo","SH55UJ","sumitomo-sh55uj","400x73x74"
"Sumitomo","SH55UJ","sumitomo-sh55uj","400x72.5x74"
"Sumitomo","SH60","sumitomo-sh60","450x73.5x80"
"Sumitomo","SH60","sumitomo-sh60","450x71x82"
"Sumitomo","SH60-2","sumitomo-sh60-2","450x73.5x80"
"Sumitomo","SH60-2","sumitomo-sh60-2","450x71x82"
"Sumitomo","SH65U","sumitomo-sh65u","450x71x82"
"Sumitomo","SH65U-1","sumitomo-sh65u-1","450x71x82"
"Sumitomo","SH65UJ","sumitomo-sh65uj","450x71x82"
"Sumitomo","SH7GX3","sumitomo-sh7gx3","180x72x37"
"Sumitomo","SH7J","sumitomo-sh7j","180x72x37"
"Sumitomo","SH9UX","sumitomo-sh9ux","200x72x41"
"Sumitomo","SH9UX2","sumitomo-sh9ux2","200x72x47"
"Sumitomo","SH9UX3","sumitomo-sh9ux3","200x72x47"
"Sunward","SWE08","sunward-swe08","180x72x37"
"Sunward","SWE08B","sunward-swe08b","180x72x39"
"Sunward","SWE15","sunward-swe15","230x48x68"
"Sunward","SWE15S","sunward-swe15s","230x48x68"
"Sunward","SWE17","sunward-swe17","230x48x68"
"Sunward","SWE17S","sunward-swe17s","230x48x68"
"Sunward","SWE18UB","sunward-swe18ub","230x48x70"
"Sunward","SWE18UF","sunward-swe18uf","230x48x70"
"Sunward","SWE25B","sunward-swe25b","250x52.5x76"
"Sunward","SWE25B","sunward-swe25b","300x52.5x76"
"Sunward","SWE25UF","sunward-swe25uf","300x55x78"
"Sunward","SWE25UF","sunward-swe25uf","300x52.5x80"
"Sunward","SWE28","sunward-swe28","300x55x78"
"Sunward","SWE28","sunward-swe28","300x52.5x80"
"Sunward","SWE35UF","sunward-swe35uf","300x55x84"
"Sunward","SWE35UF","sunward-swe35uf","300x52.5x88"
"Sunward","SWE38","sunward-swe38","300x55x84"
"Sunward","SWE38","sunward-swe38","300x52.5x88"
"Sunward","SWE40U","sunward-swe40u","300x55x84"
"Sunward","SWE40U","sunward-swe40u","300x52.5x88"
"Sunward","SWE50B","sunward-swe50b","400x72.5x72"
"Sunward","SWE55","sunward-swe55","400x72.5x72"
"Sunward","SWE60","sunward-swe60","400x72.5x74"
"Sunward","SWE60B","sunward-swe60b","400x72.5x74"
"Sunward","SWE60UF","sunward-swe60uf","400x72.5x74"
"Sunward","SWE70","sunward-swe70","400x72.5x82"
"Sunward","SWE70B","sunward-swe70b","400x72.5x82"
"Sunward","SWE78","sunward-swe78","450x76x80"
"Sunward","SWE80","sunward-swe80","450x76x80"
"Sunward","SWE90","sunward-swe90","450x76x82"
"Sunward","SWTL4210","sunward-swtl4210","450x84x57"
"Sunward","SWTL4210","sunward-swtl4210","450x86x56"
"Sunward","SWTL4518","sunward-swtl4518","450x84x57"
"Sunward","SWTL4518","sunward-swtl4518","450x86x56"
"Supertoy","800T","supertoy-800t","180x72x38"
"TAIANLUYUE","Y125","taianluyue-y125","320x86x52"
"TCP","Hi-T500","tcp-hi-t500","180x72x31"
"TCP","TCP500Uk market","tcp-tcp500ukmarket","180x60x37"
"TECOINSA","TP50D","tecoinsa-tp50d","300x52.5x84"
"TES","29","tes-29","200x72x37"
"TES","29","tes-29","180x72x37"
"TRACCESS","230","traccess-230","250x72x52"
"TRS","CM500","trs-cm500","180x60x38"
"TZ","C20","tz-c20","230x72x43"
"Tadano","AC40","tadano-ac40","180x72x39"
"Tadano","AC45SG","tadano-ac45sg","200x72x42"
"Takeuchi","Huppi403","takeuchi-huppi403","180x72x34"
"Takeuchi","J-4","takeuchi-j-4","250x48x82"
"Takeuchi","J-4","takeuchi-j-4","250x47x84"
"Takeuchi","S2430LC","takeuchi-s2430lc","200x72x35"
"Takeuchi","TAK700","takeuchi-tak700","180x72x31"
"Takeuchi","TB007","takeuchi-tb007","180x72x37"
"Takeuchi","TB008","takeuchi-tb008","200x72x39"
"Takeuchi","TB014","takeuchi-tb014","230x48x62"
"Takeuchi","TB014A/LSA","takeuchi-tb014alsa","230x48x62"
"Takeuchi","TB014S/LSA","takeuchi-tb014slsa","230x48x62"
"Takeuchi","TB015","takeuchi-tb015","230x96x31"
"Takeuchi","TB015","takeuchi-tb015","230x48x62"
"Takeuchi","TB015A","takeuchi-tb015a","230x96x31"
"Takeuchi","TB015A","takeuchi-tb015a","230x48x62"
"Takeuchi","TB016","takeuchi-tb016","230x48x68"
"Takeuchi","TB016S/LSA","takeuchi-tb016slsa","230x48x68"
"Takeuchi","TB025","takeuchi-tb025","260x52.5x72"
"Takeuchi","TB025","takeuchi-tb025","300x52.5x72"
"Takeuchi","TB030","takeuchi-tb030","300x52.5x78"
"Takeuchi","TB030","takeuchi-tb030","300x55x75"
"Takeuchi","TB030UR","takeuchi-tb030ur","300x109x40"
"Takeuchi","TB030UR","takeuchi-tb030ur","300x52.5x82"
"Takeuchi","TB035","takeuchi-tb035","300x52.5x82"
"Takeuchi","TB045","takeuchi-tb045","350x52.5x86"
"Takeuchi","TB07","takeuchi-tb07","400x72.5x74"
"Takeuchi","TB070","takeuchi-tb070","180x72x37"
"Takeuchi","TB08","takeuchi-tb08","450x81x76"
"Takeuchi","TB080","takeuchi-tb080","200x72x39"
"Takeuchi","TB105","takeuchi-tb105","200x72x39"
"Takeuchi","TB106","takeuchi-tb106","230x72x43"
"Takeuchi","TB108","takeuchi-tb108","180x72x37"
"Takeuchi","TB10F","takeuchi-tb10f","230x72x43"
"Takeuchi","TB10S","takeuchi-tb10s","230x72x43"
"Takeuchi","TB1135","takeuchi-tb1135","500x92x84"
"Takeuchi","TB1140","takeuchi-tb1140","500x92x84"
"Takeuchi","TB1150","takeuchi-tb1150","500x92x84"
"Takeuchi","TB12","takeuchi-tb12","230x72x43"
"Takeuchi","TB120","takeuchi-tb120","230x72x43"
"Takeuchi","TB120R","takeuchi-tb120r","230x72x43"
"Takeuchi","TB125","takeuchi-tb125","300x52.5x78"
"Takeuchi","TB125LSA","takeuchi-tb125lsa","300x52.5x78"
"Takeuchi","TB128","takeuchi-tb128","300x52.5x82"
"Takeuchi","TB135","takeuchi-tb135","300x52.5x86"
"Takeuchi","TB135LSA","takeuchi-tb135lsa","300x52.5x86"
"Takeuchi","TB138FR","takeuchi-tb138fr","300x52.5x86"
"Takeuchi","TB14","takeuchi-tb14","230x72x43"
"Takeuchi","TB145","takeuchi-tb145","400x72.5x74"
"Takeuchi","TB145","takeuchi-tb145","400x72.5x73"
"Takeuchi","TB15","takeuchi-tb15","230x96x31"
"Takeuchi","TB15","takeuchi-tb15","230x48x62"
"Takeuchi","TB15","takeuchi-tb15","230x72x43"
"Takeuchi","TB153FR","takeuchi-tb153fr","400x72.5x74"
"Takeuchi","TB153FR","takeuchi-tb153fr","400x72.5x73"
"Takeuchi","TB15F","takeuchi-tb15f","230x96x35"
"Takeuchi","TB15F","takeuchi-tb15f","230x48x70"
"Takeuchi","TB15FR","takeuchi-tb15fr","230x48x70"
"Takeuchi","TB16","takeuchi-tb16","230x72x43"
"Takeuchi","TB175","takeuchi-tb175","450x81x76"
"Takeuchi","TB175LSA","takeuchi-tb175lsa","450x81x76"
"Takeuchi","TB180FR","takeuchi-tb180fr","450x81x76"
"Takeuchi","TB20R","takeuchi-tb20r","250x48x82"
"Takeuchi","TB20R","takeuchi-tb20r","250x47x84"
"Takeuchi","TB210R","takeuchi-tb210r","180x72x40"
"Takeuchi","TB2150","takeuchi-tb2150","500x92x84"
"Takeuchi","TB2150R","takeuchi-tb2150r","500x92x88"
"Takeuchi","TB215R","takeuchi-tb215r","230x48x68"
"Takeuchi","TB216","takeuchi-tb216","230x48x68"
"Takeuchi","TB217R","takeuchi-tb217r","230x48x68"
"Takeuchi","TB217R","takeuchi-tb217r","230x48x70"
"Takeuchi","TB225","takeuchi-tb225","250x48x80"
"Takeuchi","TB228","takeuchi-tb228","300x52.5x78"
"Takeuchi","TB230","takeuchi-tb230","300x52.5x78"
"Takeuchi","TB235","takeuchi-tb235","350x52.5x86"
"Takeuchi","TB23R","takeuchi-tb23r","250x48x82"
"Takeuchi","TB23R","takeuchi-tb23r","250x47x84"
"Takeuchi","TB240","takeuchi-tb240","350x52.5x86"
"Takeuchi","TB250","takeuchi-tb250","320x100x43"
"Takeuchi","TB250","takeuchi-tb250","400x72.5x74"
"Takeuchi","TB250-2","takeuchi-tb250-2","400x72.5x74"
"Takeuchi","TB250A","takeuchi-tb250a","400x72.5x74"
"Takeuchi","TB250A","takeuchi-tb250a","400x72.5x73"
"Takeuchi","TB257FR","takeuchi-tb257fr","400x72.5x74"
"Takeuchi","TB25FR","takeuchi-tb25fr","300x52.5x78"
"Takeuchi","TB260","takeuchi-tb260","400x72.5x76"
"Takeuchi","TB280FR","takeuchi-tb280fr","450x81x76"
"Takeuchi","TB285","takeuchi-tb285","450x81x76"
"Takeuchi","TB28FR","takeuchi-tb28fr","300x52.5x82"
"Takeuchi","TB290","takeuchi-tb290","450x81x76"
"Takeuchi","TB30UR","takeuchi-tb30ur","300x109x40"
"Takeuchi","TB30UR","takeuchi-tb30ur","300x52.5x82"
"Takeuchi","TB38FR","takeuchi-tb38fr","350x52.5x86"
"Takeuchi","TB53FR","takeuchi-tb53fr","400x72.5x74"
"Takeuchi","TB53FR","takeuchi-tb53fr","400x72.5x73"
"Takeuchi","TB55R","takeuchi-tb55r","400x73x72"
"Takeuchi","TB55R","takeuchi-tb55r","400x72.5x72"
"Takeuchi","TB55UR","takeuchi-tb55ur","400x72.5x72"
"Takeuchi","TB650","takeuchi-tb650","230x72x43"
"Takeuchi","TB650S","takeuchi-tb650s","230x72x43"
"Takeuchi","TB80FR","takeuchi-tb80fr","450x81x76"
"Takeuchi","TB980","takeuchi-tb980","230x96x31"
"Takeuchi","TB980","takeuchi-tb980","230x48x62"
"Takeuchi","TC425LD","takeuchi-tc425ld","200x72x35"
"Takeuchi","TC425LD","takeuchi-tc425ld","180x72x35"
"Takeuchi","TC850","takeuchi-tc850","200x72x40"
"Takeuchi","TC850S","takeuchi-tc850s","200x72x40"
"Takeuchi","TCF850","takeuchi-tcf850","200x72x40"
"Takeuchi","TCF850S","takeuchi-tcf850s","200x72x42"
"Takeuchi","TL10","takeuchi-tl10","450x100x48"
"Takeuchi","TL10V2","takeuchi-tl10v2","400x86x52"
"Takeuchi","TL12","takeuchi-tl12","450x100x50"
"Takeuchi","TL120","takeuchi-tl120","320x86x46"
"Takeuchi","TL12R2","takeuchi-tl12r2","450x86x60"
"Takeuchi","TL12R2","takeuchi-tl12r2","450x8x60"
"Takeuchi","TL12V2","takeuchi-tl12v2","450x86x60"
"Takeuchi","TL12V2","takeuchi-tl12v2","450x8x60"
"Takeuchi","TL130","takeuchi-tl130","320x86x52"
"Takeuchi","TL140","takeuchi-tl140","450x100x48"
"Takeuchi","TL150","takeuchi-tl150","450x100x50"
"Takeuchi","TL220","takeuchi-tl220","320x86x46"
"Takeuchi","TL230","takeuchi-tl230","320x86x52"
"Takeuchi","TL230-2","takeuchi-tl230-2","320x86x52"
"Takeuchi","TL240","takeuchi-tl240","450x100x48"
"Takeuchi","TL250","takeuchi-tl250","450x100x50"
"Takeuchi","TL8","takeuchi-tl8","400x86x52"
"Takeuchi","TL8","takeuchi-tl8","320x86x52"
"Takeuchi","TL8R-2","takeuchi-tl8r-2","400x86x52"
"Takeuchi","TZ10","takeuchi-tz10","230x72x43"
"Tanaka","DC153","tanaka-dc153","200x72x37"
"Tanaka","DC153","tanaka-dc153","180x72x37"
"Taylorst. Plant","Hi C40Uk market","taylorst.-plant-hic40ukmarket","180x72x31"
"Taylorst. Plant","Hi T500Uk market","taylorst.-plant-hit500ukmarket","180x72x31"
"Taylorst. Plant","TCP500Uk market","taylorst.-plant-tcp500ukmarket","180x60x37"
"Tecniwell","TWH5","tecniwell-twh5","180x72x36"
"Tekna","K14","tekna-k14","230x72x43"
"Tekna","K14M","tekna-k14m","230x72x43"
"Tekna","K14S","tekna-k14s","230x72x43"
"Tekna","K15","tekna-k15","230x96x33"
"Tekna","K15","tekna-k15","230x72x43"
"Tekna","K15","tekna-k15","230x48x66"
"Tekna","K28S","tekna-k28s","300x55x74"
"Tekna","K28S","tekna-k28s","300x52.5x76"
"Tekna","K35S","tekna-k35s","300x55x78"
"Tekna","K35S","tekna-k35s","300x52.5x80"
"Tekna","T13","tekna-t13","180x72x37"
"Tekna","TC9","tekna-tc9","180x72x34"
"Terex","AM29R","terex-am29r","300x55x72"
"Terex","AM29R","terex-am29r","300x52.5x74"
"Terex","AM35R","terex-am35r","300x52.5x80"
"Terex","AM37R","terex-am37r","300x52.5x86"
"Terex","AR35","terex-ar35","300x55x78"
"Terex","AR35","terex-ar35","300x52.5x80"
"Terex","HR14","terex-hr14","300x109x36"
"Terex","HR14","terex-hr14","300x52.5x74"
"Terex","HR14","terex-hr14","300x55x72"
"Terex","HR16","terex-hr16","300x109x39"
"Terex","HR16","terex-hr16","300x52.5x80"
"Terex","HR16","terex-hr16","300x55x78"
"Terex","PT-100","terex-pt-100","457x101.6x50"
"Terex","PT-100F","terex-pt-100f","457x101.6x50"
"Terex","PT-100G","terex-pt-100g","457x101.6x51"
"Terex","PT-110","terex-pt-110","457x101.6x51"
"Terex","PT-110G","terex-pt-110g","457x101.6x51"
"Terex","PT-50","terex-pt-50","381x101.6x42"
"Terex","PT-60","terex-pt-60","381x101.6x42"
"Terex","PT-75","terex-pt-75","457x101.6x51"
"Terex","PT-80","terex-pt-80","457x101.6x51"
"Terex","R160T","terex-r160t","381x101.6x42"
"Terex","R190T","terex-r190t","381x101.6x42"
"Terex","R350T","terex-r350t","457x101.6x51"
"Terex","TC125","terex-tc125","500x92x78"
"Terex","TC15","terex-tc15","230x48x66"
"Terex","TC15","terex-tc15","230x96x33"
"Terex","TC16","terex-tc16","230x48x66"
"Terex","TC16","terex-tc16","230x96x33"
"Terex","TC19","terex-tc19","230x48x70"
"Terex","TC20","terex-tc20","230x48x66"
"Terex","TC20","terex-tc20","230x96x33"
"Terex","TC25","terex-tc25","300x52.5x80"
"Terex","TC29","terex-tc29","300x55x72"
"Terex","TC29","terex-tc29","300x52.5x74"
"Terex","TC35","terex-tc35","300x55x78"
"Terex","TC35","terex-tc35","300x52.5x80"
"Terex","TC37","terex-tc37","300x52.5x86"
"Terex","TC48","terex-tc48","400x72.5x72"
"Terex","TC50","terex-tc50","400x72.5x72"
"Terex","TC60","terex-tc60","400x72.5x76"
"Terex","TC75","terex-tc75","450x71x86"
"Terra Jet","2514B","terra-jet-2514b","230x72x43"
"Terra Jet","CITY JET","terra-jet-cityjet","230x72x43"
"Terra Jet","TERRA JET","terra-jet-terrajet","230x72x43"
"Terramac","RT9","terramac-rt9","700x100x98"
"Terramite","TX15","terramite-tx15","230x96x32"
"Terramite","TX15","terramite-tx15","230x48x64"
"Terramite","TX25","terramite-tx25","300x52.5x72"
"Tescar","TES20","tescar-tes20","200x72x37"
"Tescar","TES20","tescar-tes20","180x72x37"
"Thomas","175","thomas-175","320x86x52"
"Thomas","175","thomas-175","375x86x52"
"Thomas","175","thomas-175","400x86x52"
"Thomas","225TURBO","thomas-225turbo","450x86x56"
"Thomas","245TURBO","thomas-245turbo","450x86x56"
"Thomas","25G","thomas-25g","230x72x39"
"Thomas","25GT","thomas-25gt","230x72x39"
"Thomas","35DT","thomas-35dt","230x72x39"
"Thomas","MS25G","thomas-ms25g","230x72x39"
"Thomas","PT15","thomas-pt15","230x48x66"
"Thomas","PT15","thomas-pt15","230x96x33"
"Thomas","T35DT","thomas-t35dt","230x72x39"
"Thomas","T-15S","thomas-t-15s","230x96x33"
"Thomas","T-15S","thomas-t-15s","230x48x66"
"Thomas","T-15V","thomas-t-15v","230x96x33"
"Thomas","T-15V","thomas-t-15v","230x48x66"
"Thomas","T-25S","thomas-t-25s","300x52.5x76"
"Thomas","T-25S","thomas-t-25s","250x52.5x76"
"Thomas","T-35S","thomas-t-35s","300x55x82"
"Thomas","T-35S","thomas-t-35s","300x52.5x84"
"Thomas","T-45S","thomas-t-45s","400x72.5x72"
"Tifermec","T16","tifermec-t16","230x96x33"
"Tifermec","T16","tifermec-t16","230x48x66"
"Top Steel","H115","top-steel-h115","180x72x38"
"Top Steel","H85","top-steel-h85","180x72x38"
"Top Steel","M26","top-steel-m26","180x60x34"
"Top Steel","M31","top-steel-m31","180x60x34"
"Top Steel","M41","top-steel-m41","180x72x31"
"Top Tec","1850E","top-tec-1850e","200x72x43"
"Topcat","ZY55","topcat-zy55","400x72.5x72"
"Track Star","28","track-star-28","180x72x42"
"Track Star","412","track-star-412","180x72x42"
"Track Star","500","track-star-500","230x72x43"
"Trackbull","Dumper","trackbull-dumper","190x72x37"
"Trackbull","Dumper","trackbull-dumper","180x72x37"
"Trak","1500D","trak-1500d","320x86x52"
"Trak","1500D","trak-1500d","375x86x52"
"Trak","1500D","trak-1500d","400x86x52"
"Trak","1750D","trak-1750d","375x86x52"
"Trak","1750D","trak-1750d","400x86x52"
"Trak","1750D","trak-1750d","320x86x52"
"Traklift","TRA21","traklift-tra21","200x72x43"
"Trax","40","trax-40","230x96x39"
"Trax","40","trax-40","250x48x78"
"Traxmax","250","traxmax-250","250x72x52"
"Traxmax","550","traxmax-550","320x86x56"
"Turchi","300","turchi-300","350x108x42"
"Turchi","300F","turchi-300f","300x55x79"
"Turchi","300F","turchi-300f","320x100x43"
"Turchi","EK100B","turchi-ek100b","250x72x52"
"Turchi","EK200P","turchi-ek200p","250x72x52"
"Unic","295","unic-295","180x72x40"
"Unic","506","unic-506","300x52.5x88"
"Unic","B-345","unic-b-345","180x72x40"
"Unic","B-506","unic-b-506","300x52.5x88"
"Unic","B-506-5.1","unic-b-506-51","300x52.5x88"
"Unic","B-775","unic-b-775","400x72.5x82"
"Unic","SMK320.67","unic-smk32067","400x72.5x82"
"Unic","UR255CA","unic-ur255ca","230x72x47"
"Unic","URA-376CL","unic-ura-376cl","300x52.5x88"
"Unic","URA-506CL","unic-ura-506cl","300x52.5x88"
"Unic","URW-094","unic-urw-094","180x72x36"
"Unic","URW-547","unic-urw-547","300x52.5x88"
"Unic","URW-A095CR","unic-urw-a095cr","180x72x40"
"Unic","URW-A295CR","unic-urw-a295cr","180x72x40"
"Unic","W295","unic-w295","180x72x40"
"Unimov","1250","unimov-1250","200x72x40"
"Unkauf","KMB114G","unkauf-kmb114g","230x72x43"
"Upright","MXC15","upright-mxc15","200x72x41"
"Utex","1.03","utex-103","230x72x43"
"VIMALFIRE","Emergency Robot-G1","vimalfire-emergencyrobot-g1","230x72x59"
"Velcodrill","WD100","velcodrill-wd100","320x100x52"
"Venieri","VF121","venieri-vf121","230x72x43"
"Venieri","VF141","venieri-vf141","230x72x43"
"Venieri","VF161","venieri-vf161","230x72x43"
"Venieri","VF171","venieri-vf171","230x72x43"
"Vermeer","1.2ton","vermeer-12ton","230x72x39"
"Vermeer","502SP","vermeer-502sp","230x72x54"
"Vermeer","BC1400TX","vermeer-bc1400tx","400x72.5x76"
"Vermeer","BC150TX","vermeer-bc150tx","250x72x52"
"Vermeer","CTX100","vermeer-ctx100","180x72x45"
"Vermeer","CTX160","vermeer-ctx160","180x72x35"
"Vermeer","CTX50","vermeer-ctx50","230x72x45"
"Vermeer","CX216","vermeer-cx216","230x72x45"
"Vermeer","CX218","vermeer-cx218","230x72x45"
"Vermeer","CX219","vermeer-cx219","300x55x72"
"Vermeer","CX224","vermeer-cx224","300x55x78"
"Vermeer","CX224","vermeer-cx224","300x52.5x80"
"Vermeer","CX229","vermeer-cx229","300x55x78"
"Vermeer","CX229","vermeer-cx229","300x52.5x80"
"Vermeer","CX234","vermeer-cx234","400x73x72"
"Vermeer","CX234","vermeer-cx234","400x72.5x72"
"Vermeer","CX254","vermeer-cx254","230x72x54"
"Vermeer","D10a Navigator","vermeer-d10anavigator","230x72x54"
"Vermeer","D10x15Navigator","vermeer-d10x15navigator","230x72x54"
"Vermeer","D16x20Navigator","vermeer-d16x20navigator","230x72x54"
"Vermeer","D16x20a Navigator","vermeer-d16x20anavigator","230x72x54"
"Vermeer","D16x20a Navigator","vermeer-d16x20anavigator","300x52.5x74"
"Vermeer","D20X22series2","vermeer-d20x22series2","300x52.5x74"
"Vermeer","D23X30series3","vermeer-d23x30series3","300x52.5x74"
"Vermeer","D4","vermeer-d4","230x72x54"
"Vermeer","D6x6Navigator","vermeer-d6x6navigator","180x72x39"
"Vermeer","D7","vermeer-d7","230x72x54"
"Vermeer","D7x11Navigator","vermeer-d7x11navigator","230x72x54"
"Vermeer","D7x11a Navigator","vermeer-d7x11anavigator","230x72x54"
"Vermeer","D8x10","vermeer-d8x10","180x72x47"
"Vermeer","D9x13Navigator","vermeer-d9x13navigator","280x72x52"
"Vermeer","D9x13Navigator","vermeer-d9x13navigator","250x72x52"
"Vermeer","G10x15","vermeer-g10x15","230x72x54"
"Vermeer","RTX100","vermeer-rtx100","180x60x28"
"Vermeer","RTX100","vermeer-rtx100","180x68x28"
"Vermeer","RTX1250","vermeer-rtx1250","450x86x42"
"Vermeer","RTX150","vermeer-rtx150","180x60x28"
"Vermeer","RTX150","vermeer-rtx150","180x68x28"
"Vermeer","RTX250","vermeer-rtx250","180x72x39"
"Vermeer","RTX450","vermeer-rtx450","381x101.6x42"
"Vermeer","S400TX","vermeer-s400tx","180x72x39"
"Vermeer","S450TX","vermeer-s450tx","180x72x41"
"Vermeer","S450TX","vermeer-s450tx","230x72x41"
"Vermeer","S600TX","vermeer-s600tx","180x72x39"
"Vermeer","S650TX","vermeer-s650tx","180x72x41"
"Vermeer","S650TX","vermeer-s650tx","230x72x41"
"Vermeer","S725TX","vermeer-s725tx","180x72x45"
"Vermeer","S725TX","vermeer-s725tx","230x72x45"
"Vermeer","S800TX","vermeer-s800tx","230x72x45"
"Vermeer","S925TX","vermeer-s925tx","180x72x45"
"Vermeer","S925TX","vermeer-s925tx","230x72x45"
"Vermeer","SC30TX","vermeer-sc30tx","180x72x37"
"Vermeer","SC502SP","vermeer-sc502sp","230x72x54"
"Vermeer","SC505","vermeer-sc505","230x72x54"
"Vermeer","SC60TX","vermeer-sc60tx","230x72x54"
"Vermeer","SC70TX","vermeer-sc70tx","230x72x54"
"Vnk Crane Europe","URW A295CR","vnk-crane-europe-urwa295cr","180x72x40"
"Volvo","EC13","volvo-ec13","200x96x33"
"Volvo","EC13","volvo-ec13","230x48x66"
"Volvo","EC13XR","volvo-ec13xr","200x96x33"
"Volvo","EC13XR","volvo-ec13xr","230x48x66"
"Volvo","EC13XTV","volvo-ec13xtv","200x96x33"
"Volvo","EC13XTV","volvo-ec13xtv","230x48x66"
"Volvo","EC14","volvo-ec14","230x72x43"
"Volvo","EC15","volvo-ec15","230x96x33"
"Volvo","EC15","volvo-ec15","230x48x66"
"Volvo","EC15B","volvo-ec15b","230x96x33"
"Volvo","EC15B","volvo-ec15b","230x48x66"
"Volvo","EC15B XR","volvo-ec15bxr","230x96x33"
"Volvo","EC15B XR","volvo-ec15bxr","230x48x66"
"Volvo","EC15B XTV","volvo-ec15bxtv","230x96x33"
"Volvo","EC15B XTV","volvo-ec15bxtv","230x48x66"
"Volvo","EC15D","volvo-ec15d","230x96x33"
"Volvo","EC15D","volvo-ec15d","230x48x66"
"Volvo","EC15R","volvo-ec15r","230x72x43"
"Volvo","EC15RB","volvo-ec15rb","230x72x43"
"Volvo","EC15T","volvo-ec15t","230x96x33"
"Volvo","EC15T","volvo-ec15t","230x48x66"
"Volvo","EC15TB","volvo-ec15tb","230x96x33"
"Volvo","EC15TB","volvo-ec15tb","230x48x66"
"Volvo","EC15V","volvo-ec15v","230x96x33"
"Volvo","EC15V","volvo-ec15v","230x48x66"
"Volvo","EC15VB","volvo-ec15vb","230x96x33"
"Volvo","EC15VB","volvo-ec15vb","230x48x66"
"Volvo","EC15XR","volvo-ec15xr","230x96x33"
"Volvo","EC15XR","volvo-ec15xr","230x48x66"
"Volvo","EC15XT","volvo-ec15xt","230x96x33"
"Volvo","EC15XT","volvo-ec15xt","230x48x66"
"Volvo","EC15XTV","volvo-ec15xtv","230x96x33"
"Volvo","EC15XTV","volvo-ec15xtv","230x48x66"
"Volvo","EC17","volvo-ec17","230x96x33"
"Volvo","EC17","volvo-ec17","230x48x66"
"Volvo","EC18","volvo-ec18","230x96x33"
"Volvo","EC18","volvo-ec18","230x48x66"
"Volvo","EC18D","volvo-ec18d","230x96x33"
"Volvo","EC18D","volvo-ec18d","230x48x66"
"Volvo","EC25","volvo-ec25","300x109x38"
"Volvo","EC25","volvo-ec25","300x52.5x78"
"Volvo","EC25-281","volvo-ec25-281","300x109x38"
"Volvo","EC25-281","volvo-ec25-281","300x52.5x78"
"Volvo","EC25X","volvo-ec25x","300x109x38"
"Volvo","EC25X","volvo-ec25x","300x52.5x78"
"Volvo","EC25XT","volvo-ec25xt","300x109x38"
"Volvo","EC25XT","volvo-ec25xt","300x52.5x78"
"Volvo","EC27C","volvo-ec27c","300x109x38"
"Volvo","EC27C","volvo-ec27c","300x52.5x78"
"Volvo","EC30","volvo-ec30","300x109x38"
"Volvo","EC30","volvo-ec30","300x52.5x78"
"Volvo","EC30B","volvo-ec30b","300x109x38"
"Volvo","EC30B","volvo-ec30b","300x52.5x78"
"Volvo","EC30X","volvo-ec30x","300x109x38"
"Volvo","EC30X","volvo-ec30x","300x52.5x78"
"Volvo","EC35","volvo-ec35","300x109x41"
"Volvo","EC35","volvo-ec35","300x52.5x84"
"Volvo","EC35C","volvo-ec35c","300x52.5x84"
"Volvo","EC35D","volvo-ec35d","300x52.5x84"
"Volvo","EC45","volvo-ec45","400x72.5x68"
"Volvo","EC45Pro","volvo-ec45pro","400x72.5x68"
"Volvo","EC55","volvo-ec55","400x73x74"
"Volvo","EC55","volvo-ec55","400x72.5x74"
"Volvo","EC55B","volvo-ec55b","400x73x74"
"Volvo","EC55B","volvo-ec55b","400x72.5x74"
"Volvo","EC55C","volvo-ec55c","400x73x74"
"Volvo","EC55C","volvo-ec55c","400x72.5x74"
"Volvo","EC60E","volvo-ec60e","400x72.5x74"
"Volvo","ECR25D","volvo-ecr25d","250x109x38"
"Volvo","ECR25D","volvo-ecr25d","300x52.5x78"
"Volvo","ECR28","volvo-ecr28","250x109x38"
"Volvo","ECR28","volvo-ecr28","300x52.5x78"
"Volvo","ECR35D","volvo-ecr35d","300x52.5x84"
"Volvo","ECR38","volvo-ecr38","300x109x41"
"Volvo","ECR38","volvo-ecr38","300x52.5x84"
"Volvo","ECR40D","volvo-ecr40d","300x52.5x84"
"Volvo","ECR48C","volvo-ecr48c","400x72.5x72"
"Volvo","ECR50D","volvo-ecr50d","400x72.5x74"
"Volvo","ECR58","volvo-ecr58","400x72.5x74"
"Volvo","ECR58D","volvo-ecr58d","400x72.5x74"
"Volvo","ECR88","volvo-ecr88","450x81x76"
"Volvo","ECR88D","volvo-ecr88d","450x81x76"
"Volvo","MC110","volvo-mc110","450x86x56"
"Volvo","MC70","volvo-mc70","320x86x52"
"Volvo","MC70","volvo-mc70","375x86x52"
"Volvo","MC70","volvo-mc70","400x86x52"
"Volvo","MC80 (VTS System for Skidsteer Loader","volvo-mc80vtssystemforskidsteerloader","320x86x52"
"Volvo","MC80","volvo-mc80","375x86x52"
"Volvo","MC80","volvo-mc80","400x86x52"
"Volvo","MC90","volvo-mc90","450x86x56"
"Volvo","MCT110C","volvo-mct110c","320x86x56"
"Volvo","MCT110C","volvo-mct110c","450x86x56"
"Volvo","MCT125C","volvo-mct125c","320x86x56"
"Volvo","MCT125C","volvo-mct125c","450x86x56"
"Volvo","MCT135C","volvo-mct135c","450x86x56"
"Volvo","MCT145C","volvo-mct145c","450x86x56"
"Volvo","MCT85C","volvo-mct85c","320x86x50"
"WAMET","KB-2G","wamet-kb-2g","230x72x54"
"WAMET","KB-3G","wamet-kb-3g","230x72x54"
"WAMET","MWG-1","wamet-mwg-1","230x72x43"
"WAMET","MWG-1","wamet-mwg-1","230x72x48"
"WAMET","MWG-6","wamet-mwg-6","230x72x54"
"Wacker Neuson","11002HV","wacker-neuson-11002hv","500x92x78"
"Wacker Neuson","11002RD","wacker-neuson-11002rd","500x92x78"
"Wacker Neuson","1101CP","wacker-neuson-1101cp","450x86x56"
"Wacker Neuson","1200","wacker-neuson-1200","230x72x43"
"Wacker Neuson","12002","wacker-neuson-12002","500x92x78"
"Wacker Neuson","12002RD","wacker-neuson-12002rd","500x92x78"
"Wacker Neuson","12002RD Vario","wacker-neuson-12002rdvario","500x92x78"
"Wacker Neuson","1200RD","wacker-neuson-1200rd","230x72x43"
"Wacker Neuson","1202","wacker-neuson-1202","230x72x43"
"Wacker Neuson","1302","wacker-neuson-1302","230x72x43"
"Wacker Neuson","1302RD","wacker-neuson-1302rd","230x72x43"
"Wacker Neuson","1302RD SLR","wacker-neuson-1302rdslr","230x72x43"
"Wacker Neuson","1400RD","wacker-neuson-1400rd","230x72x43"
"Wacker Neuson","1402","wacker-neuson-1402","230x72x43"
"Wacker Neuson","1402RD","wacker-neuson-1402rd","230x72x43"
"Wacker Neuson","1402RD","wacker-neuson-1402rd","230x96x33"
"Wacker Neuson","1402RD","wacker-neuson-1402rd","230x48x66"
"Wacker Neuson","1402RD Force","wacker-neuson-1402rdforce","230x96x33"
"Wacker Neuson","1402RD Force","wacker-neuson-1402rdforce","230x48x66"
"Wacker Neuson","1402RD Primus","wacker-neuson-1402rdprimus","230x72x43"
"Wacker Neuson","1402RD SLR","wacker-neuson-1402rdslr","230x96x33"
"Wacker Neuson","1402RD SLR","wacker-neuson-1402rdslr","230x72x43"
"Wacker Neuson","1402RD SLR","wacker-neuson-1402rdslr","230x48x66"
"Wacker Neuson","1402RD SLR Primus","wacker-neuson-1402rdslrprimus","230x96x33"
"Wacker Neuson","1402RD SLR Primus","wacker-neuson-1402rdslrprimus","230x48x66"
"Wacker Neuson","1403","wacker-neuson-1403","230x96x36"
"Wacker Neuson","1403","wacker-neuson-1403","230x48x72"
"Wacker Neuson","1403","wacker-neuson-1403","230x48x66"
"Wacker Neuson","1403RD","wacker-neuson-1403rd","230x96x33"
"Wacker Neuson","1403RD","wacker-neuson-1403rd","230x48x66"
"Wacker Neuson","1404","wacker-neuson-1404","230x96x33"
"Wacker Neuson","1404","wacker-neuson-1404","230x48x66"
"Wacker Neuson","14504","wacker-neuson-14504","500x92x84"
"Wacker Neuson","1500","wacker-neuson-1500","230x72x43"
"Wacker Neuson","1500RD","wacker-neuson-1500rd","230x72x43"
"Wacker Neuson","1500RD SLR","wacker-neuson-1500rdslr","230x72x43"
"Wacker Neuson","1501","wacker-neuson-1501","230x72x43"
"Wacker Neuson","1502","wacker-neuson-1502","230x72x43"
"Wacker Neuson","1502RD","wacker-neuson-1502rd","230x72x43"
"Wacker Neuson","1502RD Force","wacker-neuson-1502rdforce","230x96x33"
"Wacker Neuson","1502RD Force","wacker-neuson-1502rdforce","230x48x66"
"Wacker Neuson","1502RD SLR","wacker-neuson-1502rdslr","230x72x43"
"Wacker Neuson","1503","wacker-neuson-1503","230x96x36"
"Wacker Neuson","1503","wacker-neuson-1503","230x48x72"
"Wacker Neuson","1503RD","wacker-neuson-1503rd","230x96x36"
"Wacker Neuson","1503RD","wacker-neuson-1503rd","230x48x72"
"Wacker Neuson","1503RDV","wacker-neuson-1503rdv","230x96x36"
"Wacker Neuson","1503RDV","wacker-neuson-1503rdv","230x48x72"
"Wacker Neuson","1600RD","wacker-neuson-1600rd","230x72x43"
"Wacker Neuson","1700","wacker-neuson-1700","230x72x48"
"Wacker Neuson","1700RB","wacker-neuson-1700rb","230x72x48"
"Wacker Neuson","1700RD","wacker-neuson-1700rd","230x72x48"
"Wacker Neuson","1702","wacker-neuson-1702","230x72x48"
"Wacker Neuson","1702RD","wacker-neuson-1702rd","230x72x48"
"Wacker Neuson","1703","wacker-neuson-1703","230x96x36"
"Wacker Neuson","1703","wacker-neuson-1703","230x48x72"
"Wacker Neuson","1703RD","wacker-neuson-1703rd","230x96x36"
"Wacker Neuson","1703RD","wacker-neuson-1703rd","230x48x72"
"Wacker Neuson","1703VDS","wacker-neuson-1703vds","230x96x36"
"Wacker Neuson","1703VDS","wacker-neuson-1703vds","230x48x72"
"Wacker Neuson","1900","wacker-neuson-1900","230x72x48"
"Wacker Neuson","1900RD","wacker-neuson-1900rd","230x72x48"
"Wacker Neuson","1902","wacker-neuson-1902","230x72x48"
"Wacker Neuson","1902RD","wacker-neuson-1902rd","230x96x36"
"Wacker Neuson","1902RD","wacker-neuson-1902rd","230x48x72"
"Wacker Neuson","1902RD","wacker-neuson-1902rd","230x72x48"
"Wacker Neuson","1902RD Force","wacker-neuson-1902rdforce","230x96x36"
"Wacker Neuson","1902RD Force","wacker-neuson-1902rdforce","230x48x72"
"Wacker Neuson","1902RD SLR","wacker-neuson-1902rdslr","230x72x48"
"Wacker Neuson","1902RD SLR","wacker-neuson-1902rdslr","230x72x43"
"Wacker Neuson","1903","wacker-neuson-1903","250x96x38"
"Wacker Neuson","1903","wacker-neuson-1903","250x48x76"
"Wacker Neuson","1903RD","wacker-neuson-1903rd","250x96x38"
"Wacker Neuson","1903RD","wacker-neuson-1903rd","250x48x76"
"Wacker Neuson","2000","wacker-neuson-2000","230x72x43"
"Wacker Neuson","2000RD","wacker-neuson-2000rd","230x72x43"
"Wacker Neuson","2002Force","wacker-neuson-2002force","230x96x36"
"Wacker Neuson","2002Force","wacker-neuson-2002force","230x48x72"
"Wacker Neuson","2002RDV","wacker-neuson-2002rdv","230x96x36"
"Wacker Neuson","2002RDV","wacker-neuson-2002rdv","230x48x72"
"Wacker Neuson","2003","wacker-neuson-2003","250x96x38"
"Wacker Neuson","2003","wacker-neuson-2003","250x48x76"
"Wacker Neuson","2100","wacker-neuson-2100","230x72x43"
"Wacker Neuson","2100RD","wacker-neuson-2100rd","230x72x43"
"Wacker Neuson","2200","wacker-neuson-2200","230x72x48"
"Wacker Neuson","2200RD","wacker-neuson-2200rd","230x72x48"
"Wacker Neuson","2201","wacker-neuson-2201","230x72x48"
"Wacker Neuson","2202","wacker-neuson-2202","230x72x48"
"Wacker Neuson","2202RD","wacker-neuson-2202rd","230x96x36"
"Wacker Neuson","2202RD","wacker-neuson-2202rd","230x72x48"
"Wacker Neuson","2202RD","wacker-neuson-2202rd","230x48x72"
"Wacker Neuson","2202RD Force","wacker-neuson-2202rdforce","230x96x36"
"Wacker Neuson","2202RD Force","wacker-neuson-2202rdforce","230x48x72"
"Wacker Neuson","2203","wacker-neuson-2203","250x96x38"
"Wacker Neuson","2203","wacker-neuson-2203","250x48x76"
"Wacker Neuson","2203RD","wacker-neuson-2203rd","250x96x38"
"Wacker Neuson","2203RD","wacker-neuson-2203rd","250x48x76"
"Wacker Neuson","2300","wacker-neuson-2300","230x72x43"
"Wacker Neuson","2300RD","wacker-neuson-2300rd","230x72x43"
"Wacker Neuson","2404RD","wacker-neuson-2404rd","250x109x37"
"Wacker Neuson","2404RD","wacker-neuson-2404rd","300x52.5x76"
"Wacker Neuson","250","wacker-neuson-250","300x52.5x78"
"Wacker Neuson","2500","wacker-neuson-2500","230x72x43"
"Wacker Neuson","2500RD","wacker-neuson-2500rd","230x72x43"
"Wacker Neuson","2503","wacker-neuson-2503","250x109x37"
"Wacker Neuson","2503","wacker-neuson-2503","300x52.5x76"
"Wacker Neuson","2503RD","wacker-neuson-2503rd","250x109x37"
"Wacker Neuson","2503RD","wacker-neuson-2503rd","300x101.6x39"
"Wacker Neuson","2503RD","wacker-neuson-2503rd","300x52.5x76"
"Wacker Neuson","2503RD","wacker-neuson-2503rd","300x52.5x84"
"Wacker Neuson","2503RD","wacker-neuson-2503rd","300x101.6x43"
"Wacker Neuson","2503RDV","wacker-neuson-2503rdv","300x109x37"
"Wacker Neuson","2503RDV","wacker-neuson-2503rdv","300x52.5x76"
"Wacker Neuson","2600","wacker-neuson-2600","300x54x72"
"Wacker Neuson","2600","wacker-neuson-2600","300x52.5x74"
"Wacker Neuson","2600RD","wacker-neuson-2600rd","300x55x72"
"Wacker Neuson","2600RD","wacker-neuson-2600rd","300x52.5x74"
"Wacker Neuson","2700","wacker-neuson-2700","230x72x43"
"Wacker Neuson","2700RD","wacker-neuson-2700rd","230x72x43"
"Wacker Neuson","2702","wacker-neuson-2702","300x54x72"
"Wacker Neuson","2702","wacker-neuson-2702","300x52.5x74"
"Wacker Neuson","2702RD","wacker-neuson-2702rd","300x55x72"
"Wacker Neuson","2702RD","wacker-neuson-2702rd","300x52.5x74"
"Wacker Neuson","2702RD Force","wacker-neuson-2702rdforce","300x55x72"
"Wacker Neuson","2702RD Force","wacker-neuson-2702rdforce","300x52.5x74"
"Wacker Neuson","2702RD SCR","wacker-neuson-2702rdscr","300x55x72"
"Wacker Neuson","2702RD SCR","wacker-neuson-2702rdscr","300x52.5x74"
"Wacker Neuson","2702RD SLR","wacker-neuson-2702rdslr","300x55x72"
"Wacker Neuson","2702RD SLR","wacker-neuson-2702rdslr","300x52.5x74"
"Wacker Neuson","2800","wacker-neuson-2800","300x54x72"
"Wacker Neuson","2800","wacker-neuson-2800","300x52.5x74"
"Wacker Neuson","2800RD","wacker-neuson-2800rd","300x55x72"
"Wacker Neuson","2800RD","wacker-neuson-2800rd","300x52.5x74"
"Wacker Neuson","28Z-3","wacker-neuson-28z-3","300x55x79"
"Wacker Neuson","28Z-3","wacker-neuson-28z-3","300x52.5x82"
"Wacker Neuson","28Z3RD","wacker-neuson-28z3rd","300x55x79"
"Wacker Neuson","28Z3RD","wacker-neuson-28z3rd","300x52.5x82"
"Wacker Neuson","2902","wacker-neuson-2902","300x54x72"
"Wacker Neuson","2902","wacker-neuson-2902","300x52.5x74"
"Wacker Neuson","2902RD","wacker-neuson-2902rd","300x55x72"
"Wacker Neuson","2902RD","wacker-neuson-2902rd","300x52.5x74"
"Wacker Neuson","2902RD Force","wacker-neuson-2902rdforce","300x54x72"
"Wacker Neuson","2902RD Force","wacker-neuson-2902rdforce","300x52.5x74"
"Wacker Neuson","2902RD SLR","wacker-neuson-2902rdslr","300x54x72"
"Wacker Neuson","2902RD SLR","wacker-neuson-2902rdslr","300x52.5x74"
"Wacker Neuson","3000","wacker-neuson-3000","320x54x78"
"Wacker Neuson","3000","wacker-neuson-3000","300x52.5x80"
"Wacker Neuson","3000RD","wacker-neuson-3000rd","320x54x78"
"Wacker Neuson","3000RD","wacker-neuson-3000rd","300x52.5x80"
"Wacker Neuson","3000RDV","wacker-neuson-3000rdv","320x54x78"
"Wacker Neuson","3000RDV","wacker-neuson-3000rdv","300x52.5x80"
"Wacker Neuson","3002","wacker-neuson-3002","300x109x38"
"Wacker Neuson","3002","wacker-neuson-3002","300x52.5x78"
"Wacker Neuson","3003","wacker-neuson-3003","300x109x38"
"Wacker Neuson","3003","wacker-neuson-3003","300x52.5x78"
"Wacker Neuson","3003RD","wacker-neuson-3003rd","300x101.6x40"
"Wacker Neuson","3003RD","wacker-neuson-3003rd","300x52.5x78"
"Wacker Neuson","3003RD","wacker-neuson-3003rd","300x109x38"
"Wacker Neuson","3003Vario","wacker-neuson-3003vario","300x109x38"
"Wacker Neuson","3003Vario","wacker-neuson-3003vario","300x52.5x78"
"Wacker Neuson","3200RD","wacker-neuson-3200rd","320x54x78"
"Wacker Neuson","3200RD","wacker-neuson-3200rd","300x52.5x80"
"Wacker Neuson","3402","wacker-neuson-3402","320x54x78"
"Wacker Neuson","3402","wacker-neuson-3402","300x52.5x80"
"Wacker Neuson","3402RD","wacker-neuson-3402rd","320x54x78"
"Wacker Neuson","3402RD","wacker-neuson-3402rd","300x52.5x80"
"Wacker Neuson","3402RD Force","wacker-neuson-3402rdforce","320x54x78"
"Wacker Neuson","3402RD Force","wacker-neuson-3402rdforce","300x52.5x80"
"Wacker Neuson","3402RD SLR","wacker-neuson-3402rdslr","320x54x78"
"Wacker Neuson","3402RD SLR","wacker-neuson-3402rdslr","300x52.5x80"
"Wacker Neuson","3503","wacker-neuson-3503","300x52.5x84"
"Wacker Neuson","3503VDS","wacker-neuson-3503vds","300x52.5x84"
"Wacker Neuson","3503Vario","wacker-neuson-3503vario","300x109x41"
"Wacker Neuson","3503Vario","wacker-neuson-3503vario","300x52.5x84"
"Wacker Neuson","3503RD","wacker-neuson-3503rd","300x109x41"
"Wacker Neuson","3503RD","wacker-neuson-3503rd","300x52.5x84"
"Wacker Neuson","3503RD Vario","wacker-neuson-3503rdvario","300x109x41"
"Wacker Neuson","3503RD Vario","wacker-neuson-3503rdvario","300x52.5x84"
"Wacker Neuson","3602","wacker-neuson-3602","320x54x78"
"Wacker Neuson","3602","wacker-neuson-3602","300x52.5x80"
"Wacker Neuson","3602RD","wacker-neuson-3602rd","320x54x78"
"Wacker Neuson","3602RD","wacker-neuson-3602rd","300x52.5x80"
"Wacker Neuson","3602RD Force","wacker-neuson-3602rdforce","320x54x78"
"Wacker Neuson","3602RD Force","wacker-neuson-3602rdforce","300x52.5x80"
"Wacker Neuson","3602RD SLR","wacker-neuson-3602rdslr","320x54x78"
"Wacker Neuson","3602RD SLR","wacker-neuson-3602rdslr","300x52.5x80"
"Wacker Neuson","3703","wacker-neuson-3703","300x109x41"
"Wacker Neuson","3703","wacker-neuson-3703","300x52.5x84"
"Wacker Neuson","3703RD","wacker-neuson-3703rd","300x109x41"
"Wacker Neuson","3703RD","wacker-neuson-3703rd","300x52.5x84"
"Wacker Neuson","38Z-3","wacker-neuson-38z-3","300x109x41"
"Wacker Neuson","38Z-3","wacker-neuson-38z-3","300x52.5x84"
"Wacker Neuson","38Z3","wacker-neuson-38z3","300x109x41"
"Wacker Neuson","38Z3","wacker-neuson-38z3","300x52.5x84"
"Wacker Neuson","5000RD","wacker-neuson-5000rd","400x73x74"
"Wacker Neuson","5000RD","wacker-neuson-5000rd","400x72.5x74"
"Wacker Neuson","5001","wacker-neuson-5001","400x73x74"
"Wacker Neuson","5001","wacker-neuson-5001","400x72.5x74"
"Wacker Neuson","5001RD","wacker-neuson-5001rd","400x73x74"
"Wacker Neuson","5001RD","wacker-neuson-5001rd","400x72.5x74"
"Wacker Neuson","5001RD SLR","wacker-neuson-5001rdslr","400x73x74"
"Wacker Neuson","5001RD SLR","wacker-neuson-5001rdslr","400x72.5x74"
"Wacker Neuson","5002","wacker-neuson-5002","400x73x74"
"Wacker Neuson","5002","wacker-neuson-5002","400x72.5x74"
"Wacker Neuson","5002Power","wacker-neuson-5002power","400x73x74"
"Wacker Neuson","5002Power","wacker-neuson-5002power","400x72.5x74"
"Wacker Neuson","5002RD","wacker-neuson-5002rd","400x73x74"
"Wacker Neuson","5002RD","wacker-neuson-5002rd","400x135x39"
"Wacker Neuson","5002RD","wacker-neuson-5002rd","400x72.5x74"
"Wacker Neuson","50Z-3","wacker-neuson-50z-3","400x72.5x74"
"Wacker Neuson","50Z-3RD","wacker-neuson-50z-3rd","400x73x74"
"Wacker Neuson","50Z-3RD","wacker-neuson-50z-3rd","400x72.5x74"
"Wacker Neuson","6002","wacker-neuson-6002","400x73x74"
"Wacker Neuson","6002","wacker-neuson-6002","400x72.5x74"
"Wacker Neuson","6002RD","wacker-neuson-6002rd","400x73x74"
"Wacker Neuson","6002RD","wacker-neuson-6002rd","400x135x39"
"Wacker Neuson","6002RD","wacker-neuson-6002rd","400x72.5x74"
"Wacker Neuson","6002RDV","wacker-neuson-6002rdv","400x73x74"
"Wacker Neuson","6002RDV","wacker-neuson-6002rdv","400x72.5x74"
"Wacker Neuson","6003","wacker-neuson-6003","400x72.5x74"
"Wacker Neuson","6003RD","wacker-neuson-6003rd","400x73x74"
"Wacker Neuson","6003RD","wacker-neuson-6003rd","400x72.5x74"
"Wacker Neuson","7002RD","wacker-neuson-7002rd","450x71x84"
"Wacker Neuson","70Z-3RD","wacker-neuson-70z-3rd","450x71x86"
"Wacker Neuson","75Z-3","wacker-neuson-75z-3","450x71x86"
"Wacker Neuson","8002","wacker-neuson-8002","450x71x84"
"Wacker Neuson","8002RD","wacker-neuson-8002rd","450x71x84"
"Wacker Neuson","8002RDV","wacker-neuson-8002rdv","450x71x84"
"Wacker Neuson","8003Vario","wacker-neuson-8003vario","450x76x80"
"Wacker Neuson","8003RD","wacker-neuson-8003rd","450x76x80"
"Wacker Neuson","803RD","wacker-neuson-803rd","180x72x37"
"Wacker Neuson","9002","wacker-neuson-9002","500x92x78"
"Wacker Neuson","DT08","wacker-neuson-dt08","180x72x34"
"Wacker Neuson","DT10","wacker-neuson-dt10","180x72x37"
"Wacker Neuson","DT10e","wacker-neuson-dt10e","180x72x37"
"Wacker Neuson","DT12","wacker-neuson-dt12","180x72x37"
"Wacker Neuson","DT15","wacker-neuson-dt15","230x72x52"
"Wacker Neuson","ET145","wacker-neuson-et145","500x92x84"
"Wacker Neuson","ET16","wacker-neuson-et16","230x96x33"
"Wacker Neuson","ET16","wacker-neuson-et16","230x48x66"
"Wacker Neuson","ET18","wacker-neuson-et18","230x96x36"
"Wacker Neuson","ET18","wacker-neuson-et18","230x48x72"
"Wacker Neuson","ET20","wacker-neuson-et20","250x96x38"
"Wacker Neuson","ET20","wacker-neuson-et20","250x48x76"
"Wacker Neuson","ET24","wacker-neuson-et24","250x109x37"
"Wacker Neuson","ET24","wacker-neuson-et24","300x52.5x76"
"Wacker Neuson","ET35","wacker-neuson-et35","300x53x84"
"Wacker Neuson","ET58","wacker-neuson-et58","400x72.5x74"
"Wacker Neuson","ET65","wacker-neuson-et65","400x72.5x74"
"Wacker Neuson","ET90","wacker-neuson-et90","450x76x80"
"Wacker Neuson","EZ17","wacker-neuson-ez17","230x96x36"
"Wacker Neuson","EZ17","wacker-neuson-ez17","230x48x72"
"Wacker Neuson","EZ17e","wacker-neuson-ez17e","230x96x36"
"Wacker Neuson","EZ17e","wacker-neuson-ez17e","230x48x72"
"Wacker Neuson","EZ26","wacker-neuson-ez26","300x52.5x82"
"Wacker Neuson","EZ28","wacker-neuson-ez28","300x52.5x82"
"Wacker Neuson","EZ36","wacker-neuson-ez36","300x53x84"
"Wacker Neuson","EZ38","wacker-neuson-ez38","300x52.5x84"
"Wacker Neuson","EZ50","wacker-neuson-ez50","400x72.5x74"
"Wacker Neuson","EZ53","wacker-neuson-ez53","400x72.5x74"
"Wacker Neuson","EZ80","wacker-neuson-ez80","450x76x80"
"Wacker Neuson","RK15","wacker-neuson-rk15","230x72x40"
"Wacker Neuson","SM325-27T","wacker-neuson-sm325-27t","230x72x37"
"Wacker Neuson","ST28","wacker-neuson-st28","320x86x52"
"Wacker Neuson","ST28","wacker-neuson-st28","400x86x52"
"Wacker Neuson","ST31","wacker-neuson-st31","320x86x52"
"Wacker Neuson","ST31","wacker-neuson-st31","400x86x52"
"Wacker Neuson","ST35","wacker-neuson-st35","450x86x56"
"Wacker Neuson","ST45","wacker-neuson-st45","450x86x56"
"Wacker Neuson","TD15","wacker-neuson-td15","250x72x56"
"Wacker Neuson","TD9","wacker-neuson-td9","180x72x37"
"Wacker Neuson","Unitrac BF250","wacker-neuson-unitracbf250","320x54x78"
"Wacker Neuson","Unitrac BF250","wacker-neuson-unitracbf250","300x52.5x80"
"Wyssen","W-10/RK700","wyssen-w-10rk700","190x72x37"
"Wyssen","W-10/RK700","wyssen-w-10rk700","180x72x37"
"XCMG","XE55U","xcmg-xe55u","400x72.5x74"
"Yamaguchi / Winbull","TXB-21","yamaguchi-/-winbull-txb-21","200x72x39"
"Yamaguchi / Winbull","WB04","yamaguchi-/-winbull-wb04","180x60x38"
"Yamaguchi / Winbull","WB05","yamaguchi-/-winbull-wb05","200x72x35"
"Yamaguchi / Winbull","WB05","yamaguchi-/-winbull-wb05","200x72x39"
"Yamaguchi / Winbull","WB05'2004","yamaguchi-/-winbull-wb052004","200x72x34"
"Yamaguchi / Winbull","WB05'2004","yamaguchi-/-winbull-wb052004","180x72x34"
"Yamaguchi / Winbull","WB06D","yamaguchi-/-winbull-wb06d","180x72x39"
"Yamaguchi / Winbull","WB06D HL","yamaguchi-/-winbull-wb06dhl","180x72x39"
"Yamaguchi / Winbull","WB07","yamaguchi-/-winbull-wb07","200x72x39"
"Yamaguchi / Winbull","WB1000-3","yamaguchi-/-winbull-wb1000-3","230x72x45"
"Yamaguchi / Winbull","WB1000-3","yamaguchi-/-winbull-wb1000-3","230x72x46"
"Yamaguchi / Winbull","WB12H","yamaguchi-/-winbull-wb12h","230x72x50"
"Yamaguchi / Winbull","WB1300-3","yamaguchi-/-winbull-wb1300-3","280x72x52"
"Yamaguchi / Winbull","WB1300-3","yamaguchi-/-winbull-wb1300-3","250x72x52"
"Yamaguchi / Winbull","WB1500-3","yamaguchi-/-winbull-wb1500-3","280x72x52"
"Yamaguchi / Winbull","WB1500-3","yamaguchi-/-winbull-wb1500-3","250x72x52"
"Yamaguchi / Winbull","WB350FB","yamaguchi-/-winbull-wb350fb","180x60x34"
"Yamaguchi / Winbull","WB350SF","yamaguchi-/-winbull-wb350sf","180x60x34"
"Yamaguchi / Winbull","WB450HD","yamaguchi-/-winbull-wb450hd","200x72x34"
"Yamaguchi / Winbull","WB450HD","yamaguchi-/-winbull-wb450hd","180x72x34"
"Yamaguchi / Winbull","WB450MD","yamaguchi-/-winbull-wb450md","200x72x34"
"Yamaguchi / Winbull","WB450MD","yamaguchi-/-winbull-wb450md","180x72x34"
"Yamaguchi / Winbull","WB500","yamaguchi-/-winbull-wb500","200x72x34"
"Yamaguchi / Winbull","WB500","yamaguchi-/-winbull-wb500","180x72x34"
"Yamaguchi / Winbull","WB510","yamaguchi-/-winbull-wb510","200x72x34"
"Yamaguchi / Winbull","WB510","yamaguchi-/-winbull-wb510","180x72x34"
"Yamaguchi / Winbull","WB510B","yamaguchi-/-winbull-wb510b","200x72x34"
"Yamaguchi / Winbull","WB510B","yamaguchi-/-winbull-wb510b","180x72x34"
"Yamaguchi / Winbull","WB700","yamaguchi-/-winbull-wb700","200x72x39"
"Yamaguchi / Winbull","WB700EX","yamaguchi-/-winbull-wb700ex","200x72x39"
"Yamaguchi / Winbull","WB12H alpha","yamaguchi-/-winbull-wb12halpha","230x72x50"
"Yanmar","5D-1","yanmar-5d-1","230x72x50"
"Yanmar","8R","yanmar-8r","230x72x50"
"Yanmar","Aura28","yanmar-aura28","300x52.5x78"
"Yanmar","B07","yanmar-b07","180x72x37"
"Yanmar","B07-1","yanmar-b07-1","180x72x37"
"Yanmar","B08Scopy","yanmar-b08scopy","180x72x37"
"Yanmar","B08","yanmar-b08","180x72x32"
"Yanmar","B08","yanmar-b08","180x72x37"
"Yanmar","B08-3","yanmar-b08-3","180x72x37"
"Yanmar","B08-3RV","yanmar-b08-3rv","180x72x37"
"Yanmar","B08R Scopy","yanmar-b08rscopy","180x72x37"
"Yanmar","B08RV Scopy","yanmar-b08rvscopy","180x72x37"
"Yanmar","B10","yanmar-b10","200x72x39"
"Yanmar","B10","yanmar-b10","230x72x43"
"Yanmar","B10R","yanmar-b10r","200x72x39"
"Yanmar","B12","yanmar-b12","230x72x43"
"Yanmar","B12-1","yanmar-b12-1","230x72x43"
"Yanmar","B12-2","yanmar-b12-2","230x72x43"
"Yanmar","B12-3","yanmar-b12-3","230x72x43"
"Yanmar","B12-3","yanmar-b12-3","200x72x47"
"Yanmar","B12-3PR","yanmar-b12-3pr","230x72x43"
"Yanmar","B12PR","yanmar-b12pr","230x72x43"
"Yanmar","B14Check Length","yanmar-b14checklength","200x72x47"
"Yanmar","B14Check Length","yanmar-b14checklength","230x72x43"
"Yanmar","B14Check Length","yanmar-b14checklength","230x72x47"
"Yanmar","B14-1","yanmar-b14-1","230x72x43"
"Yanmar","B15","yanmar-b15","230x72x43"
"Yanmar","B15","yanmar-b15","230x96x32"
"Yanmar","B15-3","yanmar-b15-3","200x72x47"
"Yanmar","B15-3CR","yanmar-b15-3cr","200x72x42"
"Yanmar","B15-3EX","yanmar-b15-3ex","230x72x47"
"Yanmar","B15-3PR","yanmar-b15-3pr","200x72x47"
"Yanmar","B15CR","yanmar-b15cr","200x72x47"
"Yanmar","B15EX","yanmar-b15ex","230x72x47"
"Yanmar","B15MC","yanmar-b15mc","200x72x47"
"Yanmar","B15PR","yanmar-b15pr","230x72x43"
"Yanmar","B17","yanmar-b17","230x72x43"
"Yanmar","B17-1","yanmar-b17-1","230x72x43"
"Yanmar","B17-2","yanmar-b17-2","230x72x43"
"Yanmar","B17-2","yanmar-b17-2","230x72x47"
"Yanmar","B17-3","yanmar-b17-3","200x72x47"
"Yanmar","B17-3EX","yanmar-b17-3ex","230x72x47"
"Yanmar","B17EX","yanmar-b17ex","230x72x47"
"Yanmar","B17PR","yanmar-b17pr","230x72x43"
"Yanmar","B18EX","yanmar-b18ex","230x72x47"
"Yanmar","B19","yanmar-b19","260x96x38"
"Yanmar","B19","yanmar-b19","250x48x76"
"Yanmar","B19.2","yanmar-b192","260x96x38"
"Yanmar","B19.2","yanmar-b192","250x48x76"
"Yanmar","B19PR","yanmar-b19pr","260x96x38"
"Yanmar","B19PR","yanmar-b19pr","250x48x76"
"Yanmar","B1U","yanmar-b1u","200x72x40"
"Yanmar","B25V","yanmar-b25v","300x55.5x76"
"Yanmar","B25V>'2006","yanmar-b25v2006","260x55.5x78"
"Yanmar","B25V>'2006","yanmar-b25v2006","300x55.5x78"
"Yanmar","B25VCR","yanmar-b25vcr","300x55.5x76"
"Yanmar","B25VCR> '2006","yanmar-b25vcr2006","260x55.5x78"
"Yanmar","B25VCR> '2006","yanmar-b25vcr2006","300x55.5x78"
"Yanmar","B27-2A","yanmar-b27-2a","300x55.5x76"
"Yanmar","B27-2A","yanmar-b27-2a","320x106x39"
"Yanmar","B27-2B","yanmar-b27-2b","300x55.5x82"
"Yanmar","B3-3","yanmar-b3-3","300x55.5x82"
"Yanmar","B30V","yanmar-b30v","300x55.5x82"
"Yanmar","B30VCR","yanmar-b30vcr","300x55.5x82"
"Yanmar","B30VPR","yanmar-b30vpr","300x55.5x82"
"Yanmar","B37-2B","yanmar-b37-2b","300x55.5x82"
"Yanmar","B37V","yanmar-b37v","300x55.5x82"
"Yanmar","B37VCR","yanmar-b37vcr","300x55.5x82"
"Yanmar","B37VPR","yanmar-b37vpr","300x55.5x82"
"Yanmar","B3U","yanmar-b3u","300x52.5x80"
"Yanmar","B3U","yanmar-b3u","300x55x77"
"Yanmar","B40VIO","yanmar-b40vio","350x75.5x74"
"Yanmar","B40VIO","yanmar-b40vio","400x75.5x74"
"Yanmar","B4U","yanmar-b4u","300x52.5x84"
"Yanmar","B4U","yanmar-b4u","300x55x81"
"Yanmar","B50-2B","yanmar-b50-2b","400x75.5x74"
"Yanmar","B50V","yanmar-b50v","400x75.5x74"
"Yanmar","B50VCR","yanmar-b50vcr","400x75.5x74"
"Yanmar","B50VIO","yanmar-b50vio","400x75.5x74"
"Yanmar","B7Pro Sigma","yanmar-b7prosigma","450x83.5x74"
"Yanmar","B7Sigma","yanmar-b7sigma","450x83.5x74"
"Yanmar","B7U","yanmar-b7u","450x163x38"
"Yanmar","B7U","yanmar-b7u","450x81x76"
"Yanmar","B6-3","yanmar-b6-3","400x75.5x74"
"Yanmar","C08","yanmar-c08","180x72x36"
"Yanmar","C10R","yanmar-c10r","230x72x50"
"Yanmar","C10R-1","yanmar-c10r-1","230x72x50"
"Yanmar","C12R","yanmar-c12r","230x72x50"
"Yanmar","C50R-1","yanmar-c50r-1","450x110x74"
"Yanmar","C50R-1","yanmar-c50r-1","500x90x82"
"Yanmar","C8R","yanmar-c8r","230x72x50"
"Yanmar","CD7CDA","yanmar-cd7cda","230x72x50"
"Yanmar","CG3HAST","yanmar-cg3hast","180x60x37"
"Yanmar","CG3D","yanmar-cg3d","200x72x37"
"Yanmar","CG3D","yanmar-cg3d","180x72x37"
"Yanmar","CR10","yanmar-cr10","230x72x50"
"Yanmar","CR12R","yanmar-cr12r","230x72x50"
"Yanmar","DC153","yanmar-dc153","200x72x37"
"Yanmar","DC153","yanmar-dc153","200x72x39"
"Yanmar","DC153","yanmar-dc153","180x72x37"
"Yanmar","K4SC","yanmar-k4sc","180x72x41"
"Yanmar","MCG100","yanmar-mcg100","160x60x37"
"Yanmar","MCG100","yanmar-mcg100","180x60x37"
"Yanmar","MCG111F","yanmar-mcg111f","180x60x37"
"Yanmar","MCG130","yanmar-mcg130","200x72x31"
"Yanmar","MCG130","yanmar-mcg130","180x72x31"
"Yanmar","MCG131","yanmar-mcg131","180x72x34"
"Yanmar","MCG150","yanmar-mcg150","200x72x38"
"Yanmar","MCG150","yanmar-mcg150","180x72x38"
"Yanmar","MCG91","yanmar-mcg91","160x60x34"
"Yanmar","MCG91","yanmar-mcg91","180x60x34"
"Yanmar","MCG95","yanmar-mcg95","160x60x35"
"Yanmar","MCG95","yanmar-mcg95","180x60x35"
"Yanmar","MCG95N-HST","yanmar-mcg95n-hst","180x60x37"
"Yanmar","MCG950","yanmar-mcg950","180x60x37"
"Yanmar","SV08","yanmar-sv08","180x72x37"
"Yanmar","SV09","yanmar-sv09","180x72x37"
"Yanmar","SV100","yanmar-sv100","485x92x72"
"Yanmar","SV100VCR","yanmar-sv100vcr","485x92x72"
"Yanmar","SV120","yanmar-sv120","500x92x78"
"Yanmar","SV15","yanmar-sv15","230x72x47"
"Yanmar","SV15CR","yanmar-sv15cr","230x72x47"
"Yanmar","SV15PR","yanmar-sv15pr","230x72x47"
"Yanmar","SV16","yanmar-sv16","230x72x47"
"Yanmar","SV17","yanmar-sv17","230x72x47"
"Yanmar","SV17CR","yanmar-sv17cr","230x72x47"
"Yanmar","SV17CRE","yanmar-sv17cre","230x72x47"
"Yanmar","SV17EX","yanmar-sv17ex","230x72x47"
"Yanmar","SV18EX","yanmar-sv18ex","230x72x47"
"Yanmar","SV20","yanmar-sv20","250x48.5x84"
"Yanmar","SV22","yanmar-sv22","250x48.5x84"
"Yanmar","SV26","yanmar-sv26","250x55.5x79"
"Yanmar","SV60","yanmar-sv60","400x73x76"
"Yanmar","T175","yanmar-t175","320x86x54"
"Yanmar","T210","yanmar-t210","450x86x56"
"Yanmar","VIO10","yanmar-vio10","180x72x43"
"Yanmar","VIO10","yanmar-vio10","200x72x43"
"Yanmar","VIO100","yanmar-vio100","485x92x72"
"Yanmar","VIO12","yanmar-vio12","180x72x43"
"Yanmar","VIO12","yanmar-vio12","200x72x43"
"Yanmar","VIO15","yanmar-vio15","230x72x47"
"Yanmar","VIO15-2","yanmar-vio15-2","230x72x47"
"Yanmar","VIO17","yanmar-vio17","230x72x46"
"Yanmar","VIO17","yanmar-vio17","230x72x47"
"Yanmar","VIO17PR","yanmar-vio17pr","230x72x47"
"Yanmar","VIO20","yanmar-vio20","260x97x40"
"Yanmar","VIO20","yanmar-vio20","250x48.5x80"
"Yanmar","VIO20Global","yanmar-vio20global","250x48.5x84"
"Yanmar","VIO20-1","yanmar-vio20-1","260x97x42"
"Yanmar","VIO20-1","yanmar-vio20-1","250x48.5x84"
"Yanmar","VIO20-2","yanmar-vio20-2","260x97x42"
"Yanmar","VIO20-2","yanmar-vio20-2","250x48.5x84"
"Yanmar","VIO20-3","yanmar-vio20-3","250x48.5x84"
"Yanmar","VIO20-4","yanmar-vio20-4","250x48.5x84"
"Yanmar","VIO20CR","yanmar-vio20cr","250x48.5x84"
"Yanmar","VIO20PR-1","yanmar-vio20pr-1","250x48.5x84"
"Yanmar","VIO25 [OEM250x55.5x79Symetric)","yanmar-vio25oem250x555x79symetric","250x55.5x79"
"Yanmar","VIO25 [OEM260x55.5x78Offset)","yanmar-vio25oem260x555x78offset","260x55.5x78"
"Yanmar","VIO25 [OEM260x55.5x78Offset)","yanmar-vio25oem260x555x78offset","300x55.5x78"
"Yanmar","VIO25-4","yanmar-vio25-4","260x55.5x78"
"Yanmar","VIO25-4","yanmar-vio25-4","300x55.5x78"
"Yanmar","VIO25-6","yanmar-vio25-6","250x55.5x79"
"Yanmar","VIO25PR","yanmar-vio25pr","260x55.5x78"
"Yanmar","VIO25PR","yanmar-vio25pr","300x55.5x78"
"Yanmar","VIO26","yanmar-vio26","250x55.5x79"
"Yanmar","VIO27","yanmar-vio27","260x55.5x78"
"Yanmar","VIO27","yanmar-vio27","300x55.5x78"
"Yanmar","VIO27-2","yanmar-vio27-2","260x55.5x78"
"Yanmar","VIO27-2","yanmar-vio27-2","300x55.5x78"
"Yanmar","VIO27-2Global","yanmar-vio27-2global","260x55.5x78"
"Yanmar","VIO27-2Global","yanmar-vio27-2global","300x55.5x78"
"Yanmar","VIO27-3","yanmar-vio27-3","260x55.5x78"
"Yanmar","VIO27-3","yanmar-vio27-3","300x55.5x78"
"Yanmar","VIO27-5","yanmar-vio27-5","260x55.5x78"
"Yanmar","VIO27-5","yanmar-vio27-5","300x55.5x78"
"Yanmar","VIO27-6","yanmar-vio27-6","250x55.5x79"
"Yanmar","VIO30-1","yanmar-vio30-1","300x55.5x82"
"Yanmar","VIO30-2","yanmar-vio30-2","300x55.5x82"
"Yanmar","VIO30-3S","yanmar-vio30-3s","300x55.5x82"
"Yanmar","VIO30-6","yanmar-vio30-6","300x55x84"
"Yanmar","VIO30-6","yanmar-vio30-6","300x52.5x88"
"Yanmar","VIO30V","yanmar-vio30v","300x55.5x82"
"Yanmar","VIO33","yanmar-vio33","300x55.5x82"
"Yanmar","VIO33-6","yanmar-vio33-6","300x55x84"
"Yanmar","VIO33-6","yanmar-vio33-6","300x52.5x82"
"Yanmar","VIO35","yanmar-vio35","300x55.5x82"
"Yanmar","VIO35Global","yanmar-vio35global","300x55.5x82"
"Yanmar","VIO35-1","yanmar-vio35-1","300x55.5x82"
"Yanmar","VIO35-2","yanmar-vio35-2","300x55.5x82"
"Yanmar","VIO35-3","yanmar-vio35-3","300x55.5x82"
"Yanmar","VIO35-5","yanmar-vio35-5","300x55.5x82"
"Yanmar","VIO35-6","yanmar-vio35-6","300x55x84"
"Yanmar","VIO35-6","yanmar-vio35-6","300x52.5x88"
"Yanmar","VIO35CR","yanmar-vio35cr","300x55.5x82"
"Yanmar","VIO38","yanmar-vio38","300x55.5x82"
"Yanmar","VIO38-6","yanmar-vio38-6","300x55x84"
"Yanmar","VIO38-6","yanmar-vio38-6","300x52.5x88"
"Yanmar","VIO40","yanmar-vio40","350x75.5x74"
"Yanmar","VIO40","yanmar-vio40","400x75.5x74"
"Yanmar","VIO40-1","yanmar-vio40-1","350x75.5x74"
"Yanmar","VIO40-1","yanmar-vio40-1","400x75.5x74"
"Yanmar","VIO40-2","yanmar-vio40-2","350x75.5x74"
"Yanmar","VIO40-2","yanmar-vio40-2","400x75.5x74"
"Yanmar","VIO40-3","yanmar-vio40-3","350x75.5x74"
"Yanmar","VIO40-3","yanmar-vio40-3","400x75.5x74"
"Yanmar","VIO40V","yanmar-vio40v","350x75.5x74"
"Yanmar","VIO40V","yanmar-vio40v","400x75.5x74"
"Yanmar","VIO45","yanmar-vio45","350x75.5x74"
"Yanmar","VIO45","yanmar-vio45","400x75.5x74"
"Yanmar","VIO45CR","yanmar-vio45cr","350x75.5x74"
"Yanmar","VIO45CR","yanmar-vio45cr","400x75.5x74"
"Yanmar","VIO45Global","yanmar-vio45global","350x75.5x74"
"Yanmar","VIO45Global","yanmar-vio45global","400x75.5x74"
"Yanmar","VIO45-3","yanmar-vio45-3","350x75.5x74"
"Yanmar","VIO45-3","yanmar-vio45-3","400x75.5x74"
"Yanmar","VIO45-5","yanmar-vio45-5","350x75.5x74"
"Yanmar","VIO45-5","yanmar-vio45-5","400x75.5x74"
"Yanmar","VIO45-6","yanmar-vio45-6","350x73x76"
"Yanmar","VIO45V","yanmar-vio45v","350x75.5x74"
"Yanmar","VIO45V","yanmar-vio45v","400x75.5x74"
"Yanmar","VIO50-1","yanmar-vio50-1","400x75.5x74"
"Yanmar","VIO50-2","yanmar-vio50-2","400x75.5x74"
"Yanmar","VIO50-2Global","yanmar-vio50-2global","400x75.5x74"
"Yanmar","VIO50-3","yanmar-vio50-3","400x75.5x74"
"Yanmar","VIO50-6","yanmar-vio50-6","350x73x76"
"Yanmar","VIO50-PR-1","yanmar-vio50-pr-1","400x75.5x74"
"Yanmar","VIO50U","yanmar-vio50u","350x75.5x74"
"Yanmar","VIO50U","yanmar-vio50u","400x75.5x74"
"Yanmar","VIO50V","yanmar-vio50v","400x75.5x74"
"Yanmar","VIO55","yanmar-vio55","400x75.5x74"
"Yanmar","VIO55CR","yanmar-vio55cr","400x75.5x74"
"Yanmar","VIO55-3","yanmar-vio55-3","400x75.5x74"
"Yanmar","VIO55-5","yanmar-vio55-5","400x75.5x74"
"Yanmar","VIO55-6","yanmar-vio55-6","400x73x76"
"Yanmar","VIO57-6","yanmar-vio57-6","400x73x76"
"Yanmar","VIO57U","yanmar-vio57u","400x75.5x74"
"Yanmar","VIO70","yanmar-vio70","450x84x74"
"Yanmar","VIO70","yanmar-vio70","450x81x76"
"Yanmar","VIO70A","yanmar-vio70a","450x83.5x74"
"Yanmar","VIO70CR","yanmar-vio70cr","450x84x74"
"Yanmar","VIO70CR","yanmar-vio70cr","450x81x76"
"Yanmar","VIO75","yanmar-vio75","450x83.5x74"
"Yanmar","VIO75-A","yanmar-vio75-a","450x83.5x74"
"Yanmar","VIO80","yanmar-vio80","450x83.5x74"
"Yanmar","VIO80-1","yanmar-vio80-1","450x83.5x74"
"Yanmar","VIO82","yanmar-vio82","450x83.5x74"
"Yanmar","WB1300","yanmar-wb1300","280x72x52"
"Yanmar","WB1300","yanmar-wb1300","250x72x52"
"Yanmar","WB500","yanmar-wb500","200x72x34"
"Yanmar","WB500","yanmar-wb500","180x72x34"
"Yanmar","Y12","yanmar-y12","230x72x43"
"Yanmar","Y12B","yanmar-y12b","230x72x43"
"Yanmar","Y14","yanmar-y14","230x72x43"
"Yanmar","YB10","yanmar-yb10","230x72x43"
"Yanmar","YB10-2","yanmar-yb10-2","230x72x43"
"Yanmar","YB101","yanmar-yb101","200x72x39"
"Yanmar","YB101UZ","yanmar-yb101uz","200x72x39"
"Yanmar","YB101VL","yanmar-yb101vl","200x72x39"
"Yanmar","YB121","yanmar-yb121","230x72x43"
"Yanmar","YB125","yanmar-yb125","260x55.5x78"
"Yanmar","YB125","yanmar-yb125","300x55.5x78"
"Yanmar","YB151","yanmar-yb151","230x72x43"
"Yanmar","YBT650","yanmar-ybt650","230x72x43"
"Yanmar","YEW5D-1","yanmar-yew5d-1","230x72x50"
"Yanmar","YEW5D-1","yanmar-yew5d-1","250x72x35"
"Yanmar","YEW8R","yanmar-yew8r","230x72x50"
"Yanmar","YFW8R","yanmar-yfw8r","230x72x50"
"Yanmar","YM10","yanmar-ym10","200x72x34"
"Yanmar","YM10","yanmar-ym10","180x72x34"
"Yanmar","YMD60","yanmar-ymd60","200x72x34"
"Yanmar","YMD60","yanmar-ymd60","180x72x34"
"Ygry","M120","ygry-m120","230x72x43"
"Ygry","SA140","ygry-sa140","230x72x43"
"Ygry","SA170","ygry-sa170","250x72x47"
"Ygry","Y12","ygry-y12","230x72x43"
"Ygry","Y12B","ygry-y12b","230x72x43"
"Ygry","Y14","ygry-y14","230x72x43"
"Ygry","Y14B","ygry-y14b","230x72x43"
"Ygry","Y15","ygry-y15","230x72x47"
"Yuchai","R103.3","yuchai-r1033","230x72x43"
"Yuchai","R105.3","yuchai-r1053","230x72x43"
"Yuchai","WY1.3","yuchai-wy13","230x72x43"
"Yuchai","WY2.5","yuchai-wy25","300x109x38"
"Yuchai","WY2.5","yuchai-wy25","300x52.5x78"
"Yuchai","WY3.5","yuchai-wy35","300x109x41"
"Yuchai","WY3.5","yuchai-wy35","300x52.5x84"
"Yuchai","YC15-7","yuchai-yc15-7","230x72x43"
"Yuchai","YC15-8","yuchai-yc15-8","230x72x43"
"Yuchai","YC25","yuchai-yc25","300x55x76"
"Yuchai","YC25","yuchai-yc25","300x52.5x78"
"Yuchai","YC25-2","yuchai-yc25-2","300x55x76"
"Yuchai","YC25-2","yuchai-yc25-2","300x52.5x78"
"Yuchai","YC25-8","yuchai-yc25-8","300x55x76"
"Yuchai","YC25-8","yuchai-yc25-8","300x52.5x78"
"Yuchai","YC30-2","yuchai-yc30-2","300x55x76"
"Yuchai","YC30-2","yuchai-yc30-2","300x52.5x78"
"Yuchai","YC35SR","yuchai-yc35sr","300x55x82"
"Yuchai","YC35SR","yuchai-yc35sr","300x52.5x84"
"Yuchai","YC35-7","yuchai-yc35-7","300x55x82"
"Yuchai","YC35-7","yuchai-yc35-7","300x52.5x84"
"Yuchai","YC35-8","yuchai-yc35-8","300x52.5x84"
"Yuchai","YC45","yuchai-yc45","300x55x86"
"Yuchai","YC45-6","yuchai-yc45-6","300x55x94"
"Yuchai","YC55-2","yuchai-yc55-2","400x73x74"
"Yuchai","YC55-2","yuchai-yc55-2","400x72.5x74"
"Yuchai","YC85","yuchai-yc85","450x76x80"
"Yuchai","YC85-7","yuchai-yc85-7","450x76x80"
"Yutani","B53","yutani-b53","450x81.5x74"
"Yutani","B53","yutani-b53","450x81x76"
"Yutani","B76","yutani-b76","450x81.5x74"
"Yutani","B76","yutani-b76","450x81x76"
"Yutani","Z53","yutani-z53","300x109x38"
"Yutani","Z53","yutani-z53","300x52.5x78"
"Yutani","Z54","yutani-z54","300x109x40"
"Yutani","Z54","yutani-z54","300x52.5x82"
"Yutani","Z55","yutani-z55","350x108x42"
"Yutani","Z55","yutani-z55","350x52.5x86"
"Zavattini","E19P/9SC","zavattini-e19p9sc","250x72x52"
"Zeppelin","ZR02","zeppelin-zr02","230x96x33"
"Zeppelin","ZR02","zeppelin-zr02","230x48x66"
"Zeppelin","ZR14","zeppelin-zr14","300x55x72"
"Zeppelin","ZR14","zeppelin-zr14","300x52.5x74"
"Zeppelin","ZR15","zeppelin-zr15","230x96x33"
"Zeppelin","ZR15","zeppelin-zr15","230x48x66"
"Zeppelin","ZR25","zeppelin-zr25","300x55x72"
"Zeppelin","ZR25","zeppelin-zr25","300x52.5x74"
"Zeppelin","ZR35","zeppelin-zr35","300x55x78"
"Zeppelin","ZR35","zeppelin-zr35","300x52.5x80"
"Zeppelin","ZR45","zeppelin-zr45","400x72.5x72"
"Zeppelin","ZR55","zeppelin-zr55","400x72.5x76"
"Zeppelin","ZRH02","zeppelin-zrh02","230x96x33"
"Zeppelin","ZRH02","zeppelin-zrh02","230x48x66"
"Zeppelin","ZRH04","zeppelin-zrh04","300x109x36"
"Zeppelin","ZRH04","zeppelin-zrh04","300x52.5x74"
"Zeppelin","ZRH12","zeppelin-zrh12","230x96x33"
"Zeppelin","ZRH12","zeppelin-zrh12","230x48x66"
"Zeppelin","ZRH14","zeppelin-zrh14","300x55x72"
"Zeppelin","ZRH14","zeppelin-zrh14","300x52.5x74"
"Zeppelin","ZRH16","zeppelin-zrh16","300x55x78"
"Zeppelin","ZRH16","zeppelin-zrh16","300x52.5x80"
"Zeppelin","ZRH8","zeppelin-zrh8","300x109x39"
"Zeppelin","ZRH8","zeppelin-zrh8","300x52.5x80"
"Zhenyu","ZY55","zhenyu-zy55","400x72.5x72"
"Zntsis Brzesko","RT-10","zntsis-brzesko-rt-10","230x72x43"