Make,Model,Track Sizes (Base),Track Sizes (Display),Track Sizes (Canonical w/ N/W)
A.X.I.,FR300AA (Crane),300x55x82;300x52.5x84,300x55x82;300x52.5x84,300x55x82;300x52.5x84
ACM,ME040,300x55x82;300x52.5x84,300x55x82;300x52.5x84,300x55x82;300x52.5x84
ALLEN,AT14F,180x72x37,180x72x37,180x72x37
ALLEN,AT16,180x72x42,180x72x42,180x72x42
ALLtrack,AT1500,700x100x98,700x100x98,700x100x98
ALLtrack,AT2200,750x150x66,750x150x66,750x150x66
ASV,MD-70,18x4x220;457x101.6x5588,18x4x220;457x101.6x5588,18x4x220;457x101.6x5588
ASV,POSI-TRAC 2800,18x4x220;457x101.6x5588,18x4x220;457x101.6x5588,18x4x220;457x101.6x5588
ASV,POSI-TRAC 2810,18x4x220;457x101.6x5588,18x4x220;457x101.6x5588,18x4x220;457x101.6x5588
ASV,POSI-TRAC 4800,18x4x220;457x101.6x5588,18x4x220;457x101.6x5588,18x4x220;457x101.6x5588
ASV,POSI-TRAC 4810,18x4x220;457x101.6x5588,18x4x220;457x101.6x5588,18x4x220;457x101.6x5588
ASV,POSI-TRAC HD4500,18x4x220;457x101.6x5588,18x4x220;457x101.6x5588,18x4x220;457x101.6x5588
ASV,POSI-TRAC HD4520,18x4x220;457x101.6x5588,18x4x220;457x101.6x5588,18x4x220;457x101.6x5588
ASV,PT 100,18x4x220;457x101.6x5588,18x4x220;457x101.6x5588,18x4x220;457x101.6x5588
ASV,PT 50,15x4x166;381x101.6x4216,15x4x166;381x101.6x4216,15x4x166;381x101.6x4216
ASV,PT 60,15x4x166;381x101.6x4216,15x4x166;381x101.6x4216,15x4x166;381x101.6x4216
ASV,PT 80,18x4x201;457x101.6x5105,18x4x201;457x101.6x5105,18x4x201;457x101.6x5105
ASV,RC 100,18x4x200;457x101.6x5080,18x4x200;457x101.6x5080,18x4x200;457x101.6x5080
ASV,RC 50,15x4x166;381x101.6x4216,15x4x166;381x101.6x4216,15x4x166;381x101.6x4216
ASV,RC 60,15x4x166;381x101.6x4216,15x4x166;381x101.6x4216,15x4x166;381x101.6x4216
ASV,RC 85,18x4x200;457x101.6x5080,18x4x200;457x101.6x5080,18x4x200;457x101.6x5080
ASV,RCV,18x4x200;457x101.6x5080,18x4x200;457x101.6x5080,18x4x200;457x101.6x5080
ASV,RT 50,15x4x166;381x101.6x4216,15x4x166;381x101.6x4216,15x4x166;381x101.6x4216
ASV,RT 65,15x4x166;381x101.6x4216,15x4x166;381x101.6x4216,15x4x166;381x101.6x4216
ASV,RT 75,18x4x201;457x101.6x5105,18x4x201;457x101.6x5105,18x4x201;457x101.6x5105
ASV,SC-50,15x4x166;381x101.6x4216,15x4x166;381x101.6x4216,15x4x166;381x101.6x4216
ASV,SR-80,18x4x201;457x101.6x5105,18x4x201;457x101.6x5105,18x4x201;457x101.6x5105
ASV,ST-50,15x4x166;381x101.6x4216,15x4x166;381x101.6x4216,15x4x166;381x101.6x4216
ASV,VT-70,15x4x166;381x101.6x4216,15x4x166;381x101.6x4216,15x4x166;381x101.6x4216
ATN,ATN | PIAF450 (Platform - non-marking tracks),230x96x32;230x48x64,230x96x32;230x48x64,230x96x32;230x48x64
ATN,ATN | PIAF560 (Platform - non-marking tracks),230x96x32;230x48x64,230x96x32;230x48x64,230x96x32;230x48x64
ATN,ATN | PIAF800 (Platform - non-marking tracks),230x96x34;230x48x68,230x96x34;230x48x68,230x96x34;230x48x68
ATN,ATN | PIAF810,230x96x34;230x48x68,230x96x34;230x48x68,230x96x34;230x48x68
ATN,ATN | PIAF811,230x96x34;230x48x68,230x96x34;230x48x68,230x96x34;230x48x68
Abbati,BBT954-5.16,180x72x37,180x72x37,180x72x37
Abbati,BBT954-5.17,180x60x38,180x60x38,180x60x38
Aces,HTC500 (Dumper),180x60x37,180x60x37,180x60x37
Active,PT1300,180x60x30,180x60x30,180x60x30
Active,PT1320,180x60x34,180x60x34,180x60x34
Active,PT1460,180x60x37,180x60x37,180x60x37
Agri,DM10,230x72x43,230x72x43,230x72x43
Aichi,FR300 (Crane),300x55x82;300x52.5x84,300x55x82;300x52.5x84,300x55x82;300x52.5x84
Aichi,RM040,200x72x42,200x72x42,200x72x42
Aichi,RV040 (Lifting platform),200x72x42,200x72x42,200x72x42
Aichi,RV041 (Lifting platform),200x72x42,200x72x42,200x72x42
Aichi,RV042 (Lifting platform),230x72x50,230x72x50,230x72x50
Aichi,RV04A (Lifting platform),230x72x42;200x72x42,230x72x42;200x72x42,230x72x42;200x72x42
Aichi,RV060 (Lifting platform),230x72x56,230x72x56,230x72x56
Aichi,RV061 (Lifting platform),230x72x56,230x72x56,230x72x56
Airman,AX 17,230x96x33;230x48x66,230x96x33;230x48x66,230x96x33;230x48x66
Airman,AX 17 - 2,230x96x33;230x48x66,230x96x33;230x48x66,230x96x33;230x48x66
Airman,AX 17 - 2N,230x96x33;230x48x66,230x96x33;230x48x66,230x96x33;230x48x66
Airman,AX 17CGL-2N,230x96x33;230x48x66,230x96x33;230x48x66,230x96x33;230x48x66
Airman,AX 17U,230x96x35;230x48x70,230x96x35;230x48x70,230x96x35;230x48x70
Airman,AX08,180x72x37,180x72x37,180x72x37
Airman,AX08-02,180x72x37,180x72x37,180x72x37
Airman,AX08-2KT,180x72x37,180x72x37,180x72x37
Airman,AX08GL-2,180x72x37,180x72x37,180x72x37
Airman,AX10U,180x72x40,180x72x40,180x72x40
Airman,AX12,230x96x31;230x48x62,230x96x31;230x48x62,230x96x31;230x48x62
Airman,AX12-2,230x96x31;230x48x62,230x96x31;230x48x62,230x96x31;230x48x62
Airman,AX15,230x96x31;230x48x62,230x96x31;230x48x62,230x96x31;230x48x62
Airman,AX15 U,230x96x31;230x48x62,230x96x31;230x48x62,230x96x31;230x48x62
Airman,AX15-2,230x96x31;230x48x62,230x96x31;230x48x62,230x96x31;230x48x62
Airman,AX16,230x96x33;230x48x63,230x96x33;230x48x63,230x96x33;230x48x63
Airman,AX16-2,230x96x33;230x48x66,230x96x33;230x48x66,230x96x33;230x48x66
Airman,AX16-3,230x96x33;230x48x66,230x96x33;230x48x66,230x96x33;230x48x66
Airman,AX16CBL-3,230x96x33;230x48x66,230x96x33;230x48x66,230x96x33;230x48x66
Airman,AX18-2,250x52.5x73;300x52.5x72,250x52.5x73;300x52.5x72 (Narrow),250x52.5x73;300x52.5x72(N)
Airman,AX19U,230x48x70,230x48x70,230x48x70
Airman,AX20-3,250x107x38;300x52.5x76,250x107x38;300x52.5x76,250x107x38;300x52.5x76
Airman,AX20U,250x96x41;250x47x84;250x48x82,250x96x41;250x47x84;250x48x82,250x96x41;250x47x84;250x48x82
Airman,AX20UR,250x107x38;250x52.5x76;300x52.5x76,250x107x38;250x52.5x76;300x52.5x76 (Narrow),250x107x38;250x52.5x76;300x52.5x76(N)
Airman,AX22,250x52.5x73;300x52.5x72,250x52.5x73;300x52.5x72 (Narrow),250x52.5x73;300x52.5x72(N)
Airman,AX22-1,250x52.5x73;300x52.5x72,250x52.5x73;300x52.5x72 (Narrow),250x52.5x73;300x52.5x72(N)
Airman,AX22-2,250x52.5x73;300x52.5x72,250x52.5x73;300x52.5x72 (Narrow),250x52.5x73;300x52.5x72(N)
Airman,AX22CGL,250x52.5x73;300x52.5x72,250x52.5x73;300x52.5x72 (Narrow),250x52.5x73;300x52.5x72(N)
Airman,AX22UCGL,250x52.5x73;300x52.5x72,250x52.5x73;300x52.5x72 (Narrow),250x52.5x73;300x52.5x72(N)
Airman,AX22UCGL4,250x52.5x73;300x52.5x72,250x52.5x73;300x52.5x72 (Narrow),250x52.5x73;300x52.5x72(N)
Airman,AX25,300x55x74;250x52.5x76;300x52.5x76,300x55x74 (Narrow);250x52.5x76;300x52.5x76 (Narrow),300x55x74(N);250x52.5x76;300x52.5x76(N)
Airman,AX25-1,300x55x74;250x52.5x76;300x52.5x76,300x55x74 (Narrow);250x52.5x76;300x52.5x76 (Narrow),300x55x74(N);250x52.5x76;300x52.5x76(N)
Airman,AX25-2,300x55x74;250x52.5x76;300x52.5x76,300x55x74 (Narrow);250x52.5x76;300x52.5x76 (Narrow),300x55x74(N);250x52.5x76;300x52.5x76(N)
Airman,AX25-3,250x52.5x73;300x52.5x72,250x52.5x73;300x52.5x72 (Narrow),250x52.5x73;300x52.5x72(N)
Airman,AX26U-6,300x52.5x80,300x52.5x80 (Narrow),300x52.5x80(N)
Airman,AX27,300x52.5x78,300x52.5x78 (Narrow),300x52.5x78(N)
Airman,AX27U,300x52.5x78,300x52.5x78 (Narrow),300x52.5x78(N)
Airman,AX27U-4,300x52.5x80,300x52.5x80 (Narrow),300x52.5x80(N)
Airman,AX29UCGL,300x52.5x78,300x52.5x78 (Narrow),300x52.5x78(N)
Airman,AX30,300x55x80;300x52.5x82,300x55x80 (Narrow);300x52.5x82 (Narrow),300x55x80(N);300x52.5x82(N)
Airman,AX30-1,300x52.5x82;300x52.5x86,300x52.5x82 (Narrow);300x52.5x86 (Narrow),300x52.5x82(N);300x52.5x86(N)
Airman,AX30-2,300x55x80;300x52.5x82,300x55x80 (Narrow);300x52.5x82 (Narrow),300x55x80(N);300x52.5x82(N)
Airman,AX30-3,300x52.5x82,300x52.5x82 (Narrow),300x52.5x82(N)
Airman,AX30U-4,300x52.5x86,300x52.5x86 (Narrow),300x52.5x86(N)
Airman,AX30UR,300x52.5x76,300x52.5x76 (Narrow),300x52.5x76(N)
Airman,AX30UR-1,300x55x74;250x52.5x76;300x52.5x76,300x55x74 (Narrow);250x52.5x76;300x52.5x76 (Narrow),300x55x74(N);250x52.5x76;300x52.5x76(N)
Airman,AX30UR-2,300x55x74;250x52.5x76;300x52.5x76,300x55x74 (Narrow);250x52.5x76;300x52.5x76 (Narrow),300x55x74(N);250x52.5x76;300x52.5x76(N)
Airman,AX30UR-3,300x52.5x82,300x52.5x82 (Narrow),300x52.5x82(N)
Airman,AX32U,300x52.5x82,300x52.5x82 (Narrow),300x52.5x82(N)
Airman,AX33MU,300x52.5x82,300x52.5x82 (Narrow),300x52.5x82(N)
Airman,AX33U,300x52.5x82,300x52.5x82 (Narrow),300x52.5x82(N)
Airman,AX33U-6,300x52.5x82,300x52.5x82 (Narrow),300x52.5x82(N)
Airman,AX35,300x55x80;300x52.5x82,300x55x80 (Narrow);300x52.5x82 (Narrow),300x55x80(N);300x52.5x82(N)
Airman,AX35-1,300x55x80;300x52.5x82,300x55x80 (Narrow);300x52.5x82 (Narrow),300x55x80(N);300x52.5x82(N)
Airman,AX35-2,300x52.5x82,300x52.5x82 (Narrow),300x52.5x82(N)
Airman,AX35CGL-3,300x52.5x82,300x52.5x82 (Narrow),300x52.5x82(N)
Airman,AX35U,300x52.5x86,300x52.5x86 (Narrow),300x52.5x86(N)
Airman,AX35U-4,300x52.5x86,300x52.5x86 (Narrow),300x52.5x86(N)
Airman,AX36U,300x52.5x86,300x52.5x86 (Narrow),300x52.5x86(N)
Airman,AX36UCGL,300x52.5x86,300x52.5x86 (Narrow),300x52.5x86(N)
Airman,AX38UCGL,300x52.5x86,300x52.5x86 (Narrow),300x52.5x86(N)
Airman,AX40,400x72.5x72,400x72.5x72,400x72.5x72
Airman,AX40-2,400x72.5x72,400x72.5x72,400x72.5x72
Airman,AX40U,400x72.5x72,400x72.5x72,400x72.5x72
Airman,AX40U-4,400x73x72;400x72.5x72,400x73x72;400x72.5x72,400x73x72;400x72.5x72
Airman,AX40UR-1,400x72.5x72,400x72.5x72,400x72.5x72
Airman,AX40UR-2,400x72.5x72,400x72.5x72,400x72.5x72
Airman,AX45,400x72.5x72,400x72.5x72,400x72.5x72
Airman,AX45-2,400x72.5x72,400x72.5x72,400x72.5x72
Airman,AX45CGL-2,400x72.5x72,400x72.5x72,400x72.5x72
Airman,AX50,400x142x37;400x72.5x72,400x142x37;400x72.5x72,400x142x37;400x72.5x72
Airman,AX50-2,400x72.5x72,400x72.5x72,400x72.5x72
Airman,AX50-3,400x73x72;400x72.5x72,400x73x72;400x72.5x72,400x73x72;400x72.5x72
Airman,AX50U,400x72.5x72,400x72.5x72,400x72.5x72
Airman,AX50U-4,400x73x74;400x72.5x74,400x73x74;400x72.5x74,400x73x74;400x72.5x74
Airman,AX50UCGL,400x72.5x72,400x72.5x72,400x72.5x72
Airman,AX52UCGL-5,400x72.5x74,400x72.5x74,400x72.5x74
Airman,AX55U-6A,400x72.5x74,400x72.5x74,400x72.5x74
Airman,AX55UR,400x72.5x72,400x72.5x72,400x72.5x72
Airman,AX55UR-3,400x72.5x72,400x72.5x72,400x72.5x72
Airman,AX58,400x72.5x74,400x72.5x74,400x72.5x74
Airman,AX58MU,400x73x74;400x72.5x74,400x73x74;400x72.5x74,400x73x74;400x72.5x74
Airman,AXC12,230x96x31;230x48x62,230x96x31;230x48x62,230x96x31;230x48x62
Airman,AXC15,230x96x31;230x48x62,230x96x31;230x48x62,230x96x31;230x48x62
Airman,HM07S,180x72x36,180x72x36,180x72x36
Airman,HM10,200x72x42,200x72x42,200x72x42
Airman,HM10 NEW,20x96x33;230x48x66,20x96x33;230x48x66,20x96x33;230x48x66
Airman,HM10G,200x72x42,200x72x42,200x72x42
Airman,HM10SG,200x72x42,200x72x42,200x72x42
Airman,HM15,200x72x42,200x72x42,200x72x42
Airman,HM15 NEW,230x96x33;230x48x66,230x96x33;230x48x66,230x96x33;230x48x66
Airman,HM15S,200x72x42,200x72x42,200x72x42
Airman,HM30SGZ,300x109x40;300x52.5x82,300x109x40;300x52.5x82,300x109x40;300x52.5x82
Airman,HM35,300x109x42;300x52.5x86,300x109x42;300x52.5x86,300x109x42;300x52.5x86
Airman,HM45,400x146x36;400x72.5x72,400x146x36;400x72.5x72,400x146x36;400x72.5x72
Airman,HM45-2,400x146x36;400x72.5x72,400x146x36;400x72.5x72,400x146x36;400x72.5x72
Airman,HM45SG-2,400x146x36;400x72.5x72,400x146x36;400x72.5x72,400x146x36;400x72.5x72
Airman,HM50,400x146x36;400x72.5x72,400x146x36;400x72.5x72,400x146x36;400x72.5x72
Airman,HM55,400x146x36;400x72.5x72,400x146x36;400x72.5x72,400x146x36;400x72.5x72
Airman-Foredil,AX 16-2N,230x96x33;230x48x66,230x96x33;230x48x66,230x96x33;230x48x66
Airman-Foredil,AX 29U,300x52.5x78,300x52.5x78 (Narrow),300x52.5x78(N)
Airman-Foredil,AX 35,300x55x80;300x52.5x82,300x55x80 (Narrow);300x52.5x82 (Narrow),300x55x80(N);300x52.5x82(N)
Airman-Foredil,AX 45,400x72.5x72,400x72.5x72,400x72.5x72
Airman-Foredil,AX22,250x52.5x73;300x52.5x72,250x52.5x73;300x52.5x72 (Narrow),250x52.5x73;300x52.5x72(N)
Almac,Athena-870,250x72x57,250x72x57,250x72x57
Almac,BIBI-1090EVO,250x72x64,250x72x64,250x72x64
Almac,BIBI-1250CL,250x72x64,250x72x64,250x72x64
Almac,BIBI-1470HE,250x72x64,250x72x64,250x72x64
Almac,BIBI-850BL,250x72x57,250x72x57,250x72x57
Almac,BIBI-850HE,200x72x47,200x72x47,200x72x47
Almac,BIBI-870BL,250x72x57,250x72x57,250x72x57
Almac,"BIEASY1,5",230x72x43,230x72x43,230x72x43
Almac,MULTI-LOADER 2.5,250x72x64,250x72x64,250x72x64
Amerequip Eagle,TRAX40,230x96x39;250x48x78,230x96x39;250x48x78,230x96x39;250x48x78
American Direction Drill,DD10,230x72x56,230x72x56,230x72x56
American Direction Drill,DD2,230x72x56,230x72x56,230x72x56
American Direction Drill,DD3,320x52.5x88;300x52.5x88,320x52.5x88 (Narrow);300x52.5x88 (Narrow),320x52.5x88(N);300x52.5x88(N)
American Direction Drill,DD4,300x54x82;300x52.5x84,300x54x82;300x52.5x84 (Narrow),300x54x82;300x52.5x84(N)
American Direction Drill,DD6,400x73x74;400x72.5x74,400x73x74;400x72.5x74,400x73x74;400x72.5x74
American Direction Drill,DD8,400x73x74;400x72.5x74,400x73x74;400x72.5x74,400x73x74;400x72.5x74
Ammann,AMX 65,400x72.5x76,400x72.5x76,400x72.5x76
Ammann,AMX85ZT,450x76x82,450x76x82,450x76x82
Andreoli,UT60EVO,230x78x42,230x78x42,230x78x42
Angel,WY1.3,230x72x43,230x72x43,230x72x43
Angel,WY2.5,300x55x76;300x52.5x78,300x55x76 (Narrow);300x52.5x78 (Narrow),300x55x76(N);300x52.5x78(N)
Angel,WY3.5,300x55x82;300x52.5x84,300x55x82;300x52.5x84,300x55x82;300x52.5x84
Antec,A12B,230x72x43,230x72x43,230x72x43
Antec,A14sa,230x72x43,230x72x43,230x72x43
Antec,HCC1051D,180x72x37,180x72x37,180x72x37
Apageo,450 (H.D Drilling Machine),250x72x52,250x72x52,250x72x52
Apageo,580 (H.D Drilling Machine),250x72x52,250x72x52,250x72x52
Apageo,LWC100 ( Drilling Machine),250x72x57,250x72x57,250x72x57
Aros China,1.5,230x72x43,230x72x43,230x72x43
Astec,Mini-Excavator,250x72x56;300x52.5x92,250x72x56;300x52.5x92 (Narrow),250x72x56;300x52.5x92(N)
Atex,XC750D,200x72x38;180x72x38,200x72x38;180x72x38,200x72x38;180x72x38
Atex,XG450M,200x72x39,200x72x39,200x72x39
Athena,1090 (Lifting Platform),250x72x64,250x72x64,250x72x64
Atlas,100,200x72x41,200x72x41,200x72x41
Atlas,100B,200x72x41,200x72x41,200x72x41
Atlas,100CT,200x72x41,200x72x41,200x72x41
Atlas,110,200x72x41,200x72x41,200x72x41
Atlas,1104,200x72x41,200x72x41,200x72x41
Atlas,120,230x72x43,230x72x43,230x72x43
Atlas,120AB,230x72x42,230x72x42,230x72x42
Atlas,120RF,230x72x43,230x72x43,230x72x43
Atlas,404,230x72x43,230x72x43,230x72x43
Atlas,404R,230x72x43,230x72x43,230x72x43
Atlas,604,250x72x57,250x72x57,250x72x57
Atlas,604.2,300x109x39;300x52.5x80,300x109x39;300x52.5x80 (Narrow),300x109x39;300x52.5x80(N)
Atlas,604.2 (96),300x109x39;300x52.5x80,300x109x39;300x52.5x80,300x109x39;300x52.5x80
Atlas,604R,250x72x57,250x72x57,250x72x57
Atlas,605R,400x72.5x72,400x72.5x72,400x72.5x72
Atlas,805R,450x71x86,450x71x86,450x71x86
Atlas,AM29R,300x55x72;300x52.5x74,300x55x72;300x52.5x74 (Narrow),300x55x72;300x52.5x74(N)
Atlas,AM37R,300x52.5x86,300x52.5x86 (Narrow),300x52.5x86(N)
Atlas,AP604,230x72x43;320x100x41,230x72x43;320x100x41,230x72x43;320x100x41
Atlas,AR100,230x72x42,230x72x42,230x72x42
Atlas,AR120,230x72x42,230x72x42,230x72x42
Atlas,CT045,200x72x34;180x72x34,200x72x34;180x72x34,200x72x34;180x72x34
Atlas,CT100,200x72x41,200x72x41,200x72x41
Atlas,CT100R,200x72x41,200x72x41,200x72x41
Atlas,CT10N,230x72x43,230x72x43,230x72x43
Atlas,CT120,230x72x42,230x72x42,230x72x42
Atlas,CT12N,230x72x43,230x72x43,230x72x43
Atlas,CT27N,300x109x36;300x52.5x74,300x109x36;300x52.5x74 (Narrow),300x109x36;300x52.5x74(N)
Atlas,CT30N,300x109x39;300x52.5x80,300x109x39;300x52.5x80 (Narrow),300x109x39;300x52.5x80(N)
Atlas,CT35N,300x109x41;300x52.5x84,300x109x41;300x52.5x84 (Narrow),300x109x41;300x52.5x84(N)
Atlas,CT50N,400x142x38;400x72.5x74,400x142x38;400x72.5x74,400x142x38;400x72.5x74
Atlas,CT7NX,180x72x37,180x72x37,180x72x37
Atlas,ISO7,180x72x37,180x72x37,180x72x37
Ausa,25CM,180x60x30,180x60x30,180x60x30
Ausa,75,200x72x42,200x72x42,200x72x42
Ausa,80CMA,250x72x48,250x72x48,250x72x48
Ausa,MH08,180x72x38,180x72x38,180x72x38
Ausa,MH15,230x48x66;230x96x33,230x48x66;230x96x33,230x48x66;230x96x33
Ausa,MH25,300x52.5x74,300x52.5x74 (Narrow),300x52.5x74(N)
Ausa,MH35,300x52.5x84,300x52.5x84 (Narrow),300x52.5x84(N)
Ausa,MH35R,300x52.5x84,300x52.5x84 (Narrow),300x52.5x84(N)
Ausa,MH55,400x72.5x72,400x72.5x72,400x72.5x72
Ausa,MH75,450x71x86,450x71x86,450x71x86
Avant Tecno,Dumper 1200,230x72x45,230x72x45,230x72x45
Avant Tecno,Dumper 1500,250x72x45,250x72x45,250x72x45
Awasi,75-6,450x71x86,450x71x86,450x71x86
BOART LONGYEAR,DeltaBase 420,450x71x86,450x71x86,450x71x86
BOART LONGYEAR,DeltaBase 430,450x71x86,450x71x86,450x71x86
Babyack,Babyack 1,190x72x37;180x72x37,190x72x37;180x72x37,190x72x37;180x72x37
Babyack,Babyack 2,180x72x34,180x72x34,180x72x34
Bandit,19XP,400x72.5x76,400x72.5x76,400x72.5x76
Bandit,3200,300x52.5x84,300x52.5x84,300x52.5x84
Baraladi,EB40,230x72x43,230x72x43,230x72x43
Baraladi,FB1.02,230x72x43,230x72x43,230x72x43
Baraladi,FB1.2,230x72x43,230x72x43,230x72x43
Baraladi,FB102,230x72x43,230x72x43,230x72x43
Baraladi,FB102B,230x72x43,230x72x43,230x72x43
Baraladi,FB102EB,230x72x43,230x72x43,230x72x43
Baraladi,FB203,250x72x45,250x72x45,250x72x45
Baraladi,Granello,180x60x34,180x60x34,180x60x34
Baraladi,Minding,108x72x37;180x72x37,108x72x37;180x72x37,108x72x37;180x72x37
Baratti,Scorpio,190x72x37;180x72x37,190x72x37;180x72x37,190x72x37;180x72x37
Barreto,1324STK,180x60x28,180x60x28,180x60x28
Barreto,13STKH,180x60x28,180x60x28,180x60x28
Barreto,16STKB,180x60x28,180x60x28,180x60x28
Barreto,1824TK,180x72x36,180x72x36,180x72x36
Barreto,2024RTK,180x72x36,180x72x36,180x72x36
Barreto,2036RTK,180x72x36,180x72x36,180x72x36
Barreto,2324RTK,180x72x36,180x72x36,180x72x36
Bastei,SLD151D,180x72x37,180x72x37,180x72x37
Belle,5070,200x72x37;180x72x37,200x72x37;180x72x37,200x72x37;180x72x37
Bellon Maria,Monkey,170x60x34;180x60x34,170x60x34;180x60x34,170x60x34;180x60x34
Benassi,M350H,180x60x35,180x60x35,180x60x35
Benassi,M450H,180x60x37,180x60x37,180x60x37
Benassi,M550H,180x60x37,180x60x37,180x60x37
Benati,M13,230x72x43,230x72x43,230x72x43
Benati,M14,230x72x43,230x72x43,230x72x43
Benati,M16,230x72x45,230x72x45,230x72x45
Benfra,9.01,230x72x43,230x72x43,230x72x43
Benfra,9.01B,230x72x43,230x72x43,230x72x43
Benfra,9.02,230x72x43,230x72x43,230x72x43
Benfra,9.02B,250x72x52,250x72x52,250x72x52
Benfra,9.02S,230x72x43,230x72x43,230x72x43
Bentrac,M16,230x72x45,230x72x45,230x72x45
Bentrac,M25,300x54x74;250x52.5x76;300x52.5x76,300x54x74 (Narrow);250x52.5x76 (Narrow);300x52.5x76 (Narrow),300x54x74(N);250x52.5x76(N);300x52.5x76(N)
Beretta,GT15,230x96x39;250x48x78,230x96x39;250x48x78,230x96x39;250x48x78
Beretta,GT52,250x52.5x76;300x52.5x76,250x52.5x76;300x52.5x76 (Narrow),250x52.5x76;300x52.5x76(N)
Beretta,Skorpio2C,230x72x43,230x72x43,230x72x43
Beretta,Spider,230x72x43,230x72x43,230x72x43
Beretta,T 41 (Drilling Machine),250x52.5x76;300x52.5x76,250x52.5x76 (Narrow);300x52.5x76 (Narrow),250x52.5x76(N);300x52.5x76(N)
Beretta,T21 (Drilling Machine),180x72x34,180x72x34,180x72x34
Beretta,T25 (Drilling Machine),200x72x36;180x72x36,200x72x36;180x72x36,200x72x36;180x72x36
Beretta,T41 (Drilling Machine),230x72x43,230x72x43,230x72x43
Beretta,T43 (Drilling Machine),230x72x43,230x72x43,230x72x43
Beretta,T43/2 (Drilling Machine),250x72x52,250x72x52,250x72x52
Beretta,T44 (Drilling Machine),250x107.5x37;250x52.5x76;300x52.5x76,250x107.5x37;250x52.5x76 (Narrow);300x52.5x76 (Narrow),250x107.5x37;250x52.5x76(N);300x52.5x76(N)
Beretta,T45 (Drilling Machine),230x72x43,230x72x43,230x72x43
Beretta,T46 (Drilling Machine),250x107.5x37;250x52.5x76;300x52.5x76,250x107.5x37;250x52.5x76 (Narrow);300x52.5x76 (Narrow),250x107.5x37;250x52.5x76(N);300x52.5x76(N)
Beretta,TD50,230x72x56,230x72x56,230x72x56
Beretta,TD75,230x72x56,230x72x56,230x72x56
Bergmann,Dumper,190x72x37,190x72x37,190x72x37
Bertani,C75,230x72x45,230x72x45,230x72x45
Bertolini,Mini-excavator,180x60x34;180x60x38;180x72x34,180x60x34;180x60x38;180x72x34,180x60x34;180x60x38;180x72x34
Betram,Crawler Crane,400x72.5x72,400x72.5x72,400x72.5x72
Bitelli,BB611C(Asphalt Finisher),250x72x52,250x72x52,250x72x52
Bluelift,Aerial Platform,230x72x43;230x72x37;230x96x39;250x48x78,230x72x43;230x72x37;230x96x39;250x48x78,230x72x43;230x72x37;230x96x39;250x48x78
Bobcat,220,230x96x33;230x48x66,230x96x33;230x48x66,230x96x33;230x48x66
Bobcat,316,180x72x38,180x72x38,180x72x38
Bobcat,319,200x72x41,200x72x41,200x72x41
Bobcat,320 (562320000 and higher),230x96x33;230x48x66,230x96x33;230x48x66,230x96x33;230x48x66
Bobcat,320 (562320000 and lower),230x72x45,230x72x45,230x72x45
Bobcat,320 L,230x96x33;230x48x66,230x96x33;230x48x66,230x96x33;230x48x66
Bobcat,321,230x96x33;230x48x66,230x96x33;230x48x66,230x96x33;230x48x66
Bobcat,322,230x96x33;230x48x66,230x96x33;230x48x66,230x96x33;230x48x66
Bobcat,322G,230x96x33;230x48x66,230x96x33;230x48x66,230x96x33;230x48x66
Bobcat,323,230x96x33;230x48x66,230x96x33;230x48x66,230x96x33;230x48x66
Bobcat,324,230x96x33;230x48x66,230x96x33;230x48x66,230x96x33;230x48x66
Bobcat,325,300x52.5x74;300x52.5x74,300x52.5x74;300x52.5x74 (Narrow),300x52.5x74;300x52.5x74(N)
Bobcat,328,320x52.5x74;300x52.5x74,320x52.5x74;300x52.5x74 (Narrow),320x52.5x74;300x52.5x74(N)
Bobcat,328G,320x52.5x74;300x52.5x74,320x52.5x74;300x52.5x74 (Narrow),320x52.5x74;300x52.5x74(N)
Bobcat,329,320x52.5x80;320x52.5x80,320x52.5x80;320x52.5x80 (Narrow),320x52.5x80;320x52.5x80(N)
Bobcat,331,320x52.5x80;320x52.5x80,320x52.5x80;320x52.5x80 (Narrow),320x52.5x80;320x52.5x80(N)
Bobcat,331D,320x52.5x80;300x52.5x80,320x52.5x80;300x52.5x80 (Narrow),320x52.5x80;300x52.5x80(N)
Bobcat,331E,320x52.5x80;300x52.5x80,320x52.5x80;300x52.5x80 (Narrow),320x52.5x80;300x52.5x80(N)
Bobcat,331G,320x52.5x80;320x52.5x80,320x52.5x80;320x52.5x80 (Narrow),320x52.5x80;320x52.5x80(N)
Bobcat,334,320x52.5x80;320x52.5x80,320x52.5x80;320x52.5x80 (Narrow),320x52.5x80;320x52.5x80(N)
Bobcat,334D,320x52.5x80;300x52.5x80,320x52.5x80;300x52.5x80 (Narrow),320x52.5x80;300x52.5x80(N)
Bobcat,335,320x55x88;300x52.5x92,320x55x88;300x52.5x92 (Narrow),320x55x88;300x52.5x92(N)
Bobcat,337,400x73x74;400x72.5x74,400x73x74;400x72.5x74,400x73x74;400x72.5x74
Bobcat,337G,400x73x74;400x72.5x74,400x73x74;400x72.5x74,400x73x74;400x72.5x74
Bobcat,341,400x73x74;400x72.5x74,400x73x74;400x72.5x74,400x73x74;400x72.5x74
Bobcat,341D,400x73x74;400x72.5x74,400x73x74;400x72.5x74,400x73x74;400x72.5x74
Bobcat,341G,400x73x74;400x72.5x74,400x73x74;400x72.5x74,400x73x74;400x72.5x74
Bobcat,418,180x72x39,180x72x39,180x72x39
Bobcat,418A,180x72x39,180x72x39,180x72x39
Bobcat,425,320x52.5x80;300x52.5x80,320x52.5x80;300x52.5x80 (Narrow),320x52.5x80;300x52.5x80(N)
Bobcat,428,320x52.5x80;300x52.5x80,320x52.5x80;300x52.5x80 (Narrow),320x52.5x80;300x52.5x80(N)
Bobcat,430D(Fast TRACK),320x55x88;300x52.5x92,320x55x88;300x52.5x92 (Narrow),320x55x88;300x52.5x92(N)
Bobcat,430G,320x55x88;300x52.5x92,320x55x88;300x52.5x92 (Narrow),320x55x88;300x52.5x92(N)
Bobcat,430ZHS,320x55x88;300x52.5x92,320x55x88;300x52.5x92 (Narrow),320x55x88;300x52.5x92(N)
Bobcat,430ZTS,320x55x88;300x52.5x92,320x55x88;300x52.5x92 (Narrow),320x55x88;300x52.5x92(N)
Bobcat,435 (Fast TRACK),400x73x74;400x72.5x74,400x73x74;400x72.5x74,400x73x74;400x72.5x74
Bobcat,442,450x71x86,450x71x86,450x71x86
Bobcat,444,500x92x78,500x92x78,500x92x78
Bobcat,863(VTS System for Skidsteer Loader),450x86x56,450x86x56,450x86x56
Bobcat,864,320x86x52;450x86x52,320x86x52;450x86x52,320x86x52;450x86x52
Bobcat,864H,450x84x53;450x86x52,450x84x53;450x86x52,450x84x53;450x86x52
Bobcat,873,450x86x60,450x86x60,450x86x60
Bobcat,883,450x86x60,450x86x60,450x86x60
Bobcat,E08,180x72x39,180x72x39,180x72x39
Bobcat,E10,180x72x39,180x72x39,180x72x39
Bobcat,E10Z,180x72x39,180x72x39,180x72x39
Bobcat,E10e,180x72x39,180x72x39,180x72x39
Bobcat,E14,200x72x41,200x72x41,200x72x41
Bobcat,E16,230x48x66,230x48x66,230x48x66
Bobcat,E17,230x48x66,230x48x66,230x48x66
Bobcat,E17Z,230x48x66,230x48x66,230x48x66
Bobcat,E19,230x48x66,230x48x66,230x48x66
Bobcat,E20,230x48x72,230x48x72,230x48x72
Bobcat,E20Z,230x48x72,230x48x72,230x48x72
Bobcat,E26,300x52.5x80;300x52.5x80,300x52.5x80;300x52.5x80 (Narrow),300x52.5x80;300x52.5x80(N)
Bobcat,E27,300x52.5x80;300x52.5x80,300x52.5x80;300x52.5x80 (Narrow),300x52.5x80;300x52.5x80(N)
Bobcat,E27z,300x52.5x80;300x52.5x80,300x52.5x80;300x52.5x80 (Narrow),300x52.5x80;300x52.5x80(N)
Bobcat,E32 [I guiding | M-series],320x52.5x80;300x52.5x80,320x52.5x80;300x52.5x80 (Narrow),320x52.5x80;300x52.5x80(N)
Bobcat,E32 [J guiding | R-series],320x52.5x80;300x52.5x80,320x52.5x80;300x52.5x80,320x52.5x80;300x52.5x80
Bobcat,E32C,320x52.5x80;300x52.5x80,320x52.5x80;300x52.5x80 (Narrow),320x52.5x80;300x52.5x80(N)
Bobcat,E34,300x52.5x80;300x52.5x80,300x52.5x80;300x52.5x80 (Narrow),300x52.5x80;300x52.5x80(N)
Bobcat,E35 [I guiding | M-series],300x52.5x84;300x52.5x84,300x52.5x84;300x52.5x84 (Narrow),300x52.5x84;300x52.5x84(N)
Bobcat,E35I [J guiding | R-series],300x52.5x84;300x55x81,300x52.5x84;300x55x81,300x52.5x84;300x55x81
Bobcat,E35M,300x52.5x84;300x52.5x84,300x52.5x84;300x52.5x84 (Narrow),300x52.5x84;300x52.5x84(N)
Bobcat,E35Z,300x52.5x84;300x52.5x84,300x52.5x84;300x52.5x84 (Narrow),300x52.5x84;300x52.5x84(N)
Bobcat,E41,350x55x88;300x52.5x92,350x55x88;300x52.5x92 (Narrow),350x55x88;300x52.5x92(N)
Bobcat,E42,350x55x88;300x52.5x92,350x55x88;300x52.5x92 (Narrow),350x55x88;300x52.5x92(N)
Bobcat,E45,400x72.5x74,400x72.5x74,400x72.5x74
Bobcat,E50,400x72.5x74,400x72.5x74,400x72.5x74
Bobcat,E55,400x72.5x74,400x72.5x74,400x72.5x74
Bobcat,E60 [I guiding],400x72.5x76,400x72.5x76,400x72.5x76
Bobcat,E62,400x72.5x76,400x72.5x76,400x72.5x76
Bobcat,E63,400x72.5x76,400x72.5x76,400x72.5x76
Bobcat,E80,450x81x76,450x81x76,450x81x76
Bobcat,E85,450x81x76,450x81x76,450x81x76
Bobcat,MT 100,250x72x45;230x72x45,250x72x45;230x72x45,250x72x45;230x72x45
Bobcat,MT100,180x72x45,180x72x45,180x72x45
Bobcat,MT120,180x72x45,180x72x45,180x72x45
Bobcat,MT50,180x72x39,180x72x39,180x72x39
Bobcat,MT52,180x72x39,180x72x39,180x72x39
Bobcat,MT55,180x72x39,180x72x39,180x72x39
Bobcat,MT85,180x72x45;250x72x45,180x72x45;250x72x45,180x72x45;250x72x45
Bobcat,S130,320x86x50;400x86x50;375x86x50,320x86x50;400x86x50;375x86x50,320x86x50;400x86x50;375x86x50
Bobcat,S150,320x86x52;400x86x52;375x86x52,320x86x52;400x86x52;375x86x52,320x86x52;400x86x52;375x86x52
Bobcat,S160,320x86x52;400x86x52;375x86x52,320x86x52;400x86x52;375x86x52,320x86x52;400x86x52;375x86x52
Bobcat,S175,320x86x52;400x86x52;375x86x52,320x86x52;400x86x52;375x86x52,320x86x52;400x86x52;375x86x52
Bobcat,S185,320x86x52;400x86x52;375x86x52,320x86x52;400x86x52;375x86x52,320x86x52;400x86x52;375x86x52
Bobcat,S205,320x86x52;400x86x52;375x86x52,320x86x52;400x86x52;375x86x52,320x86x52;400x86x52;375x86x52
Bobcat,S220,450x86x60,450x86x60,450x86x60
Bobcat,S250,450x86x60,450x86x60,450x86x60
Bobcat,S300,450x86x60,450x86x60,450x86x60
Bobcat,T110,250x75x52;250x72x52,250x75x52;250x72x52,250x75x52;250x72x52
Bobcat,T140,300x84x46;320x86x45,300x84x46;320x86x45,300x84x46;320x86x45
Bobcat,T180,320x86x49;400x86x49,320x86x49;400x86x49,320x86x49;400x86x49
Bobcat,T180H,320x86x49,320x86x49,320x86x49
Bobcat,T190,13x4x56;400x86x49;320x86x49,13x4x56;400x86x49;320x86x49,13x4x56;400x86x49;320x86x49
Bobcat,T190H,320x86x49;400x86x49,320x86x49;400x86x49,320x86x49;400x86x49
Bobcat,T200,13x4x56;320x86x52;450x86x52,13x4x56;320x86x52;450x86x52,13x4x56;320x86x52;450x86x52
Bobcat,T250,18x4x56;450x86x55;400x86x55,18x4x56;450x86x55;400x86x55,18x4x56;450x86x55;400x86x55
Bobcat,T250H,450x86x55;400x86x55,450x86x55;400x86x55,450x86x55;400x86x55
Bobcat,T300,18x4x56;450x86x55;400x86x55,18x4x56;450x86x55;400x86x55,18x4x56;450x86x55;400x86x55
Bobcat,T300H,450x86x55;400x86x55,450x86x55;400x86x55,450x86x55;400x86x55
Bobcat,T320,450x86x55;400x86x55;18x4x51,450x86x55;400x86x55;18x4x51,450x86x55;400x86x55;18x4x51
Bobcat,T450,300x84x46,300x84x46,300x84x46
Bobcat,T550,18x4x56;400x86x49;320x86x49,18x4x56;400x86x49;320x86x49,18x4x56;400x86x49;320x86x49
Bobcat,T590,18x4x56;400x86x49;320x86x49,18x4x56;400x86x49;320x86x49,18x4x56;400x86x49;320x86x49
Bobcat,T595,18x4x56;400x86x49;320x86x49,18x4x56;400x86x49;320x86x49,18x4x56;400x86x49;320x86x49
Bobcat,T62,320x86x50;400x86x50,320x86x50;400x86x50,320x86x50;400x86x50
Bobcat,T630,18x4x56;450x86x52;400x86x52;320x86x52,18x4x56;450x86x52;400x86x52;320x86x52,18x4x56;450x86x52;400x86x52;320x86x52
Bobcat,T64,320x86x50;400x86x50,320x86x50;400x86x50,320x86x50;400x86x50
Bobcat,T650,18x4x56;450x86x52;400x86x52;320x86x52,18x4x56;450x86x52;400x86x52;320x86x52,18x4x56;450x86x52;400x86x52;320x86x52
Bobcat,T66,320x86x50;400x86x50,320x86x50;400x86x50,320x86x50;400x86x50
Bobcat,T72,320x86x53;450x86x53;400x86x53,320x86x53;450x86x53;400x86x53,320x86x53;450x86x53;400x86x53
Bobcat,T740,18x4x56;450x86x55,18x4x56;450x86x55,18x4x56;450x86x55
Bobcat,T750,18x4x56;450x86x55;400x86x55,18x4x56;450x86x55;400x86x55,18x4x56;450x86x55;400x86x55
Bobcat,T76,320x86x53;450x86x53,320x86x53;450x86x53,320x86x53;450x86x53
Bobcat,T770,18x4x56;450x86x55;400x86x55,18x4x56;450x86x55;400x86x55,18x4x56;450x86x55;400x86x55
Bobcat,T830,450x86x58,450x86x58,450x86x58
Bobcat,T86,450x86x58,450x86x58,450x86x58
Bobcat,T870,450x84x59;18x4x56;450x86x58,450x84x59;18x4x56;450x86x58,450x84x59;18x4x56;450x86x58
Bobcat,X119,230x72x43,230x72x43,230x72x43
Bobcat,X120,230x72x43,230x72x43,230x72x43
Bobcat,X122,230x72x43,230x72x43,230x72x43
Bobcat,X123,250x72x47,250x72x47,250x72x47
Bobcat,X220,250x72x45,250x72x45,250x72x45
Bobcat,X225,300x52.5x74;300x55x71,300x52.5x74;300x55x71 (Narrow),300x52.5x74;300x55x71(N)
Bobcat,X231,320x54x78;300x52.5x80,320x54x78;300x52.5x80 (Narrow),320x54x78;300x52.5x80(N)
Bobcat,X316,180x72x38,180x72x38,180x72x38
Bobcat,X320,230x72x45,230x72x45,230x72x45
Bobcat,X320 (SN<<2000),250x72x45,250x72x45,250x72x45
Bobcat,X320D,230x96x33;230x48x66,230x96x33;230x48x66,230x96x33;230x48x66
Bobcat,X320E,230x96x33;230x48x66,230x96x33;230x48x66,230x96x33;230x48x66
Bobcat,X322,230x96x33;230x48x66,230x96x33;230x48x66,230x96x33;230x48x66
Bobcat,X322 (SN<<2000),250x72x45,250x72x45,250x72x45
Bobcat,X322D,230x96x33;230x48x66,230x96x33;230x48x66,230x96x33;230x48x66
Bobcat,X322E,230x96x33;230x48x66,230x96x33;230x48x66,230x96x33;230x48x66
Bobcat,X322G,230x96x33;230x48x66,230x96x33;230x48x66,230x96x33;230x48x66
Bobcat,X323,230x96x33;230x48x66,230x96x33;230x48x66,230x96x33;230x48x66
Bobcat,X324,230x96x33;230x48x66,230x96x33;230x48x66,230x96x33;230x48x66
Bobcat,X325,320x54x72;300x52.5x74,320x54x72;300x52.5x74 (Narrow),320x54x72;300x52.5x74(N)
Bobcat,X328,320x54x72;300x52.5x74,320x54x72;300x52.5x74 (Narrow),320x54x72;300x52.5x74(N)
Bobcat,X328E,320x54x72;300x52.5x74,320x54x72;300x52.5x74 (Narrow),320x54x72;300x52.5x74(N)
Bobcat,X329,320x52.5x80;300x52.5x80,320x52.5x80;300x52.5x80 (Narrow),320x52.5x80;300x52.5x80(N)
Bobcat,X331,320x54x78;300x52.5x80,320x54x78;300x52.5x80 (Narrow),320x54x78;300x52.5x80(N)
Bobcat,X331E,320x54x78;300x52.5x80,320x54x78;300x52.5x80 (Narrow),320x54x78;300x52.5x80(N)
Bobcat,X334,320x54x78;300x52.5x80,320x54x78;300x52.5x80 (Narrow),320x54x78;300x52.5x80(N)
Bobcat,X334G,300x54x78;300x52.5x80,300x54x78;300x52.5x80 (Narrow),300x54x78;300x52.5x80(N)
Bobcat,X337,400x72.5x74,400x72.5x74,400x72.5x74
Bobcat,X341,400x73x74;400x72.5x74,400x73x74;400x72.5x74,400x73x74;400x72.5x74
Bobcat,X418,180x72x39,180x72x39,180x72x39
Bobcat,X422,450x71x86,450x71x86,450x71x86
Bobcat,X425,320x52.5x80;300x52.5x80,320x52.5x80;300x52.5x80 (Narrow),320x52.5x80;300x52.5x80(N)
Bobcat,X430,300x52.5x92;300x52.5x92,300x52.5x92;300x52.5x92 (Narrow),300x52.5x92;300x52.5x92(N)
Bobcat,X435,400x73x74;400x72.5x74,400x73x74;400x72.5x74,400x73x74;400x72.5x74
Bobcat,X442,450x71x86,450x71x86,450x71x86
Bobcat,X442B,450x71x86,450x71x86,450x71x86
Bobcat,X442ZTS,450x71x86,450x71x86,450x71x86
Bobcat,X444,500x92x78,500x92x78,500x92x78
Bobcat,Y12,230x72x43,230x72x43,230x72x43
Bobcat,ZX125,500x92x78,500x92x78,500x92x78
Bobcat,ZX75,450x71x86,450x71x86,450x71x86
Bonne Esperance,B23RP,250x72x47,250x72x47,250x72x47
Bonne Esperance,BE2050,250x72x52,250x72x52,250x72x52
Bonne Esperance,Minisand,250x72x52,250x72x52,250x72x52
Bormor,200TX,230x72x56,230x72x56,230x72x56
Bormor,400TX,230x72x56,230x72x56,230x72x56
Boxer,118,180x72x36,180x72x36,180x72x36
Boxer,320,180x72x36,180x72x36,180x72x36
Boxer,322D,180x72x36,180x72x36,180x72x36
Boxer,427,230x72x39,230x72x39,230x72x39
Boxer,526DX,230x72x39,230x72x39,230x72x39
Boxer,530DX,230x72x39,230x72x39,230x72x39
Boxer,532DX,230x72x39,230x72x39,230x72x39
Boxer,600HD,180x72x39,180x72x39,180x72x39
Boxer,700HDX,230x72x39,230x72x39,230x72x39
Boxer,Brute TRX,230x72x39,230x72x39,230x72x39
Boxer,TL 224,180x72x34,180x72x34,180x72x34
Brokk,100,180x72x36;200x72x36,180x72x36;200x72x36,180x72x36;200x72x36
Brokk,110,180x72x36,180x72x36,180x72x36
Brokk,120D,180x72x39,180x72x39,180x72x39
Brokk,150,200x72x36;180x72x36,200x72x36;180x72x36,200x72x36;180x72x36
Brokk,160,230x72x42,230x72x42,230x72x42
Brokk,180,230x72x42,230x72x42,230x72x42
Brokk,180 <<2004,230x72x56,230x72x56,230x72x56
Brokk,180 >>2005,230x72x42,230x72x42,230x72x42
Brokk,260,300x55x72;300x52.5x74,300x55x72;300x52.5x74 (Narrow),300x55x72;300x52.5x74(N)
Brokk,280,300x55x72;300x52.5x74,300x55x72;300x52.5x74 (Narrow),300x55x72;300x52.5x74(N)
Brokk,300,300x52.5x78;300x52.5x78,300x52.5x78;300x52.5x78 (Narrow),300x52.5x78;300x52.5x78(N)
Brokk,330,300x55x78;300x25.5x80,300x55x78;300x25.5x80 (Narrow),300x55x78;300x25.5x80(N)
Brokk,40,130x72x29,130x72x29,130x72x29
Brokk,400,300x55x78;300x52.5x80,300x55x78;300x52.5x80 (Narrow),300x55x78;300x52.5x80(N)
Brokk,50,130x72x29,130x72x29,130x72x29
Brokk,60,130x72x29,130x72x29,130x72x29
Brokk,90,180x72x36,180x72x36,180x72x36
Brokk,Aquacutter,250x72x52,250x72x52,250x72x52
Brokk,BM 110,200x72x36;180x72x36,200x72x36;180x72x36,200x72x36;180x72x36
Brokk,BM 150,200x72x36;180x72x36,200x72x36;180x72x36,200x72x36;180x72x36
Brokk,BM 150C,200x72x36;180x72x36,200x72x36;180x72x36,200x72x36;180x72x36
Brokk,BM 150P,200x72x36;180x72x36,200x72x36;180x72x36,200x72x36;180x72x36
Brokk,K330,250x96x41;250x47x84;250x48x82,250x96x41;250x47x84;250x48x82,250x96x41;250x47x84;250x48x82
C & F,T 50,180x72x34,180x72x34,180x72x34
C & F,T 85,180x72x34,180x72x34,180x72x34
CARAVAGGI,Bio235,230x72x43,230x72x43,230x72x43
CASE,15,230x96x31;230x48x62,230x96x31;230x48x62,230x96x31;230x48x62
CASE,15 Maxi (rental),230x96x31;230x48x62,230x96x31;230x48x62,230x96x31;230x48x62
CASE,16,230x96x31;230x48x62,230x96x31;230x48x62,230x96x31;230x48x62
CASE,16 Maxi,230x96x31;230x48x62,230x96x31;230x48x62,230x96x31;230x48x62
CASE,16 RTN,230x96x31;230x48x62,230x96x31;230x48x62,230x96x31;230x48x62
CASE,17 RTN Maxi,230x96x31;230x48x62,230x96x31;230x48x62,230x96x31;230x48x62
CASE,1854C,320x86x52;375x86x52;400x86x52,320x86x52;375x86x52;400x86x52,320x86x52;375x86x52;400x86x52
CASE,23,250x109x35;300x52.5x72,250x109x35;300x52.5x72,250x109x35;300x52.5x72
CASE,23 Maxi,250x109x35;300x52.5x72,250x109x35;300x52.5x72,250x109x35;300x52.5x72
CASE,28,300x109x38;300x52.5x78,300x109x38;300x52.5x78,300x109x38;300x52.5x78
CASE,28 Maxi,300x109x38;300x52.5x78,300x109x38;300x52.5x78,300x109x38;300x52.5x78
CASE,31,300x109x40;300x52.5x82,300x109x40;300x52.5x82,300x109x40;300x52.5x82
CASE,31 Maxi,300x109x40;300x52.5x82,300x109x40;300x52.5x82,300x109x40;300x52.5x82
CASE,35,350x108x42;350x52.5x86,350x108x42;350x52.5x86,350x108x42;350x52.5x86
CASE,35 Maxi,350x108x42;350x52.5x86,350x108x42;350x52.5x86,350x108x42;350x52.5x86
CASE,35 STB,350x108x42;350x52.5x86,350x108x42;350x52.5x86,350x108x42;350x52.5x86
CASE,40XT,320x86x54;375x86x54;400x86x54,320x86x54;375x86x54;400x86x54,320x86x54;375x86x54;400x86x54
CASE,410,320x86x54;375x86x54;400x86x54,320x86x54;375x86x54;400x86x54,320x86x54;375x86x54;400x86x54
CASE,420,320x86x54;375x86x54;400x86x54,320x86x54;375x86x54;400x86x54,320x86x54;375x86x54;400x86x54
CASE,420CT,320x86x50,320x86x50,320x86x50
CASE,430,450x86x56,450x86x56,450x86x56
CASE,435,450x86x58,450x86x58,450x86x58
CASE,440,320x86x54;375x86x54;450x86x56,320x86x54;375x86x54;450x86x56,320x86x54;375x86x54;450x86x56
CASE,440CT,400x86x50,400x86x50,400x86x50
CASE,445,450x86x58,450x86x58,450x86x58
CASE,445CT,400x86x55;450x86x55,400x86x55;450x86x55,400x86x55;450x86x55
CASE,450,450x86x58,450x86x58,450x86x58
CASE,450CT,400x86x55;450x86x55,400x86x55;450x86x55,400x86x55;450x86x55
CASE,465,450x86x60,450x86x60,450x86x60
CASE,50,400x72.5x72;400x72.5x72,400x72.5x72;400x72.5x72 (Narrow),400x72.5x72;400x72.5x72(N)
CASE,50 Maxi,400x72.5x72;400x72.5x72,400x72.5x72;400x72.5x72 (Narrow),400x72.5x72;400x72.5x72(N)
CASE,50 RTB,400x72.5x72;400x72.5x72,400x72.5x72;400x72.5x72 (Narrow),400x72.5x72;400x72.5x72(N)
CASE,6010 Turbo,230x72x56,230x72x56,230x72x56
CASE,6030 Turbo,400x135x39;400x725.5x74,400x135x39;400x725.5x74,400x135x39;400x725.5x74
CASE,6060 Turbo,400x73x74;400x72.5x74,400x73x74;400x72.5x74,400x73x74;400x72.5x74
CASE,60XT,320x86x54;375x86x54;450x86x56,320x86x54;375x86x54;450x86x56,320x86x54;375x86x54;450x86x56
CASE,70XT,320x86x54;375x86x54;450x86x56,320x86x54;375x86x54;450x86x56,320x86x54;375x86x54;450x86x56
CASE,75XT,450x86x58,450x86x58,450x86x58
CASE,85XT,450x86x58,450x86x58,450x86x58
CASE,9007 Alliance,450x73.5x80;450x135x42;450x71x82,450x73.5x80;450x135x42;450x71x82,450x73.5x80;450x135x42;450x71x82
CASE,90XT,450x86x58,450x86x58,450x86x58
CASE,95XT,450x86x60,450x86x60,450x86x60
CASE,CK08,180x72x36,180x72x36,180x72x36
CASE,CK13,200x96x30;230x48x60,200x96x30;230x48x60,200x96x30;230x48x60
CASE,CK15,200x96x30;230x48x60,200x96x30;230x48x60,200x96x30;230x48x60
CASE,CK16,230x96x31;230x48x62,230x96x31;230x48x62,230x96x31;230x48x62
CASE,CK23,260x109x35;300x52.5x72,260x109x35;300x52.5x72 (Narrow),260x109x35;300x52.5x72(N)
CASE,CK25,300x109x35;300x52.5x72,300x109x35;300x52.5x72 (Narrow),300x109x35;300x52.5x72(N)
CASE,CK28,300x109x35;300x52.5x72,300x109x35;300x52.5x72 (Narrow),300x109x35;300x52.5x72(N)
CASE,CK28 (1997),300x109x38;300x52.5x78,300x109x38;300x52.5x78,300x109x38;300x52.5x78
CASE,CK31,300x109x40;300x52.5x82,300x109x40;300x52.5x82,300x109x40;300x52.5x82
CASE,CK32,300x109x39;300x52.5x80,300x109x39;300x52.5x80 (Narrow),300x109x39;300x52.5x80(N)
CASE,CK35,350x108x42;350x52.5x86,350x108x42;350x52.5x86,350x108x42;350x52.5x86
CASE,CK36,300x109x41;300x52.5x84,300x109x41;300x52.5x84,300x109x41;300x52.5x84
CASE,CK38,350x56x84;350x52.5x88,350x56x84;350x52.5x88,350x56x84;350x52.5x88
CASE,CK50,400x73x72;400x72.5x72,400x73x72;400x72.5x72 (Narrow),400x73x72;400x72.5x72(N)
CASE,CK52,400x72.5x72;400x72.5x72,400x72.5x72;400x72.5x72 (Narrow),400x72.5x72;400x72.5x72(N)
CASE,CX 26C,250x52.5x78,250x52.5x78,250x52.5x78
CASE,CX 27B,250x52.5x80;300x52.5x80,250x52.5x80;300x52.5x80 (Narrow),250x52.5x80;300x52.5x80(N)
CASE,CX 27BMC,250x52.5x80;300x52.5x80,250x52.5x80;300x52.5x80 (Narrow),250x52.5x80;300x52.5x80(N)
CASE,CX 27BMR,250x52.5x80;300x52.5x80,250x52.5x80;300x52.5x80 (Narrow),250x52.5x80;300x52.5x80(N)
CASE,CX 27BZTS,250x52.5x80;300x52.5x80,250x52.5x80;300x52.5x80 (Narrow),250x52.5x80;300x52.5x80(N)
CASE,CX 28,300x109x38;300x52.5x78,300x109x38;300x52.5x78,300x109x38;300x52.5x78
CASE,CX 30B,250x52.5x80;300x52.5x80,250x52.5x80;300x52.5x80 (Narrow),250x52.5x80;300x52.5x80(N)
CASE,CX 30C,300x52.5x80;300x52.5x80,300x52.5x80;300x52.5x80 (Narrow),300x52.5x80;300x52.5x80(N)
CASE,CX 31,300x109x40;300x52.5x82,300x109x40;300x52.5x82,300x109x40;300x52.5x82
CASE,CX 31B,300x52.5x82;300x52.5x88,300x52.5x82;300x52.5x88,300x52.5x82;300x52.5x88
CASE,CX 31BMC,300x52.5x82,300x52.5x82,300x52.5x82
CASE,CX 31BMR,300x52.5x82,300x52.5x82,300x52.5x82
CASE,CX 33C,300x52.5x86,300x52.5x86,300x52.5x86
CASE,CX 35,300x52.5x86,300x52.5x86,300x52.5x86
CASE,CX 35B,300x52.5x82,300x52.5x82,300x52.5x82
CASE,CX 36,300x52.5x88,300x52.5x88,300x52.5x88
CASE,CX 36BMC[I guiding],300x52.5x88;300x52.5x88,300x52.5x88;300x52.5x88 (Narrow),300x52.5x88;300x52.5x88(N)
CASE,CX 36BMC[J guiding],300x52.5x88;300x52.5x88,300x52.5x88;300x52.5x88 (Narrow),300x52.5x88;300x52.5x88(N)
CASE,CX 36BMR[I guiding],300x52.5x88;300x52.5x88,300x52.5x88;300x52.5x88 (Narrow),300x52.5x88;300x52.5x88(N)
CASE,CX 36BMR[J guiding],300x52.5x88,300x52.5x88,300x52.5x88
CASE,CX 36BZTS[I guiding],300x52.5x88;300x52.5x88,300x52.5x88;300x52.5x88 (Narrow),300x52.5x88;300x52.5x88(N)
CASE,CX 36BZTS[J guiding],300x52.5x88;300x52x588,300x52.5x88;300x52x588,300x52.5x88;300x52x588
CASE,CX 36B[I guiding],300x52.5x88;300x52.5x88,300x52.5x88;300x52.5x88 (Narrow),300x52.5x88;300x52.5x88(N)
CASE,CX 36B[J guiding],300x52.5x88,300x52.5x88,300x52.5x88
CASE,CX 37C,300x52.5x86,300x52.5x86,300x52.5x86
CASE,CX 39B,300x52.5x88;300x52.5x88,300x52.5x88;300x52.5x88 (Narrow),300x52.5x88;300x52.5x88(N)
CASE,CX 40B,400x74x68;400x72.5x70,400x74x68;400x72.5x70 (Narrow),400x74x68;400x72.5x70(N)
CASE,CX 40BMC,400x74x68;400x72.5x70,400x74x68;400x72.5x70 (Narrow),400x74x68;400x72.5x70(N)
CASE,CX 40BMR,400x74x68;400x72.5x70,400x74x68;400x72.5x70 (Narrow),400x74x68;400x72.5x70(N)
CASE,CX 45B,400x74x68;400x72.5x70,400x74x68;400x72.5x70 (Narrow),400x74x68;400x72.5x70(N)
CASE,CX 47,400x74x72;400x72.5x73,400x74x72;400x72.5x73 (Narrow),400x74x72;400x72.5x73(N)
CASE,CX 50,400x74x72;400x72.5x73,400x74x72;400x72.5x73 (Narrow),400x74x72;400x72.5x73(N)
CASE,CX 50B,400x74x72;400x72.5x73,400x74x72;400x72.5x73 (Narrow),400x74x72;400x72.5x73(N)
CASE,CX 50BMC,400x74x72;400x72.5x73,400x74x72;400x72.5x73 (Narrow),400x74x72;400x72.5x73(N)
CASE,CX 50BMR,400x74x72;400x72.5x73,400x74x72;400x72.5x73 (Narrow),400x74x72;400x72.5x73(N)
CASE,CX 50BZTS,400x74x72;400x72.5x73,400x74x72;400x72.5x73 (Narrow),400x74x72;400x72.5x73(N)
CASE,CX 55B,400x72.5x74,400x72.5x74,400x72.5x74
CASE,CX 57C,400x73x76;400x72.5x76,400x73x76;400x72.5x76,400x73x76;400x72.5x76
CASE,CX 60C,400x73x76;400x72.5x76,400x73x76;400x72.5x76,400x73x76;400x72.5x76
CASE,CX 75SR,450x81x76;450x81x76,450x81x76;450x81x76 (Narrow),450x81x76;450x81x76(N)
CASE,CX 80,450x81x76;450x81x76,450x81x76;450x81x76 (Narrow),450x81x76;450x81x76(N)
CASE,CX 80C,450x81x76;450x81x76,450x81x76;450x81x76 (Narrow),450x81x76;450x81x76(N)
CASE,CX 90D,450x81.5x76;450x81x76,450x81.5x76;450x81x76 (Narrow),450x81.5x76;450x81x76(N)
CASE,CX14,230x48x70,230x48x70,230x48x70
CASE,CX14ZTS,230x48x70,230x48x70,230x48x70
CASE,CX15,230x96x31;230x48x62,230x96x31;230x48x62,230x96x31;230x48x62
CASE,CX15STC,230x48x70,230x48x70,230x48x70
CASE,CX15STR,230x48x70,230x48x70,230x48x70
CASE,CX16(2001),230x96x31;230x48x62,230x96x31;230x48x62,230x96x31;230x48x62
CASE,CX16B,230x48x70,230x48x70,230x48x70
CASE,CX16SVC,230x48x70,230x48x70,230x48x70
CASE,CX16SVR,230x48x70,230x48x70,230x48x70
CASE,CX17BZTS,230x48x70,230x48x70,230x48x70
CASE,CX17C,230x48x70,230x48x70,230x48x70
CASE,CX18B,230x48x70,230x48x70,230x48x70
CASE,CX18C,230x48x70,230x48x70,230x48x70
CASE,CX20 BMR,250x52.5x76;300x52.5x76,250x52.5x76;300x52.5x76 (Narrow),250x52.5x76;300x52.5x76(N)
CASE,CX20B,250x52.5x76;300x52.5x76,250x52.5x76;300x52.5x76 (Narrow),250x52.5x76;300x52.5x76(N)
CASE,CX22 B,250x52.5x76;300x52.5x76,250x52.5x76;300x52.5x76 (Narrow),250x52.5x76;300x52.5x76(N)
CASE,CX22 BMC,250x52.5x76;300x52.5x76,250x52.5x76;300x52.5x76 (Narrow),250x52.5x76;300x52.5x76(N)
CASE,CX22 BZTS,250x52.5x76;300x52.5x76,250x52.5x76;300x52.5x76 (Narrow),250x52.5x76;300x52.5x76(N)
CASE,CX23,250x109x35;300x52.5x72,250x109x35;300x52.5x72 (Narrow),250x109x35;300x52.5x72(N)
CASE,CX25,250x52.5x76;300x52.5x76,250x52.5x76;300x52.5x76 (Narrow),250x52.5x76;300x52.5x76(N)
CASE,CX26 BZTS,250x52.5x76;300x52.5x76,250x52.5x76;300x52.5x76 (Narrow),250x52.5x76;300x52.5x76(N)
CASE,CX26B,250x52.5x76;300x52.5x76,250x52.5x76;300x52.5x76 (Narrow),250x52.5x76;300x52.5x76(N)
CASE,LX 92,230x96x30;230x48x60,230x96x30;230x48x60,230x96x30;230x48x60
CASE,TF 300,230x72x39;250x72x39,230x72x39;250x72x39,230x72x39;250x72x39
CASE,TF 300RT,250x72x39,250x72x39,250x72x39
CASE,TR270,320x86x50,320x86x50,320x86x50
CASE,TR310,400x86x50,400x86x50,400x86x50
CASE,TR320,450x86x55,450x86x55,450x86x55
CASE,TR340,450x86x55,450x86x55,450x86x55
CASE,TV370,450x86x55,450x86x55,450x86x55
CASE,TV370B,450x86x55,450x86x55,450x86x55
CASE,TV380,450x86x55,450x86x55,450x86x55
CASE,TV450B,450x86x55,450x86x55,450x86x55
CASE,TV620B,450x86x53,450x86x53,450x86x53
CAT,216,320x86x52;375x86x52;400x86x52,320x86x52;375x86x52;400x86x52,320x86x52;375x86x52;400x86x52
CAT,226,320x86x52;375x86x52;400x86x52,320x86x52;375x86x52;400x86x52,320x86x52;375x86x52;400x86x52
CAT,228,320x86x52;375x86x52;400x86x52,320x86x52;375x86x52;400x86x52,320x86x52;375x86x52;400x86x52
CAT,232,320x86x54;375x86x54;400x86x54,320x86x54;375x86x54;400x86x54,320x86x54;375x86x54;400x86x54
CAT,236,320x86x56;375x86x56;450x86x56,320x86x56;375x86x56;450x86x56,320x86x56;375x86x56;450x86x56
CAT,239D,320x86x49,320x86x49,320x86x49
CAT,239D3,320x86x49,320x86x49,320x86x49
CAT,242,320x86x54;375x86x54;400x86x54,320x86x54;375x86x54;400x86x54,320x86x54;375x86x54;400x86x54
CAT,246,320x86x56;375x86x56;450x86x56,320x86x56;375x86x56;450x86x56,320x86x56;375x86x56;450x86x56
CAT,246C,450x86x60,450x86x60,450x86x60
CAT,247,381x100x42,381x100x42,381x100x42
CAT,247A,381x100x42,381x100x42,381x100x42
CAT,247B,381x100x42,381x100x42,381x100x42
CAT,247B2,381x100x42,381x100x42,381x100x42
CAT,247B3,381x100x42,381x100x42,381x100x42
CAT,248,320x86x56;375x86x56;450x86x56,320x86x56;375x86x56;450x86x56,320x86x56;375x86x56;450x86x56
CAT,249D,320x86x49;400x86x49,320x86x49;400x86x49,320x86x49;400x86x49
CAT,249D3,320x86x49;400x86x49,320x86x49;400x86x49,320x86x49;400x86x49
CAT,256C,450x86x60,450x86x60,450x86x60
CAT,257,381x100x42,381x100x42,381x100x42
CAT,257A,381x100x42,381x100x42,381x100x42
CAT,257B,381x100x42,381x100x42,381x100x42
CAT,257B2,381x100x42,381x100x42,381x100x42
CAT,257B3,381x100x42,381x100x42,381x100x42
CAT,257D,381x100x42,381x100x42,381x100x42
CAT,257D3,381x100x42,381x100x42,381x100x42
CAT,259,320x86x53,320x86x53,320x86x53
CAT,259B,320x86x53,320x86x53,320x86x53
CAT,259B3,320x86x53,320x86x53,320x86x53
CAT,259C,320x86x53,320x86x53,320x86x53
CAT,259D,320x86x53,320x86x53,320x86x53
CAT,259D3,320x86x53,320x86x53,320x86x53
CAT,262C,450x86x60,450x86x60,450x86x60
CAT,267,457x100.6x56,457x100.6x56,457x100.6x56
CAT,267A,457x100.6x56,457x100.6x56,457x100.6x56
CAT,267B,457x100.6x56,457x100.6x56,457x100.6x56
CAT,267B2,15x4x56,15x4x56,15x4x56
CAT,269C,450x86x60;15x4x56;40x86x60,450x86x60;15x4x56;40x86x60,450x86x60;15x4x56;40x86x60
CAT,269D,15x4x56,15x4x56,15x4x56
CAT,269D3,15x4x56,15x4x56,15x4x56
CAT,272C,450x86x63,450x86x63,450x86x63
CAT,277,457x100.6x56,457x100.6x56,457x100.6x56
CAT,277A,457x100.6x56,457x100.6x56,457x100.6x56
CAT,277B,457x100.6x56,457x100.6x56,457x100.6x56
CAT,277C,457x100.6x51,457x100.6x51,457x100.6x51
CAT,277C2,457x100.6x51,457x100.6x51,457x100.6x51
CAT,277D,457x100.6x51,457x100.6x51,457x100.6x51
CAT,279C,400x86x56;450x86x60,400x86x56;450x86x60,400x86x56;450x86x60
CAT,279C2,400x86x56;450x86x60,400x86x56;450x86x60,400x86x56;450x86x60
CAT,279D,400x86x56;450x86x60,400x86x56;450x86x60,400x86x56;450x86x60
CAT,279D2,400x86x56;450x86x60,400x86x56;450x86x60,400x86x56;450x86x60
CAT,279D3,400x86x56;450x86x60,400x86x56;450x86x60,400x86x56;450x86x60
CAT,287,457x100x51,457x100x51,457x100x51
CAT,287A,457x100x51,457x100x51,457x100x51
CAT,287B,457x100x51,457x100x51,457x100x51
CAT,287C,457x100x51,457x100x51,457x100x51
CAT,287C2,18x4x56,18x4x56,18x4x56
CAT,287D,457x100x51,457x100x51,457x100x51
CAT,289C,400x86x56;450x86x60,400x86x56;450x86x60,400x86x56;450x86x60
CAT,289C2,400x86x56;450x86x60,400x86x56;450x86x60,400x86x56;450x86x60
CAT,289D,400x86x56;450x86x60,400x86x56;450x86x60,400x86x56;450x86x60
CAT,289D2,400x86x56;450x86x60,400x86x56;450x86x60,400x86x56;450x86x60
CAT,289D3,400x86x56;450x86x60,400x86x56;450x86x60,400x86x56;450x86x60
CAT,297C,457x100x51,457x100x51,457x100x51
CAT,297D,457x100x51,457x100x51,457x100x51
CAT,297D2,457x100x51,457x100x51,457x100x51
CAT,297D2 XHP,457x100x51,457x100x51,457x100x51
CAT,297D2XHP,18x4x56,18x4x56,18x4x56
CAT,299C,450x86x60;400x86x60,450x86x60;400x86x60,450x86x60;400x86x60
CAT,299C2,450x86x60;400x86x60,450x86x60;400x86x60,450x86x60;400x86x60
CAT,299D,450x86x60;400x86x60,450x86x60;400x86x60,450x86x60;400x86x60
CAT,299D XHP,400x86x60;450x86x60,400x86x60;450x86x60,400x86x60;450x86x60
CAT,299D2,450x86x60;400x86x60,450x86x60;400x86x60,450x86x60;400x86x60
CAT,299D2 XHP,400x86x60;450x86x60,400x86x60;450x86x60,400x86x60;450x86x60
CAT,299D2XHP,18x4x51,18x4x51,18x4x51
CAT,299D3,450x86x60;400x86x60,450x86x60;400x86x60,450x86x60;400x86x60
CAT,299D3XE,450x86x60;400x86x60,450x86x60;400x86x60,450x86x60;400x86x60
CAT,300.9D,180x72x37,180x72x37,180x72x37
CAT,301.4C,230x96x33;230x48x66,230x96x33;230x48x66,230x96x33;230x48x66
CAT,301.5,230x48x62,230x48x62,230x48x62
CAT,301.5CR,230x48x70,230x48x70,230x48x70
CAT,301.6,230x48x66;230x96x33,230x48x66;230x96x33,230x48x66;230x96x33
CAT,301.6C,230x48x70,230x48x70,230x48x70
CAT,301.7CR,230x48x70,230x48x70,230x48x70
CAT,301.7D,230x96x36;230x48x72,230x96x36;230x48x72,230x96x36;230x48x72
CAT,301.7DCR,230x96x36;230x48x72,230x96x36;230x48x72,230x96x36;230x48x72
CAT,301.8,230x48x66;230x96x33,230x48x66;230x96x33,230x48x66;230x96x33
CAT,301.8C,230x48x70,230x48x70,230x48x70
CAT,301.8CR,230x48x70,230x48x70,230x48x70
CAT,302.2D,250x96x38;250x48x76,250x96x38;250x48x76,250x96x38;250x48x76
CAT,302.5,300x52.5x78,300x52.5x78,300x52.5x78
CAT,302.5C,300x55x74;300x52.5x78,300x55x74;300x52.5x78,300x55x74;300x52.5x78
CAT,302.7DCR,300x52.5x82,300x52.5x82,300x52.5x82
CAT,302CR,250x48x82;250x47x84,250x48x82;250x47x84,250x48x82;250x47x84
CAT,303.5,300x52.5x84,300x52.5x84,300x52.5x84
CAT,303.5CCR,300x52.5x90,300x52.5x90,300x52.5x90
CAT,303.5DCR,300x52.5x90,300x52.5x90,300x52.5x90
CAT,303.5E2CR,300x52.5x90,300x52.5x90,300x52.5x90
CAT,303.5ECR,300x52.5x90,300x52.5x90,300x52.5x90
CAT,303CCR,300x52.5x90,300x52.5x90,300x52.5x90
CAT,303CR,300x52.5x84,300x52.5x84,300x52.5x84
CAT,303CR 2007,300x52.5x90,300x52.5x90,300x52.5x90
CAT,303ECR,300x52.5x84,300x52.5x84,300x52.5x84
CAT,304.5,400x73x72;400x72.5x72,400x73x72;400x72.5x72,400x73x72;400x72.5x72
CAT,304.5E2XTC,350x52.5x90,350x52.5x90,350x52.5x90
CAT,304C,400x72.5x72,400x72.5x72,400x72.5x72
CAT,304CCR,400x72.5x76,400x72.5x76,400x72.5x76
CAT,304CR,400x73x72;400x72.5x72,400x73x72;400x72.5x72,400x73x72;400x72.5x72
CAT,304DCR,350x52.5x90,350x52.5x90,350x52.5x90
CAT,304E2CR,350x52.5x90,350x52.5x90,350x52.5x90
CAT,304ECR,350x52.5x90,350x52.5x90,350x52.5x90
CAT,305.5DCR,400x72.5x76,400x72.5x76,400x72.5x76
CAT,305.5E2CR,400x72.5x76,400x72.5x76,400x72.5x76
CAT,305.5ECR,400x72.5x76,400x72.5x76,400x72.5x76
CAT,305CCR,400x72.5x76,400x72.5x76,400x72.5x76
CAT,306CR,400x72.5x76,400x72.5x76,400x72.5x76
CAT,307,450x71x82,450x71x82,450x71x82
CAT,307A (Japan E70B),450x71x82,450x71x82,450x71x82
CAT,307B,450x71x82,450x71x82,450x71x82
CAT,307C,450x71x82,450x71x82,450x71x82
CAT,307CAC,450x71x82,450x71x82,450x71x82
CAT,307CCC,450x71x82,450x71x82,450x71x82
CAT,307CSB,450x71x82,450x71x82,450x71x82
CAT,307HD,450x71x84,450x71x84,450x71x84
CAT,307SSR,450x71x82,450x71x82,450x71x82
CAT,308,450x71x86,450x71x86,450x71x86
CAT,308BSR,450x71x86,450x71x86,450x71x86
CAT,308CCR,450x81x78;450x81x78,450x81x78;450x81x78 (Narrow),450x81x78;450x81x78(N)
CAT,308CSR,450x81x78;450x81x78,450x81x78;450x81x78 (Narrow),450x81x78;450x81x78(N)
CAT,308DCRSB,450x81x78;450x81x78,450x81x78;450x81x78 (Narrow),450x81x78;450x81x78(N)
CAT,308E2CR,450x81x78;450x81x78,450x81x78;450x81x78 (Narrow),450x81x78;450x81x78(N)
CAT,308ECRSB,450x81x78;450x81x78,450x81x78;450x81x78 (Narrow),450x81x78;450x81x78(N)
CAT,311B,500x92x78,500x92x78,500x92x78
CAT,311BSR,500x92x78,500x92x78,500x92x78
CAT,311C Utility,500x92x78,500x92x78,500x92x78
CAT,E110B,500x92x78,500x92x78,500x92x78
CAT,E70,450x71x82,450x71x82,450x71x82
CAT,E70B,450x71x82,450x71x82,450x71x82
CAT,ME08,180x72x36,180x72x36,180x72x36
CAT,ME08B,180x72x36,180x72x36,180x72x36
CAT,ME15,230x96x33;230x48x66,230x96x33;230x48x66,230x96x33;230x48x66
CAT,ME20,300x109x36;300x52.5x74,300x109x36;300x52.5x74 (Narrow),300x109x36;300x52.5x74(N)
CAT,ME25,300x109x36;300x52.5x74,300x109x36;300x52.5x74 (Narrow),300x109x36;300x52.5x74(N)
CAT,ME30,300x52.5x80;300x52.5x80,300x52.5x80;300x52.5x80 (Narrow),300x52.5x80;300x52.5x80(N)
CAT,ME30B,300x52.5x80;300x52.5x80,300x52.5x80;300x52.5x80 (Narrow),300x52.5x80;300x52.5x80(N)
CAT,ME30T,300x52.5x80;300x52.5x80,300x52.5x80;300x52.5x80 (Narrow),300x52.5x80;300x52.5x80(N)
CAT,ME35,300x52.5x80;300x52.5x80,300x52.5x80;300x52.5x80 (Narrow),300x52.5x80;300x52.5x80(N)
CAT,ME40,400x146x35;400x72.5x70,400x146x35;400x72.5x70 (Narrow),400x146x35;400x72.5x70(N)
CAT,ME40R,400x146x35;400x72.5x70,400x146x35;400x72.5x70 (Narrow),400x146x35;400x72.5x70(N)
CAT,ME45,400x146x35;400x72.5x70,400x146x35;400x72.5x70 (Narrow),400x146x35;400x72.5x70(N)
CAT,MH15,230x96x33;230x48x66,230x96x33;230x48x66,230x96x33;230x48x66
CAT,MM08B,180x72x36,180x72x36,180x72x36
CAT,MM15,230x96x33;230x48x66;230x96x31;230x48x62,230x96x33;230x48x66;230x96x31;230x48x62,230x96x33;230x48x66;230x96x31;230x48x62
CAT,MM15-7,230x96x31;230x48x62,230x96x31;230x48x62,230x96x31;230x48x62
CAT,MM15T,230x96x31;230x48x62,230x96x31;230x48x62,230x96x31;230x48x62
CAT,MM20,260x52.5x74;300x52.5x74,260x52.5x74;300x52.5x74,260x52.5x74;300x52.5x74
CAT,MM20CR (Corner Rad),260x52.5x74;300x52.5x74,260x52.5x74;300x52.5x74,260x52.5x74;300x52.5x74
CAT,MM20SR (short Rad),260x52.5x74;300x52.5x74,260x52.5x74;300x52.5x74,260x52.5x74;300x52.5x74
CAT,MM20T,260x52.5x74;300x52.5x74,260x52.5x74;300x52.5x74,260x52.5x74;300x52.5x74
CAT,MM25,300x52.5x76;300x52.5x72,300x52.5x76;300x52.5x72,300x52.5x76;300x52.5x72
CAT,MM25T,300x52.5x78,300x52.5x78,300x52.5x78
CAT,MM30,300x52.5x80,300x52.5x80,300x52.5x80
CAT,MM30B,300x52.5x80,300x52.5x80,300x52.5x80
CAT,MM30CR,300x52.5x80,300x52.5x80,300x52.5x80
CAT,MM30CR-2 (corner rad),300x52.5x80,300x52.5x80,300x52.5x80
CAT,MM30SR (short rad),300x52.5x80,300x52.5x80,300x52.5x80
CAT,MM30T,300x52.5x80,300x52.5x80,300x52.5x80
CAT,MM35,300x52.5x84,300x52.5x84,300x52.5x84
CAT,MM35B,300x52.5x84,300x52.5x84,300x52.5x84
CAT,MM35T,300x52.5x84,300x52.5x84,300x52.5x84
CAT,MM40B,400x73x72;400x72.5x72,400x73x72;400x72.5x72,400x73x72;400x72.5x72
CAT,MM40CR,400x73x72;400x72.5x72,400x73x72;400x72.5x72,400x73x72;400x72.5x72
CAT,MM40CR-2 (corner rad),400x73x72;400x72.5x72,400x73x72;400x72.5x72,400x73x72;400x72.5x72
CAT,MM40SR (short rad),400x73x72;400x72.5x72,400x73x72;400x72.5x72,400x73x72;400x72.5x72
CAT,MM40SR-2 (short rad),400x73x72;400x72.5x72,400x73x72;400x72.5x72,400x73x72;400x72.5x72
CAT,MM40T,400x146x36;400x72.5x72,400x146x36;400x72.5x72,400x146x36;400x72.5x72
CAT,MM45,400x146x36;400x72.5x72,400x146x36;400x72.5x72,400x146x36;400x72.5x72
CAT,MM45B,400x146x36;400x72.5x72,400x146x36;400x72.5x72,400x146x36;400x72.5x72
CAT,MM45T,400x146x36;400x72.5x72,400x146x36;400x72.5x72,400x146x36;400x72.5x72
CAT,MM55SR,400x73x72;400x72.5x72,400x73x72;400x72.5x72,400x73x72;400x72.5x72
CAT,MM57SR (short rad),400x73x72;400x72.5x72,400x73x72;400x72.5x72,400x73x72;400x72.5x72
CAT,MMCR,260x52.5x74;300x52.5x74,260x52.5x74;300x52.5x74,260x52.5x74;300x52.5x74
CAT,MS010,250x72x45,250x72x45,250x72x45
CAT,MX35,300x109x39;300x52.5x80;300x52.5x84,300x109x39;300x52.5x80 (Narrow);300x52.5x84 (Wide),300x109x39;300x52.5x80(N);300x52.5x84(W)
CAT,MX45,400x73x70;400x72.5x70,400x73x70;400x72.5x70 (Narrow),400x73x70;400x72.5x70(N)
CEASER,ES150-3,230x48x66;230x96x33,230x48x66;230x96x33,230x48x66;230x96x33
CEASER,ES180-3,230x48x66;230x96x33,230x48x66;230x96x33,230x48x66;230x96x33
CEASER,ES300,300x52.5x74;300x52.5x74,300x52.5x74;300x52.5x74 (Narrow),300x52.5x74;300x52.5x74(N)
CEASER,ES400,300x55x82;300x52.5x84,300x55x82;300x52.5x84 (Narrow),300x55x82;300x52.5x84(N)
CEASER,ES400ZT,300x52.5x84;300x52.5x84,300x52.5x84;300x52.5x84 (Narrow),300x52.5x84;300x52.5x84(N)
CEASER,ES500,400x72.5x72,400x72.5x72,400x72.5x72
CEASER,ES800,450x71x86,450x71x86,450x71x86
CEASER,ES800TR,450x71x86,450x71x86,450x71x86
CELA,Spider 120,190x72x37;180x72x37,190x72x37;180x72x37,190x72x37;180x72x37
CELA,Spider 260,250x72x57,250x72x57,250x72x57
CELA,Spider 560,320x100x52,320x100x52,320x100x52
CELA,TELJ28,230x72x43,230x72x43,230x72x43
CFC,BabyTapiro,180x60x30,180x60x30,180x60x30
CFC,MaxiSpeed,250x72x45,250x72x45,250x72x45
CFC,Speed 1800,250x72x45,250x72x45,250x72x45
CFC,SpeedTapiro Old,200x72x40,200x72x40,200x72x40
CFC,SpeedTaripo Carro Standard,180x72x34,180x72x34,180x72x34
CFC,SpeedTaripo Carro Standard 2,180x72x40,180x72x40,180x72x40
CFC,SpeedTaripo NuovoCarro2013,230x72x43,230x72x43,230x72x43
CMC,S15,180x72x37,180x72x37,180x72x37
CMC,S19,180x72x43;250x72x42,180x72x43;250x72x42,180x72x43;250x72x42
CMC,S24,250x72x2;250x72x52,250x72x2;250x72x52,250x72x2;250x72x52
CME,M12,230x72x43,230x72x43,230x72x43
CME,M15,230x72x43,230x72x43,230x72x43
Cameca,Baby,200x72x37;180x72x37,200x72x37;180x72x37,200x72x37;180x72x37
Camisa,280,180x60x35,180x60x35,180x60x35
Camisa,380,180x60x35,180x60x35,180x60x35
Camisa,480H,180x60x38,180x60x38,180x60x38
Camisa,580,180x72x34,180x72x34,180x72x34
Camisa,680,200x72x40,200x72x40,200x72x40
Camisa,TR635,230x72x47,230x72x47,230x72x47
Cams Libra,214,300x55x72;300x52.5x74,300x55x72;300x52.5x74 (Narrow),300x55x72;300x52.5x74(N)
Cams Libra,216S,230x72x45,230x72x45,230x72x45
Cams Libra,218SV,230x48x70,230x48x70,230x48x70
Cams Libra,219RSV,230x72x45;230x96x35;230x48x70,230x72x45;230x96x35;230x48x70,230x72x45;230x96x35;230x48x70
Cams Libra,224S,300x52.5x74;300x52.5x74,300x52.5x74;300x52.5x74 (Narrow),300x52.5x74;300x52.5x74(N)
Cams Libra,229S,300x55x78;300x52.5x80,300x55x78;300x52.5x80 (Narrow),300x55x78;300x52.5x80(N)
Cams Libra,234S,300x55x78;300x52.5x80,300x55x78;300x52.5x80 (Narrow),300x55x78;300x52.5x80(N)
Cams Libra,254ST,400x72.5x72,400x72.5x72,400x72.5x72
Cams Libra,865,320x86x48,320x86x48,320x86x48
Cams Libra,CZ25,300x52.5x80;300x52.5x80,300x52.5x80;300x52.5x80 (Narrow),300x52.5x80;300x52.5x80(N)
Cams Libra,CZ30,300x52.5x80;300x52.5x80,300x52.5x80;300x52.5x80 (Narrow),300x52.5x80;300x52.5x80(N)
Cams Libra,CZ37,300x52.5x80;300x52.5x80,300x52.5x80;300x52.5x80 (Narrow),300x52.5x80;300x52.5x80(N)
Cams Libra,CZ50,400x72.5x72,400x72.5x72,400x72.5x72
Cams Libra,CZ54,400x72.5x72,400x72.5x72,400x72.5x72
Cams Libra,CZ55,400x72.5x76,400x72.5x76,400x72.5x76
Cams Libra,T865,320x86x48,320x86x48,320x86x48
Cams Libra,T985,450x86x52,450x86x52,450x86x52
Carlton,SP5014TRX,180x72x36,180x72x36,180x72x36
Carlton,SP7015TRX,230x96x42,230x96x42,230x96x42
Carlton,SP8018TRX<2009,230x72x56,230x72x56,230x72x56
Carmix,K413,230x72x43,230x72x43,230x72x43
Carmix,K414,230x72x43,230x72x43,230x72x43
Carmix,K415,230x72x43,230x72x43,230x72x43
Carrier,1200,200x72x42,200x72x42,200x72x42
Carrier,1700X,200x72x42,200x72x42,200x72x42
Casorzo,MTR450,180x72x32,180x72x32,180x72x32
Casorzo,MTR600,180x72x34,180x72x34,180x72x34
Celli,ECOSTAR-SC600,320x100x43,320x100x43,320x100x43
Chieftan,10,230x72x43,230x72x43,230x72x43
Chieftan,10F,230x72x43,230x72x43,230x72x43
Chieftan,10G,230x72x43,230x72x43,230x72x43
Chieftan,10S,230x72x43,230x72x43,230x72x43
Chieftan,12,230x72x43,230x72x43,230x72x43
Chieftan,12G,230x72x43,230x72x43,230x72x43
Chieftan,IS7FX,180x72x37,180x72x37,180x72x37
Chikusui/Canycom,BFG1005(Mini Transporter),230x72x47;250x72x52,230x72x47;250x72x52,230x72x47;250x72x52
Chikusui/Canycom,BFG1301,280x72x48;250x72x48,280x72x48;250x72x48,280x72x48;250x72x48
Chikusui/Canycom,BFG1301 (Mini Transporter),280x72x48;250x72x48,280x72x48;250x72x48,280x72x48;250x72x48
Chikusui/Canycom,BFG1302 (Mini Transporter),280x72x48;250x72x48,280x72x48;250x72x48,280x72x48;250x72x48
Chikusui/Canycom,BFG1303 (Mini Transporter),280x72x48;250x72x48,280x72x48;250x72x48,280x72x48;250x72x48
Chikusui/Canycom,BFK703 (Mini Transporter),180x72x34,180x72x34,180x72x34
Chikusui/Canycom,BFK709 (Mini Transporter),180x72x34;200x72x34,180x72x34;200x72x34,180x72x34;200x72x34
Chikusui/Canycom,BFK808 (Mini Transporter),230x72x42,230x72x42,230x72x42
Chikusui/Canycom,BFP402,180x60x34,180x60x34,180x60x34
Chikusui/Canycom,BFP402 (Mini Transporter),180x60x34,180x60x34,180x60x34
Chikusui/Canycom,BFP405,180x60x34,180x60x34,180x60x34
Chikusui/Canycom,BFP405 (Mini Transporter),180x72x31,180x72x31,180x72x31
Chikusui/Canycom,BFP501,180x60x37,180x60x37,180x60x37
Chikusui/Canycom,BFP602,180x60x37,180x60x37,180x60x37
Chikusui/Canycom,BFP602 (Mini Transporter),180x60x37,180x60x37,180x60x37
Chikusui/Canycom,BFP703 (Mini Transporter),180x72x34,180x72x34,180x72x34
Chikusui/Canycom,BFS901G (Mini Transporter),200x72x42,200x72x42,200x72x42
Chikusui/Canycom,BFS901Q (Mini Transporter),200x72x42,200x72x42,200x72x42
Chikusui/Canycom,BFX703(Mini Transporter),180x72x34,180x72x34,180x72x34
Chikusui/Canycom,BFY901 (Mini Transporter),230x72x42,230x72x42,230x72x42
Chikusui/Canycom,CC1000 (Mini Transporter),230x72x48,230x72x48,230x72x48
Chikusui/Canycom,CC1300 (Mini Transporter),280x72x48;250x72x48,280x72x48;250x72x48,280x72x48;250x72x48
Chikusui/Canycom,CC1500 (Mini Transporter),280x72x48;250x72x48,280x72x48;250x72x48,280x72x48;250x72x48
Chikusui/Canycom,CC300 (Mini Transporter),230x72x43,230x72x43,230x72x43
Chikusui/Canycom,CC316 (Mini Transporter),180x72x31,180x72x31,180x72x31
Chikusui/Canycom,CC350 (Mini Transporter),180x60x34,180x60x34,180x60x34
Chikusui/Canycom,CC450 (Mini Transporter),180x60x37,180x60x37,180x60x37
Chikusui/Canycom,CC500 (Mini Transporter),180x72x34,180x72x34,180x72x34
Chikusui/Canycom,CC600 (Mini Transporter),180x72x34,180x72x34,180x72x34
Chikusui/Canycom,CC700 (Mini Transporter),200x72x42,200x72x42,200x72x42
Chikusui/Canycom,CC800 (Mini Transporter),230x72x42;250x72x43,230x72x42;250x72x43,230x72x42;250x72x43
Chikusui/Canycom,D50,200x72x34;180x72x34,200x72x34;180x72x34,200x72x34;180x72x34
Chikusui/Canycom,DF 407,180x72x31,180x72x31,180x72x31
Chikusui/Canycom,GC 403 (Mini Transporter),180x72x34;230x72x43,180x72x34;230x72x43,180x72x34;230x72x43
Chikusui/Canycom,GC 41 (Mini Transporter),200x72x39,200x72x39,200x72x39
Chikusui/Canycom,GC 42 (Mini Transporter),200x72x39,200x72x39,200x72x39
Chikusui/Canycom,GC 50 (Mini Transporter),200x72x43,200x72x43,200x72x43
Chikusui/Canycom,GC 640 (Mini Transporter),250x72x44;250x72x55,250x72x44;250x72x55,250x72x44;250x72x55
Chikusui/Canycom,GG 403(Mini Transporter),180x72x34,180x72x34,180x72x34
Chikusui/Canycom,HUKI 130 (Mini Transporter),280x72x48;250x72x48,280x72x48;250x72x48,280x72x48;250x72x48
Chikusui/Canycom,HUKI 150 (Mini Transporter),200x72x43,200x72x43,200x72x43
Chikusui/Canycom,S100,250x72x48,250x72x48,250x72x48
Chikusui/Canycom,SC75,200x72x42,200x72x42,200x72x42
Collina,320L Tractor,180x60x30,180x60x30,180x60x30
Collina,Junior 200,180x60x30,180x60x30,180x60x30
Collina,S100,180x60x30,180x60x30,180x60x30
Collina,SC,180x60x30,180x60x30,180x60x30
Collina,Sardegna,180x60x30,180x60x30,180x60x30
Coltrax,CX60,400x72.5x76,400x72.5x76,400x72.5x76
Coltrax,CX85S,450x76x82,450x76x82,450x76x82
Coltrax,MXC550,450x86x56,450x86x56,450x86x56
Comacchio,GEO205 (Drilling Machine),230x72x43,230x72x43,230x72x43
Comacchio,GEO305 (Drilling Machine),300x55x77;300x52.5x80,300x55x77;300x52.5x80,300x55x77;300x52.5x80
Comeca,Bamby8,180x72x36,180x72x36,180x72x36
Comet,MT 13 (Mini Transporter),180x72x37,180x72x37,180x72x37
Comet,MT 13AB (Mini Transporter),190x72x37,190x72x37,190x72x37
Comet,MT 13BB (Mini Transporter),230x72x47,230x72x47,230x72x47
Commander,C4200,230x72x43,230x72x43,230x72x43
Commander,H15,230x72x43,230x72x43,230x72x43
Comoter,C15,230x72x42,230x72x42,230x72x42
Comoter,C18,230x72x42,230x72x42,230x72x42
Compair Holman,MTRAX,200x72x40,200x72x40,200x72x40
Conjet,ROBOT322,230x72x43,230x72x43,230x72x43
Cormidi,10.65 (Mini Transporter),180x72x34,180x72x34,180x72x34
Cormidi,10.65 auto (Mini Transporter),180x72x34,180x72x34,180x72x34
Cormidi,13.80 (Mini Transporter),180x72x34,180x72x34,180x72x34
Cormidi,13.80 auto (Mini Transporter),180x72x34,180x72x34,180x72x34
Cormidi,14.100 (Mini Transporter),190x72x37;180x72x37,190x72x37;180x72x37,190x72x37;180x72x37
Cormidi,14.65 (Mini Transporter),180x72x39,180x72x39,180x72x39
Cormidi,14.90 (Mini Transporter),190x72x37;180x72x39,190x72x37;180x72x39,190x72x37;180x72x39
Cormidi,18.100 (Mini Transporter),190x72x37;180x72x39,190x72x37;180x72x39,190x72x37;180x72x39
Cormidi,18.100 Dtae (Mini Transporter),190x72x37;190x72x39,190x72x37;190x72x39,190x72x37;190x72x39
Cormidi,20.150 (Mini Transporter),230x72x48,230x72x48,230x72x48
Cormidi,23.150 Auto (Mini Transporter),250x72x48,250x72x48,250x72x48
Cormidi,23.150 Dtae (Mini Transporter),250x72x48,250x72x48,250x72x48
Cormidi,23.150 Dum (Mini Transporter),250x72x48,250x72x48,250x72x48
Cormidi,23.150 Ext (Mini Transporter),250x72x48,250x72x48,250x72x48
Cormidi,34.200 Auto (Mini Transporter),320x52.5x82;300x52.5x82,320x52.5x82;300x52.5x82 (Narrow),320x52.5x82;300x52.5x82(N)
Cormidi,34.200 Dum (Mini Transporter),320x52.5x82;300x52.5x82,320x52.5x82;300x52.5x82 (Narrow),320x52.5x82;300x52.5x82(N)
Cormidi,5.65 (Mini Transporter),180x72x34,180x72x34,180x72x34
Cormidi,50 (Mini Transporter),180x60x37,180x60x37,180x60x37
Cormidi,56 (Mini Transporter),180x72x34,180x72x34,180x72x34
Cormidi,6.50 RI (Mini Transporter),170x60x37;180x60x37,170x60x37;180x60x37,170x60x37;180x60x37
Cormidi,6.65 (Mini Transporter),180x72x34,180x72x34,180x72x34
Cormidi,65 (Mini Transporter),180x72x34,180x72x34,180x72x34
Cormidi,9.65 (Mini Transporter),180x72x34,180x72x34,180x72x34
Cormidi,9.65 Auto (Mini Transporter),180x72x34,180x72x34,180x72x34
Cormidi,9.65 R (Mini Transporter),180x72x37,180x72x37,180x72x37
Cormidi,C10-80 ACW,180x72x34,180x72x34,180x72x34
Cormidi,C100,200x72x39,200x72x39,200x72x39
Cormidi,C145,320x86x48,320x86x48,320x86x48
Cormidi,C1500,230x72x54,230x72x54,230x72x54
Cormidi,C20.150 (Mini Transporter),230x72x48,230x72x48,230x72x48
Cormidi,C85,180x72x36,180x72x36,180x72x36
DLGZ,DL15-9,230x72x43,230x72x43,230x72x43
Daewoo,450 Plus,320x86x54;375x86x54;400x86x54,320x86x54;375x86x54;400x86x54,320x86x54;375x86x54;400x86x54
Daewoo,460 Plus,320x86x54;375x86x54;400x86x54,320x86x54;375x86x54;400x86x54,320x86x54;375x86x54;400x86x54
Daewoo,AH30,300x109x39;300x52.5x80,300x109x39;300x52.5x80 (Narrow),300x109x39;300x52.5x80(N)
Daewoo,DH30,300x52.5x76;300x52.5x76,300x52.5x76;300x52.5x76 (Narrow),300x52.5x76;300x52.5x76(N)
Daewoo,DH35,300x52.5x84;300x52.5x84,300x52.5x84;300x52.5x84 (Narrow),300x52.5x84;300x52.5x84(N)
Daewoo,DH50,400x73x74;400x72.5x74,400x73x74;400x72.5x74,400x73x74;400x72.5x74
Daewoo,SL035,300x52.5x84;300x52.5x84,300x52.5x84;300x52.5x84 (Narrow),300x52.5x84;300x52.5x84(N)
Daewoo,Solar007,180x72x37,180x72x37,180x72x37
Daewoo,Solar010,180x72x37,180x72x37,180x72x37
Daewoo,Solar015,230x96x33;230x48x66,230x96x33;230x48x66,230x96x33;230x48x66
Daewoo,Solar015Plus,230x96x35;230x48x70,230x96x35;230x48x70,230x96x35;230x48x70
Daewoo,Solar018,230x96x35;230x48x70,230x96x35;230x48x70,230x96x35;230x48x70
Daewoo,Solar018VT,230x96x35;230x48x70,230x96x35;230x48x70,230x96x35;230x48x70
Daewoo,Solar030,300x52.5x76;300x52.5x76,300x52.5x76;300x52.5x76 (Narrow),300x52.5x76;300x52.5x76(N)
Daewoo,Solar030Plus,300x52.5x76;300x52.5x76,300x52.5x76;300x52.5x76 (Narrow),300x52.5x76;300x52.5x76(N)
Daewoo,Solar035,300x52.52x84;300x52.5x84,300x52.52x84;300x52.5x84 (Narrow),300x52.52x84;300x52.5x84(N)
Daewoo,Solar035Plus,300x52.52x84;300x52.5x84,300x52.52x84;300x52.5x84 (Narrow),300x52.52x84;300x52.5x84(N)
Daewoo,Solar10,180x72x37,180x72x37,180x72x37
Daewoo,Solar15,230x96x33;230x48x66,230x96x33;230x48x66,230x96x33;230x48x66
Daewoo,Solar25,300x109x36;300x52.5x74,300x109x36;300x52.5x74 (Narrow),300x109x36;300x52.5x74(N)
Daewoo,Solar30,300x52.5x76;300x52.5x76,300x52.5x76;300x52.5x76 (Narrow),300x52.5x76;300x52.5x76(N)
Daewoo,Solar35,300x109x39;300x52.5x80,300x109x39;300x52.5x80 (Narrow),300x109x39;300x52.5x80(N)
Daewoo,Solar55,400x73x74;400x72.5x74,400x73x74;400x72.5x74,400x73x74;400x72.5x74
Daewoo,Solar55-3,400x73x76;400x72.5x76,400x73x76;400x72.5x76,400x73x76;400x72.5x76
Daewoo,Solar55-5,400x72.5x74,400x72.5x74,400x72.5x74
Daewoo,Solar55-V,400x73x74;400x72.5x74,400x73x74;400x72.5x74,400x73x74;400x72.5x74
Daewoo,Solar55-VPlus,400x72.5x74,400x72.5x74,400x72.5x74
Daewoo,Solar55Exv,400x72.5x72,400x72.5x72,400x72.5x72
Daewoo,Solar70-III,450x81x74,450x81x74,450x81x74
Daewoo,Solar75V,450x81x74,450x81x74,450x81x74
Dimex,DBM0511,300x109x41;300x52.5x84,300x109x41;300x52.5x84 (Narrow),300x109x41;300x52.5x84(N)
Dino,185XTC,250x72x57,250x72x57,250x72x57
Ditch-Witch,AT 40,400x72.5x74,400x72.5x74,400x72.5x74
Ditch-Witch,HT 25,230x72x39,230x72x39,230x72x39
Ditch-Witch,HT 25K,230x72x39,230x72x39,230x72x39
Ditch-Witch,HT 25K (2000 Model),230x72x39,230x72x39,230x72x39
Ditch-Witch,HT 25K (2001 Model),230x72x39,230x72x39,230x72x39
Ditch-Witch,JT 10,230x72x56,230x72x56,230x72x56
Ditch-Witch,JT 1200,230x72x39,230x72x39,230x72x39
Ditch-Witch,JT 2320,300x52.5x92,300x52.5x92 (Narrow),300x52.5x92(N)
Ditch-Witch,JT 2321,300x109x44;300x52.5x92,300x109x44;300x52.5x92 (Narrow),300x109x44;300x52.5x92(N)
Ditch-Witch,JT 25,300x52.5x98,300x52.5x98 (Narrow),300x52.5x98(N)
Ditch-Witch,JT 2511,230x72x39,230x72x39,230x72x39
Ditch-Witch,JT 2520,320x52.5x92,320x52.5x92 (Narrow),320x52.5x92(N)
Ditch-Witch,JT 2720 (2000),320x52.5x92,320x52.5x92 (Narrow),320x52.5x92(N)
Ditch-Witch,JT 2720 (2003),320x52.5x98,320x52.5x98 (Narrow),320x52.5x98(N)
Ditch-Witch,JT 30,320x52.5x98,320x52.5x98 (Narrow),320x52.5x98(N)
Ditch-Witch,JT 3020,320x52.5x98,320x52.5x98 (Narrow),320x52.5x98(N)
Ditch-Witch,JT 3020 Mach 1,320x52.5x98,320x52.5x98 (Narrow),320x52.5x98(N)
Ditch-Witch,JT 3510,230x72x56,230x72x56,230x72x56
Ditch-Witch,JT 40,400x72.5x74,400x72.5x74,400x72.5x74
Ditch-Witch,JT 4020,400x72.5x82,400x72.5x82,400x72.5x82
Ditch-Witch,JT 4020 (Drilling Machine),400x72.5x82,400x72.5x82,400x72.5x82
Ditch-Witch,JT 4020 Mach 1,400x72.5x82,400x72.5x82,400x72.5x82
Ditch-Witch,JT 5,180x72x39,180x72x39,180x72x39
Ditch-Witch,JT 520,180x72x39,180x72x39,180x72x39
Ditch-Witch,JT 820,230x72x56,230x72x56,230x72x56
Ditch-Witch,JT 860,300x109x44;300x52.5x92,300x109x44;300x52.5x92 (Narrow),300x109x44;300x52.5x92(N)
Ditch-Witch,JT 9 (Drilling Machine),230x72x56;2303x72x56,230x72x56;2303x72x56,230x72x56;2303x72x56
Ditch-Witch,JT 920 (Drilling Machine),230x72x56;2303x72x56,230x72x56;2303x72x56,230x72x56;2303x72x56
Ditch-Witch,JT 920L (Drilling Machine),230x72x56;2303x72x56,230x72x56;2303x72x56,230x72x56;2303x72x56
Ditch-Witch,JT 922,230x72x56;2303x72x56,230x72x56;2303x72x56,230x72x56;2303x72x56
Ditch-Witch,MX 15,230x96x35;230x48x70,230x96x35;230x48x70,230x96x35;230x48x70
Ditch-Witch,MX 182,230x96x35;230x48x70,230x96x35;230x48x70,230x96x35;230x48x70
Ditch-Witch,MX 202,250x52.5x78;300x52.5x78,250x52.5x78;300x52.5x78,250x52.5x78;300x52.5x78
Ditch-Witch,MX 27,300x52.5x80,300x52.5x80 (Narrow),300x52.5x80(N)
Ditch-Witch,MX 27-2,300x52.5x80,300x52.5x80 (Narrow),300x52.5x80(N)
Ditch-Witch,MX 35,300x52.5x84,300x52.5x84 (Narrow),300x52.5x84(N)
Ditch-Witch,MX 352,300x52.5x86,300x52.5x86 (Narrow),300x52.5x86(N)
Ditch-Witch,MX 45,400x72.5x72,400x72.5x72,400x72.5x72
Ditch-Witch,MX 45 CA,400x72.5x72,400x72.5x72,400x72.5x72
Ditch-Witch,MX 502,400x73x74;400x72.5x74,400x73x74;400x72.5x74,400x73x74;400x72.5x74
Ditch-Witch,MX9,180x72x37,180x72x37,180x72x37
Ditch-Witch,SK 300,180x72x32,180x72x32,180x72x32
Ditch-Witch,SK 350,180x72x32,180x72x32,180x72x32
Ditch-Witch,SK 600,230x72x40,230x72x40,230x72x40
Ditch-Witch,XT 850,250x72x45,250x72x45,250x72x45
Ditch-Witch,XT 855,250x72x45,250x72x45,250x72x45
Dodich,DM2.1,230x72x43,230x72x43,230x72x43
Domine,FUTURO (Drilling Machine),230x72x43,230x72x43,230x72x43
Doosan,DX80,450x81x76,450x81x76,450x81x76
Doosan,DX80R,450x81x76,450x81x76,450x81x76
Doosan,DX85R,450x81x76,450x81x76,450x81x76
Doosan,Dx10z,180x72x39,180x72x39,180x72x39
Doosan,Dx19,230x48x66,230x48x66,230x48x66
Doosan,Dx27,300x52.5x78;300x52.5x78,300x52.5x78;300x52.5x78 (Narrow),300x52.5x78;300x52.5x78(N)
Doosan,Dx27Z,300x52.5x80;300x52.5x80,300x52.5x80;300x52.5x80 (Narrow),300x52.5x80;300x52.5x80(N)
Doosan,Dx30,300x52.5x84;300x52.5x84,300x52.5x84;300x52.5x84 (Narrow),300x52.5x84;300x52.5x84(N)
Doosan,Dx30Z,300x52.5x84;300x52.5x84,300x52.5x84;300x52.5x84 (Narrow),300x52.5x84;300x52.5x84(N)
Doosan,Dx35,300x52.5x86;300x52.5x86,300x52.5x86;300x52.5x86 (Narrow),300x52.5x86;300x52.5x86(N)
Doosan,Dx35Z,300x52.5x86;300x52.5x86,300x52.5x86;300x52.5x86 (Narrow),300x52.5x86;300x52.5x86(N)
Doosan,Dx35Z-7,300x52.5x86;300x52.5x86,300x52.5x86;300x52.5x86 (Narrow),300x52.5x86;300x52.5x86(N)
Doosan,Dx50Z-7,400x72.5x74,400x72.5x74,400x72.5x74
Doosan,Dx55,400x72.5x74,400x72.5x74,400x72.5x74
Doosan,Dx60,400x72.5x76,400x72.5x76,400x72.5x76
Doosan,Dx60R,400x72.5x76,400x72.5x76,400x72.5x76
Doosan,Dx62R,400x72.5x76,400x72.5x76,400x72.5x76
Doosan,Dx63R,400x72.5x76,400x72.5x76,400x72.5x76
Drago,SWISS,230x72x43,230x72x43,230x72x43
Dumec,D 800,180x72x37,180x72x37,180x72x37
Dumec,D 800B,180x72x37,180x72x37,180x72x37
Dumec,D 800F,180x72x37,180x72x37,180x72x37
Dumec,D 800P,180x72x37,180x72x37,180x72x37
Dumec,Transporter,180x72x37,180x72x37,180x72x37
Durso,10.65 Auto,180x72x34,180x72x34,180x72x34
Durso,10.65 Dumper,180x72x34,180x72x34,180x72x34
Durso,13.80 Auto,180x72x34,180x72x34,180x72x34
Durso,13.80 Dumper,180x72x34,180x72x34,180x72x34
Durso,14.100 Auto,190x72x37;180x723x37,190x72x37;180x723x37,190x72x37;180x723x37
Durso,14.100 Dumper,190x72x37;180x723x37,190x72x37;180x723x37,190x72x37;180x723x37
Durso,18.100 Auto,190x72x37;180x72x37,190x72x37;180x72x37,190x72x37;180x72x37
Durso,18.100 DTR,190x72x37;180x72x37,190x72x37;180x72x37,190x72x37;180x72x37
Durso,18.100 Dumper,190x72x37;180x72x37,190x72x37;180x72x37,190x72x37;180x72x37
Durso,6.50 RI,190x72x37;180x72x37,190x72x37;180x72x37,190x72x37;180x72x37
Durso,6.50 RM,190x72x37;180x72x37,190x72x37;180x72x37,190x72x37;180x72x37
Durso,9.65 Auto,180x72x34,180x72x34,180x72x34
Durso,9.65 Dumper,180x72x34,180x72x34,180x72x34
Dynapac,FC 15,250x72x45,250x72x45,250x72x45
Dynapac,VC 15,250x72x45,250x72x45,250x72x45
Dynapac,VD 15,250x72x45,250x72x45,250x72x45
Dynapac,VD 151,230x96x33;230x48x66,230x96x33;230x48x66,230x96x33;230x48x66
Dynapac,VD 152,230x96x33;230x48x66,230x96x33;230x48x66,230x96x33;230x48x66
Dynapac,VD 251,300x109x36;300x52.5x74,300x109x36;300x52.5x74 (Narrow),300x109x36;300x52.5x74(N)
Dynapac,VD 351,300x109x39;300x52.5x80,300x109x39;300x52.5x80 (Narrow),300x109x39;300x52.5x80(N)
EFCO,TN500R,180x60x38,180x60x38,180x60x38
EMCI,700,250x72x52,250x72x52,250x72x52
Eckart,1B30,180x72x34,180x72x34,180x72x34
Eckart,EMB 450B,180x72x34,180x72x34,180x72x34
Ecofore,CE 302G,250x72x52,250x72x52,250x72x52
Ecofore,CE 403G,320x100x52,320x100x52,320x100x52
Electro Joe,Ecojolly,180x72x34,180x72x34,180x72x34
Energreen,Robogreen,250x72x47,250x72x47,250x72x47
Enteco,E4,250x72x57,250x72x57,250x72x57
Erreppi,Carry500,180x60x38,180x60x38,180x60x38
EuroCAT,140HVS,230x72x43,230x72x43,230x72x43
EuroCAT,150LSE,230x72x43,230x72x43,230x72x43
EuroCAT,350LSE,320x109x39;320x100x44,320x109x39;320x100x44,320x109x39;320x100x44
EuroTrac,Comet MT13,190x72x37;180x72x37,190x72x37;180x72x37,190x72x37;180x72x37
EuroTrac,Comet MT13BB,230x72x42,230x72x42,230x72x42
EuroTrac,chasis M 13 (Undercarriage),180x72x37,180x72x37,180x72x37
EuroTrac,chasis T150 (Undercarriage),230x96x32;230x48x64,230x96x32;230x48x64,230x96x32;230x48x64
EuroTrac,chasis T150 Old,230x96x33;230x96x35;230x48x66;230x48x70,230x96x33;230x96x35;230x48x66;230x48x70,230x96x33;230x96x35;230x48x66;230x48x70
EuroTrac,chasis T300 (Undercarriage),300x109x36;300x52.5x74,300x109x36;300x52.5x74 (Narrow),300x109x36;300x52.5x74(N)
EuroTrac,chasis T300 Old (Undercarriage),300x109x39;300x52.5x80,300x109x39;300x52.5x80 (Narrow),300x109x39;300x52.5x80(N)
EuroTrac,chasis T4  (Undercarriage),230x72x43,230x72x43,230x72x43
EuroTrac,chasis T4 Old  (Undercarriage),230x72x45,230x72x45,230x72x45
EuroTrac,chasis T500  (Undercarriage),400x146x36;400x72.5x72,400x146x36;400x72.5x72,400x146x36;400x72.5x72
EuroTrac,chasis T500 Old (Undercarriage),400x146x36;400x72.5x72,400x146x36;400x72.5x72,400x146x36;400x72.5x72
EurocoMach,100TR,450x76x82,450x76x82,450x76x82
EurocoMach,22SR,230x48x70,230x48x70,230x48x70
EurocoMach,42ZT,350x55x88,350x55x88,350x55x88
EurocoMach,45TR,350x55x88,350x55x88,350x55x88
EurocoMach,90ZT,450x76x82,450x76x82,450x76x82
EurocoMach,E 1300 (01208 &gt; SN &gt; 01201),230x72x43,230x72x43,230x72x43
EurocoMach,E 1300 (SN &gt; 01208 & SN &lt; 01201),200x72x37;180x72x37,200x72x37;180x72x37,200x72x37;180x72x37
EurocoMach,E 1500 (OLD),230x72x43,230x72x43,230x72x43
EurocoMach,E 1500S,230x96x32;230x48x64,230x96x32;230x48x64,230x96x32;230x48x64
EurocoMach,E 1500Sb,230x72x43,230x72x43,230x72x43
EurocoMach,E 4000,300x55x82;300x52.5x84,300x55x82;300x52.5x84 (Narrow),300x55x82;300x52.5x84(N)
EurocoMach,E 800,180x72x34,180x72x34,180x72x34
EurocoMach,E1200,230x72x43,230x72x43,230x72x43
EurocoMach,EB 09.5 Dumper,180x72x34,180x72x34,180x72x34
EurocoMach,ES  150SR,230x96x35;230x48x70,230x96x35;230x48x70,230x96x35;230x48x70
EurocoMach,ES 150,230x96x33;230x48x66,230x96x33;230x48x66,230x96x33;230x48x66
EurocoMach,ES 150-1,230x96x33;230x48x66,230x96x33;230x48x66,230x96x33;230x48x66
EurocoMach,ES 150-2,230x96x33;230x48x66,230x96x33;230x48x66,230x96x33;230x48x66
EurocoMach,ES 150-3,230x48x66;230x96x33,230x48x66;230x96x33,230x48x66;230x96x33
EurocoMach,ES 180,230x96x33;230x48x66,230x96x33;230x48x66,230x96x33;230x48x66
EurocoMach,ES 180-1,230x96x33;230x48x66,230x96x33;230x48x66,230x96x33;230x48x66
EurocoMach,ES 180-2,230x72x43;230x96x32;230x48x64,230x72x43;230x96x32;230x48x64,230x72x43;230x96x32;230x48x64
EurocoMach,ES 180-3,230x48x66;230x96x33,230x48x66;230x96x33,230x48x66;230x96x33
EurocoMach,ES 180-4,230x96x32;230x48x64,230x96x32;230x48x64,230x96x32;230x48x64
EurocoMach,ES 180SR,230x96x35;230x48x70,230x96x35;230x48x70,230x96x35;230x48x70
EurocoMach,ES 180ZT,230x48x70,230x48x70,230x48x70
EurocoMach,ES 18ZT,230x48x70,230x48x70,230x48x70
EurocoMach,ES 25ZT,280x52.5x82;280x52x582,280x52.5x82;280x52x582 (Narrow),280x52.5x82;280x52x582(N)
EurocoMach,ES 300,300x55x72;300x52.5x74,300x55x72;300x52.5x74 (Narrow),300x55x72;300x52.5x74(N)
EurocoMach,ES 300 ZT,300x52.5x82;300x52.5x82,300x52.5x82;300x52.5x82 (Narrow),300x52.5x82;300x52.5x82(N)
EurocoMach,ES 35.2ZT,300x52.5x88,300x52.5x88,300x52.5x88
EurocoMach,ES 350ZT,300x52.5x82;300x52.5x82,300x52.5x82;300x52.5x82 (Narrow),300x52.5x82;300x52.5x82(N)
EurocoMach,ES 40.2ZT,300x52.5x88,300x52.5x88,300x52.5x88
EurocoMach,ES 400,300x55x82;300x52.5x84,300x55x82;300x52.5x84 (Narrow),300x55x82;300x52.5x84(N)
EurocoMach,ES 400SR,300x52.5x84;300x52.5x84,300x52.5x84;300x52.5x84 (Narrow),300x52.5x84;300x52.5x84(N)
EurocoMach,ES 40ZT,300x52.5x88,300x52.5x88,300x52.5x88
EurocoMach,ES 500,400x72.5x72,400x72.5x72,400x72.5x72
EurocoMach,ES 500ZT,400x72.5x72,400x72.5x72,400x72.5x72
EurocoMach,ES 57ZT,400x72.5x76,400x72.5x76,400x72.5x76
EurocoMach,ES 60ZT,400x72.5x76,400x72.5x76,400x72.5x76
EurocoMach,ES 65TR,400x72.5x76,400x72.5x76,400x72.5x76
EurocoMach,ES 80,180x72x34,180x72x34,180x72x34
EurocoMach,ES 800,450x71x86,450x71x86,450x71x86
EurocoMach,ES 800TR,450x71x86,450x71x86,450x71x86
EurocoMach,ES 85,450x76x82,450x76x82,450x76x82
EurocoMach,ES 850ZT,450x76x82,450x76x82,450x76x82
EurocoMach,ES 90,180x72x34,180x72x34,180x72x34
EurocoMach,ES 90UR,450x76x82,450x76x82,450x76x82
EurocoMach,ES 90ZT,180x72x38,180x72x38,180x72x38
EurocoMach,ES 95TR,450x76x82,450x76x82,450x76x82
EurocoMach,Es 10ZT,180x72x38,180x72x38,180x72x38
Eurodig,C 15 (Minilift),250x72x52,250x72x52,250x72x52
Eurodig,C 18 (Minilift),250x72x52,250x72x52,250x72x52
Eurodig,Dumpy 300,180x60x34,180x60x34,180x60x34
Eurodig,Dumpy 300M,180x60x34,180x60x34,180x60x34
Eurodig,Dumpy 500(Type 1),190x72x37;180x72x37,190x72x37;180x72x37,190x72x37;180x72x37
Eurodig,Dumpy 500(Type 2),180x72x34,180x72x34,180x72x34
Eurodig,Dumpy 800(Type 1),180x72x34,180x72x34,180x72x34
Eurodig,Dumpy 800(Type 2),180x60x34,180x60x34,180x60x34
Eurodig,Dumpy 800(Type 3),190x72x37;180x72x37,190x72x37;180x72x37,190x72x37;180x72x37
Eurodig,G 500,180x72x34,180x72x34,180x72x34
Eurodig,GR 1000,180x72x37,180x72x37,180x72x37
Eurodig,GR 500,180x72x34,180x72x34,180x72x34
Eurodig,GR 500D,180x72x34,180x72x34,180x72x34
Eurodig,GR 700,180x72x34,180x72x34,180x72x34
Eurodig,GR 700A,190x72x37;180x72x37,190x72x37;180x72x37,190x72x37;180x72x37
Eurodig,GR 700A3,190x72x37;180x72x37,190x72x37;180x72x37,190x72x37;180x72x37
Eurodig,GR 700D,190x72x37;180x72x37,190x72x37;180x72x37,190x72x37;180x72x37
Eurodig,GR 900,190x72x37;180x72x37,190x72x37;180x72x37,190x72x37;180x72x37
Eurodig,Miniload 800,190x72x37;180x72x37,190x72x37;180x72x37,190x72x37;180x72x37
Eurofor,GEO205 (Drilling Machine),230x72x43,230x72x43,230x72x43
Eurotom,NB 30,300x55x78;300x52.5x80,300x55x78;300x52.5x80 (Narrow),300x55x78;300x52.5x80(N)
Eurotom,TS 08,180x72x38,180x72x38,180x72x38
Eurotom,TS 15,230x96x33;230x48x66,230x96x33;230x48x66,230x96x33;230x48x66
Eurotom,TS 15S,230x96x33;230x48x66,230x96x33;230x48x66,230x96x33;230x48x66
Eurotom,TS 17SE,230x96x33;230x48x66,230x96x33;230x48x66,230x96x33;230x48x66
Eurotom,TS 25,300x55x72;300x52.5x74,300x55x72;300x52.5x74 (Narrow),300x55x72;300x52.5x74(N)
Eurotom,TS 27S,300x52.5x74;300x52.5x74,300x52.5x74;300x52.5x74 (Narrow),300x52.5x74;300x52.5x74(N)
Eurotom,TS 30,300x55x78;300x52.5x80,300x55x78;300x52.5x80 (Narrow),300x55x78;300x52.5x80(N)
Eurotom,TS 30R,300x55x78;300x52.5x80,300x55x78;300x52.5x80 (Narrow),300x55x78;300x52.5x80(N)
Eurotom,TS 35,300x55x78;300x52.5x80,300x55x78;300x52.5x80 (Narrow),300x55x78;300x52.5x80(N)
Eurotom,TS 35S,300x55x78;300x52.5x80,300x55x78;300x52.5x80 (Narrow),300x55x78;300x52.5x80(N)
Eurotom,TS 75,450x71x86,450x71x86,450x71x86
Eurotom,TS 75S,450x71x86,450x71x86,450x71x86
FAI,212 New,230x96x31;230x48x62,230x96x31;230x48x62,230x96x31;230x48x62
FAI,212 Old,230x72x43,230x72x43,230x72x43
FAI,215,230x96x31;230x48x62,230x96x31;230x48x62,230x96x31;230x48x62
FAI,218,230x96x31;230x48x62,230x96x31;230x48x62,230x96x31;230x48x62
FAI,230,300x109x39;300x109x41;300x52.5x80;300x52.5x84;300x55x71;300x55x81,300x109x39;300x109x41;300x52.5x80 (Narrow);300x52.5x84 (Narrow);300x55x71;300x55x81,300x109x39;300x109x41;300x52.5x80(N);300x52.5x84(N);300x55x71;300x55x81
FAI,235,300x109x41;300x52.5x84;300x55x81,300x109x41;300x52.5x84 (Narrow);300x55x81,300x109x41;300x52.5x84(N);300x55x81
FAI,240,300x109x41;300x52.5x84;300x55x81,300x109x41;300x52.5x84 (Narrow);300x55x81,300x109x41;300x52.5x84(N);300x55x81
FAI,410C,450x76x84,450x76x84,450x76x84
FIGO,MC 150 (Mini Dumper),180x72x36,180x72x36,180x72x36
FORT,Minidumper,180x60x38,180x60x38,180x60x38
Falcon Spider,FS290C,300x55x78;300x52.5x80,300x55x78;300x52.5x80 (Narrow),300x55x78;300x52.5x80(N)
Fercad,T 3250,180x60x34,180x60x34,180x60x34
Fermec,114,230x96x31;230x48x62,230x96x31;230x48x62,230x96x31;230x48x62
Fermec,115,230x96x31;230x48x62,230x96x31;230x48x62,230x96x31;230x48x62
Fermec,123,250x109x35;300x52.5x72,250x109x35;300x52.5x72 (Narrow),250x109x35;300x52.5x72(N)
Fermec,125,300x109x38;300x52.5x78,300x109x38;300x52.5x78 (Narrow),300x109x38;300x52.5x78(N)
Fermec,128,300x109x38;300x52.5x78,300x109x38;300x52.5x78,300x109x38;300x52.5x78
Fermec,130,300x109x40;300x52.5x82,300x109x40;300x52.5x82,300x109x40;300x52.5x82
Fermec,131,300x109x40;300x52.5x82,300x109x40;300x52.5x82,300x109x40;300x52.5x82
Fermec,135,350x108x42;350x52.5x86,350x108x42;350x52.5x86,350x108x42;350x52.5x86
Fermec,145,400x73x74;400x72.5x73,400x73x74;400x72.5x73 (Narrow),400x73x74;400x72.5x73(N)
Fermec,150,400x73x74;400x72.5x73,400x73x74;400x72.5x73 (Narrow),400x73x74;400x72.5x73(N)
Fermec,SK 015,230x96x31;230x48x62,230x96x31;230x48x62,230x96x31;230x48x62
Fermec,SK 025,300x109x38;300x52.5x78,300x109x38;300x52.5x78,300x109x38;300x52.5x78
Fermec,SK 030,300x109x40;300x52.5x82,300x109x40;300x52.5x82,300x109x40;300x52.5x82
Fermec,SK 035,350x108x42;350x52.5x86,350x108x42;350x52.5x86,350x108x42;350x52.5x86
Fiat-Hitachi,FH 15,230x96x31;230x48x62,230x96x31;230x48x62,230x96x31;230x48x62
Fiat-Hitachi,FH 15.2,230x96x31;230x48x62,230x96x31;230x48x62,230x96x31;230x48x62
Fiat-Hitachi,FH 15.2 Plus,230x96x31;230x48x62,230x96x31;230x48x62,230x96x31;230x48x62
Fiat-Hitachi,FH 16.2,230x96x33;230x48x66,230x96x33;230x48x66,230x96x33;230x48x66
Fiat-Hitachi,FH 17.2,230x96x33;230x48x66,230x96x33;230x48x66,230x96x33;230x48x66
Fiat-Hitachi,FH 17.2 Plus,230x96x33;230x48x66,230x96x33;230x48x66,230x96x33;230x48x66
Fiat-Hitachi,FH 17.2-B,230x96x33;230x48x66,230x96x33;230x48x66,230x96x33;230x48x66
Fiat-Hitachi,FH 22,250x52.5x73;300x52.5x72,250x52.5x73;300x52.5x72 (Narrow),250x52.5x73;300x52.5x72(N)
Fiat-Hitachi,FH 22.2,250x52.5x73;300x52.5x72,250x52.5x73;300x52.5x72 (Narrow),250x52.5x73;300x52.5x72(N)
Fiat-Hitachi,FH 30.2,300x55x80;300x52.5x82,300x55x80;300x52.5x82 (Narrow),300x55x80;300x52.5x82(N)
Fiat-Hitachi,FH 30.2 Plus,300x55x80;300x52.5x82,300x55x80;300x52.5x82 (Narrow),300x55x80;300x52.5x82(N)
Fiat-Hitachi,FH 35.2,300x55x80;300x52.5x82,300x55x80;300x52.5x82 (Narrow),300x55x80;300x52.5x82(N)
Fiat-Hitachi,FH 35.2 Plus,300x55x80;300x52.5x82,300x55x80;300x52.5x82 (Narrow),300x55x80;300x52.5x82(N)
Fiat-Hitachi,FH 40.2,400x72.5x72,400x72.5x72,400x72.5x72
Fiat-Hitachi,FH 40.2 Plus,400x72.5x72,400x72.5x72,400x72.5x72
Fiori,800,180x72x34,180x72x34,180x72x34
Fiori,Dumpy Proffesional,180x72x37,180x72x37,180x72x37
Fiori,Eurodig 1000,180x72x37,180x72x37,180x72x37
Fiori,GR 1000,180x72x37,180x72x37,180x72x37
Fiori,GR 500,180x72x34,180x72x34,180x72x34
Fiori,GR 700,180x72x37,180x72x37,180x72x37
Fiori,Minding,180x72x37,180x72x37,180x72x37
Foredil,FM 16,230x72x45,230x72x45,230x72x45
Foredil,FM 18V,230x72x45,230x72x45,230x72x45
Foredil,FM 19RSV,230x72x45,230x72x45,230x72x45
Foredil,FM 19VR,230x72x45,230x72x45,230x72x45
Foredil,FM 24,300x55x72;300x52.5x74,300x55x72;300x52.5x74 (Narrow),300x55x72;300x52.5x74(N)
Foredil,FM 29,300x55x78;300x52.5x80,300x55x78;300x52.5x80 (Narrow),300x55x78;300x52.5x80(N)
Foredil,FM 34,300x55x78;300x52.5x80,300x55x78;300x52.5x80 (Narrow),300x55x78;300x52.5x80(N)
Foredil,FM 54,400x73x72;400x72.5x72,400x73x72;400x72.5x72,400x73x72;400x72.5x72
Forti,Forti,180x60x38;230x48x66;230x96x33,180x60x38;230x48x66;230x96x33,180x60x38;230x48x66;230x96x33
Fraste,Multidrill ML (drilling machine),250x72x52;230x96x39;250x48x78,250x72x52;230x96x39;250x48x78,250x72x52;230x96x39;250x48x78
Fraste,Multidrill PL (drilling machine),230x72x43,230x72x43,230x72x43
Fraste,Multidrill XL (drilling machine),300x55x82;300x52.5x84,300x55x82;300x52.5x84 (Narrow),300x55x82;300x52.5x84(N)
Fraste,Terrain (drilling machine),180x72x34,180x72x34,180x72x34
Gayk,HRE1000,300x55x78;300x52.5x80,300x55x78;300x52.5x80 (Narrow),300x55x78;300x52.5x80(N)
Gayk,HRE3000,300x55x78;300x52.5x80,300x55x78;300x52.5x80 (Narrow),300x55x78;300x52.5x80(N)
Geawelltech,Well drill 3050CR,400x72.5x74,400x72.5x74,400x72.5x74
Gehl,12002,500x92x78,500x92x78,500x92x78
Gehl,153,230x96x36;230x48x72,230x96x36;230x48x72,230x96x36;230x48x72
Gehl,193,250x96x38;250x48x76,250x96x38;250x48x76,250x96x38;250x48x76
Gehl,223,250x96x38;250x48x76,250x96x38;250x48x76,250x96x38;250x48x76
Gehl,253,250x109x37;300x52.5x76,250x109x37;300x52.5x76,250x109x37;300x52.5x76
Gehl,303,300x109x38;300x52.5x78,300x109x38;300x52.5x78,300x109x38;300x52.5x78
Gehl,353,300x109x41;300x52.5x84,300x109x41;300x52.5x84,300x109x41;300x52.5x84
Gehl,363,300x109x39;300x52.5x80,300x109x39;300x52.5x80 (Narrow),300x109x39;300x52.5x80(N)
Gehl,373,300x109x41;300x52.5x84,300x109x41;300x52.5x84,300x109x41;300x52.5x84
Gehl,383Z,300x52.5x84,300x52.5x84,300x52.5x84
Gehl,502,400x73x74;400x72.5x74,400x73x74;400x72.5x74,400x73x74;400x72.5x74
Gehl,503,400x72.5x74,400x72.5x74,400x72.5x74
Gehl,503Z,400x72.5x74,400x72.5x74,400x72.5x74
Gehl,603,400x72.5x74,400x72.5x74,400x72.5x74
Gehl,753,450x71x86,450x71x86,450x71x86
Gehl,753Z,450x71x86,450x71x86,450x71x86
Gehl,75Z3,450x71x86,450x71x86,450x71x86
Gehl,8003,450x76x80,450x76x80,450x76x80
Gehl,802,450x71x84,450x71x84,450x71x84
Gehl,803,450x76x80,450x76x80,450x76x80
Gehl,GE 12002,500x92x78,500x92x78,500x92x78
Gehl,GE 142 (US Market),230x96x33;230x48x66,230x96x33;230x48x66,230x96x33;230x48x66
Gehl,GE 152 (US Market),230x96x33;230x48x66,230x96x33;230x48x66,230x96x33;230x48x66
Gehl,GE 153,230x96x36;230x48x72,230x96x36;230x48x72,230x96x36;230x48x72
Gehl,GE 192 (US Market),230x96x33;230x48x72,230x96x33;230x48x72,230x96x33;230x48x72
Gehl,GE 193,250x96x38;250x48x76,250x96x38;250x48x76,250x96x38;250x48x76
Gehl,GE 222 (US Market),230x96x36;230x48x72,230x96x36;230x48x72,230x96x36;230x48x72
Gehl,GE 223,250x96x38;250x48x76,250x96x38;250x48x76,250x96x38;250x48x76
Gehl,GE 253,250x109x37;300x52.5x76,250x109x37;300x52.5x76,250x109x37;300x52.5x76
Gehl,GE 272 (US Market),300x54x72;300x52.5x72,300x54x72;300x52.5x72 (Narrow),300x54x72;300x52.5x72(N)
Gehl,GE 292 (US Market),300x54x72;300x52.5x74,300x54x72;300x52.5x74 (Narrow),300x54x72;300x52.5x74(N)
Gehl,GE 303,300x109x38;300x52.5x78,300x109x38;300x52.5x78,300x109x38;300x52.5x78
Gehl,GE 342 (US Market),320x54x78;300x52.5x80,320x54x78;300x52.5x80 (Narrow),320x54x78;300x52.5x80(N)
Gehl,GE 353,300x109x41;300x52.5x84,300x109x41;300x52.5x84,300x109x41;300x52.5x84
Gehl,GE 362 (US Market),320x54x78;300x52.5x80,320x54x78;300x52.5x80 (Narrow),320x54x78;300x52.5x80(N)
Gehl,GE 373,300x109x41;300x52.5x84,300x109x41;300x52.5x84,300x109x41;300x52.5x84
Gehl,GE 502 (US Market),400x72.5x74,400x72.5x74,400x72.5x74
Gehl,GE 602 (US Market),400x72.5x74,400x72.5x74,400x72.5x74
Gehl,GE 802 (US Market),450x71x84,450x71x84,450x71x84
Gehl,GE503Z,400x72.5x74,400x72.5x74,400x72.5x74
Gehl,Z35,300x55x84;300x52.5x88,300x55x84;300x52.5x88,300x55x84;300x52.5x88
Gehl,Z45,400x75.5x74,400x75.5x74,400x75.5x74
Gehl,Z80,450x83.5x74,450x83.5x74,450x83.5x74
Gehlmax,A 12,230x72x43,230x72x43,230x72x43
Gehlmax,A 12B,230x72x43,230x72x43,230x72x43
Gehlmax,A 14SA,230x72x43,230x72x43,230x72x43
Gehlmax,DR 600,200x72x40,200x72x40,200x72x40
Gehlmax,GX 10,200x72x42,200x72x42,200x72x42
Gehlmax,GX 35,400x72.5x72,400x72.5x72,400x72.5x72
Gehlmax,M 045,180x72x36,180x72x36,180x72x36
Gehlmax,M 135,250x72x45,250x72x45,250x72x45
Gehlmax,M 135S,230x72x43,230x72x43,230x72x43
Gehlmax,MB 045,180x72x36,180x72x36,180x72x36
Gehlmax,MB 1135,250x72x45,250x72x45,250x72x45
Gehlmax,MB 1135S,250x72x45,250x72x45,250x72x45
Gehlmax,MB 138,230x72x43,230x72x43,230x72x43
Gehlmax,MB 145,250x72x45,250x72x45,250x72x45
Gehlmax,MB 148,230x72x43,230x72x43,230x72x43
Gehlmax,MB 165,250x72x45,250x72x45,250x72x45
Gehlmax,MB 253,300x109x37;300x52.5x76,300x109x37;300x52.5x76,300x109x37;300x52.5x76
Gehlmax,MB 288,300x55x76;300x52.5x78,300x55x76;300x52.5x78,300x55x76;300x52.5x78
Gehlmax,MB 358,300x55x82;300x52.5x84,300x55x82;300x52.5x84,300x55x82;300x52.5x84
Gehlmax,RD 10 (Mini Dumper),180x72x37,180x72x37,180x72x37
Gehlmax,RD 10 SLE (Mini Dumper),180x72x37,180x72x37,180x72x37
Gehlmax,RD 15D (Mini Dumper),250x72x52,250x72x52,250x72x52
Gehlmax,RD 15DR (Mini Dumper),250x72x52,250x72x52,250x72x52
Gehlmax,RD 6HX (Mini Dumper),180x72x34,180x72x34,180x72x34
Gehlmax,RD 7,180x72x34,180x72x34,180x72x34
Gehlmax,RD 7-10D (Mini Dumper),180x72x34,180x72x34,180x72x34
Gehlmax,RD 7SLE (Mini Dumper),180x72x37,180x72x37,180x72x37
Gehlmax,RD 8 (Mini Dumper),180x72x37,180x72x37,180x72x37
Gehlmax,RD 8HX (Mini Dumper),180x72x37,180x72x37,180x72x37
Gehlmax,RD 8SLE (Mini Dumper),180x72x37,180x72x37,180x72x37
Geier,40S,230x72x48,230x72x48,230x72x48
Geier,60S,250x72x52,250x72x52,250x72x52
Geier,85TLY,250x72x57,250x72x57,250x72x57
Gelai & Castegnaro,G&C,250x72x52,250x72x52,250x72x52
Genie,S-60 Trax (Quad),450x86x42,450x86x42,450x86x42
Genie,S-65 Trax (Quad) 400 Wide,400x86x42,400x86x42,400x86x42
Genie,S-65 Trax (Quad) 450 Wide,450x86x42,450x86x42,450x86x42
Geoprobe,54DT (Drilling Machine),230x72x56,230x72x56,230x72x56
Geoprobe,6610DT (Drilling Machine),230x72x56,230x72x56,230x72x56
Geoprobe,7822DT (Drilling Machine),300x52.5x90,300x52.5x90,300x52.5x90
Goman,T30,250x72x52,250x72x52,250x72x52
Goman,X08,180x72x57;250x72x52,180x72x57;250x72x52,180x72x57;250x72x52
Goman,X16,200x72x43,200x72x43,200x72x43
Green Mech,ST19-28,250x72x52,250x72x52,250x72x52
Green Mech,ST220,250x72x52,250x72x52,250x72x52
Green Technik,BC350,180x72x37,180x72x37,180x72x37
Grillo,Dumper 350 Basic,180x60x34,180x60x34,180x60x34
Grillo,Dumper 350 HD,180x72x34,180x72x34,180x72x34
Grillo,Dumper 507,180x72x34,180x72x34,180x72x34
Grundohit,4S,250x72x57,250x72x57,250x72x57
Grundohit,TT,250x72x52,250x72x52,250x72x52
Grundohit,Undercarriage 40,250x72x52,250x72x52,250x72x52
HCC,1050-B (Mini-Carrier),180x72x37,180x72x37,180x72x37
HCC,1051 (Mini-Carrier),180x72x37,180x72x37,180x72x37
HCC,1051-B (Mini-Carrier),180x72x37,180x72x37,180x72x37
HCC,1051-D (Mini-Carrier),180x72x37,180x72x37,180x72x37
HOEFLON,C6 (Spider Crane),180x72x37,180x72x37,180x72x37
Hades,TP 1500,250x72x57,250x72x57,250x72x57
Haihong,CTX8008,180x72x39,180x72x39,180x72x39
Hainzl,150LSE,230x72x43,230x72x43,230x72x43
Hanix,H 08,180x72x36,180x72x36,180x72x36
Hanix,H 08-1,180x72x37,180x72x37,180x72x37
Hanix,H 08-2,180x72x36,180x72x36,180x72x36
Hanix,H 08A,180x72x37,180x72x37,180x72x37
Hanix,H 08B,180x72x38,180x72x38,180x72x38
Hanix,H 09D,180x72x38,180x72x38,180x72x38
Hanix,H 12A,230x96x31;230x48x62,230x96x31;230x48x62,230x96x31;230x48x62
Hanix,H 15,230x96x33;230x96x31;230x48x62;230x48x66,230x96x33;230x96x31;230x48x62;230x48x66,230x96x33;230x96x31;230x48x62;230x48x66
Hanix,H 15 B,230x96x31;230x48x62,230x96x31;230x48x62,230x96x31;230x48x62
Hanix,H 15 B-2,230x96x33;230x48x66,230x96x33;230x48x66,230x96x33;230x48x66
Hanix,H 15 Bplus,230x96x31;230x48x62,230x96x31;230x48x62,230x96x31;230x48x62
Hanix,H 15 Bplus-2,230x96x33;230x48x66,230x96x33;230x48x66,230x96x33;230x48x66
Hanix,H 151,230x96x33;230x48x66,230x96x33;230x48x66,230x96x33;230x48x66
Hanix,H 15A (<1996),230x96x33;230x48x66,230x96x33;230x48x66,230x96x33;230x48x66
Hanix,H 15A (>1996),230x96x31;230x48x62,230x96x31;230x48x62,230x96x31;230x48x62
Hanix,H 22,300x55x72;300x52x574,300x55x72;300x52x574 (Narrow),300x55x72;300x52x574(N)
Hanix,H 22A,300x55x72;300x52x574,300x55x72;300x52x574 (Narrow),300x55x72;300x52x574(N)
Hanix,H 24,300x52.5x74;300x52x574,300x52.5x74;300x52x574 (Narrow),300x52.5x74;300x52x574(N)
Hanix,H 24A,300x55x72;300x52.5x74,300x55x72;300x52.5x74 (Narrow),300x55x72;300x52.5x74(N)
Hanix,H 26B,300x55x72;300x52.5x74,300x55x72;300x52.5x74 (Narrow),300x55x72;300x52.5x74(N)
Hanix,H 26C,300x52.5x74;300x52.5x74,300x52.5x74;300x52.5x74 (Narrow),300x52.5x74;300x52.5x74(N)
Hanix,H 27,300x109x36;300x52.5x74,300x109x36;300x52.5x74 (Narrow),300x109x36;300x52.5x74(N)
Hanix,H 27-2,300x109x36;300x52.5x74,300x109x36;300x52.5x74 (Narrow),300x109x36;300x52.5x74(N)
Hanix,H 29A,300x55x78;300x52.5x80,300x55x78;300x52.5x80 (Narrow),300x55x78;300x52.5x80(N)
Hanix,H 30,300x55x78;300x52.5x80,300x55x78;300x52.5x80 (Narrow),300x55x78;300x52.5x80(N)
Hanix,H 30-2,300x55x78;300x52.5x80,300x55x78;300x52.5x80 (Narrow),300x55x78;300x52.5x80(N)
Hanix,H 30A,300x55x78;300x52.5x80,300x55x78;300x52.5x80 (Narrow),300x55x78;300x52.5x80(N)
Hanix,H 35,300x55x78;300x52.5x80,300x55x78;300x52.5x80 (Narrow),300x55x78;300x52.5x80(N)
Hanix,H 35A,300x55x78;300x52.5x80,300x55x78;300x52.5x80 (Narrow),300x55x78;300x52.5x80(N)
Hanix,H 36A,300x55x78;300x52.5x80,300x55x78;300x52.5x80 (Narrow),300x55x78;300x52.5x80(N)
Hanix,H 36B,300x55x82;300x52.5x84,300x55x82;300x52.5x84 (Narrow),300x55x82;300x52.5x84(N)
Hanix,H 36C,300x52.5x84;300x52.5x84,300x52.5x84;300x52.5x84 (Narrow),300x52.5x84;300x52.5x84(N)
Hanix,H 36CR,300x52.5x84;300x52.5x84,300x52.5x84;300x52.5x84 (Narrow),300x52.5x84;300x52.5x84(N)
Hanix,H 36R,300x52.5x84;300x52.5x84,300x52.5x84;300x52.5x84 (Narrow),300x52.5x84;300x52.5x84(N)
Hanix,H 50B,400x72.5x72,400x72.5x72,400x72.5x72
Hanix,H 50C,400x72.5x72,400x72.5x72,400x72.5x72
Hanix,H 55DR,400x72.5x72,400x72.5x72,400x72.5x72
Hanix,H 56C,400x72.5x72,400x72.5x72,400x72.5x72
Hanix,H 75B,450x71x86,450x71x86,450x71x86
Hanix,H 75C,450x71x86,450x71x86,450x71x86
Hanix,H 80,180x72x37,180x72x37,180x72x37
Hanix,H 80-2,180x72x37,180x72x37,180x72x37
Hanix,N 050,180x72x38,180x72x38,180x72x38
Hanix,N 06,250x72x45,250x72x45,250x72x45
Hanix,N 060,250x72x45,250x72x45,250x72x45
Hanix,N 080,180x72x37,180x72x37,180x72x37
Hanix,N 080-1,180x72x37,180x72x37,180x72x37
Hanix,N 080-2,180x72x36,180x72x36,180x72x36
Hanix,N 080-2LR,180x72x38,180x72x38,180x72x38
Hanix,N 080-3LR,180x72x37,180x72x37,180x72x37
Hanix,N 120,250x72x45,250x72x45,250x72x45
Hanix,N 120-2,230x96x33;230x48x66,230x96x33;230x48x66,230x96x33;230x48x66
Hanix,N 120R,250x72x45,250x72x45,250x72x45
Hanix,N 150,230x72x43,230x72x43,230x72x43
Hanix,N 150-2,230x96x33;230x48x66,230x96x33;230x48x66,230x96x33;230x48x66
Hanix,N 150R,230x72x43,230x72x43,230x72x43
Hanix,N 220-2,320x109x36;300x52.5x74,320x109x36;300x52.5x74 (Narrow),320x109x36;300x52.5x74(N)
Hanix,N 230-2,320x109x36;300x52.5x74,320x109x36;300x52.5x74 (Narrow),320x109x36;300x52.5x74(N)
Hanix,N 250-2,320x109x36;300x52.5x74,320x109x36;300x52.5x74 (Narrow),320x109x36;300x52.5x74(N)
Hanix,N 260-2,320x109x36;300x52.5x74,320x109x36;300x52.5x74 (Narrow),320x109x36;300x52.5x74(N)
Hanix,N 300-2,320x109x39;300x52.5x80,320x109x39;300x52.5x80 (Narrow),320x109x39;300x52.5x80(N)
Hanix,N 35,300x55x78;300x52.5x80,300x55x78;300x52.5x80 (Narrow),300x55x78;300x52.5x80(N)
Hanix,N 350-2,320x109x39;300x52.5x80,320x109x39;300x52.5x80 (Narrow),320x109x39;300x52.5x80(N)
Hanix,N 80,180x72x36,180x72x36,180x72x36
Hanix,N 80-2,180x72x36,180x72x36,180x72x36
Hanix,N 80-2R,180x72x36,180x72x36,180x72x36
Hanix,NH 070,230x96x41;250x47x84;250x48x82,230x96x41;250x47x84;250x48x82,230x96x41;250x47x84;250x48x82
Hanix,NS 25,300x109x36;300x52.5x74,300x109x36;300x52.5x74 (Narrow),300x109x36;300x52.5x74(N)
Hanix,RT 30 (Dumper),180x72x36;180x72x37,180x72x36;180x72x37,180x72x36;180x72x37
Hanix,RT 50D (Dumper),200x72x38;180x72x38,200x72x38;180x72x38,200x72x38;180x72x38
Hanix,S&B15,320x100x40;320x100x43,320x100x40;320x100x43,320x100x40;320x100x43
Hanix,S&B15R,320x100x40;320x100x43,320x100x40;320x100x43,320x100x40;320x100x43
Hanix,S&B15S,320x100x40;320x100x43,320x100x40;320x100x43,320x100x40;320x100x43
Hanix,S&B15SR,320x100x40;320x100x43,320x100x40;320x100x43,320x100x40;320x100x43
Hanix,S&B25-1,400x72.5x72,400x72.5x72,400x72.5x72
Hanix,S&B25-2,400x142x38;400x72.5x74,400x142x38;400x72.5x74,400x142x38;400x72.5x74
Hanix,S&B300,300x52.5x80;300x52.5x80,300x52.5x80;300x52.5x80 (Narrow),300x52.5x80;300x52.5x80(N)
Hanix,S&B300-2,300x52.5x80;300x52.5x80,300x52.5x80;300x52.5x80 (Narrow),300x52.5x80;300x52.5x80(N)
Hanix,S&BX-1,300x52.5x80;300x52.5x80,300x52.5x80;300x52.5x80 (Narrow),300x52.5x80;300x52.5x80(N)
Hanix,TP50-D,300x55x80;300x52.5x82,300x55x80;300x52.5x82 (Narrow),300x55x80;300x52.5x82(N)
Hanix,YB 10,230x72x43,230x72x43,230x72x43
Hanix,YFW 5D-1,230x72x50,230x72x50,230x72x50
Hansa,C65RX,230x72x43,230x72x43,230x72x43
Hanta,SLD 151D,180x72x37,180x72x37,180x72x37
Haulotte,Mygalift19 (Lifting Platform),250x72x57,250x72x57,250x72x57
Hematec,CTE CS 135 (Crane),180x72x37,180x72x37,180x72x37
Hematec,CTE CS 170 (Sky Lifter),230x72x43,230x72x43,230x72x43
Hengte,HT20,230x48x68,230x48x68,230x48x68
Hiab,033T,180x72x37,180x72x37,180x72x37
Hinowa,DB 10.13,200x96x28;230x96x66,200x96x28;230x96x66,200x96x28;230x96x66
Hinowa,DB 14.7,180x72x37,180x72x37,180x72x37
Hinowa,DB 8.35,180x72x37,180x72x37,180x72x37
Hinowa,DB 9.11,200x72x37;180x72x37,200x72x37;180x72x37,200x72x37;180x72x37
Hinowa,DM 09,200x72x37;180x72x37,200x72x37;180x72x37,200x72x37;180x72x37
Hinowa,DM 10,200x72x37;230x72x43;180x72x37,200x72x37;230x72x43;180x72x37,200x72x37;230x72x43;180x72x37
Hinowa,DM 10A 2V,200x72x42,200x72x42,200x72x42
Hinowa,DM 10M,180x72x39,180x72x39,180x72x39
Hinowa,DM 11KA,230x72x42,230x72x42,230x72x42
Hinowa,DM 13,200x72x42,200x72x42,200x72x42
Hinowa,DM 13A 2V,200x72x42,200x72x42,200x72x42
Hinowa,DM 15,230x72x43;230x96x32;230x48x64,230x72x43;230x96x32;230x48x64,230x72x43;230x96x32;230x48x64
Hinowa,DM 15M,230x96x32;230x48x64,230x96x32;230x48x64,230x96x32;230x48x64
Hinowa,DM 15S,230x72x43,230x72x43,230x72x43
Hinowa,DM 20,250x72x52,250x72x52,250x72x52
Hinowa,DM 20S,250x72x52;250x48x78;230x96x39,250x72x52;250x48x78;230x96x39,250x72x52;250x48x78;230x96x39
Hinowa,DM 30,300x55x82;300x52.5x84,300x55x82;300x52.5x84 (Narrow),300x55x82;300x52.5x84(N)
Hinowa,DM 30C,300x109x36;300x52.5x74,300x109x36;300x52.5x74 (Narrow),300x109x36;300x52.5x74(N)
Hinowa,DM 30S,300x55x82;300x52.5x84,300x55x82;300x52.5x84 (Narrow),300x55x82;300x52.5x84(N)
Hinowa,DM 40,300x55x82;300x52.5x84,300x55x82;300x52.5x84 (Narrow),300x55x82;300x52.5x84(N)
Hinowa,DM 40L,300x55x82;300x52.5x84,300x55x82;300x52.5x84 (Narrow),300x55x82;300x52.5x84(N)
Hinowa,DM 40L2V,300x55x82;300x52.5x84,300x55x82;300x52.5x84 (Narrow),300x55x82;300x52.5x84(N)
Hinowa,DM 8,180x72x34,180x72x34,180x72x34
Hinowa,DM 8A,180x72x34,180x72x34,180x72x34
Hinowa,DM 8M,180x72x34,180x72x34,180x72x34
Hinowa,Dumpy (minidumper),180x60x37,180x60x37,180x60x37
Hinowa,GL 1255 (Lifting Platform),180x72x37,180x72x37,180x72x37
Hinowa,GL 1470 (Lifting Platform),180x72x37,180x72x37,180x72x37
Hinowa,Gold lift 12.55 (Lifting Platform),180x72x37,180x72x37,180x72x37
Hinowa,Gold lift 14.70 (Lifting Platform),180x72x37,180x72x37,180x72x37
Hinowa,Gold lift 17.80XL (Lifting Platform),180x72x37,180x72x37,180x72x37
Hinowa,HP 1000 (Mini Dumper),180x72x34;180x72x37,180x72x34;180x72x37,180x72x34;180x72x37
Hinowa,HP 1000E (Mini Dumper),180x72x37,180x72x37,180x72x37
Hinowa,HP 1100 (Mini Dumper),180x72x37,180x72x37,180x72x37
Hinowa,HP 1100A (Mini Dumper),180x72x37,180x72x37,180x72x37
Hinowa,HP 1100D (Mini Dumper),180x72x37,180x72x37,180x72x37
Hinowa,HP 1150 (Mini Dumper),180x72x37,180x72x37,180x72x37
Hinowa,HP 1200 (Mini Dumper),180x72x37,180x72x37,180x72x37
Hinowa,HP 1200E,180x72x37,180x72x37,180x72x37
Hinowa,HP 1500 (Mini Dumper),230x72x43;230x96x39;230x96x40;250x48x78;250x48x80,230x72x43;230x96x39;230x96x40;250x48x78;250x48x80,230x72x43;230x96x39;230x96x40;250x48x78;250x48x80
Hinowa,HP 1500/2,230x96x38;250x48x76,230x96x38;250x48x76,230x96x38;250x48x76
Hinowa,HP 800 (Mini-Excavator),180x72x34,180x72x34,180x72x34
Hinowa,HP 800A (Mini Dumper),180x72x34,180x72x34,180x72x34
Hinowa,HP 800E (Mini Dumper),180x72x34,180x72x34,180x72x34
Hinowa,HP 850B/A,180x72x35;180x72x37,180x72x35;180x72x37,180x72x35;180x72x37
Hinowa,HR 15.1,230x72x43,230x72x43,230x72x43
Hinowa,HS 1100,180x72x37,180x72x37,180x72x37
Hinowa,HS 1150,180x72x37,180x72x37,180x72x37
Hinowa,HS 1200E,180x72x37,180x72x37,180x72x37
Hinowa,HS 701,180x72x37,180x72x37,180x72x37
Hinowa,HS 850,180x72x35,180x72x35,180x72x35
Hinowa,LL 14.72 (Lifter),180x72x37,180x72x37,180x72x37
Hinowa,LL 15.70 (Lifter),180x72x37,180x72x37,180x72x37
Hinowa,LL 19.65 (Lifter),180x72x37,180x72x37,180x72x37
Hinowa,LL 23.12 (Lifter),230x96x39;250x48x78,230x96x39;250x48x78,230x96x39;250x48x78
Hinowa,LL 33.17 (Lifter),300x55x82;300x52.5x84,300x55x82;300x52.5x84 (Narrow),300x55x82;300x52.5x84(N)
Hinowa,PT 10 (Undercarriage),200x72x37;180x72x37,200x72x37;180x72x37,200x72x37;180x72x37
Hinowa,PT 100 (Undercarriage),500x92x72;485x92x72,500x92x72;485x92x72,500x92x72;485x92x72
Hinowa,PT 10G (Undercarriage),200x72x37;180x72x37,200x72x37;180x72x37,200x72x37;180x72x37
Hinowa,PT 10G/300 (Undercarriage),200x72x37;180x72x37,200x72x37;180x72x37,200x72x37;180x72x37
Hinowa,PT 30G (Undercarriage),300x55x82;300x52.5x84,300x55x82;300x52.5x84 (Narrow),300x55x82;300x52.5x84(N)
Hinowa,PT 30G/200 (Undercarriage),300x55x82;300x52.5x84,300x55x82;300x52.5x84 (Narrow),300x55x82;300x52.5x84(N)
Hinowa,PT 35GL (undercarriage),320x100x52,320x100x52,320x100x52
Hinowa,PT 35GL/300 (undercarriage),320x100x52,320x100x52,320x100x52
Hinowa,PT 4000 (undercarriage),350x109x42;350x52.5x86,350x109x42;350x52.5x86,350x109x42;350x52.5x86
Hinowa,PT 4000G/100 (undercarriage),350x109x42;350x52.5x86,350x109x42;350x52.5x86,350x109x42;350x52.5x86
Hinowa,PT 70 (undercarriage),400x72.5x74,400x72.5x74,400x72.5x74
Hinowa,PT 70G/100 (undercarriage),400x72.5x74,400x72.5x74,400x72.5x74
Hinowa,PT 70GL (undercarriage),400x72.5x82,400x72.5x82,400x72.5x82
Hinowa,PT 8 (undercarriage),180x72x34,180x72x34,180x72x34
Hinowa,PT 8G/300 (undercarriage),180x72x34,180x72x34,180x72x34
Hinowa,PT 9 (undercarriage),180x72x37,180x72x37,180x72x37
Hinowa,PT 9C (undercarriage),180x72x35,180x72x35,180x72x35
Hinowa,PT13 (Undercarriage),200x72x42,200x72x42,200x72x42
Hinowa,PT13/300 (Undercarriage),200x72x42,200x72x42,200x72x42
Hinowa,PT15 (Undercarriage),230x72x43,230x72x43,230x72x43
Hinowa,PT150 (Undercarriage),500x92x72;485x92x72,500x92x72;485x92x72,500x92x72;485x92x72
Hinowa,PT15G (Undercarriage),230x96x32;230x48x64,230x96x32;230x48x64,230x96x32;230x48x64
Hinowa,PT15G/400 (Undercarriage),230x72x43,230x72x43,230x72x43
Hinowa,PT15G/4001 (Undercarriage),230x96x32;230x48x64,230x96x32;230x48x64,230x96x32;230x48x64
Hinowa,PT1700 (Undercarriage),230x96x35;230x48x70,230x96x35;230x48x70,230x96x35;230x48x70
Hinowa,PT20 (Undercarriage),250x72x52,250x72x52,250x72x52
Hinowa,PT2000 (Undercarriage),230x96x39;250x48x78,230x96x39;250x48x78,230x96x39;250x48x78
Hinowa,PT2000G/100 (Undercarriage),230x96x39;250x48x78,230x96x39;250x48x78,230x96x39;250x48x78
Hinowa,PT200P (Undercarriage),230x96x40;250x48x80,230x96x40;250x48x80,230x96x40;250x48x80
Hinowa,PT20G (Undercarriage),250x72x52,250x72x52,250x72x52
Hinowa,PT20G/301 (Undercarriage),250x72x52,250x72x52,250x72x52
Hinowa,PT20G/3011 (Undercarriage),250x96x39;250x48x78,250x96x39;250x48x78,250x96x39;250x48x78
Hinowa,PT20GL (Undercarriage),250x72x57,250x72x57,250x72x57
Hinowa,PT20GL/301 (Undercarriage),250x72x57,250x72x57,250x72x57
Hinowa,PT3000 (Undercarriage),300x54x78;300x52.5x80,300x54x78;300x52.5x80 (Narrow),300x54x78;300x52.5x80(N)
Hinowa,PT3000G/100 (Undercarriage),300x55x78;300x52.5x80,300x55x78;300x52.5x80 (Narrow),300x55x78;300x52.5x80(N)
Hinowa,TT 1350,200x96x33;230x48x66,200x96x33;230x48x66,200x96x33;230x48x66
Hinowa,TT 1600,230x96x35;230x48x70,230x96x35;230x48x70,230x96x35;230x48x70
Hinowa,TT 1700,230x96x35;230x48x70,230x96x35;230x48x70,230x96x35;230x48x70
Hinowa,VT 1550,230x72x43;230x48x64;230x96x32,230x72x43;230x48x64;230x96x32,230x72x43;230x48x64;230x96x32
Hinowa,VT 1550 2V,230x72x43,230x72x43,230x72x43
Hinowa,VT 1650,230x72x43;230x48x64;230x96x32,230x72x43;230x48x64;230x96x32,230x72x43;230x48x64;230x96x32
Hinowa,VT 1650 2V,230x72x43,230x72x43,230x72x43
Hinowa,VT 2000,230x96x39;250x48x78,230x96x39;250x48x78,230x96x39;250x48x78
Hinowa,VT 2500,250x107.5x37;250x52.5x76;300x52.5x76,250x107.5x37;250x52.5x76 (Narrow);300x52.5x76 (Narrow),250x107.5x37;250x52.5x76(N);300x52.5x76(N)
Hinowa,VT 3000,300x52.5x76;250x52.5x76;300x52.5x76,300x52.5x76;250x52.5x76 (Narrow);300x52.5x76 (Narrow),300x52.5x76;250x52.5x76(N);300x52.5x76(N)
Hinowa,VT 3000 2V,300x54x78;300x52.5x80,300x54x78;300x52.5x80 (Narrow),300x54x78;300x52.5x80(N)
Hinowa,VT 4000,350x108x42;350x52.5x86,350x108x42;350x52.5x86,350x108x42;350x52.5x86
Hinowa,VT 4000 2V,350x109x42;350x52.5x86,350x109x42;350x52.5x86,350x109x42;350x52.5x86
Hinowa,VTT 1300,200x96x31;230x48x62,200x96x31;230x48x62,200x96x31;230x48x62
Hinowa,VTT 1550,200x96x35;230x48x70,200x96x35;230x48x70,200x96x35;230x48x70
Hinowa,VTT 1650,200x96x35;230x48x70,200x96x35;230x48x70,200x96x35;230x48x70
Hinowa,YB 10,230x72x43,230x72x43,230x72x43
Hinowa,YFW 5D-1,230x72x50,230x72x50,230x72x50
Hitachi,16,230x96x33;230x48x66,230x96x33;230x48x66,230x96x33;230x48x66
Hitachi,18,230x96x33;230x48x66,230x96x33;230x48x66,230x96x33;230x48x66
Hitachi,25,250x52.5x73;300x52.5x72,250x52.5x73;300x52.5x72 (Narrow),250x52.5x73;300x52.5x72(N)
Hitachi,30,300x52.5x82;300x52.5x82,300x52.5x82;300x52.5x82 (Narrow),300x52.5x82;300x52.5x82(N)
Hitachi,30U,300x52.5x86;300x52.5x86,300x52.5x86;300x52.5x86 (Narrow),300x52.5x86;300x52.5x86(N)
Hitachi,35,300x52.5x82;300x52.5x82,300x52.5x82;300x52.5x82 (Narrow),300x52.5x82;300x52.5x82(N)
Hitachi,35U,300x52.5x86;300x52.5x86,300x52.5x86;300x52.5x86 (Narrow),300x52.5x86;300x52.5x86(N)
Hitachi,40,400x72.5x72,400x72.5x72,400x72.5x72
Hitachi,40U,400x72.5x72,400x72.5x72,400x72.5x72
Hitachi,50,400x72.5x72,400x72.5x72,400x72.5x72
Hitachi,50U,400x72.5x72,400x72.5x72,400x72.5x72
Hitachi,50U-2,400x72.5x72,400x72.5x72,400x72.5x72
Hitachi,55U,400x72.5x72,400x72.5x72,400x72.5x72
Hitachi,70,450x81x78;450x81x78,450x81x78;450x81x78 (Narrow),450x81x78;450x81x78(N)
Hitachi,80,450x81x78;450x81x78,450x81x78;450x81x78 (Narrow),450x81x78;450x81x78(N)
Hitachi,85,450x81x78;450x81x78,450x81x78;450x81x78 (Narrow),450x81x78;450x81x78(N)
Hitachi,AX16-2N (2002),230x96x33;230x48x66,230x96x33;230x48x66,230x96x33;230x48x66
Hitachi,CG 100 (Dumper),750x150x66,750x150x66,750x150x66
Hitachi,CG 110 (Dumper),750x150x66,750x150x66,750x150x66
Hitachi,CG 65 (Dumper),700x100x98,700x100x98,700x100x98
Hitachi,EX 08,180x72x37,180x72x37,180x72x37
Hitachi,EX 100,500x92x78,500x92x78,500x92x78
Hitachi,EX 100-1,500x92x78,500x92x78,500x92x78
Hitachi,EX 100-2,500x92x78,500x92x78,500x92x78
Hitachi,EX 100-3,500x92x78,500x92x78,500x92x78
Hitachi,EX 100-5,500x92x78,500x92x78,500x92x78
Hitachi,EX 105,500x92x78,500x92x78,500x92x78
Hitachi,EX 10U,180x72x40,180x72x40,180x72x40
Hitachi,EX 10UX,180x72x40,180x72x40,180x72x40
Hitachi,EX 12 (New),230x96x31;230x48x62,230x96x31;230x48x62,230x96x31;230x48x62
Hitachi,EX 12 (old),230x72x42,230x72x42,230x72x42
Hitachi,EX 12-1,230x96x31;230x48x62,230x96x31;230x48x62,230x96x31;230x48x62
Hitachi,EX 12-2,230x96x31;230x48x62,230x96x31;230x48x62,230x96x31;230x48x62
Hitachi,EX 120 (not on new sprocket),500x92x84,500x92x84,500x92x84
Hitachi,EX 120-2,500x92x84,500x92x84,500x92x84
Hitachi,EX 120-5,500x92x84,500x92x84,500x92x84
Hitachi,EX 135U,500x92x84,500x92x84,500x92x84
Hitachi,EX 135UR,500x92x84,500x92x84,500x92x84
Hitachi,EX 135VR,500x92x84,500x92x84,500x92x84
Hitachi,EX 138UU,500x92x84,500x92x84,500x92x84
Hitachi,EX 14,230x72x42,230x72x42,230x72x42
Hitachi,EX 14SR,230x72x42,230x72x42,230x72x42
Hitachi,EX 15,230x96x31;230x48x62,230x96x31;230x48x62,230x96x31;230x48x62
Hitachi,EX 15 (Lotus root),230x96x34;230x48x68,230x96x34;230x48x68,230x96x34;230x48x68
Hitachi,EX 15-1,230x96x31;230x48x62,230x96x31;230x48x62,230x96x31;230x48x62
Hitachi,EX 15-2,230x96x31;230x48x62,230x96x31;230x48x62,230x96x31;230x48x62
Hitachi,EX 15SR,200x72x42,200x72x42,200x72x42
Hitachi,EX 15U,230x96x31;230x48x62,230x96x31;230x48x62,230x96x31;230x48x62
Hitachi,EX 15UR,230x96x35;230x48x70,230x96x35;230x48x70,230x96x35;230x48x70
Hitachi,EX 16,230x96x31;230x48x62,230x96x31;230x48x62,230x96x31;230x48x62
Hitachi,EX 16-2,230x96x33;230x48x66,230x96x33;230x48x66,230x96x33;230x48x66
Hitachi,EX 17,230x96x33;230x48x66,230x96x33;230x48x66,230x96x33;230x48x66
Hitachi,EX 17-2,230x96x33;230x48x66,230x96x33;230x48x66,230x96x33;230x48x66
Hitachi,EX 17-2B,230x96x33;230x48x66,230x96x33;230x48x66,230x96x33;230x48x66
Hitachi,EX 17U,230x96x35;230x48x70,230x96x35;230x48x70,230x96x35;230x48x70
Hitachi,EX 20-2,250x52.5x73;300x52.5x72,250x52.5x73;300x52.5x72 (Narrow),250x52.5x73;300x52.5x72(N)
Hitachi,EX 20U,250x96x41;250x47x84;250x48x82,250x96x41;250x47x84;250x48x82,250x96x41;250x47x84;250x48x82
Hitachi,EX 20U-1,250x96x41;250x47x84;250x48x82,250x96x41;250x47x84;250x48x82,250x96x41;250x47x84;250x48x82
Hitachi,EX 20U-3,250x52.5x76;250x52.5x76;300x52.5x76,250x52.5x76;250x52.5x76 (Narrow);300x52.5x76 (Narrow),250x52.5x76;250x52.5x76(N);300x52.5x76(N)
Hitachi,EX 20UR,250x52.5x76;250x52.5x76;300x52.5x76,250x52.5x76;250x52.5x76 (Narrow);300x52.5x76 (Narrow),250x52.5x76;250x52.5x76(N);300x52.5x76(N)
Hitachi,EX 20UR-1,250x52.5x76;250x52.5x76;300x52.5x76,250x52.5x76;250x52.5x76 (Narrow);300x52.5x76 (Narrow),250x52.5x76;250x52.5x76(N);300x52.5x76(N)
Hitachi,EX 20UR-3,250x52.5x77;250x52.5x77,250x52.5x77;250x52.5x77 (Narrow),250x52.5x77;250x52.5x77(N)
Hitachi,EX 21,250x52.5x73;300x52.5x72,250x52.5x73;300x52.5x72 (Narrow),250x52.5x73;300x52.5x72(N)
Hitachi,EX 22,250x52.5x73;300x52.5x72,250x52.5x73;300x52.5x72 (Narrow),250x52.5x73;300x52.5x72(N)
Hitachi,EX 22-1,250x52.5x73;300x52.5x72,250x52.5x73;300x52.5x72 (Narrow),250x52.5x73;300x52.5x72(N)
Hitachi,EX 22-2,250x52.5x73;300x52.5x72,250x52.5x73;300x52.5x72 (Narrow),250x52.5x73;300x52.5x72(N)
Hitachi,EX 24,300x109x35;300x52.5x72,300x109x35;300x52.5x72 (Narrow),300x109x35;300x52.5x72(N)
Hitachi,EX 24U,300x52.5x76;250x52.5x76;300x52.5x76,300x52.5x76;250x52.5x76 (Narrow);300x52.5x76 (Narrow),300x52.5x76;250x52.5x76(N);300x52.5x76(N)
Hitachi,EX 25,300x55x74;250x52.5x76;300x52.5x76,300x55x74;250x52.5x76 (Narrow);300x52.5x76 (Narrow),300x55x74;250x52.5x76(N);300x52.5x76(N)
Hitachi,EX 25-1,300x55x74;250x52.5x76;300x52.5x76,300x55x74;250x52.5x76 (Narrow);300x52.5x76 (Narrow),300x55x74;250x52.5x76(N);300x52.5x76(N)
Hitachi,EX 25-2,300x52.5x77;250x52.5x76;300x52.5x76,300x52.5x77;250x52.5x76 (Narrow);300x52.5x76 (Narrow),300x52.5x77;250x52.5x76(N);300x52.5x76(N)
Hitachi,EX 25U,300x52.5x78;300x52.5x78,300x52.5x78;300x52.5x78 (Narrow),300x52.5x78;300x52.5x78(N)
Hitachi,EX 26,300x109x37;250x52.5x76;300x52.5x76,300x109x37;250x52.5x76 (Narrow);300x52.5x76 (Narrow),300x109x37;250x52.5x76(N);300x52.5x76(N)
Hitachi,EX 27,300x109x37;250x52.5x76;300x52.5x76,300x109x37;250x52.5x76 (Narrow);300x52.5x76 (Narrow),300x109x37;250x52.5x76(N);300x52.5x76(N)
Hitachi,EX 27U,300x52.5x78;300x52.5x78,300x52.5x78;300x52.5x78 (Narrow),300x52.5x78;300x52.5x78(N)
Hitachi,EX 29U,300x52.5x78;300x52.5x78,300x52.5x78;300x52.5x78 (Narrow),300x52.5x78;300x52.5x78(N)
Hitachi,EX 29UR,300x52.5x78;300x52.5x78,300x52.5x78;300x52.5x78 (Narrow),300x52.5x78;300x52.5x78(N)
Hitachi,EX 30,300x55x80;300x52.5x82,300x55x80;300x52.5x82 (Narrow),300x55x80;300x52.5x82(N)
Hitachi,EX 30-1,300x55x80;300x52.5x82,300x55x80;300x52.5x82 (Narrow),300x55x80;300x52.5x82(N)
Hitachi,EX 30-2,300x52.5x82;300x52.5x82,300x52.5x82;300x52.5x82 (Narrow),300x52.5x82;300x52.5x82(N)
Hitachi,EX 30U Lotus root,300x55x80;300x52.5x82,300x55x80;300x52.5x82 (Narrow),300x55x80;300x52.5x82(N)
Hitachi,EX 30UR,300x52.5x76;300x52.5x82,300x52.5x76 (Narrow);300x52.5x82 (Narrow),300x52.5x76(N);300x52.5x82(N)
Hitachi,EX 30UR-1,300x55x74;300x52.5x76,300x55x74;300x52.5x76 (Narrow),300x55x74;300x52.5x76(N)
Hitachi,EX 30UR-2,300x55x74;300x52.5x76,300x55x74;300x52.5x76 (Narrow),300x55x74;300x52.5x76(N)
Hitachi,EX 30UR-3,300x52.5x82;300x52.5x82,300x52.5x82;300x52.5x82 (Narrow),300x52.5x82;300x52.5x82(N)
Hitachi,EX 32U,300x52.5x82;300x52.5x82,300x52.5x82;300x52.5x82 (Narrow),300x52.5x82;300x52.5x82(N)
Hitachi,EX 33,300x109x41;300x52.5x84,300x109x41;300x52.5x84,300x109x41;300x52.5x84
Hitachi,EX 33Mu,300x52.5x82;300x52.5x82,300x52.5x82;300x52.5x82 (Narrow),300x52.5x82;300x52.5x82(N)
Hitachi,EX 33U,300x55x80;300x52.5x82,300x55x80;300x52.5x82 (Narrow),300x55x80;300x52.5x82(N)
Hitachi,EX 33U-3,300x55x80;300x52.5x82,300x55x80;300x52.5x82 (Narrow),300x55x80;300x52.5x82(N)
Hitachi,EX 35,300x55x82;300x52.5x84,300x55x82;300x52.5x84 (Narrow),300x55x82;300x52.5x84(N)
Hitachi,EX 35-1,300x55x82;300x52.5x84,300x55x82;300x52.5x84 (Narrow),300x55x82;300x52.5x84(N)
Hitachi,EX 35-2,300x52.5x82;300x52.5x82,300x52.5x82;300x52.5x82 (Narrow),300x52.5x82;300x52.5x82(N)
Hitachi,EX 35U,300x52.5x86;300x52.5x86,300x52.5x86;300x52.5x86 (Narrow),300x52.5x86;300x52.5x86(N)
Hitachi,EX 36U,300x52.5x86;300x52.5x86,300x52.5x86;300x52.5x86 (Narrow),300x52.5x86;300x52.5x86(N)
Hitachi,EX 40,400x72.5x72;400x725x72,400x72.5x72;400x725x72,400x72.5x72;400x725x72
Hitachi,EX 40-2,400x72.5x72;400x725x72,400x72.5x72;400x725x72,400x72.5x72;400x725x72
Hitachi,EX 40U,400x72.5x72;400x725x72,400x72.5x72;400x725x72,400x72.5x72;400x725x72
Hitachi,EX 40UR,300x55x82;300x52.5x84,300x55x82;300x52.5x84 (Narrow),300x55x82;300x52.5x84(N)
Hitachi,EX 40UR-1,300x55x82;300x52.5x84,300x55x82;300x52.5x84 (Narrow),300x55x82;300x52.5x84(N)
Hitachi,EX 40UR-2,300x55x82;300x52.5x84,300x55x82;300x52.5x84 (Narrow),300x55x82;300x52.5x84(N)
Hitachi,EX 40URG,300x55x82;300x52.5x84,300x55x82;300x52.5x84 (Narrow),300x55x82;300x52.5x84(N)
Hitachi,EX 45,400x72.5x72,400x72.5x72,400x72.5x72
Hitachi,EX 45-2,400x72.5x72,400x72.5x72,400x72.5x72
Hitachi,EX 50,400x142x37;400x72.5x72,400x142x37;400x72.5x72,400x142x37;400x72.5x72
Hitachi,EX 50-1,400x142x37;400x72.5x72,400x142x37;400x72.5x72,400x142x37;400x72.5x72
Hitachi,EX 50-2,400x72.5x72,400x72.5x72,400x72.5x72
Hitachi,EX 50U,400x72.5x72,400x72.5x72,400x72.5x72
Hitachi,EX 50UR,400x72.5x72,400x72.5x72,400x72.5x72
Hitachi,EX 50UR-2,400x72.5x72,400x72.5x72,400x72.5x72
Hitachi,EX 50URG,400x72.5x72,400x72.5x72,400x72.5x72
Hitachi,EX 55,400x72.5x72;400x142x39;400x72.5x76,400x72.5x72;400x142x39;400x72.5x76,400x72.5x72;400x142x39;400x72.5x76
Hitachi,EX 55UR,400x72.5x72,400x72.5x72,400x72.5x72
Hitachi,EX 55UR-2,400x72.5x72,400x72.5x72,400x72.5x72
Hitachi,EX 55UR-3,400x72.5x72,400x72.5x72,400x72.5x72
Hitachi,EX 55URG,400x142x37;400x72.5x72,400x142x37;400x72.5x72,400x142x37;400x72.5x72
Hitachi,EX 58,400x72.5x74,400x72.5x74,400x72.5x74
Hitachi,EX 58Mu,400x72.5x74,400x72.5x74,400x72.5x74
Hitachi,EX 60 LC,450x81x78;450x81x78,450x81x78;450x81x78 (Narrow),450x81x78;450x81x78(N)
Hitachi,EX 60 LC-2,450x81x76,450x81x76,450x81x76
Hitachi,EX 60 LC-3,450x163x38;450x81x76,450x163x38;450x81x76,450x163x38;450x81x76
Hitachi,EX 60 LC-5,450x81x78;450x81x78,450x81x78;450x81x78 (Narrow),450x81x78;450x81x78(N)
Hitachi,EX 60 URG-2,450x81x76,450x81x76,450x81x76
Hitachi,EX 7,180x72x36,180x72x36,180x72x36
Hitachi,EX 70U,450x81x78;450x81x78,450x81x78;450x81x78 (Narrow),450x81x78;450x81x78(N)
Hitachi,EX 75-2,450x81x76,450x81x76,450x81x76
Hitachi,EX 75UR,450x81x76,450x81x76,450x81x76
Hitachi,EX 75UR-2,450x81x76,450x81x76,450x81x76
Hitachi,EX 75UR-3 (SN < 1530),450x81x76,450x81x76,450x81x76
Hitachi,EX 75UR-3 (SN > 1529),450x81x78;450x81x78,450x81x78;450x81x78 (Narrow),450x81x78;450x81x78(N)
Hitachi,EX 75UR-5,450x81x78;450x81x78,450x81x78;450x81x78 (Narrow),450x81x78;450x81x78(N)
Hitachi,EX 75US,450x81x78;450x81x78,450x81x78;450x81x78 (Narrow),450x81x78;450x81x78(N)
Hitachi,EX 75US-7 ('2001),450x81x78;450x81x78,450x81x78;450x81x78 (Narrow),450x81x78;450x81x78(N)
Hitachi,EX 8,180x72x37,180x72x37,180x72x37
Hitachi,EX 8-1,180x72x37,180x72x37,180x72x37
Hitachi,EX 8-2,180x72x37,180x72x37,180x72x37
Hitachi,EX 8-2B,180x72x37,180x72x37,180x72x37
Hitachi,EX 80U,450x81.5x76;450x81x78,450x81.5x76;450x81x78 (Narrow),450x81.5x76;450x81x78(N)
Hitachi,Ex 18-2,250x52.5x73;300x52.5x72,250x52.5x73;300x52.5x72 (Narrow),250x52.5x73;300x52.5x72(N)
Hitachi,HE 10,230x72x42,230x72x42,230x72x42
Hitachi,HE 15,230x96x33;230x48x66,230x96x33;230x48x66,230x96x33;230x48x66
Hitachi,HX 140B (Crane) (OEM400x72.5x72),400x72.5x72;400x72.5x78,400x72.5x72;400x72.5x78,400x72.5x72;400x72.5x78
Hitachi,HX 64B (Lifting platform),250x52.5x76;250x52.5x76;300x52.5x76,250x52.5x76;250x52.5x76 (Narrow);300x52.5x76 (Narrow),250x52.5x76;250x52.5x76(N);300x52.5x76(N)
Hitachi,HX 99B (Crane),400x72.5x72,400x72.5x72,400x72.5x72
Hitachi,HX 99B (Lifting platform),400x72.5x72,400x72.5x72,400x72.5x72
Hitachi,HX 99B-2 (Lifting platform),400x72.5x72,400x72.5x72,400x72.5x72
Hitachi,ME 15,230x96x33;230x48x66,230x96x33;230x48x66,230x96x33;230x48x66
Hitachi,ME 15S,230x72x42,230x72x42,230x72x42
Hitachi,SH 15-2,230x96x31;230x48x62,230x96x31;230x48x62,230x96x31;230x48x62
Hitachi,SH 30-2,300x55x80;300x52.5x82,300x55x80;300x52.5x82 (Narrow),300x55x80;300x52.5x82(N)
Hitachi,SH 40-2,400x72.5x72,400x72.5x72,400x72.5x72
Hitachi,SH 45-2,400x72.5x72,400x72.5x72,400x72.5x72
Hitachi,UE 004,230x72x42,230x72x42,230x72x42
Hitachi,UE 10,230x72x42,230x72x42,230x72x42
Hitachi,UE 12,230x72x42,230x72x42,230x72x42
Hitachi,UE 15,230x72x42;230x72x43,230x72x42;230x72x43,230x72x42;230x72x43
Hitachi,UE 15SR,230x72x42;230x72x43,230x72x42;230x72x43,230x72x42;230x72x43
Hitachi,UE 20,300x109x35;320x100x38;300x52.5x72,300x109x35;320x100x38;300x52.5x72 (Narrow),300x109x35;320x100x38;300x52.5x72(N)
Hitachi,UE 30 (OEM 300x52.5x84),300x52.5x84;320x100x44,300x52.5x84;320x100x44,300x52.5x84;320x100x44
Hitachi,UE 35,300x109x42;300x52.5x86,300x109x42;300x52.5x86 (Narrow),300x109x42;300x52.5x86(N)
Hitachi,UE 40,350x109x42;300x52.5x86,350x109x42;300x52.5x86 (Narrow),350x109x42;300x52.5x86(N)
Hitachi,UE 45,400x72.5x72,400x72.5x72,400x72.5x72
Hitachi,UE 50,400x72.5x72,400x72.5x72,400x72.5x72
Hitachi,ZE 19,230x48x70,230x48x70,230x48x70
Hitachi,ZX 10U,180x72x41,180x72x41,180x72x41
Hitachi,ZX 10U-2,180x72x41,180x72x41,180x72x41
Hitachi,ZX 135,500x92x84,500x92x84,500x92x84
Hitachi,ZX 14-3,230x96x31;230x48x62,230x96x31;230x48x62,230x96x31;230x48x62
Hitachi,ZX 16,230x96x33;230x48x66,230x96x33;230x48x66,230x96x33;230x48x66
Hitachi,ZX 16-3,230x48x66,230x48x66,230x48x66
Hitachi,ZX 16YLR,230x96x33;230x48x66,230x96x33;230x48x66,230x96x33;230x48x66
Hitachi,ZX 17U-2,230x48x70,230x48x70,230x48x70
Hitachi,ZX 17U-2YLR,230x96x35;230x48x70,230x96x35;230x48x70,230x96x35;230x48x70
Hitachi,ZX 17U-5,230x48x70,230x48x70,230x48x70
Hitachi,ZX 17U-6,230x48x70,230x48x70,230x48x70
Hitachi,ZX 18,230x96x33;230x48x66,230x96x33;230x48x66,230x96x33;230x48x66
Hitachi,ZX 18-3,230x48x70,230x48x70,230x48x70
Hitachi,ZX 19U-5,230x48x70,230x48x70,230x48x70
Hitachi,ZX 19U-6,230x48x70,230x48x70,230x48x70
Hitachi,ZX 22U,250x52.5x77;250x52.5x77,250x52.5x77;250x52.5x77 (Narrow),250x52.5x77;250x52.5x77(N)
Hitachi,ZX 22U-2,250x52.5x77;250x52.5x77,250x52.5x77;250x52.5x77 (Narrow),250x52.5x77;250x52.5x77(N)
Hitachi,ZX 25,250x52.5x73;300x52.5x72,250x52.5x73;300x52.5x72 (Narrow),250x52.5x73;300x52.5x72(N)
Hitachi,ZX 25CLR,250x52.5x73;300x52.5x72,250x52.5x73;300x52.5x72 (Narrow),250x52.5x73;300x52.5x72(N)
Hitachi,ZX 26U-5,300x52.5x80;300x52.5x80,300x52.5x80;300x52.5x80 (Narrow),300x52.5x80;300x52.5x80(N)
Hitachi,ZX 27U,300x52.5x78;300x52.5x78,300x52.5x78;300x52.5x78 (Narrow),300x52.5x78;300x52.5x78(N)
Hitachi,ZX 27U-2,300x52.5x80;300x52.5x80,300x52.5x80;300x52.5x80 (Narrow),300x52.5x80;300x52.5x80(N)
Hitachi,ZX 27U-3,300x52.5x80;300x52.5x80,300x52.5x80;300x52.5x80 (Narrow),300x52.5x80;300x52.5x80(N)
Hitachi,ZX 29U,300x52.5x80;300x52.5x80,300x52.5x80;300x52.5x80 (Narrow),300x52.5x80;300x52.5x80(N)
Hitachi,ZX 29U-3,300x52.5x80;300x52.5x80,300x52.5x80;300x52.5x80 (Narrow),300x52.5x80;300x52.5x80(N)
Hitachi,ZX 30,300x52.5x82;300x52.5x82,300x52.5x82;300x52.5x82 (Narrow),300x52.5x82;300x52.5x82(N)
Hitachi,ZX 30U,300x52.5x86;300x52.5x86,300x52.5x86;300x52.5x86 (Narrow),300x52.5x86;300x52.5x86(N)
Hitachi,ZX 30U-2,300x52.5x86;300x52.5x86,300x52.5x86;300x52.5x86 (Narrow),300x52.5x86;300x52.5x86(N)
Hitachi,ZX 30U-3F,300x52.5x86;300x52.5x86,300x52.5x86;300x52.5x86 (Narrow),300x52.5x86;300x52.5x86(N)
Hitachi,ZX 33U,300x52.5x86;300x52.5x86,300x52.5x86;300x52.5x86 (Narrow),300x52.5x86;300x52.5x86(N)
Hitachi,ZX 33U-3,300x52.5x86;300x52.5x86,300x52.5x86;300x52.5x86 (Narrow),300x52.5x86;300x52.5x86(N)
Hitachi,ZX 33U-5,300x52.5x86;300x52.5x86,300x52.5x86;300x52.5x86 (Narrow),300x52.5x86;300x52.5x86(N)
Hitachi,ZX 35,300x52.5x82;300x52.5x82,300x52.5x82;300x52.5x82 (Narrow),300x52.5x82;300x52.5x82(N)
Hitachi,ZX 35U-2,300x52.5x86;300x52.5x86,300x52.5x86;300x52.5x86 (Narrow),300x52.5x86;300x52.5x86(N)
Hitachi,ZX 35U-3,300x52.5x86;300x52.5x86,300x52.5x86;300x52.5x86 (Narrow),300x52.5x86;300x52.5x86(N)
Hitachi,ZX 35U-5,300x52.5x86;300x52.5x86,300x52.5x86;300x52.5x86 (Narrow),300x52.5x86;300x52.5x86(N)
Hitachi,ZX 38U,300x52.5x86;300x52.5x86,300x52.5x86;300x52.5x86 (Narrow),300x52.5x86;300x52.5x86(N)
Hitachi,ZX 38U-3,300x52.5x86;300x52.5x86,300x52.5x86;300x52.5x86 (Narrow),300x52.5x86;300x52.5x86(N)
Hitachi,ZX 38U-5,300x52.5x86;300x52.5x86,300x52.5x86;300x52.5x86 (Narrow),300x52.5x86;300x52.5x86(N)
Hitachi,ZX 40,400x72.5x72,400x72.5x72,400x72.5x72
Hitachi,ZX 40U,400x72.5x72,400x72.5x72,400x72.5x72
Hitachi,ZX 40U-2,400x72.5x74,400x72.5x74,400x72.5x74
Hitachi,ZX 40U-3,400x72.5x74,400x72.5x74,400x72.5x74
Hitachi,ZX 48 U-3,400x72.5x74;400x72.5x74,400x72.5x74;400x72.5x74 (Narrow),400x72.5x74;400x72.5x74(N)
Hitachi,ZX 48 U-5,400x72.5x74;400x72.5x74,400x72.5x74;400x72.5x74 (Narrow),400x72.5x74;400x72.5x74(N)
Hitachi,ZX 50,400x72.5x72,400x72.5x72,400x72.5x72
Hitachi,ZX 50U (SN < 7001 ),400x72.5x72,400x72.5x72,400x72.5x72
Hitachi,ZX 50U (SN > 7000 ),400x72.5x74;400x72.5x74,400x72.5x74;400x72.5x74 (Narrow),400x72.5x74;400x72.5x74(N)
Hitachi,ZX 50U-2,400x72.5x74;400x72.5x74,400x72.5x74;400x72.5x74 (Narrow),400x72.5x74;400x72.5x74(N)
Hitachi,ZX 50U-3,400x72.5x74;400x72.5x74,400x72.5x74;400x72.5x74 (Narrow),400x72.5x74;400x72.5x74(N)
Hitachi,ZX 50U-5,400x72.5x74;400x72.5x74,400x72.5x74;400x72.5x74 (Narrow),400x72.5x74;400x72.5x74(N)
Hitachi,ZX 52U,400x72.5x74;400x72.5x74,400x72.5x74;400x72.5x74 (Narrow),400x72.5x74;400x72.5x74(N)
Hitachi,ZX 52U-3,400x72.5x74;400x72.5x74,400x72.5x74;400x72.5x74 (Narrow),400x72.5x74;400x72.5x74(N)
Hitachi,ZX 55U,400x72.5x72,400x72.5x72,400x72.5x72
Hitachi,ZX 55U-5,400x72.5x74,400x72.5x74,400x72.5x74
Hitachi,ZX 55U-6,400x72.5x74;400x72.5x74,400x72.5x74;400x72.5x74 (Narrow),400x72.5x74;400x72.5x74(N)
Hitachi,ZX 60U-3,400x72.5x74,400x72.5x74,400x72.5x74
Hitachi,ZX 60U-5,400x72.5x74,400x72.5x74,400x72.5x74
Hitachi,ZX 60USB,400x72.5x74,400x72.5x74,400x72.5x74
Hitachi,ZX 60USB-3,400x72.5x74,400x72.5x74,400x72.5x74
Hitachi,ZX 60USB-5N,400x72.5x74,400x72.5x74,400x72.5x74
Hitachi,ZX 65U-5,400x72.5x74,400x72.5x74,400x72.5x74
Hitachi,ZX 65USB-6,400x72.5x74,400x72.5x74,400x72.5x74
Hitachi,ZX 70LC,450x81x78;450x81x78,450x81x78;450x81x78 (Narrow),450x81x78;450x81x78(N)
Hitachi,ZX 75US,450x81.5x76;450x81x76,450x81.5x76;450x81x76,450x81.5x76;450x81x76
Hitachi,ZX 8-2,180x72x37,180x72x37,180x72x37
Hitachi,ZX 80LC,450x81x78;450x81x78,450x81x78;450x81x78 (Narrow),450x81x78;450x81x78(N)
Hitachi,ZX 85,450x81x78;450x81x78,450x81x78;450x81x78 (Narrow),450x81x78;450x81x78(N)
Hitachi,ZX 85US,450x81x78;450x81x78,450x81x78;450x81x78 (Narrow),450x81x78;450x81x78(N)
Hitachi,ZX 85US-3,450x81x78;450x81x78,450x81x78;450x81x78 (Narrow),450x81x78;450x81x78(N)
Hitachi,ZX 85US-5A,450x81x78;450x81x78,450x81x78;450x81x78 (Narrow),450x81x78;450x81x78(N)
Hokuetsu,HM 07S,180x72x36,180x72x36,180x72x36
Hokuetsu,HM 10,200x72x42,200x72x42,200x72x42
Hokuetsu,HM 10G,200x72x42,200x72x42,200x72x42
Hokuetsu,HM 10SG,200x72x42,200x72x42,200x72x42
Hokuetsu,HM 15,200x72x42,200x72x42,200x72x42
Hokuetsu,HM 15S,200x72x42,200x72x42,200x72x42
Hokuetsu,HM 30SZG,300x109x40;300x52.5x82,300x109x40;300x52.5x82 (Narrow),300x109x40;300x52.5x82(N)
Hokuetsu,HM 45,400x146x36;400x72.5x72,400x146x36;400x72.5x72,400x146x36;400x72.5x72
Holmac,HM 200,200x72x37,200x72x37,200x72x37
Holmac,HZC 16-22,200x72x37;180x72x37,200x72x37;180x72x37,200x72x37;180x72x37
Holmac,HZC 24,230x72x37,230x72x37,230x72x37
Holmac,HZC 25,230x72x37,230x72x37,230x72x37
Holmac,HZC 26-20,230x72x43,230x72x43,230x72x43
Holmac,HZC 26TL (Long side),200x72x42,200x72x42,200x72x42
Holmac,HZC 26TL (Short side),200x72x37;180x72x37,200x72x37;180x72x37,200x72x37;180x72x37
Holmac,HZC 29 2X,230x72x43,230x72x43,230x72x43
Holmac,HZC 35,300x72x45;250x72x45,300x72x45;250x72x45,300x72x45;250x72x45
Holmac,HZC 35T,300x72x45;250x72x45,300x72x45;250x72x45,300x72x45;250x72x45
Holmac,HZC 37,300x72x45;250x72x45,300x72x45;250x72x45,300x72x45;250x72x45
Holman,R 13700,230x72x43,230x72x43,230x72x43
Holmed,Mini-excavator,200x72x36;180x72x36,200x72x36;180x72x36,200x72x36;180x72x36
Honda,B 114,180x60x30,180x60x30,180x60x30
Honda,B 415,180x60x37,180x60x37,180x60x37
Honda,HP 250 (carrier) [OEM 180x60x30],180x60x30;180x60x34;180x60x37,180x60x30;180x60x34;180x60x37,180x60x30;180x60x34;180x60x37
Honda,HP 350 (carrier) [OEM 180x60x34],180x60x34,180x60x34,180x60x34
Honda,HP 400 (carrier) [OEM 180x60x37],180x60x37;180x72x34,180x60x37;180x72x34,180x60x37;180x72x34
Honda,HP 500 (carrier) [OEM 180x60x37],180x60x37;230x72x37,180x60x37;230x72x37,180x60x37;230x72x37
Honda,HP 510 (carrier),180x60x37,180x60x37,180x60x37
Honda,HP 515 (carrier),180x60x37,180x60x37,180x60x37
Honda,HP 516 (carrier),180x60x37,180x60x37,180x60x37
Honda,HP 800A (mini dumper),180x72x34,180x72x34,180x72x34
Honda,SC 156DD (Carrier),180x60x34,180x60x34,180x60x34
Honda,SC 433 (Carrier),200x72x35;180x72x35,200x72x35;180x72x35,200x72x35;180x72x35
Huki,110 (Dumper),230x72x47,230x72x47,230x72x47
Huki,120H (Dumper),250x72x52,250x72x52,250x72x52
Huki,130 (Dumper),250x72x48,250x72x48,250x72x48
Huki,150 (Dumper),250x72x52,250x72x52,250x72x52
Huki,150R (Dumper),250x72x48,250x72x48,250x72x48
Huki,150S (Dumper),250x72x48,250x72x48,250x72x48
Huki,700-2 (Dumper),700x100x98,700x100x98,700x100x98
Huki,80 (Dumper),230x72x43,230x72x43,230x72x43
Huki,D 50,200x72x34;180x72x34,200x72x34;180x72x34,200x72x34;180x72x34
Husqvarna,DXR 140,180x72x35,180x72x35,180x72x35
Husqvarna,DXR 270,230x72x43,230x72x43,230x72x43
Husqvarna,DXR 300,230x72x43,230x72x43,230x72x43
Husqvarna,DXR 310,230x72x43,230x72x43,230x72x43
Husqvarna,DXR250,230x72x37,230x72x37,230x72x37
Hutte,HBR 202TF,250x72x57,250x72x57,250x72x57
Hutter,14 G2,230x72x43,230x72x43,230x72x43
Hydra,9 / 2 (Sky lifter),180x60x38,180x60x38,180x60x38
Hydra,JOY 1 (Drilling machine),230x72x43,230x72x43,230x72x43
Hydra,JOY 2 (Drilling machine),250x72x52,250x72x52,250x72x52
Hydramac,H 15,230x72x43,230x72x43,230x72x43
Hydramac,H 20,230x72x43,230x72x43,230x72x43
Hydro Rain,EUROPA H20,230x72x43,230x72x43,230x72x43
Hyundai,HX10A,180x72x37,180x72x37,180x72x37
Hyundai,R 35 Z-9,300x52.5x86;300x52.5x86,300x52.5x86;300x52.5x86 (Narrow),300x52.5x86;300x52.5x86(N)
Hyundai,Robex 15-5,230x48x66;230x96x33,230x48x66;230x96x33,230x48x66;230x96x33
Hyundai,Robex 15-7,230x48x66;230x96x33,230x48x66;230x96x33,230x48x66;230x96x33
Hyundai,Robex 16-7,230x48x66;230x96x33,230x48x66;230x96x33,230x48x66;230x96x33
Hyundai,Robex 16-9,230x48x70,230x48x70,230x48x70
Hyundai,Robex 17z-9a,230x48x70,230x48x70,230x48x70
Hyundai,Robex 18-9,230x48x70,230x48x70,230x48x70
Hyundai,Robex 25z-9ak,250x52.5x78;250x52.5x78,250x52.5x78;250x52.5x78 (Narrow),250x52.5x78;250x52.5x78(N)
Hyundai,Robex 27Z-9,300x52.5x80;300x52.5x80,300x52.5x80;300x52.5x80 (Narrow),300x52.5x80;300x52.5x80(N)
Hyundai,Robex 28-5,300x52.5x74;300x52.5x74,300x52.5x74;300x52.5x74 (Narrow),300x52.5x74;300x52.5x74(N)
Hyundai,Robex 30,300x55x78;300x52.5x80,300x55x78;300x52.5x80 (Narrow),300x55x78;300x52.5x80(N)
Hyundai,Robex 30z-9a,300x52.5x80;300x52.5x80,300x52.5x80;300x52.5x80 (Narrow),300x52.5x80;300x52.5x80(N)
Hyundai,Robex 30z-9ak,300x52.5x80;300x52.5x80,300x52.5x80;300x52.5x80 (Narrow),300x52.5x80;300x52.5x80(N)
Hyundai,Robex 35-9,300x52.5x86;300x52.5x86,300x52.5x86;300x52.5x86 (Narrow),300x52.5x86;300x52.5x86(N)
Hyundai,Robex 35Z-7A,300x52.5x86;300x52.5x86,300x52.5x86;300x52.5x86 (Narrow),300x52.5x86;300x52.5x86(N)
Hyundai,Robex 35z-9a,300x52.5x86,300x52.5x86,300x52.5x86
Hyundai,Robex 35z-9ak,300x52.5x86,300x52.5x86,300x52.5x86
Hyundai,Robex 36-7,300x52.5x84;300x52.5x84,300x52.5x84;300x52.5x84 (Narrow),300x52.5x84;300x52.5x84(N)
Hyundai,Robex 55-3,400x73x76;400x72.5x76,400x73x76;400x72.5x76,400x73x76;400x72.5x76
Hyundai,Robex 55-7,400x73x76;400x72.5x76,400x73x76;400x72.5x76,400x73x76;400x72.5x76
Hyundai,Robex 55-9,400x73x76;400x72.5x76,400x73x76;400x72.5x76,400x73x76;400x72.5x76
Hyundai,Robex 55-9a,400x73x76;400x72.5x76,400x73x76;400x72.5x76,400x73x76;400x72.5x76
Hyundai,Robex 60cr-9a,400x73x76;400x72.5x76,400x73x76;400x72.5x76,400x73x76;400x72.5x76
Hyundai,Robex 75-7,450x71x86,450x71x86,450x71x86
Hyundai,Robex 80CR-9,450x83.5x74;450x81x76,450x83.5x74;450x81x76 (Narrow),450x83.5x74;450x81x76(N)
Hyundai,Robex R60 CR-9,400x73x76;400x72.5x76,400x73x76;400x72.5x76,400x73x76;400x72.5x76
ICE(Internationalstruction Equipment INC,TD 308 (>2004 model),230x96x33;230x48x66,230x96x33;230x48x66,230x96x33;230x48x66
IHI,102 (dumper) ('2002),180x72x34,180x72x34,180x72x34
IHI,102R (dumper) ('2002),180x72x37,180x72x37,180x72x37
IHI,103 (dumper) ('2002),180x72x37,180x72x37,180x72x37
IHI,103E (dumper) ('2002),180x72x37,180x72x37,180x72x37
IHI,107 (Carrier),200x72x37;180x72x37,200x72x37;180x72x37,200x72x37;180x72x37
IHI,10Z,230x72x47,230x72x47,230x72x47
IHI,12J,230x72x47,230x72x47,230x72x47
IHI,12JX,230x72x47,230x72x47,230x72x47
IHI,12NX,230x72x47,230x72x47,230x72x47
IHI,12VXE,200x72x40,200x72x40,200x72x40
IHI,14NXT,230x96x32;230x48x64,230x96x32;230x48x64,230x96x32;230x48x64
IHI,15J,230x96x32;230x48x64,230x96x32;230x48x64,230x96x32;230x48x64
IHI,15NX,230x96x35;230x48x70,230x96x35;230x48x70,230x96x35;230x48x70
IHI,16N,230x96x32;230x48x64,230x96x32;230x48x64,230x96x32;230x48x64
IHI,16NXT,230x96x35;230x48x70,230x96x35;230x48x70,230x96x35;230x48x70
IHI,17J,230x96x32;230x48x64,230x96x32;230x48x64,230x96x32;230x48x64
IHI,17NE('2002),230x96x32;230x48x64,230x96x32;230x48x64,230x96x32;230x48x64
IHI,17VXE,230x96x35;230x48x70,230x96x35;230x48x70,230x96x35;230x48x70
IHI,18J,230x96x35;230x48x70,230x96x35;230x48x70,230x96x35;230x48x70
IHI,18N,230x96x35;230x48x70,230x96x35;230x48x70,230x96x35;230x48x70
IHI,18NXT,230x96x35;230x48x70,230x96x35;230x48x70,230x96x35;230x48x70
IHI,19VXT,230x96x35;230x48x70,230x96x35;230x48x70,230x96x35;230x48x70
IHI,20JX,250x96x40;250x48x80,250x96x40;250x48x80,250x96x40;250x48x80
IHI,20NX,250x96x40;250x48x80,250x96x40;250x48x80,250x96x40;250x48x80
IHI,20NX-2,250x96x40;250x48x80,250x96x40;250x48x80,250x96x40;250x48x80
IHI,20Z,250x96x40;250x48x80,250x96x40;250x48x80,250x96x40;250x48x80
IHI,22UX,300x109x39;300x52.5x80,300x109x39;300x52.5x80,300x109x39;300x52.5x80
IHI,25J,300x52.5x72,300x52.5x72,300x52.5x72
IHI,25JX,300x52.5x76,300x52.5x76,300x52.5x76
IHI,25NX,300x52.5x78,300x52.5x78,300x52.5x78
IHI,25VX,300x52.5x78,300x52.5x78,300x52.5x78
IHI,27V4,250x52.5x78;300x52.5x78,250x52.5x78;300x52.5x78,250x52.5x78;300x52.5x78
IHI,28J,300x52.5x76,300x52.5x76,300x52.5x76
IHI,28N,300x52.5x78,300x52.5x78,300x52.5x78
IHI,28N-2,300x52.5x78,300x52.5x78,300x52.5x78
IHI,28N-3,300x52.5x78,300x52.5x78,300x52.5x78
IHI,28UX,300x109x39;300x52.5x80,300x109x39;300x52.5x80,300x109x39;300x52.5x80
IHI,30J,300x52.5x80,300x52.5x80,300x52.5x80
IHI,30JX,300x52.5x84,300x52.5x84,300x52.5x84
IHI,30NX,300x52.5x84,300x52.5x84,300x52.5x84
IHI,30NX-2,300x55x82;300x52.5x84,300x55x82;300x52.5x84,300x55x82;300x52.5x84
IHI,30UJ,300x52.5x80,300x52.5x80,300x52.5x80
IHI,30UX,300x52.5x84,300x52.5x84,300x52.5x84
IHI,30V4,300x52.5x84,300x52.5x84,300x52.5x84
IHI,30VX,300x55x82;300x52.5x84,300x55x82;300x52.5x84,300x55x82;300x52.5x84
IHI,30Z,300x52.5x80,300x52.5x80,300x52.5x80
IHI,32J,300x52.5x84,300x52.5x84,300x52.5x84
IHI,35FX,300x52.5x90,300x52.5x90,300x52.5x90
IHI,35J,300x52.5x84,300x52.5x84,300x52.5x84
IHI,35JX,300x52.5x90,300x52.5x90,300x52.5x90
IHI,35N,300x52.5x84,300x52.5x84,300x52.5x84
IHI,35NX,300x52.5x90,300x52.5x90,300x52.5x90
IHI,35NX-2,300x52.5x90,300x52.5x90,300x52.5x90
IHI,35UJ,300x52.5x90,300x52.5x90,300x52.5x90
IHI,35VX,300x55x88;300x52.5x90,300x55x88;300x52.5x90,300x55x88;300x52.5x90
IHI,38N,350x52.5x84;300x52.5x84,350x52.5x84;300x52.5x84,350x52.5x84;300x52.5x84
IHI,38UJ,300x52.5x90,300x52.5x90,300x52.5x90
IHI,40G-1,400x73x70;400x72.5x72,400x73x70;400x72.5x72 (Narrow),400x73x70;400x72.5x72(N)
IHI,40GX-2,400x72.5x72,400x72.5x72,400x72.5x72
IHI,40J,400x73x70;400x72.5x72,400x73x70;400x72.5x72 (Narrow),400x73x70;400x72.5x72(N)
IHI,40JX,400x73x70;400x72.5x72,400x73x70;400x72.5x72 (Narrow),400x73x70;400x72.5x72(N)
IHI,40NX,400x73x70;400x72.5x72,400x73x70;400x72.5x72 (Narrow),400x73x70;400x72.5x72(N)
IHI,40Z,300x52.5x90,300x52.5x90,300x52.5x90
IHI,45J,400x73x72;400x72.5x72,400x73x72;400x72.5x72 (Narrow),400x73x72;400x72.5x72(N)
IHI,45J-2,400x73x72;400x72.5x72,400x73x72;400x72.5x72 (Narrow),400x73x72;400x72.5x72(N)
IHI,45N,400x72.5x72,400x72.5x72,400x72.5x72
IHI,45NX,400x72.5x72,400x72.5x72,400x72.5x72
IHI,45UJ,400x73x72;400x72.5x72,400x73x72;400x72.5x72 (Narrow),400x73x72;400x72.5x72(N)
IHI,45UJ-2,400x73x72;400x72.5x72,400x73x72;400x72.5x72 (Narrow),400x73x72;400x72.5x72(N)
IHI,45V4,400x72.5x74,400x72.5x74,400x72.5x74
IHI,50J,400x73x74;400x72.5x74,400x73x74;400x72.5x74,400x73x74;400x72.5x74
IHI,50NX,400x72.5x72,400x72.5x72,400x72.5x72
IHI,50UX,400x73x74;400x72.5x74,400x73x74;400x72.5x74,400x73x74;400x72.5x74
IHI,50VX,400x72.5x74,400x72.5x74,400x72.5x74
IHI,50Z,400x73x74;400x72.5x74,400x73x74;400x72.5x74,400x73x74;400x72.5x74
IHI,55J,400x73x74;400x72.5x74,400x73x74;400x72.5x74,400x73x74;400x72.5x74
IHI,55J-2,400x73x74;400x72.5x74,400x73x74;400x72.5x74,400x73x74;400x72.5x74
IHI,55N,400x73x74;400x72.5x74,400x73x74;400x72.5x74,400x73x74;400x72.5x74
IHI,55UJ,400x73x74;400x72.5x74,400x73x74;400x72.5x74,400x73x74;400x72.5x74
IHI,55UX,400x73x74;400x72.5x74,400x73x74;400x72.5x74,400x73x74;400x72.5x74
IHI,55V4,400x72.5x74,400x72.5x74,400x72.5x74
IHI,55VX,400x72.5x74,400x72.5x74,400x72.5x74
IHI,55VX-3,400x72.5x74,400x72.5x74,400x72.5x74
IHI,60V4,400x72.5x74,400x72.5x74,400x72.5x74
IHI,65NX,400x73x82;400x72.5x82,400x73x82;400x72.5x82,400x73x82;400x72.5x82
IHI,65UJ,450x71x82,450x71x82,450x71x82
IHI,65UX,400x73x82;400x72.5x82,400x73x82;400x72.5x82,400x73x82;400x72.5x82
IHI,65VX,400x73x82;400x72.5x82,400x73x82;400x72.5x82,400x73x82;400x72.5x82
IHI,65VX-2,400x73x82;400x72.5x82,400x73x82;400x72.5x82,400x73x82;400x72.5x82
IHI,70Z,450x71x82,450x71x82,450x71x82
IHI,75NX,450x71x82,450x71x82,450x71x82
IHI,75UJ,450x71x82,450x71x82,450x71x82
IHI,7GX,180x72x37,180x72x37,180x72x37
IHI,7J,180x72x37,180x72x37,180x72x37
IHI,7JE,180x72x37,180x72x37,180x72x37
IHI,80NX,450x71x82,450x71x82,450x71x82
IHI,80NX-3,450x71x82,450x71x82,450x71x82
IHI,80VX,450x71x82,450x71x82,450x71x82
IHI,80VX-3,450x71x82,450x71x82,450x71x82
IHI,85V-4,450x71x82,450x71x82,450x71x82
IHI,9NX,180x72x37,180x72x37,180x72x37
IHI,9VX,180x72x37,180x72x37,180x72x37
IHI,CARRY 105,180x72x34,180x72x34,180x72x34
IHI,CARRY 107,180x72x37,180x72x37,180x72x37
IHI,CARRY 110,200x72x44;180x72x44,200x72x44;180x72x44,200x72x44;180x72x44
IHI,CCH 30T(Minicare),300x52.5x90,300x52.5x90,300x52.5x90
IHI,CCH 30T(pick ace crane),300x52.5x90,300x52.5x90,300x52.5x90
IHI,IM R15,230x72x47,230x72x47,230x72x47
IHI,IS 07,180x72x37,180x72x37,180x72x37
IHI,IS 10,230x72x43,230x72x43,230x72x43
IHI,IS 10C,230x72x43,230x72x43,230x72x43
IHI,IS 10F,230x72x43,230x72x43,230x72x43
IHI,IS 10FX,230x72x43,230x72x43,230x72x43
IHI,IS 10G,230x72x43,230x72x43,230x72x43
IHI,IS 10GX,230x72x43,230x72x43,230x72x43
IHI,IS 10S,230x72x43,230x72x43,230x72x43
IHI,IS 10Z,230x72x47,230x72x47,230x72x47
IHI,IS 11X,230x72x43,230x72x43,230x72x43
IHI,IS 12,230x72x43,230x72x43,230x72x43
IHI,IS 12C,230x72x43,230x72x43,230x72x43
IHI,IS 12G,230x72x43,230x72x43,230x72x43
IHI,IS 12GX,230x72x43,230x72x43,230x72x43
IHI,IS 12JX,230x72x47,230x72x47,230x72x47
IHI,IS 12NX,230x72x47,230x72x47,230x72x47
IHI,IS 12S,230x72x43,230x72x43,230x72x43
IHI,IS 14,230x72x43,230x72x43,230x72x43
IHI,IS 14G,230x72x43,230x72x43,230x72x43
IHI,IS 14GX,230x72x43,230x72x43,230x72x43
IHI,IS 14GX-2,230x72x43,230x72x43,230x72x43
IHI,IS 14GX-3,230x72x43,230x72x43,230x72x43
IHI,IS 14PX,230x72x43,230x72x43,230x72x43
IHI,IS 15J,230x96x32;230x48x64,230x96x32;230x48x64,230x96x32;230x48x64
IHI,IS 17J,230x96x32;230x48x64,230x96x32;230x48x64,230x96x32;230x48x64
IHI,IS 17JE,230x96x32;230x48x64,230x96x32;230x48x64,230x96x32;230x48x64
IHI,IS 18J,230x96x35;230x48x70,230x96x35;230x48x70,230x96x35;230x48x70
IHI,IS 18UJ,250x96x40;250x48x80,250x96x40;250x48x80,250x96x40;250x48x80
IHI,IS 20JX,250x96x40;250x48x80,250x96x40;250x48x80,250x96x40;250x48x80
IHI,IS 20LX,300x109x37;300x52.5x76,300x109x37;300x52.5x76,300x109x37;300x52.5x76
IHI,IS 22UX,300x109x39;300x52.5x80,300x109x39;300x52.5x80,300x109x39;300x52.5x80
IHI,IS 25G,300x52.5x72,300x52.5x72,300x52.5x72
IHI,IS 25GX,300x52.5x72,300x52.5x72,300x52.5x72
IHI,IS 25J,300x52.5x72,300x52.5x72,300x52.5x72
IHI,IS 25JX,300x52.5x76,300x52.5x76,300x52.5x76
IHI,IS 25NX,300x52.5x76,300x52.5x76,300x52.5x76
IHI,IS 27,300x109x37;300x52.5x76,300x109x37;300x52.5x76,300x109x37;300x52.5x76
IHI,IS 27G,300x109x37;300x52.5x76,300x109x37;300x52.5x76,300x109x37;300x52.5x76
IHI,IS 27GX,300x109x37;300x52.5x76,300x109x37;300x52.5x76,300x109x37;300x52.5x76
IHI,IS 28,300x109x37;300x52.5x76,300x109x37;300x52.5x76,300x109x37;300x52.5x76
IHI,IS 28G,300x52.5x76,300x52.5x76,300x52.5x76
IHI,IS 28G3,300x52.5x76,300x52.5x76,300x52.5x76
IHI,IS 28GX,300x52.5x76,300x52.5x76,300x52.5x76
IHI,IS 28J,300x52.5x76,300x52.5x76,300x52.5x76
IHI,IS 28JX,300x52.5x76,300x52.5x76,300x52.5x76
IHI,IS 28LX,300x109x37;300x52.5x76,300x109x37;300x52.5x76,300x109x37;300x52.5x76
IHI,IS 28PX,300x52.5x76,300x52.5x76,300x52.5x76
IHI,IS 28UX,300x52.5x80,300x52.5x80,300x52.5x80
IHI,IS 28UX-2,300x52.5x80,300x52.5x80,300x52.5x80
IHI,IS 30G,300x52.5x80,300x52.5x80,300x52.5x80
IHI,IS 30GX,300x52.5x80,300x52.5x80,300x52.5x80
IHI,IS 30GX-2,300x52.5x80,300x52.5x80,300x52.5x80
IHI,IS 30GX-3,300x52.5x80,300x52.5x80,300x52.5x80
IHI,IS 30J,300x52.5x80,300x52.5x80,300x52.5x80
IHI,IS 30JX,300x52.5x84,300x52.5x84,300x52.5x84
IHI,IS 30NX,300x52.5x84,300x52.5x84,300x52.5x84
IHI,IS 30NX-2,300x55x82;300x52.5x84,300x55x82;300x52.5x84,300x55x82;300x52.5x84
IHI,IS 30UJ,300x52.5x80,300x52.5x80,300x52.5x80
IHI,IS 30UJ-2,300x52.5x80,300x52.5x80,300x52.5x80
IHI,IS 30Z,300x52.5x80,300x52.5x80,300x52.5x80
IHI,IS 32J,300x52.5x84,300x52.5x84,300x52.5x84
IHI,IS 35G,300x52.5x84,300x52.5x84,300x52.5x84
IHI,IS 35G-1,300x52.5x84,300x52.5x84,300x52.5x84
IHI,IS 35G-2,300x52.5x84,300x52.5x84,300x52.5x84
IHI,IS 35GX,300x52.5x84,300x52.5x84,300x52.5x84
IHI,IS 35GX-1,300x52.5x84,300x52.5x84,300x52.5x84
IHI,IS 35GX-2,300x52.5x84,300x52.5x84,300x52.5x84
IHI,IS 35GX-3,300x52.5x84,300x52.5x84,300x52.5x84
IHI,IS 35J,300x52.5x84,300x52.5x84,300x52.5x84
IHI,IS 35JX,300x52.5x90,300x52.5x90,300x52.5x90
IHI,IS 35NX,300x52.5x90,300x52.5x90,300x52.5x90
IHI,IS 35UJ,300x52.5x90,300x52.5x90,300x52.5x90
IHI,IS 38UJ,300x52.5x90,300x52.5x90,300x52.5x90
IHI,IS 38UX,300x109x39;300x52.5x80,300x109x39;300x52.5x80,300x109x39;300x52.5x80
IHI,IS 40J,400x73x70;400x72.5x70,400x73x70;400x72.5x70 (Narrow),400x73x70;400x72.5x70(N)
IHI,IS 40JX,400x73x72;400x72.5x72,400x73x72;400x72.5x72 (Narrow),400x73x72;400x72.5x72(N)
IHI,IS 40NX,400x73x72;400x72.5x72,400x73x72;400x72.5x72,400x73x72;400x72.5x72
IHI,IS 40UJ,300x52.5x90,300x52.5x90,300x52.5x90
IHI,IS 40Z,300x52.5x90,300x52.5x90,300x52.5x90
IHI,IS 45J,400x73x72;400x72.5x72,400x73x72;400x72.5x72 (Narrow),400x73x72;400x72.5x72(N)
IHI,IS 45NX,400x73x72;400x72.5x72,400x73x72;400x72.5x72,400x73x72;400x72.5x72
IHI,IS 45UJ,400x73x72;400x72.5x72,400x73x72;400x72.5x72 (Narrow),400x73x72;400x72.5x72(N)
IHI,IS 50G,400x73x74;400x72.5x74,400x73x74;400x72.5x74,400x73x74;400x72.5x74
IHI,IS 50G3,400x73x74;400x72.5x74,400x73x74;400x72.5x74,400x73x74;400x72.5x74
IHI,IS 50GX,400x73x74;400x72.5x74,400x73x74;400x72.5x74,400x73x74;400x72.5x74
IHI,IS 50UJ,400x73x74;400x72.5x74,400x73x74;400x72.5x74,400x73x74;400x72.5x74
IHI,IS 50UX,400x73x74;400x72.5x74,400x73x74;400x72.5x74,400x73x74;400x72.5x74
IHI,IS 50Z,400x73x74;400x72.5x74,400x73x74;400x72.5x74,400x73x74;400x72.5x74
IHI,IS 55,400x73x74;400x72.5x74,400x73x74;400x72.5x74,400x73x74;400x72.5x74
IHI,IS 55G,400x73x74;400x72.5x74,400x73x74;400x72.5x74,400x73x74;400x72.5x74
IHI,IS 55G-3,400x73x74;400x72.5x74,400x73x74;400x72.5x74,400x73x74;400x72.5x74
IHI,IS 55J,400x73x74;400x72.5x74,400x73x74;400x72.5x74,400x73x74;400x72.5x74
IHI,IS 55LX,400x73x74;400x72.5x74,400x73x74;400x72.5x74,400x73x74;400x72.5x74
IHI,IS 55N,400x73x74;400x72.5x74,400x73x74;400x72.5x74,400x73x74;400x72.5x74
IHI,IS 55U-1,400x73x72;400x72.5x72,400x73x72;400x72.5x72 (Narrow),400x73x72;400x72.5x72(N)
IHI,IS 55U-2,400x73x72;400x72.5x72,400x73x72;400x72.5x72 (Narrow),400x73x72;400x72.5x72(N)
IHI,IS 55UJ,400x73x74;400x72.5x74,400x73x74;400x72.5x74,400x73x74;400x72.5x74
IHI,IS 55UX,400x73x74;400x72.5x74,400x73x74;400x72.5x74,400x73x74;400x72.5x74
IHI,IS 65UJ,450x71x82;450x71x182,450x71x82;450x71x182,450x71x82;450x71x182
IHI,IS 65UJ3,450x71x82;450x71x182,450x71x82;450x71x182,450x71x82;450x71x182
IHI,IS 70Z,450x71x82;450x71x182,450x71x82;450x71x182,450x71x82;450x71x182
IHI,IS 75F,450x145x40;450x71x82,450x145x40;450x71x82,450x145x40;450x71x82
IHI,IS 75F UJ,450x73x80;450x71x82,450x73x80;450x71x82,450x73x80;450x71x82
IHI,IS 7FX,180x72x37,180x72x37,180x72x37
IHI,IS 7GX,180x72x37,180x72x37,180x72x37
IHI,IS 7GX-2,180x72x37,180x72x37,180x72x37
IHI,IS 7GX-3,180x72x37,180x72x37,180x72x37
IHI,IS 7J,180x72x37,180x72x37,180x72x37
IHI,IS 7P,180x72x37,180x72x37,180x72x37
IHI,IS 80NX,450x73x80;450x71x82,450x73x80;450x71x82,450x73x80;450x71x82
IHI,IS9UX-2 (S/N > 1592000),230x72x47,230x72x47,230x72x47
IHI,IS9UX-3,230x72x47,230x72x47,230x72x47
IHI,MC 15,230x72x52,230x72x52,230x72x52
IHI,T 840,350x108x42;350x52.5x86,350x108x42;350x52.5x86,350x108x42;350x52.5x86
INOVA,INOVA,320x100x52,320x100x52,320x100x52
Imai,SPD 265C,230x72x43,230x72x43,230x72x43
Imai,SPD 360C,230x72x43,230x72x43,230x72x43
Imef,HE 1.15,230x72x43,230x72x43,230x72x43
Imef,HE 12,230x72x43,230x72x43,230x72x43
Imef,HE 14,230x72x43,230x72x43,230x72x43
Imef,HE 14S,230x72x43,230x72x43,230x72x43
Imef,HE 16,230x72x43,230x72x43,230x72x43
Imef,HE 16S,230x72x43,230x72x43,230x72x43
Imef,HE 18,230x72x48,230x72x48,230x72x48
Imef,HE 185,230x72x48;250x72x48,230x72x48;250x72x48,230x72x48;250x72x48
Imef,HE 18S,230x72x48,230x72x48,230x72x48
Imef,HE 230,320x100x43;350x109x44;350x52.5x90,320x100x43;350x109x44;350x52.5x90,320x100x43;350x109x44;350x52.5x90
Imef,HE 31,350x109x44;350x52.5x90,350x109x44;350x52.5x90,350x109x44;350x52.5x90
Imef,HE 32,350x109x44;350x52.5x90,350x109x44;350x52.5x90,350x109x44;350x52.5x90
Imef,HT 6.01 (Carrier),180x72x34,180x72x34,180x72x34
Imer,CC 1500,280x72x48;250x72x48,280x72x48;250x72x48,280x72x48;250x72x48
Imer,CC 450,180x60x37,180x60x37,180x60x37
Imer,CC 600,200x72x34;180x72x34,200x72x34;180x72x34,200x72x34;180x72x34
Imer,CC 800,230x72x42,230x72x42,230x72x42
Imer,IM R19,200x72x47,200x72x47,200x72x47
Italmec,Platform,250x72x57,250x72x57,250x72x57
JCB,100C-1,450x81.5x78;450x81x78,450x81.5x78;450x81x78 (Narrow),450x81.5x78;450x81x78(N)
JCB,16C-1,230x48x70,230x48x70,230x48x70
JCB,18Z-1,230x48x70,230x48x70,230x48x70
JCB,19C-1,230x48x70,230x48x70,230x48x70
JCB,35Z-1,300x52.5x84,300x52.5x84,300x52.5x84
JCB,45Z-1,350x73x74;400x72.5x74,350x73x74;400x72.5x74,350x73x74;400x72.5x74
JCB,48Z-1,400x72.5x74,400x72.5x74,400x72.5x74
JCB,51R-1,400x72.5x74,400x72.5x74,400x72.5x74
JCB,55Z-1,400x72.5x74,400x72.5x74,400x72.5x74
JCB,57C-1,400x72.5x74,400x72.5x74,400x72.5x74
JCB,65R,400x73x74;400x72.5x74,400x73x74;400x72.5x74,400x73x74;400x72.5x74
JCB,67C,400x73x74;400x72.5x74,400x73x74;400x72.5x74,400x73x74;400x72.5x74
JCB,8008 'Micro 800',180x72x35,180x72x35,180x72x35
JCB,8008CTS,180x72x35,180x72x35,180x72x35
JCB,801 (S/N<649729),230x72x42,230x72x42,230x72x42
JCB,801 (S/N>649730),230x96x31;230x48x62,230x96x31;230x48x62,230x96x31;230x48x62
JCB,"801,2ZTS",200x96x31;230x48x62,200x96x31;230x48x62,200x96x31;230x48x62
JCB,"801,7 (S/N > 649730)",230x96x31;230x48x62,230x96x31;230x48x62,230x96x31;230x48x62
JCB,801.4,230x96x31;230x48x62,230x96x31;230x48x62,230x96x31;230x48x62
JCB,801.5,230x96x31;230x48x62,230x96x31;230x48x62,230x96x31;230x48x62
JCB,801.6,230x96x31;230x48x62,230x96x31;230x48x62,230x96x31;230x48x62
JCB,801.8,230x96x31;230x48x62,230x96x31;230x48x62,230x96x31;230x48x62
JCB,8010 'Micro 1000',180x72x37,180x72x37,180x72x37
JCB,8012 'Micro 1000',200x96x31;230x48x62,200x96x31;230x48x62,200x96x31;230x48x62
JCB,8013,230x96x31;230x48x62,230x96x31;230x48x62,230x96x31;230x48x62
JCB,8014,230x96x31;230x48x62,230x96x31;230x48x62,230x96x31;230x48x62
JCB,8014 ('05/2005 - SN: 1156000),230x96x31;230x48x62,230x96x31;230x48x62,230x96x31;230x48x62
JCB,8014 CTS,230x96x31;230x48x62,230x96x31;230x48x62,230x96x31;230x48x62
JCB,8014 Super,230x96x31;230x48x62,230x96x31;230x48x62,230x96x31;230x48x62
JCB,8015,230x96x31;230x48x62,230x96x31;230x48x62,230x96x31;230x48x62
JCB,8015-2,230x96x31;230x48x62,230x96x31;230x48x62,230x96x31;230x48x62
JCB,8016,230x96x31;230x48x62,230x96x31;230x48x62,230x96x31;230x48x62
JCB,8016 ('05/2005 - SN: 1155000 - 115 5334),230x96x33;230x48x66,230x96x33;230x48x66,230x96x33;230x48x66
JCB,8016 Super,230x96x33;230x48x66,230x96x33;230x48x66,230x96x33;230x48x66
JCB,8017,230x96x31;230x48x62,230x96x31;230x48x62,230x96x31;230x48x62
JCB,8018,230x96x31;230x48x62,230x96x31;230x48x62,230x96x31;230x48x62
JCB,8018 CTS,230x48x66,230x48x66,230x48x66
JCB,8018 Super,230x96x33;230x48x66,230x96x33;230x48x66,230x96x33;230x48x66
JCB,8018 TG,230x96x31;230x48x62,230x96x31;230x48x62,230x96x31;230x48x62
JCB,8018 ZTS,230x96x33;230x48x66,230x96x33;230x48x66,230x96x33;230x48x66
JCB,8018X ('05/2005 - SN 1046000),230x96x33;230x48x66,230x96x33;230x48x66,230x96x33;230x48x66
JCB,801FDI,230x72x42,230x72x42,230x72x42
JCB,801R (models &gt; 02/'93),230x96x31;230x48x62,230x96x31;230x48x62,230x96x31;230x48x62
JCB,801R (models &lt; 02/'93),230x72x42,230x72x42,230x72x42
JCB,802,250x109x35;250x109x36;300x52.5x72;300x52.5x74,250x109x35;250x109x36;300x52.5x72;300x52.5x74,250x109x35;250x109x36;300x52.5x72;300x52.5x74
JCB,802 Plus,250x109x36;300x52.5x74,250x109x36;300x52.5x74,250x109x36;300x52.5x74
JCB,802 Super,250x109x36;300x52.5x74,250x109x36;300x52.5x74,250x109x36;300x52.5x74
JCB,"802,7 ZTS",300x109x41;300x52.5x84,300x109x41;300x52.5x84,300x109x41;300x52.5x84
JCB,802.4,250x109x36;300x52.5x74,250x109x36;300x52.5x74,250x109x36;300x52.5x74
JCB,802.7,300x109x36;300x52.5x74,300x109x36;300x52.5x74,300x109x36;300x52.5x74
JCB,802.7 Plus,300x109x36;300x52.5x74,300x109x36;300x52.5x74,300x109x36;300x52.5x74
JCB,8020,250x96x38;250x48x76,250x96x38;250x48x76,250x96x38;250x48x76
JCB,8020CTS,250x96x38;250x48x76,250x96x38;250x48x76,250x96x38;250x48x76
JCB,8025ZTS,250x96x38;250x48x76,250x96x38;250x48x76,250x96x38;250x48x76
JCB,8025ZTS(Long),250x109x41;300x52.5x84,250x109x41;300x52.5x84,250x109x41;300x52.5x84
JCB,8026,250x52.5x78;300x52.5x78,250x52.5x78;300x52.5x78,250x52.5x78;300x52.5x78
JCB,8026CTS,250x52.5x78;300x52.5x78,250x52.5x78;300x52.5x78,250x52.5x78;300x52.5x78
JCB,8027Z('2002),250x109x41;300x52.5x84,250x109x41;300x52.5x84,250x109x41;300x52.5x84
JCB,8027ZTS,250x109x41;300x52.5x84,250x109x41;300x52.5x84,250x109x41;300x52.5x84
JCB,8029CTS,250x52.5x78;300x52.5x78,250x52.5x78;300x52.5x78,250x52.5x78;300x52.5x78
JCB,803,300x109x41;300x52.5x84,300x109x41;300x52.5x84,300x109x41;300x52.5x84
JCB,803 Magnum,300x109x41;300x52.5x84,300x109x41;300x52.5x84,300x109x41;300x52.5x84
JCB,803 Plus,300x109x41;300x52.5x84,300x109x41;300x52.5x84,300x109x41;300x52.5x84
JCB,803 Super,300x109x41;300x52.5x84,300x109x41;300x52.5x84,300x109x41;300x52.5x84
JCB,"803,2ZTS",300x109x41;300x52.5x84,300x109x41;300x52.5x84,300x109x41;300x52.5x84
JCB,8030ZTS,300x109x41;300x52.5x84,300x109x41;300x52.5x84,300x109x41;300x52.5x84
JCB,8032Z('2002),300x109x41;300x52.5x84,300x109x41;300x52.5x84,300x109x41;300x52.5x84
JCB,8032ZTS,300x109x41;300x52.5x84,300x109x41;300x52.5x84,300x109x41;300x52.5x84
JCB,8035Z,300x109x43;300x52.5x88,300x109x43;300x52.5x88,300x109x43;300x52.5x88
JCB,803E,300x109x41;300x52.5x84,300x109x41;300x52.5x84,300x109x41;300x52.5x84
JCB,804,350x108x41;350x52.5x84,350x108x41;350x52.5x84,350x108x41;350x52.5x84
JCB,804 Plus,350x108x41;350x52.5x84,350x108x41;350x52.5x84,350x108x41;350x52.5x84
JCB,804 Super,350x108x41;350x52.5x84,350x108x41;350x52.5x84,350x108x41;350x52.5x84
JCB,8040ZTS,400x72.5x70;400x72.5x70,400x72.5x70;400x72.5x70 (Narrow),400x72.5x70;400x72.5x70(N)
JCB,8045ZTS,400x72.5x74,400x72.5x74,400x72.5x74
JCB,805,400x73x74;400x72.5x74,400x73x74;400x72.5x74,400x73x74;400x72.5x74
JCB,805.2,400x73x74;400x72.5x74,400x73x74;400x72.5x74,400x73x74;400x72.5x74
JCB,8050ZTS,400x73x74;400x72.5x74,400x73x74;400x72.5x74,400x73x74;400x72.5x74
JCB,8052,400x73x74;400x72.5x74,400x73x74;400x72.5x74,400x73x74;400x72.5x74
JCB,8055RTS,400x73x74;400x72.5x74,400x73x74;400x72.5x74,400x73x74;400x72.5x74
JCB,8055Z,400x73x74;400x72.5x74,400x73x74;400x72.5x74,400x73x74;400x72.5x74
JCB,8055ZTS,400x73x74;400x72.5x74,400x73x74;400x72.5x74,400x73x74;400x72.5x74
JCB,8056,400x73x74;400x72.5x74,400x73x74;400x72.5x74,400x73x74;400x72.5x74
JCB,806,400x73x74;400x72.5x74,400x73x74;400x72.5x74,400x73x74;400x72.5x74
JCB,8060,400x73x74;400x72.5x74,400x73x74;400x72.5x74,400x73x74;400x72.5x74
JCB,8065RTS,400x73x74;400x72.5x74,400x73x74;400x72.5x74,400x73x74;400x72.5x74
JCB,8080ZTS,450x81.5x76;450x81x76,450x81.5x76;450x81x76 (Narrow),450x81.5x76;450x81x76(N)
JCB,8085ZTS,450x81.5x76;450x81x76,450x81.5x76;450x81x76 (Narrow),450x81.5x76;450x81x76(N)
JCB,85Z-1,450x81.5x78;450x81x78,450x81.5x78;450x81x78 (Narrow),450x81.5x78;450x81x78(N)
JCB,86C-1,450x81.5x78;450x81x78,450x81.5x78;450x81x78 (Narrow),450x81.5x78;450x81x78(N)
JCB,90Z-1,450x81.5x78;450x81x78,450x81.5x78;450x81x78 (Narrow),450x81.5x78;450x81x78(N)
JCB,Dumpster,180x72x35,180x72x35,180x72x35
JCB,JS 70,450x73.5x80;450x71x82,450x73.5x80;450x71x82,450x73.5x80;450x71x82
JCB,JZ 70,450x81x76;450x81x76,450x81x76;450x81x76 (Narrow),450x81x76;450x81x76(N)
JCB,MTl 200,180x72x37,180x72x37,180x72x37
JCB,Micro,180x72x37,180x72x37,180x72x37
JCB,Micro 8008,180x72x35,180x72x35,180x72x35
JCB,Micro Light,180x72x35,180x72x35,180x72x35
JCB,Micro Plus,230x96x31;230x48x62,230x96x31;230x48x62,230x96x31;230x48x62
JCB,TD 10(Dumper),180x72x37,180x72x37,180x72x37
JCB,TD 10SL(Dumper),180x72x37,180x72x37,180x72x37
JCB,TD 7(Dumper),180x72x37,180x72x37,180x72x37
JIEHE,JHZA-25,200x72x39,200x72x39,200x72x39
JLG,X14J,180x72x37,180x72x37,180x72x37
JLG,X14JH,180x72x37,180x72x37,180x72x37
JLG,X17J,180x72x37,180x72x37,180x72x37
JLG,X19J,180x72x37,180x72x37,180x72x37
JLG,X23J,230x96x39;250x48x78,230x96x39;250x48x78,230x96x39;250x48x78
JLG,X33JPlus,300x55x82;300x52.5x84,300x55x82;300x52.5x84 (Narrow),300x55x82;300x52.5x84(N)
JLG,X390AJ,180x72x37,180x72x37,180x72x37
JLG,X550AJ,180x72x37,180x72x37,180x72x37
JLG,X700AJ,230x96x39;250x48x78,230x96x39;250x48x78,230x96x39;250x48x78
Jekko,JF40,180x72x42,180x72x42,180x72x42
Jekko,SPX424CDH,200x72x42,200x72x42,200x72x42
Jekko,SPX527CDH,250x72x52,250x72x52,250x72x52
John Deere,120 (US Market),500x92x84,500x92x84,500x92x84
John Deere,120C (US Market),500x92x84,500x92x84,500x92x84
John Deere,15,230x72x43,230x72x43,230x72x43
John Deere,17 ZTS (US Market),230x96x35;230x48x70,230x96x35;230x48x70,230x96x35;230x48x70
John Deere,17D,230x96x35;230x48x70,230x96x35;230x48x70,230x96x35;230x48x70
John Deere,17G,230x48x70,230x48x70,230x48x70
John Deere,240,320x86x54;375x86x54;400x86x54,320x86x54;375x86x54;400x86x54,320x86x54;375x86x54;400x86x54
John Deere,250,320x86x54;375x86x54;400x86x54,320x86x54;375x86x54;400x86x54,320x86x54;375x86x54;400x86x54
John Deere,260,450x86x58,450x86x58,450x86x58
John Deere,26D,300x52.5x80;300x52.5x80,300x52.5x80;300x52.5x80 (Narrow),300x52.5x80;300x52.5x80(N)
John Deere,26G,300x52.5x80;300x52.5x80,300x52.5x80;300x52.5x80 (Narrow),300x52.5x80;300x52.5x80(N)
John Deere,27 ZTS (US Market),300x52.5x78;300x52.5x78,300x52.5x78;300x52.5x78 (Narrow),300x52.5x78;300x52.5x78(N)
John Deere,270,450x86x58,450x86x58,450x86x58
John Deere,27C ZTS (US Market),300x52.5x78;300x52.5x78,300x52.5x78;300x52.5x78 (Narrow),300x52.5x78;300x52.5x78(N)
John Deere,27D,300x52.5x80;300x52.5x80,300x52.5x80;300x52.5x80 (Narrow),300x52.5x80;300x52.5x80(N)
John Deere,280,450x86x60,450x86x60,450x86x60
John Deere,30G,300x52.5x86;300x52.5x86,300x52.5x86;300x52.5x86 (Narrow),300x52.5x86;300x52.5x86(N)
John Deere,317,320x86x54;375x86x54;400x86x54,320x86x54;375x86x54;400x86x54,320x86x54;375x86x54;400x86x54
John Deere,317G,320x86x50;400x86x50,320x86x50;400x86x50,320x86x50;400x86x50
John Deere,320,320x86x54;375x86x54;400x86x54,320x86x54;375x86x54;400x86x54,320x86x54;375x86x54;400x86x54
John Deere,325,450x86x58,450x86x58,450x86x58
John Deere,325G,320x86x52;400x86x52,320x86x52;400x86x52,320x86x52;400x86x52
John Deere,328,450x86x58,450x86x58,450x86x58
John Deere,332,450x86x60,450x86x60,450x86x60
John Deere,35 ZTS (US Market),300x52.5x86;300x52.5x86,300x52.5x86;300x52.5x86 (Narrow),300x52.5x86;300x52.5x86(N)
John Deere,35C ZTS (US Market),300x52.5x86;300x52.5x86,300x52.5x86;300x52.5x86 (Narrow),300x52.5x86;300x52.5x86(N)
John Deere,35D,300x52.5x86;300x52.5x86,300x52.5x86;300x52.5x86 (Narrow),300x52.5x86;300x52.5x86(N)
John Deere,35G,300x52.5x86;300x52.5x86,300x52.5x86;300x52.5x86 (Narrow),300x52.5x86;300x52.5x86(N)
John Deere,50 ZTS (US Market),400x72.5x72,400x72.5x72,400x72.5x72
John Deere,50C ZTS (US Market),400x72.5x72,400x72.5x72,400x72.5x72
John Deere,50D,400x72.5x74,400x72.5x74,400x72.5x74
John Deere,50G (Verify Spocket Width),400x72.5x74;400x72.5x74,400x72.5x74;400x72.5x74 (Narrow),400x72.5x74;400x72.5x74(N)
John Deere,60D,400x72.5x74,400x72.5x74,400x72.5x74
John Deere,60G [I Guiding],400x72.5x74,400x72.5x74,400x72.5x74
John Deere,60G [J Guiding],400x72.5x74,400x72.5x74,400x72.5x74
John Deere,75C,450x81x78;450x81x78,450x81x78;450x81x78 (Narrow),450x81x78;450x81x78(N)
John Deere,75D,450x81x78;450x81x78,450x81x78;450x81x78 (Narrow),450x81x78;450x81x78(N)
John Deere,75G,450x81x78;450x81x78,450x81x78;450x81x78 (Narrow),450x81x78;450x81x78(N)
John Deere,85D,450x81x78;450x81x78,450x81x78;450x81x78 (Narrow),450x81x78;450x81x78(N)
John Deere,85G,450x81x78;450x81x78,450x81x78;450x81x78 (Narrow),450x81x78;450x81x78(N)
John Deere,8875,450x86x60,450x86x60,450x86x60
John Deere,CT 319 D,320x86x52,320x86x52,320x86x52
John Deere,CT 319 E,320x86x52,320x86x52,320x86x52
John Deere,CT 322,320x86x52,320x86x52,320x86x52
John Deere,CT 323D,320x86x52;400x86x52,320x86x52;400x86x52,320x86x52;400x86x52
John Deere,CT 323E,320x86x52;400x86x52,320x86x52;400x86x52,320x86x52;400x86x52
John Deere,CT329D,400x86x56;450x86x56,400x86x56;450x86x56,400x86x56;450x86x56
John Deere,CT329E,400x86x56;450x86x56,400x86x56;450x86x56,400x86x56;450x86x56
John Deere,CT331G,450x86x58,450x86x58,450x86x58
John Deere,CT332,450x86x56,450x86x56,450x86x56
John Deere,CT333D,400x86x56;450x86x56,400x86x56;450x86x56,400x86x56;450x86x56
John Deere,CT333E,400x86x56;450x86x56,400x86x56;450x86x56,400x86x56;450x86x56
John Deere,CT333G,450x86x58,450x86x58,450x86x58
Joly,20HP (Minicarrier),200x72x42,200x72x42,200x72x42
Kaidi,103,230x72x43,230x72x43,230x72x43
Kaidi,103.3,230x72x43,230x72x43,230x72x43
Kaidi,WY 1.5,230x72x43,230x72x43,230x72x43
Kato,70,450x71x84,450x71x84,450x71x84
Kato,85V-4,450x71x82,450x71x82,450x71x82
Kato,HD 09VX3,180x72x37,180x72x37,180x72x37
Kato,HD 140,400x132x37;400x72.5x72,400x132x37;400x72.5x72,400x132x37;400x72.5x72
Kato,HD 205UR,400x72.5x74;400x72.5x74,400x72.5x74;400x72.5x74 (Narrow),400x72.5x74;400x72.5x74(N)
Kato,HD 250UR,400x73x74;400x72.5x74,400x73x74;400x72.5x74 (Narrow),400x73x74;400x72.5x74(N)
Kato,HD 307('2001),450x71x84,450x71x84,450x71x84
Kato,HD 308,450x81.5x76;450x81x76,450x81.5x76;450x81x76 (Narrow),450x81.5x76;450x81x76(N)
Kato,HD 50UR,400x72.5x74,400x72.5x74,400x72.5x74
Kato,HD 510,500x92x78,500x92x78,500x92x78
Kato,HD 55UR,400x72.5x74,400x72.5x74,400x72.5x74
Kato-Imer,19VXT,230x96x35;230x48x70,230x96x35;230x48x70,230x96x35;230x48x70
Kato-Imer,HD27V4,250x52.5x78;300x52.5x78,250x52.5x78;300x52.5x78,250x52.5x78;300x52.5x78
Kato-Imer,HD27V5,250x52.5x78;300x52.5x78,250x52.5x78;300x52.5x78,250x52.5x78;300x52.5x78
Kato-Imer,HD30V5,300x55x82;300x52.5x84,300x55x82;300x52.5x84,300x55x82;300x52.5x84
Kato-Imer,HD35,300x52.5x90,300x52.5x90,300x52.5x90
Kato-Imer,HD45V5,400x72.5x74,400x72.5x74,400x72.5x74
Kawasaki,KE 60,450x81.5x74;450x81x76,450x81.5x74;450x81x76 (Narrow),450x81.5x74;450x81x76(N)
Kawasaki,Mini-carrier,200x72x35;180x72x35,200x72x35;180x72x35,200x72x35;180x72x35
Kobelco,115,230x96x31;230x48x62,230x96x31;230x48x62,230x96x31;230x48x62
Kobelco,B 53,450x81.5x74;450x81.5x76,450x81.5x74;450x81.5x76 (Narrow),450x81.5x74;450x81.5x76(N)
Kobelco,B 61,400x74x72;400x72.5x73,400x74x72;400x72.5x73 (Narrow),400x74x72;400x72.5x73(N)
Kobelco,B 69,400x74x72;400x72.5x73,400x74x72;400x72.5x73 (Narrow),400x74x72;400x72.5x73(N)
Kobelco,FC 50,180x72x38,180x72x38,180x72x38
Kobelco,SK 002,180x72x37,180x72x37,180x72x37
Kobelco,SK 005,150x60x40;180x72x36,150x60x40;180x72x36,150x60x40;180x72x36
Kobelco,SK 007,180x72x37,180x72x37,180x72x37
Kobelco,SK 007-1,180x72x37,180x72x37,180x72x37
Kobelco,SK 007-2,180x72x37,180x72x37,180x72x37
Kobelco,SK 007-3,180x72x37,180x72x37,180x72x37
Kobelco,SK 008,180x72x37,180x72x37,180x72x37
Kobelco,SK 009,180x72x37,180x72x37,180x72x37
Kobelco,SK 013,230x96x31;230x48x62,230x96x31;230x48x62,230x96x31;230x48x62
Kobelco,SK 013-1,230x96x31;230x48x62,230x96x31;230x48x62,230x96x31;230x48x62
Kobelco,SK 014(New),230x96x31;230x48x62,230x96x31;230x48x62,230x96x31;230x48x62
Kobelco,SK 014(Old),230x72x43,230x72x43,230x72x43
Kobelco,SK 020,250x109x35;300x52.5x72,250x109x35;300x52.5x72,250x109x35;300x52.5x72
Kobelco,SK 020 Coupe,250x109x35;300x52.5x72,250x109x35;300x52.5x72,250x109x35;300x52.5x72
Kobelco,SK 025 Coupe,300x109x38;300x52.5x78,300x109x38;300x52.5x78,300x109x38;300x52.5x78
Kobelco,SK 030 Coupe,300x109x40;300x52.5x82,300x109x40;300x52.5x82,300x109x40;300x52.5x82
Kobelco,SK 035 Coupe,350x108x42;350x52.5x86,350x108x42;350x52.5x86,350x108x42;350x52.5x86
Kobelco,SK 045 Coupe,400x74x72;400x72.5x73,400x74x72;400x72.5x73 (Narrow),400x74x72;400x72.5x73(N)
Kobelco,SK 35SR,350x108x44;350x52.5x90,350x108x44;350x52.5x90,350x108x44;350x52.5x90
Kobelco,SK 35SR-2,350x108x44;350x52.5x90,350x108x44;350x52.5x90,350x108x44;350x52.5x90
Kobelco,SK 35SR-2E,300x52.5x88,300x52.5x88,300x52.5x88
Kobelco,SK 35SR-3,300x52.5x88,300x52.5x88,300x52.5x88
Kobelco,SK 35SR-5,300x52.5x88;300x52.5x88,300x52.5x88;300x52.5x88 (Narrow),300x52.5x88;300x52.5x88(N)
Kobelco,SK 35SR-6,300x52.5x88,300x52.5x88,300x52.5x88
Kobelco,SL 16MST,230x48x70,230x48x70,230x48x70
Kobelco,SS 60,130x72x29,130x72x29,130x72x29
Kobelco,SS1,130x72x29,130x72x29,130x72x29
Kobelco,Sk 014-1,230x96x31;230x48x62,230x96x31;230x48x62,230x96x31;230x48x62
Kobelco,Sk 015,230x96x31;230x48x62,230x96x31;230x48x62,230x96x31;230x48x62
Kobelco,Sk 015-1,230x96x31;230x48x62,230x96x31;230x48x62,230x96x31;230x48x62
Kobelco,Sk 024,300x109x38;300x52.5x78,300x109x38;300x52.5x78,300x109x38;300x52.5x78
Kobelco,Sk 024-1,300x109x38;300x52.5x78,300x109x38;300x52.5x78,300x109x38;300x52.5x78
Kobelco,Sk 025,300x109x38;300x52.5x78,300x109x38;300x52.5x78,300x109x38;300x52.5x78
Kobelco,Sk 025-1,300x109x38;300x52.5x78,300x109x38;300x52.5x78,300x109x38;300x52.5x78
Kobelco,Sk 025-2,300x109x38;300x52.5x78,300x109x38;300x52.5x78,300x109x38;300x52.5x78
Kobelco,Sk 025SR,300x109x38;300x52.5x78,300x109x38;300x52.5x78,300x109x38;300x52.5x78
Kobelco,Sk 027,300x109x40;300x52.5x82,300x109x40;300x52.5x82,300x109x40;300x52.5x82
Kobelco,Sk 027-1,300x109x40;300x52.5x82,300x109x40;300x52.5x82,300x109x40;300x52.5x82
Kobelco,Sk 030,300x109x40;300x52.5x82,300x109x40;300x52.5x82,300x109x40;300x52.5x82
Kobelco,Sk 030-1,300x109x40;300x52.5x82,300x109x40;300x52.5x82,300x109x40;300x52.5x82
Kobelco,Sk 030-2,300x109x40;300x52.5x82,300x109x40;300x52.5x82,300x109x40;300x52.5x82
Kobelco,Sk 030SR,300x109x40;300x52.5x82,300x109x40;300x52.5x82,300x109x40;300x52.5x82
Kobelco,Sk 030UR,300x109x40;300x52.5x82,300x109x40;300x52.5x82,300x109x40;300x52.5x82
Kobelco,Sk 030UR-1,300x109x40;300x52.5x82,300x109x40;300x52.5x82,300x109x40;300x52.5x82
Kobelco,Sk 030UR-2,300x109x40;300x52.5x82,300x109x40;300x52.5x82,300x109x40;300x52.5x82
Kobelco,Sk 031,300x109x41;300x52.5x84,300x109x41;300x52.5x84,300x109x41;300x52.5x84
Kobelco,Sk 032,350x109x41;350x52.5x84,350x109x41;350x52.5x84,350x109x41;350x52.5x84
Kobelco,Sk 035,350x108x42;350x52.5x86,350x108x42;350x52.5x86,350x108x42;350x52.5x86
Kobelco,Sk 035-1,350x108x42;350x52.5x86,350x108x42;350x52.5x86,350x108x42;350x52.5x86
Kobelco,Sk 035-2,350x108x42;350x52.5x86,350x108x42;350x52.5x86,350x108x42;350x52.5x86
Kobelco,Sk 035SR,350x108x44;350x52.5x90,350x108x44;350x52.5x90,350x108x44;350x52.5x90
Kobelco,Sk 042,400x74x72;400x72.5x73,400x74x72;400x72.5x73 (Narrow),400x74x72;400x72.5x73(N)
Kobelco,Sk 042-1,400x74x72;400x72.5x73,400x74x72;400x72.5x73 (Narrow),400x74x72;400x72.5x73(N)
Kobelco,Sk 045,400x74x72;400x72.5x73,400x74x72;400x72.5x73 (Narrow),400x74x72;400x72.5x73(N)
Kobelco,Sk 045-1,400x74x72;400x72.5x73,400x74x72;400x72.5x73 (Narrow),400x74x72;400x72.5x73(N)
Kobelco,Sk 045-2,400x74x72;400x72.5x73,400x74x72;400x72.5x73 (Narrow),400x74x72;400x72.5x73(N)
Kobelco,Sk 050,400x74x72;400x72.5x73,400x74x72;400x72.5x73 (Narrow),400x74x72;400x72.5x73(N)
Kobelco,Sk 050-1,400x74x72;400x72.5x73,400x74x72;400x72.5x73 (Narrow),400x74x72;400x72.5x73(N)
Kobelco,Sk 060,450x81.5x74;450x81x76,450x81.5x74;450x81x76 (Narrow),450x81.5x74;450x81x76(N)
Kobelco,Sk 13SR,230x48x70,230x48x70,230x48x70
Kobelco,Sk 15MSR,230x48x70,230x48x70,230x48x70
Kobelco,Sk 15R,250x48x72;230x48x72,250x48x72;230x48x72,250x48x72;230x48x72
Kobelco,Sk 15SR,250x48x72;230x48x72,250x48x72;230x48x72,250x48x72;230x48x72
Kobelco,Sk 16MSR ('2001),230x48x70,230x48x70,230x48x70
Kobelco,Sk 17,230x48x70,230x48x70,230x48x70
Kobelco,Sk 17 SR 3,230x48x70,230x48x70,230x48x70
Kobelco,Sk 17 SR 5,230x72x46,230x72x46,230x72x46
Kobelco,Sk 20SR,250x96x38;250x48x76,250x96x38;250x48x76,250x96x38;250x48x76
Kobelco,Sk 20SR-3,250x52.5x76;300x52.5x76,250x52.5x76 (Narrow);300x52.5x76 (Narrow),250x52.5x76(N);300x52.5x76(N)
Kobelco,Sk 20UR ('2000),250x109x35;300x52.5x72,250x109x35;300x52.5x72,250x109x35;300x52.5x72
Kobelco,Sk 25SR,300x109x38;300x52.5x78,300x109x38;300x52.5x78,300x109x38;300x52.5x78
Kobelco,Sk 25SR-2,250x52.5x76;300x52.5x76,250x52.5x76 (Narrow);300x52.5x76 (Narrow),250x52.5x76(N);300x52.5x76(N)
Kobelco,Sk 25SR-6,250x55.5x79,250x55.5x79,250x55.5x79
Kobelco,Sk 27,300x109x40;300x52.5x82,300x109x40;300x52.5x82,300x109x40;300x52.5x82
Kobelco,Sk 27SR-3,250x52.5x80;300x52.5x80,250x52.5x80 (Narrow);300x52.5x80 (Narrow),250x52.5x80(N);300x52.5x80(N)
Kobelco,Sk 27SR-5,250x52.5x80;300x52.5x80,250x52.5x80 (Narrow);300x52.5x80 (Narrow),250x52.5x80(N);300x52.5x80(N)
Kobelco,Sk 28SR-6,300x52.5x88,300x52.5x88,300x52.5x88
Kobelco,Sk 30SR,300x109x40;300x52.5x82,300x109x40;300x52.5x82,300x109x40;300x52.5x82
Kobelco,Sk 30SR-1,300x109x40;300x52.5x82,300x109x40;300x52.5x82,300x109x40;300x52.5x82
Kobelco,Sk 30SR-2 ('2001),300x52.5x82,300x52.5x82,300x52.5x82
Kobelco,Sk 30SR-3,300x52.5x82;300x52.5x82,300x52.5x82;300x52.5x82 (Narrow),300x52.5x82;300x52.5x82(N)
Kobelco,Sk 30SR-5,300x52.5x88;300x52.5x88,300x52.5x88;300x52.5x88 (Narrow),300x52.5x88;300x52.5x88(N)
Kobelco,Sk 30SR-6,300x52.5x88;300x52.5x88,300x52.5x88;300x52.5x88 (Narrow),300x52.5x88;300x52.5x88(N)
Kobelco,Sk 30UR,300x52.5x82,300x52.5x82,300x52.5x82
Kobelco,Sk 30UR-1,300x109x40;300x52.5x82,300x109x40;300x52.5x82,300x109x40;300x52.5x82
Kobelco,Sk 30UR-2,300x109x40;300x52.5x82,300x109x40;300x52.5x82,300x109x40;300x52.5x82
Kobelco,Sk 40SR ('96-'06),400x74x68;400x72.5x70,400x74x68;400x72.5x70 (Narrow),400x74x68;400x72.5x70(N)
Kobelco,Sk 40SR-ZT,400x74x72;400x72.5x73,400x74x72;400x72.5x73 (Narrow),400x74x72;400x72.5x73(N)
Kobelco,Sk 40SR3 ('96-'06),400x74x68;400x72.5x70,400x74x68;400x72.5x70 (Narrow),400x74x68;400x72.5x70(N)
Kobelco,Sk 45,400x74x72;400x72.5x73,400x74x72;400x72.5x73 (Narrow),400x74x72;400x72.5x73(N)
Kobelco,Sk 45-1,400x74x72;400x72.5x73,400x74x72;400x72.5x73 (Narrow),400x74x72;400x72.5x73(N)
Kobelco,Sk 45SR,400x74x72;400x72.5x73,400x74x72;400x72.5x73 (Narrow),400x74x72;400x72.5x73(N)
Kobelco,Sk 45SR-2,400x74x72;400x72.5x73,400x74x72;400x72.5x73 (Narrow),400x74x72;400x72.5x73(N)
Kobelco,Sk 50,400x74x72;400x72.5x73,400x74x72;400x72.5x73 (Narrow),400x74x72;400x72.5x73(N)
Kobelco,Sk 50-1,400x74x72;400x72.5x73,400x74x72;400x72.5x73 (Narrow),400x74x72;400x72.5x73(N)
Kobelco,Sk 50SR,400x74x72;400x72.5x73,400x74x72;400x72.5x73 (Narrow),400x74x72;400x72.5x73(N)
Kobelco,Sk 50SR-3,400x74x72;400x72.5x73,400x74x72;400x72.5x73 (Narrow),400x74x72;400x72.5x73(N)
Kobelco,Sk 50UR,400x74x72;400x72.5x73,400x74x72;400x72.5x73 (Narrow),400x74x72;400x72.5x73(N)
Kobelco,Sk 50UR-1,400x74x72;400x72.5x73,400x74x72;400x72.5x73 (Narrow),400x74x72;400x72.5x73(N)
Kobelco,Sk 50UR-2,400x74x72;400x72.5x73,400x74x72;400x72.5x73 (Narrow),400x74x72;400x72.5x73(N)
Kobelco,Sk 55SRX,400x72.5x74,400x72.5x74,400x72.5x74
Kobelco,Sk 55SRX 6E,400x72.5x74,400x72.5x74,400x72.5x74
Kobelco,Sk 60,450x81.5x74;450x81x76,450x81.5x74;450x81x76 (Narrow),450x81.5x74;450x81x76(N)
Kobelco,Sk 60-1,450x81.5x74;450x81x76,450x81.5x74;450x81x76 (Narrow),450x81.5x74;450x81x76(N)
Kobelco,Sk 60-2,450x81.5x74;450x81x76,450x81.5x74;450x81x76 (Narrow),450x81.5x74;450x81x76(N)
Kobelco,Sk 60-3 (untill'97),450x81.5x74;450x81x76,450x81.5x74;450x81x76 (Narrow),450x81.5x74;450x81x76(N)
Kobelco,Sk 60UR,450x81.5x74;450x81x76,450x81.5x74;450x81x76 (Narrow),450x81.5x74;450x81x76(N)
Kobelco,Sk 70SR,450x81.5x74;450x81x76,450x81.5x74;450x81x76 (Narrow),450x81.5x74;450x81x76(N)
Kobelco,Sk 70SR-1E,450x81.5x74;450x81x76,450x81.5x74;450x81x76 (Narrow),450x81.5x74;450x81x76(N)
Kobelco,Sk 70SR-2,450x81.5x74;450x81x76,450x81.5x74;450x81x76 (Narrow),450x81.5x74;450x81x76(N)
Kobelco,Sk 75-3,450x81.5x74;450x81x76,450x81.5x74;450x81x76 (Narrow),450x81.5x74;450x81x76(N)
Kobelco,Sk 75SR,450x81.5x74;450x81x76,450x81.5x74;450x81x76 (Narrow),450x81.5x74;450x81x76(N)
Kobelco,Sk 75UR,450x81.5x74;450x81x76,450x81.5x74;450x81x76 (Narrow),450x81.5x74;450x81x76(N)
Kobelco,Sk 75UR-1,450x81.5x74;450x81x76,450x81.5x74;450x81x76 (Narrow),450x81.5x74;450x81x76(N)
Kobelco,Sk 80CS,450x81.5x74;450x81x76,450x81.5x74;450x81x76 (Narrow),450x81.5x74;450x81x76(N)
Kobelco,Sk 80MSR,450x81.5x74;450x81x76,450x81.5x74;450x81x76 (Narrow),450x81.5x74;450x81x76(N)
Kobelco,Sk 85CS,450x81.5x74;450x81x76,450x81.5x74;450x81x76 (Narrow),450x81.5x74;450x81x76(N)
Kobelco,Sk 85MSR,450x81.5x74;450x81x76,450x81.5x74;450x81x76 (Narrow),450x81.5x74;450x81x76(N)
Kobelco,Sk 95UR,450x81x78;450x81x78,450x81x78;450x81x78 (Narrow),450x81x78;450x81x78(N)
Kobelco,Sk25SR-3,250x52.5x80;300x52.5x80,250x52.5x80 (Narrow);300x52.5x80 (Narrow),250x52.5x80(N);300x52.5x80(N)
Kobelco,Sk25SR-5,250x52.5x80;300x52.5x80,250x52.5x80 (Narrow);300x52.5x80 (Narrow),250x52.5x80(N);300x52.5x80(N)
Kobelco,Z11 (Crawler Crane),180x72x37,180x72x37,180x72x37
Kobelco,Z13 (Crawler Crane),300x109x38;300x52.5x78,300x109x38;300x52.5x78,300x109x38;300x52.5x78
Kobelco,Z14 (Crawler Crane),300x109x40;300x52.5x82,300x109x40;300x52.5x82,300x109x40;300x52.5x82
Kobelco,Z15 (Crawler Crane),350x109x41;350x52.5x84,350x109x41;350x52.5x84,350x109x41;350x52.5x84
Kobelco,Z16 (Crawler Crane),400x74x72;400x72.5x73,400x74x72;400x72.5x73 (Narrow),400x74x72;400x72.5x73(N)
Komatsu,1020 Turbo,320x86x56;450x86x56,320x86x56;450x86x56,320x86x56;450x86x56
Komatsu,820 Turbo,320x86x52,320x86x52,320x86x52
Komatsu,CK 1122,450x86x56,450x86x56,450x86x56
Komatsu,CK 1122-5,450x86x56,450x86x56,450x86x56
Komatsu,CK 16,320x86x48,320x86x48,320x86x48
Komatsu,CK 20,320x86x52,320x86x52,320x86x52
Komatsu,CK 20-1,320x86x52,320x86x52,320x86x52
Komatsu,CK 25,320x86x52,320x86x52,320x86x52
Komatsu,CK 25-1,320x86x52,320x86x52,320x86x52
Komatsu,CK 30,450x86x56,450x86x56,450x86x56
Komatsu,CK 30-1,450x86x56,450x86x56,450x86x56
Komatsu,CK 35,450x86x56,450x86x56,450x86x56
Komatsu,CK 35-1,450x86x56,450x86x56,450x86x56
Komatsu,D27R-8,300x52.5x80;300x52.5x80,300x52.5x80;300x52.5x80 (Narrow),300x52.5x80;300x52.5x80(N)
Komatsu,PC 03,180x72x37,180x72x37,180x72x37
Komatsu,PC 03 avance,180x72x37,180x72x37,180x72x37
Komatsu,PC 03-1 (SN>1001),180x72x37,180x72x37,180x72x37
Komatsu,PC 03-2,180x72x37,180x72x37,180x72x37
Komatsu,PC 03-2 avance (SN>15001),180x72x37,180x72x37,180x72x37
Komatsu,PC 05,230x72x42;230x48x62;230x96x31,230x72x42;230x48x62;230x96x31,230x72x42;230x48x62;230x96x31
Komatsu,PC 05 avance R (8000<Sn&lt; 10619),230x96x31;230x48x62,230x96x31;230x48x62,230x96x31;230x48x62
Komatsu,PC 05 avance R (SN>10616),230x96x31;230x48x62,230x96x31;230x48x62,230x96x31;230x48x62
Komatsu,PC 05-1(SN>1001),230x72x42,230x72x42,230x72x42
Komatsu,PC 05-2,230x72x42,230x72x42,230x72x42
Komatsu,PC 05-5(SN>2501),230x72x42,230x72x42,230x72x42
Komatsu,PC 05-6(SN<5001),230x72x42,230x72x42,230x72x42
Komatsu,PC 05-6(SN>5001),230x96x31;230x48x62,230x96x31;230x48x62,230x96x31;230x48x62
Komatsu,PC 05-7,230x96x31;230x48x62,230x96x31;230x48x62,230x96x31;230x48x62
Komatsu,PC 05-8,230x96x31;230x48x62,230x96x31;230x48x62,230x96x31;230x48x62
Komatsu,PC 05-R(S/N 8001-10618),230x96x31;230x48x62,230x96x31;230x48x62,230x96x31;230x48x62
Komatsu,PC 05-R(SN>10618),230x96x31;230x48x62,230x96x31;230x48x62,230x96x31;230x48x62
Komatsu,PC 07,230x96x31;230x48x62,230x96x31;230x48x62,230x96x31;230x48x62
Komatsu,PC 07 avance R (S/N 3001-5460),230x96x31;230x48x62,230x96x31;230x48x62,230x96x31;230x48x62
Komatsu,PC 07-1(S/N>1001),230x96x31;230x48x62,230x96x31;230x48x62,230x96x31;230x48x62
Komatsu,PC 07-2,230x96x31;230x48x62,230x96x31;230x48x62,230x96x31;230x48x62
Komatsu,PC 07-2E(SN F11149),230x96x31;230x48x62,230x96x31;230x48x62,230x96x31;230x48x62
Komatsu,PC 07-6,230x96x31;230x48x62,230x96x31;230x48x62,230x96x31;230x48x62
Komatsu,PC 07-7,230x96x31;230x48x62,230x96x31;230x48x62,230x96x31;230x48x62
Komatsu,PC 07FR-1,230x72x47,230x72x47,230x72x47
Komatsu,PC 07R,230x96x31;230x48x62,230x96x31;230x48x62,230x96x31;230x48x62
Komatsu,PC 08,200x72x40,200x72x40,200x72x40
Komatsu,PC 08 avance (SN>1000),200x72x40,200x72x40,200x72x40
Komatsu,PC 08U,200x72x40,200x72x40,200x72x40
Komatsu,PC 08UU,200x72x40,200x72x40,200x72x40
Komatsu,PC 08UU-1,200x72x40,200x72x40,200x72x40
Komatsu,PC 09,180x72x37,180x72x37,180x72x37
Komatsu,PC 09-1 (2006),180x72x37,180x72x37,180x72x37
Komatsu,PC 09FR,200x72x40,200x72x40,200x72x40
Komatsu,PC 09FR-1,200x72x43,200x72x43,200x72x43
Komatsu,PC 10-6 (SN>20001),300x52.5x76;250x52.5x76,300x52.5x76 (Narrow);250x52.5x76 (Narrow),300x52.5x76(N);250x52.5x76(N)
Komatsu,PC 10FR,260x97x40;250x48.5x80,260x97x40;250x48.5x80,260x97x40;250x48.5x80
Komatsu,PC 10MR,200x72x41,200x72x41,200x72x41
Komatsu,PC 10MR-1 avance (SN>30001),180x72x41,180x72x41,180x72x41
Komatsu,PC 10UU,200x72x41,200x72x41,200x72x41
Komatsu,PC 10UU-3 avance (SN>10001),180x72x41,180x72x41,180x72x41
Komatsu,PC 20 MR ('2006),250x52.5x78;300x52.5x78,250x52.5x78;300x52.5x78 (Narrow),250x52.5x78;300x52.5x78(N)
Komatsu,PC 20-2,300x109x41;300x52.5x84;300x55x81,300x109x41;300x52.5x84 (Narrow);300x55x81,300x109x41;300x52.5x84(N);300x55x81
Komatsu,PC 20-6,300x109x39;300x109x41,300x109x39;300x109x41,300x109x39;300x109x41
Komatsu,PC 20-7 (S/N < F20419),300x109x39,300x109x39,300x109x39
Komatsu,PC 20-7 (S/N > F20419),300x55x78,300x55x78,300x55x78
Komatsu,PC 20FR-1,260x97x40;250x48.5x80,260x97x40;250x48.5x80,260x97x40;250x48.5x80
Komatsu,PC 20FR-2,260x97x40;250x48.5x80,260x97x40;250x48.5x80,260x97x40;250x48.5x80
Komatsu,PC 20MR-1 avance (SN > 10001),250x52.5x78;300x52.5x78,250x52.5x78;300x52.5x78 (Narrow),250x52.5x78;300x52.5x78(N)
Komatsu,PC 20MRX,250x52.5x78;300x52.5x78,250x52.5x78;300x52.5x78 (Narrow),250x52.5x78;300x52.5x78(N)
Komatsu,PC 20MRX Utility,250x52.5x78;300x52.5x78,250x52.5x78;300x52.5x78 (Narrow),250x52.5x78;300x52.5x78(N)
Komatsu,PC 20R,260x52.5x76;250x52.5x76;300x52.5x76,260x52.5x76;250x52.5x76 (Narrow);300x52.5x76 (Narrow),260x52.5x76;250x52.5x76(N);300x52.5x76(N)
Komatsu,PC 20R Utility,300x55x78;300x52.5x80,300x55x78;300x52.5x80 (Narrow),300x55x78;300x52.5x80(N)
Komatsu,PC 20R-8 (SN > 10000) [OEM 260x52.5x76],260x52.5x76;250x52.5x76;300x52.5x76,260x52.5x76;250x52.5x76 (Narrow);300x52.5x76 (Narrow),260x52.5x76;250x52.5x76(N);300x52.5x76(N)
Komatsu,PC 20R-8 [OEM 260x109x37],260x109x37,260x109x37,260x109x37
Komatsu,PC 20UU,250x52.5x78;300x52.5x78,250x52.5x78;300x52.5x78 (Narrow),250x52.5x78;300x52.5x78(N)
Komatsu,PC 20UU-3 avance (SN > 10001),250x52.5x78;300x52.5x78,250x52.5x78;300x52.5x78 (Narrow),250x52.5x78;300x52.5x78(N)
Komatsu,PC 22MR-3,250x52.5x78;300x52.5x78,250x52.5x78;300x52.5x78 (Narrow),250x52.5x78;300x52.5x78(N)
Komatsu,PC 24MR-5,250x52.5x76;250x52.5x76,250x52.5x76;250x52.5x76 (Narrow),250x52.5x76;250x52.5x76(N)
Komatsu,PC 25,300x109x41;300x52.5x84;300x55x81,300x109x41;300x52.5x84 (Narrow);300x55x81,300x109x41;300x52.5x84(N);300x55x81
Komatsu,PC 25 avance R (1001 < SN &lt; 6470),300x109x41;300x52.5x84;300x55x81,300x109x41;300x52.5x84 (Narrow);300x55x81,300x109x41;300x52.5x84(N);300x55x81
Komatsu,PC 25 avance R (SN > 6471),300x52.5x84;300x52.5x84,300x52.5x84;300x52.5x84 (Narrow),300x52.5x84;300x52.5x84(N)
Komatsu,PC 25-1 (SN > 6470),300x109x41;300x52.5x84;300x55x81,300x109x41;300x52.5x84 (Narrow);300x55x81,300x109x41;300x52.5x84(N);300x55x81
Komatsu,PC 25-2,300x109x41;300x52.5x84;300x55x81,300x109x41;300x52.5x84 (Narrow);300x55x81,300x109x41;300x52.5x84(N);300x55x81
Komatsu,PC 25-7,300x55x82;300x52.5x84,300x55x82;300x52.5x84 (Narrow),300x55x82;300x52.5x84(N)
Komatsu,PC 25E-1 (SN > 6470),300x55x82;300x52.5x84,300x55x82;300x52.5x84 (Narrow),300x55x82;300x52.5x84(N)
Komatsu,PC 25R,300x52.5x80;300x52.5x80;300x55x77,300x52.5x80;300x52.5x80 (Narrow);300x55x77,300x52.5x80;300x52.5x80(N);300x55x77
Komatsu,PC 25R-8,300x52.5x80;300x52.5x80;300x55x77,300x52.5x80;300x52.5x80 (Narrow);300x55x77,300x52.5x80;300x52.5x80(N);300x55x77
Komatsu,PC 26MR,300x52.5x80;300x52.5x80,300x52.5x80;300x52.5x80 (Narrow),300x52.5x80;300x52.5x80(N)
Komatsu,PC 26MR-5,300x52.5x80;300x52.5x80,300x52.5x80;300x52.5x80 (Narrow),300x52.5x80;300x52.5x80(N)
Komatsu,PC 27,300x109x39;300x52.5x80;300x55x77,300x109x39;300x52.5x80 (Narrow);300x55x77,300x109x39;300x52.5x80(N);300x55x77
Komatsu,PC 27MR,300x52.5x80;300x52.5x80,300x52.5x80;300x52.5x80 (Narrow),300x52.5x80;300x52.5x80(N)
Komatsu,PC 27MR-1 avance (SN > 10001),300x52.5x80;300x52.5x80,300x52.5x80;300x52.5x80 (Narrow),300x52.5x80;300x52.5x80(N)
Komatsu,PC 27MR-2,300x52.5x80;300x52.5x80,300x52.5x80;300x52.5x80 (Narrow),300x52.5x80;300x52.5x80(N)
Komatsu,PC 27MR-3,300x52.5x80;300x52.5x80,300x52.5x80;300x52.5x80 (Narrow),300x52.5x80;300x52.5x80(N)
Komatsu,PC 27MRX,300x52.5x80;300x52.5x80,300x52.5x80;300x52.5x80 (Narrow),300x52.5x80;300x52.5x80(N)
Komatsu,PC 27R,300x55x78;300x55x78,300x55x78;300x55x78 (Narrow),300x55x78;300x55x78(N)
Komatsu,PC 27R Utility,300x55x78;300x55x78,300x55x78;300x55x78 (Narrow),300x55x78;300x55x78(N)
Komatsu,PC 27R-8,300x109x39;300x52.5x80;300x55x77,300x109x39;300x52.5x80 (Narrow);300x55x77,300x109x39;300x52.5x80(N);300x55x77
Komatsu,PC 27R-8E Deluxe,300x55x78;300x55x77,300x55x78;300x55x77 (Narrow),300x55x78;300x55x77(N)
Komatsu,PC 28,260x109x39;300x52.5x80;260x100x42;300x52.5x80;300x55x77,260x109x39;300x52.5x80;260x100x42;300x52.5x80 (Narrow);300x55x77,260x109x39;300x52.5x80;260x100x42;300x52.5x80(N);300x55x77
Komatsu,PC 28 UU-3 avance (SN > 30001),300x52.5x80;300x52.5x80;300x55x77,300x52.5x80;300x52.5x80 (Narrow);300x55x77,300x52.5x80;300x52.5x80(N);300x55x77
Komatsu,PC 28-1 (S/N > 2358),260x109x39;300x52.5x80;300x55x77,260x109x39;300x52.5x80 (Narrow);300x55x77,260x109x39;300x52.5x80(N);300x55x77
Komatsu,PC 28-2,260x109x39;300x52.5x80;300x55x77,260x109x39;300x52.5x80 (Narrow);300x55x77,260x109x39;300x52.5x80(N);300x55x77
Komatsu,PC 28-2 avance (7001 < SN &lt; 10800),300x109x39;300x52.5x80;300x55x77,300x109x39;300x52.5x80 (Narrow);300x55x77,300x109x39;300x52.5x80(N);300x55x77
Komatsu,PC 28-2 avance (SN > 10801),300x52.5x80;300x52.5x80;300x55x77,300x52.5x80;300x52.5x80 (Narrow);300x55x77,300x52.5x80;300x52.5x80(N);300x55x77
Komatsu,PC 28R,260x109x39;300x52.5x80;300x55x77,260x109x39;300x52.5x80 (Narrow);300x55x77,260x109x39;300x52.5x80(N);300x55x77
Komatsu,PC 28uu,260x109x39;300x52.5x80;300x55x77,260x109x39;300x52.5x80 (Narrow);300x55x77,260x109x39;300x52.5x80(N);300x55x77
Komatsu,PC 28uu-1,260x109x39;300x52.5x80;300x55x77,260x109x39;300x52.5x80 (Narrow);300x55x77,260x109x39;300x52.5x80(N);300x55x77
Komatsu,PC 28uu-2,260x109x39;300x52.5x80;300x55x77,260x109x39;300x52.5x80 (Narrow);300x55x77,260x109x39;300x52.5x80(N);300x55x77
Komatsu,PC 28uu-3,300x52.5x80;300x52.5x80;300x55x77,300x52.5x80;300x52.5x80 (Narrow);300x55x77,300x52.5x80;300x52.5x80(N);300x55x77
Komatsu,PC 30,300x109x41;320x100x45;300x52.5x84;300x55x81,300x109x41;320x100x45;300x52.5x84 (Narrow);300x55x81,300x109x41;320x100x45;300x52.5x84(N);300x55x81
Komatsu,PC 30 avance R,300x109x41;300x52.5x84;300x55x81,300x109x41;300x52.5x84 (Narrow);300x55x81,300x109x41;300x52.5x84(N);300x55x81
Komatsu,PC 30 avance R (SN > 26423),300x52.5x84;300x52.5x84,300x52.5x84;300x52.5x84 (Narrow),300x52.5x84;300x52.5x84(N)
Komatsu,PC 30-5,300x109x41;320x100x45;300x52.5x84;300x55x81,300x109x41;320x100x45;300x52.5x84 (Narrow);300x55x81,300x109x41;320x100x45;300x52.5x84(N);300x55x81
Komatsu,PC 30-6,300x109x41;300x52.5x84;300x55x81,300x109x41;300x52.5x84 (Narrow);300x55x81,300x109x41;300x52.5x84(N);300x55x81
Komatsu,PC 30-7 (S/N < F18384),300x109x41;300x52.5x84;300x55x81,300x109x41;300x52.5x84 (Narrow);300x55x81,300x109x41;300x52.5x84(N);300x55x81
Komatsu,PC 30-7 (S/N > F18384),300x109x41;300x52.5x84;300x55x81,300x109x41;300x52.5x84 (Narrow);300x55x81,300x109x41;300x52.5x84(N);300x55x81
Komatsu,PC 30-7E,300x109x41;300x52.5x84;300x55x81,300x109x41;300x52.5x84 (Narrow);300x55x81,300x109x41;300x52.5x84(N);300x55x81
Komatsu,PC 30-8,300x109x41;300x55x81,300x109x41;300x55x81,300x109x41;300x55x81
Komatsu,PC 30FR-1,300x55x78;300x55x78,300x55x78;300x55x78 (Narrow),300x55x78;300x55x78(N)
Komatsu,PC 30FR-2,300x55.5x82,300x55.5x82,300x55.5x82
Komatsu,PC 30MR,300x52.5x84;300x52.5x84;300x55x81,300x52.5x84;300x52.5x84 (Narrow);300x55x81,300x52.5x84;300x52.5x84(N);300x55x81
Komatsu,PC 30MR-1,300x52.5x84;300x52.5x84;300x55x81,300x52.5x84;300x52.5x84 (Narrow);300x55x81,300x52.5x84;300x52.5x84(N);300x55x81
Komatsu,PC 30MR-1 (> 05/04 mfg),300x52.5x86;300x52.5x86,300x52.5x86;300x52.5x86 (Narrow),300x52.5x86;300x52.5x86(N)
Komatsu,PC 30MR-2,300x52.5x86;300x52.5x86,300x52.5x86;300x52.5x86 (Narrow),300x52.5x86;300x52.5x86(N)
Komatsu,PC 30MR-3,300x52.5x86;300x52.5x86,300x52.5x86;300x52.5x86 (Narrow),300x52.5x86;300x52.5x86(N)
Komatsu,PC 30MRX,300x52.5x84;300x52.5x84,300x52.5x84;300x52.5x84 (Narrow),300x52.5x84;300x52.5x84(N)
Komatsu,PC 30R,300x52.5x84;300x52.5x84;300x55x81,300x52.5x84;300x52.5x84 (Narrow);300x55x81,300x52.5x84;300x52.5x84(N);300x55x81
Komatsu,PC 30R-8,300x109x41;300x52.5x84;300x55x81,300x109x41;300x52.5x84 (Narrow);300x55x81,300x109x41;300x52.5x84(N);300x55x81
Komatsu,PC 30R-8 avance (SN > 10001),300x52.5x84;300x52.5x84;300x55x81,300x52.5x84;300x52.5x84 (Narrow);300x55x81,300x52.5x84;300x52.5x84(N);300x55x81
Komatsu,PC 30uu-2,300x109x41;300x52.5x84;300x55x81,300x109x41;300x52.5x84 (Narrow);300x55x81,300x109x41;300x52.5x84(N);300x55x81
Komatsu,PC 30uu-3,300x109x41;300x52.5x84;300x55x81,300x109x41;300x52.5x84 (Narrow);300x55x81,300x109x41;300x52.5x84(N);300x55x81
Komatsu,PC 35,300x109x41;300x52.5x84;300x55x81,300x109x41;300x52.5x84 (Narrow);300x55x81,300x109x41;300x52.5x84(N);300x55x81
Komatsu,PC 35-8,300x52.5x84;300x52.5x84,300x52.5x84;300x52.5x84 (Narrow),300x52.5x84;300x52.5x84(N)
Komatsu,PC 35MR,300x109x41;300x52.5x84;300x55x81,300x109x41;300x52.5x84 (Narrow);300x55x81,300x109x41;300x52.5x84(N);300x55x81
Komatsu,PC 35MR-1,300x52.5x84;300x52.5x84;300x55x81,300x52.5x84;300x52.5x84 (Narrow);300x55x81,300x52.5x84;300x52.5x84(N);300x55x81
Komatsu,PC 35MR-1 (> 05/04 mfg),300x52.5x86;300x52.5x86,300x52.5x86;300x52.5x86 (Narrow),300x52.5x86;300x52.5x86(N)
Komatsu,PC 35MR-2,300x52.5x86;300x52.5x86,300x52.5x86;300x52.5x86 (Narrow),300x52.5x86;300x52.5x86(N)
Komatsu,PC 35MR-3,300x52.5x86;300x52.5x86,300x52.5x86;300x52.5x86 (Narrow),300x52.5x86;300x52.5x86(N)
Komatsu,PC 35MR-5,300x52.5x86;300x52.5x86,300x52.5x86;300x52.5x86 (Narrow),300x52.5x86;300x52.5x86(N)
Komatsu,PC 35MRX,300x52.5x84;300x52.5x84;300x55x81,300x52.5x84;300x52.5x84 (Narrow);300x55x81,300x52.5x84;300x52.5x84(N);300x55x81
Komatsu,PC 35R,300x109x41;300x52.5x84;300x55x81,300x109x41;300x52.5x84 (Narrow);300x55x81,300x109x41;300x52.5x84(N);300x55x81
Komatsu,PC 35R Utility,300x55x82;300x52.5x84,300x55x82;300x52.5x84 (Narrow),300x55x82;300x52.5x84(N)
Komatsu,PC 35R-8 Deluxe,300x52.5x84;300x52.5x84,300x52.5x84;300x52.5x84 (Narrow),300x52.5x84;300x52.5x84(N)
Komatsu,PC 35R-8 [OEM 300x109x41],300x109x41;300x52.5x84;300x55x81,300x109x41;300x52.5x84 (Narrow);300x55x81,300x109x41;300x52.5x84(N);300x55x81
Komatsu,PC 35R-8 [OEM 300x55x82],300x55x82;300x55x81,300x55x82;300x55x81 (Narrow),300x55x82;300x55x81(N)
Komatsu,PC 35R-8 avance (SN > 35001),300x52.5x84,300x52.5x84,300x52.5x84
Komatsu,PC 38,300x109x41;300x52.5x84;300x55x81,300x109x41;300x52.5x84 (Narrow);300x55x81,300x109x41;300x52.5x84(N);300x55x81
Komatsu,PC 38-2,300x109x41;300x52.5x84;300x55x81,300x109x41;300x52.5x84 (Narrow);300x55x81,300x109x41;300x52.5x84(N);300x55x81
Komatsu,PC 38-2 avance R,300x109x41;300x52.5x84;300x55x81,300x109x41;300x52.5x84 (Narrow);300x55x81,300x109x41;300x52.5x84(N);300x55x81
Komatsu,PC 38uu-2,300x55x82;300x52.5x86,300x55x82;300x52.5x86 (Narrow),300x55x82;300x52.5x86(N)
Komatsu,PC 38uu-2 avance (3001 < SN &lt; 4482),300x109x41;300x52.5x84;300x55x81,300x109x41;300x52.5x84 (Narrow);300x55x81,300x109x41;300x52.5x84(N);300x55x81
Komatsu,PC 38uu-2 avance (SN > 4483),300x52.5x84;300x52.5x84;300x55x81,300x52.5x84;300x52.5x84 (Narrow);300x55x81,300x52.5x84;300x52.5x84(N);300x55x81
Komatsu,PC 38uu-3,300x55x82;300x52.5x86,300x55x82;300x52.5x86 (Narrow),300x55x82;300x52.5x86(N)
Komatsu,PC 38uuM-2,300x55x82;300x52.5x86,300x55x82;300x52.5x86 (Narrow),300x55x82;300x52.5x86(N)
Komatsu,PC 38uuM-2 avance (SN > 1001),300x52.5x84;300x52.5x84;300x55x81,300x52.5x84;300x52.5x84 (Narrow);300x55x81,300x52.5x84;300x52.5x84(N);300x55x81
Komatsu,PC 40 avance R (> 24521),40x73x72;400x72.5x72,40x73x72;400x72.5x72 (Narrow),40x73x72;400x72.5x72(N)
Komatsu,PC 40-7 (SN > 24521),400x73x72;400x72.5x72,400x73x72;400x72.5x72 (Narrow),400x73x72;400x72.5x72(N)
Komatsu,PC 40FR-2 ('Victas assymetric'),350x75.5x74;400x75.5x74,350x75.5x74;400x75.5x74,350x75.5x74;400x75.5x74
Komatsu,PC 40MR,400x72.5x72;400x72.5x72,400x72.5x72;400x72.5x72 (Narrow),400x72.5x72;400x72.5x72(N)
Komatsu,PC 40MR-1 (SN > 1001),400x73x72;400x72.5x72,400x73x72;400x72.5x72 (Narrow),400x73x72;400x72.5x72(N)
Komatsu,PC 40MR-2,400x72.5x74;400x72.5x74,400x72.5x74;400x72.5x74 (Narrow),400x72.5x74;400x72.5x74(N)
Komatsu,PC 40MRX,400x73x72;400x72.5x72,400x73x72;400x72.5x72,400x73x72;400x72.5x72
Komatsu,PC 40R (S/N > 24522),400x72.5x72;400x72.5x72,400x72.5x72;400x72.5x72 (Narrow),400x72.5x72;400x72.5x72(N)
Komatsu,PC 40R-8,400x72.5x72;400x72.5x72,400x72.5x72;400x72.5x72 (Narrow),400x72.5x72;400x72.5x72(N)
Komatsu,PC 40R-8 avance (SN > 30001),400x73x72;400x72.5x72,400x73x72;400x72.5x72 (Narrow),400x73x72;400x72.5x72(N)
Komatsu,PC 40T,400x73x72;400x72.5x72,400x73x72;400x72.5x72 (Narrow),400x73x72;400x72.5x72(N)
Komatsu,PC 45,400x72.5x72;400x72.5x72,400x72.5x72;400x72.5x72 (Narrow),400x72.5x72;400x72.5x72(N)
Komatsu,PC 45 avance R (S/N > 3505),400x73x72;400x72.5x72,400x73x72;400x72.5x72 (Narrow),400x73x72;400x72.5x72(N)
Komatsu,PC 45-1 (F1492),400x72.5x72,400x72.5x72,400x72.5x72
Komatsu,PC 45-1E,400x72.5x72;400x72.5x72,400x72.5x72;400x72.5x72 (Narrow),400x72.5x72;400x72.5x72(N)
Komatsu,PC 45-8,400x72.5x72;400x72.5x72,400x72.5x72;400x72.5x72 (Narrow),400x72.5x72;400x72.5x72(N)
Komatsu,PC 45MR,400x72.5x72;400x72.5x72,400x72.5x72;400x72.5x72 (Narrow),400x72.5x72;400x72.5x72(N)
Komatsu,PC 45MR-1,400x73x72;400x72.5x72,400x73x72;400x72.5x72 (Narrow),400x73x72;400x72.5x72(N)
Komatsu,PC 45MR-3,450x86x58,450x86x58,450x86x58
Komatsu,PC 45MR-5,320x86x54;375x86x54;400x86x54,320x86x54;375x86x54;400x86x54,320x86x54;375x86x54;400x86x54
Komatsu,PC 45MRX,320x86x54;375x86x54;400x86x54,320x86x54;375x86x54;400x86x54,320x86x54;375x86x54;400x86x54
Komatsu,PC 45R (> 3506),320x86x54;375x86x54;400x86x54,320x86x54;375x86x54;400x86x54,320x86x54;375x86x54;400x86x54
Komatsu,PC 45R Utility,400x72.5x72;400x72.5x72,400x72.5x72;400x72.5x72 (Narrow),400x72.5x72;400x72.5x72(N)
Komatsu,PC 45R-8,400x72.5x72;400x72.5x72,400x72.5x72;400x72.5x72 (Narrow),400x72.5x72;400x72.5x72(N)
Komatsu,PC 45R-8 avance (SN > 5001),400x73x72;400x72.5x72,400x73x72;400x72.5x72 (Narrow),400x73x72;400x72.5x72(N)
Komatsu,PC 50-2 (> 12772),400x73x72;400x72.5x72,400x73x72;400x72.5x72 (Narrow),400x73x72;400x72.5x72(N)
Komatsu,PC 50-2 avance R (S/N > 12771),400x72.5x72;400x72.5x72,400x72.5x72;400x72.5x72 (Narrow),400x72.5x72;400x72.5x72(N)
Komatsu,PC 50-3,400x72.5x72;400x72.5x72,400x72.5x72;400x72.5x72 (Narrow),400x72.5x72;400x72.5x72(N)
Komatsu,PC 50FR-1,400x72.5x72;400x72.5x72,400x72.5x72;400x72.5x72 (Narrow),400x72.5x72;400x72.5x72(N)
Komatsu,"PC 50FR-2 (Victas"" assymetric)""",400x75.5x74,400x75.5x74,400x75.5x74
Komatsu,PC 50M-2,400x72.5x72;400x72.5x72,400x72.5x72;400x72.5x72 (Narrow),400x72.5x72;400x72.5x72(N)
Komatsu,PC 50MR,400x72.5x74;400x72.5x74,400x72.5x74;400x72.5x74 (Narrow),400x72.5x74;400x72.5x74(N)
Komatsu,PC 50MR-1 (>05/04 mfg),400x72.5x74;400x72.5x74,400x72.5x74;400x72.5x74 (Narrow),400x72.5x74;400x72.5x74(N)
Komatsu,PC 50MR-2 ('2006),400x72.5x74;400x72.5x74,400x72.5x74;400x72.5x74 (Narrow),400x72.5x74;400x72.5x74(N)
Komatsu,PC 50UD UG-2 (SN > 12750),400x73x72;400x72.5x72,400x73x72;400x72.5x72 (Narrow),400x73x72;400x72.5x72(N)
Komatsu,PC 50uu-2 (New),400x73x72;400x72.5x72,400x73x72;400x72.5x72 (Narrow),400x73x72;400x72.5x72(N)
Komatsu,PC 50uu-2 avance (SN > 12772),400x73x72;400x72.5x72,400x73x72;400x72.5x72 (Narrow),400x73x72;400x72.5x72(N)
Komatsu,PC 50uu-2E (SN > 12760),400x73x72;400x72.5x72,400x73x72;400x72.5x72 (Narrow),400x73x72;400x72.5x72(N)
Komatsu,PC 50uuM-2,400x72.5x72;400x72.5x72,400x72.5x72;400x72.5x72 (Narrow),400x72.5x72;400x72.5x72(N)
Komatsu,PC 50uuM-2 avance (SN > 10001),400x73x72;400x72.5x72,400x73x72;400x72.5x72 (Narrow),400x73x72;400x72.5x72(N)
Komatsu,PC 55MR,400x72.5x74;400x72.5x74,400x72.5x74;400x72.5x74 (Narrow),400x72.5x74;400x72.5x74(N)
Komatsu,PC 55MR-3,400x72.5x74;400x72.5x74,400x72.5x74;400x72.5x74 (Narrow),400x72.5x74;400x72.5x74(N)
Komatsu,PC 58SF-1 (SN > 1001),400x73x72;400x72.5x72,400x73x72;400x72.5x72 (Narrow),400x73x72;400x72.5x72(N)
Komatsu,PC 58uu-3,400x135x38;400x72.5x72,400x135x38;400x72.5x72 (Narrow),400x135x38;400x72.5x72(N)
Komatsu,PC 58uu-X,400x135x38;400x72.5x72,400x135x38;400x72.5x72 (Narrow),400x135x38;400x72.5x72(N)
Komatsu,PC 60-6 (type 2),450x83.5x74;450x81x76,450x83.5x74;450x81x76 (Narrow),450x83.5x74;450x81x76(N)
Komatsu,PC 60-6 (type 3),450x83.5x74;450x81x76,450x83.5x74;450x81x76 (Narrow),450x83.5x74;450x81x76(N)
Komatsu,PC 75,450x76x80,450x76x80,450x76x80
Komatsu,PC 75-1 (S/N 1175 - 5001),450x76x80,450x76x80,450x76x80
Komatsu,PC 75-2 (S/N 5001 - 7927),450x76x80,450x76x80,450x76x80
Komatsu,PC 75-2 (S/N > 7928),450x83.5x74;450x81x76,450x83.5x74;450x81x76 (Narrow),450x83.5x74;450x81x76(N)
Komatsu,PC 75R-2,450x76x80,450x76x80,450x76x80
Komatsu,PC 75R-8,450x76x80,450x76x80,450x76x80
Komatsu,PC 75uu-1 (SN > 1175),450x83.5x74;450x81x76,450x83.5x74;450x81x76 (Narrow),450x83.5x74;450x81x76(N)
Komatsu,PC 75uu-2 (SN > 7927),450x83.5x74;450x81x76,450x83.5x74;450x81x76 (Narrow),450x83.5x74;450x81x76(N)
Komatsu,PC 75uu-2A,450x83.5x74;450x81x76,450x83.5x74;450x81x76 (Narrow),450x83.5x74;450x81x76(N)
Komatsu,PC 75uu-2AR,450x83.5x74;450x81x76,450x83.5x74;450x81x76 (Narrow),450x83.5x74;450x81x76(N)
Komatsu,PC 75uu-2DQ,450x83.5x74;450x81x76,450x83.5x74;450x81x76 (Narrow),450x83.5x74;450x81x76(N)
Komatsu,PC 75uu-2R,450x83.5x74;450x81x76,450x83.5x74;450x81x76 (Narrow),450x83.5x74;450x81x76(N)
Komatsu,PC 75uu-3,450x83.5x74;450x81x76,450x83.5x74;450x81x76 (Narrow),450x83.5x74;450x81x76(N)
Komatsu,PC 75uu-3A,450x83.5x74;450x81x76,450x83.5x74;450x81x76 (Narrow),450x83.5x74;450x81x76(N)
Komatsu,PC 75uu-3T,450x83.5x74;450x81x76,450x83.5x74;450x81x76 (Narrow),450x83.5x74;450x81x76(N)
Komatsu,PC 75uuT-6,450x83.5x74;450x81x76,450x83.5x74;450x81x76 (Narrow),450x83.5x74;450x81x76(N)
Komatsu,PC 78MR-6 (verify links! May be 74 link count),450x83.5x74;450x81x76,450x83.5x74;450x81x76 (Narrow),450x83.5x74;450x81x76(N)
Komatsu,PC 78N,450x83.5x74;450x81x76,450x83.5x74;450x81x76 (Narrow),450x83.5x74;450x81x76(N)
Komatsu,PC 80MR,450x83.5x74;450x81x76,450x83.5x74;450x81x76 (Narrow),450x83.5x74;450x81x76(N)
Komatsu,PC 80MR-5,450x83.5x74;450x81x76,450x83.5x74;450x81x76 (Narrow),450x83.5x74;450x81x76(N)
Komatsu,PC 88MR,450x83.5x74;450x81x76,450x83.5x74;450x81x76 (Narrow),450x83.5x74;450x81x76(N)
Komatsu,PC 88MR-10,450x83.5x74;450x81x76,450x83.5x74;450x81x76 (Narrow),450x83.5x74;450x81x76(N)
Komatsu,PC 88MR-6,450x83.5x74;450x81x76,450x83.5x74;450x81x76 (Narrow),450x83.5x74;450x81x76(N)
Komatsu,PC 88MR-8,450x83.5x74;450x81x76,450x83.5x74;450x81x76 (Narrow),450x83.5x74;450x81x76(N)
Komatsu,PC 95,450x76x84,450x76x84,450x76x84
Komatsu,PC 95-1,450x76x84,450x76x84,450x76x84
Komatsu,PC 95R-2,450x76x84,450x76x84,450x76x84
Komatsu,PC12R-8,230x96x31;230x48x62,230x96x31;230x48x62,230x96x31;230x48x62
Komatsu,PC12R-8 Mistral HS,230x96x31;230x48x62,230x96x31;230x48x62,230x96x31;230x48x62
Komatsu,PC12R-8 avance,230x96x31;230x48x62,230x96x31;230x48x62,230x96x31;230x48x62
Komatsu,PC14R HS,230x96x35;230x48x70,230x96x35;230x48x70,230x96x35;230x48x70
Komatsu,PC14R-2,230x96x31;230x48x62,230x96x31;230x48x62,230x96x31;230x48x62
Komatsu,PC14R-2 HS,230x96x35;230x48x70,230x96x35;230x48x70,230x96x35;230x48x70
Komatsu,PC14R-3,230x48x62,230x48x62,230x48x62
Komatsu,PC14R-3 HS,230x48x70,230x48x70,230x48x70
Komatsu,PC15,300x52.5x80;260x100x42;300x55x77,300x52.5x80 (Narrow);260x100x42;300x55x77,300x52.5x80(N);260x100x42;300x55x77
Komatsu,PC15 FR-1,230x72x47,230x72x47,230x72x47
Komatsu,PC15 MR,200x72x41;230x96x35;230x48x70,200x72x41;230x96x35;230x48x70,200x72x41;230x96x35;230x48x70
Komatsu,PC15 MR-1,180x72x41,180x72x41,180x72x41
Komatsu,PC15 MRX,230x96x35;230x48x70,230x96x35;230x48x70,230x96x35;230x48x70
Komatsu,PC15 MRX-1,230x96x35;230x48x70,230x96x35;230x48x70,230x96x35;230x48x70
Komatsu,PC15 P,260x109x39;300x52.5x80;300x55x77,260x109x39;300x52.5x80 (Narrow);300x55x77,260x109x39;300x52.5x80(N);300x55x77
Komatsu,PC15 R,230x96x31;230x48x62,230x96x31;230x48x62,230x96x31;230x48x62
Komatsu,PC15 R HS,230x96x31;230x48x62,230x96x31;230x48x62,230x96x31;230x48x62
Komatsu,PC15 R Mistral,230x96x31;230x48x62,230x96x31;230x48x62,230x96x31;230x48x62
Komatsu,PC15 R-8E Deluxe,230x96x31;230x48x62,230x96x31;230x48x62,230x96x31;230x48x62
Komatsu,PC15 avance R(5001<SN&lt;6221),300x109x39;300x52.5x80;300x55x77,300x109x39;300x52.5x80 (Narrow);300x55x77,300x109x39;300x52.5x80(N);300x55x77
Komatsu,PC15 avance R(SN>6222),300x52.5x80;300x52.5x80,300x52.5x80;300x52.5x80 (Narrow),300x52.5x80;300x52.5x80(N)
Komatsu,PC15-1 (SN>1001),260x109x39;300x52.5x80;300x55x77,260x109x39;300x52.5x80 (Narrow);300x55x77,260x109x39;300x52.5x80(N);300x55x77
Komatsu,PC15-2 (Not on new rollers),260x109x39;300x52.5x80;300x55x77,260x109x39;300x52.5x80 (Narrow);300x55x77,260x109x39;300x52.5x80(N);300x55x77
Komatsu,PC15-2 (SN>2001),260x109x39;300x52.5x80;300x55x77,260x109x39;300x52.5x80 (Narrow);300x55x77,260x109x39;300x52.5x80(N);300x55x77
Komatsu,PC15-3,260x109x39;300x52.5x80;300x55x77,260x109x39;300x52.5x80 (Narrow);300x55x77,260x109x39;300x52.5x80(N);300x55x77
Komatsu,PC15-6,260x109x39;300x52.5x80;300x55x77,260x109x39;300x52.5x80 (Narrow);300x55x77,260x109x39;300x52.5x80(N);300x55x77
Komatsu,PC15-6 (Not on new rollers),260x109x39;300x52.5x80;300x55x77,260x109x39;300x52.5x80 (Narrow);300x55x77,260x109x39;300x52.5x80(N);300x55x77
Komatsu,PC15-7,300x52.5x80;300x52.5x80,300x52.5x80;300x52.5x80 (Narrow),300x52.5x80;300x52.5x80(N)
Komatsu,PC16 R HS,230x96x35;230x48x70,230x96x35;230x48x70,230x96x35;230x48x70
Komatsu,PC16 R-2,230x96x31;230x48x62,230x96x31;230x48x62,230x96x31;230x48x62
Komatsu,PC16 R-2HS,230x96x35;230x48x70,230x96x35;230x48x70,230x96x35;230x48x70
Komatsu,PC16 R-3,230x48x62,230x48x62,230x48x62
Komatsu,PC16R-3HS,230x48x70,230x48x70,230x48x70
Komatsu,PC18MR('2006),230x96x35;230x48x70,230x96x35;230x48x70,230x96x35;230x48x70
Komatsu,PC18MR-2('2006),230x96x35;230x48x70,230x96x35;230x48x70,230x96x35;230x48x70
Komatsu,PC18MR-3,230x96x35;230x48x70,230x96x35;230x48x70,230x96x35;230x48x70
Komatsu,PC18MR-5,230x48x70,230x48x70,230x48x70
Komatsu,PC20,320x100x45,320x100x45,320x100x45
Komatsu,PC20 MR-2,260x52.5x78;300x52.5x78,260x52.5x78;300x52.5x78 (Narrow),260x52.5x78;300x52.5x78(N)
Komatsu,PC20 avance R (35001<SN&lt;42354),300x109x39,300x109x39,300x109x39
Komatsu,PC20 avance R (SN>42355),300x52.5x80,300x52.5x80,300x52.5x80
Komatsu,PC20(F10038),300x109x41,300x109x41,300x109x41
Komatsu,PC20-8,300x55x78;300x52.5x80,300x55x78;300x52.5x80 (Narrow),300x55x78;300x52.5x80(N)
Komatsu,PC75R,450x76x80,450x76x80,450x76x80
Komatsu,SK1020 (VTS System for Skidsteer Loader),450x86x58,450x86x58,450x86x58
Komatsu,SK815 (VTS System for Skidsteer Loader),320x86x54;375x86x54;400x86x54,320x86x54;375x86x54;400x86x54,320x86x54;375x86x54;400x86x54
Komatsu,SK818 (VTS System for Skidsteer Loader),320x86x54;375x86x54;400x86x54,320x86x54;375x86x54;400x86x54,320x86x54;375x86x54;400x86x54
Komatsu,SK820 (VTS System for Skidsteer Loader),320x86x54;375x86x54;400x86x54,320x86x54;375x86x54;400x86x54,320x86x54;375x86x54;400x86x54
Kubota,AR 30,300x109x39;300x52.5x80,300x109x39;300x52.5x80 (Narrow),300x109x39;300x52.5x80(N)
Kubota,D902,230x96x32;230x48x64,230x96x32;230x48x64,230x96x32;230x48x64
Kubota,FH 007,180x72x36,180x72x36,180x72x36
Kubota,HG,200x72x42,200x72x42,200x72x42
Kubota,K 007,180x72x36,180x72x36,180x72x36
Kubota,K 008,180x72x37,180x72x37,180x72x37
Kubota,K 008-2,180x72x37,180x72x37,180x72x37
Kubota,K 008-3,180x72x37,180x72x37,180x72x37
Kubota,K 008-3G,180x72x37,180x72x37,180x72x37
Kubota,K 008DH,180x72x37,180x72x37,180x72x37
Kubota,K 013,200x96x30;230x48x60,200x96x30;230x48x60,200x96x30;230x48x60
Kubota,K 015,200x96x30;230x48x60,200x96x30;230x48x60,200x96x30;230x48x60
Kubota,K 020,250x109x37;250x52.5x76;300x52.5x76,250x109x37;250x52.5x76 (Narrow);300x52.5x76 (Narrow),250x109x37;250x52.5x76(N);300x52.5x76(N)
Kubota,K 022,250x109x37;250x52.5x76;300x52.5x76,250x109x37;250x52.5x76 (Narrow);300x52.5x76 (Narrow),250x109x37;250x52.5x76(N);300x52.5x76(N)
Kubota,K 025,300x109x37;250x52.5x76;300x52.5x76,300x109x37;250x52.5x76 (Narrow);300x52.5x76 (Narrow),300x109x37;250x52.5x76(N);300x52.5x76(N)
Kubota,K 028,300x109x39;300x52.5x80,300x109x39;300x52.5x80 (Narrow),300x109x39;300x52.5x80(N)
Kubota,K 030,300x109x39;300x52.5x80,300x109x39;300x52.5x80 (Narrow),300x109x39;300x52.5x80(N)
Kubota,K 030 (Lotus root),300x109x39;300x52.5x80,300x109x39;300x52.5x80 (Narrow),300x109x39;300x52.5x80(N)
Kubota,K 030-3,300x53x80,300x53x80,300x53x80
Kubota,K 035,300x52.5x84,300x52.5x84,300x52.5x84
Kubota,K 035-3,300x53x84,300x53x84,300x53x84
Kubota,K 038,350x56x84;350x52.5x88,350x56x84;350x52.5x88,350x56x84;350x52.5x88
Kubota,K 040,400x72.5x72,400x72.5x72,400x72.5x72
Kubota,K 045,400x72.5x72,400x72.5x72,400x72.5x72
Kubota,K 080,450x81.5x76;450x81x76,450x81.5x76;450x81x76 (Narrow),450x81.5x76;450x81x76(N)
Kubota,K 151,400x72.5x72,400x72.5x72,400x72.5x72
Kubota,KC 110H (dumper),250x72x48,250x72x48,250x72x48
Kubota,KC 110HR (dumper),250x72x48,250x72x48,250x72x48
Kubota,KC 110HR-4 (dumper),230x72x43,230x72x43,230x72x43
Kubota,KC 120 (dumper),250x72x45;230x72x46,250x72x45;230x72x46,250x72x45;230x72x46
Kubota,KC 121 (dumper),280x72x52;250x72x52,280x72x52;250x72x52,280x72x52;250x72x52
Kubota,KC 140,250x72x45,250x72x45,250x72x45
Kubota,KC 40 (dumper),180x60x34,180x60x34,180x60x34
Kubota,KC 50 (dumper) [OEM 200x72x34],200x72x34;200x72x39,200x72x34;200x72x39,200x72x34;200x72x39
Kubota,KC 50 new (dumper) [OEM 250x72x46],250x72x46,250x72x46,250x72x46
Kubota,KC 50LZ (dumper),200x72x39,200x72x39,200x72x39
Kubota,KC 51,200x72x39,200x72x39,200x72x39
Kubota,KC 70 (dumper),200x72x39,200x72x39,200x72x39
Kubota,KH 007,180x72x36;180x72x37,180x72x36;180x72x37,180x72x36;180x72x37
Kubota,KH 008,180x72x37,180x72x37,180x72x37
Kubota,KH 012 (new),230x96x30;230x48x60,230x96x30;230x48x60,230x96x30;230x48x60
Kubota,KH 012 (old),200x72x42,200x72x42,200x72x42
Kubota,KH 012G,200x72x42,200x72x42,200x72x42
Kubota,KH 012HG,200x72x42,200x72x42,200x72x42
Kubota,KH 014,230x72x42,230x72x42,230x72x42
Kubota,KH 014G,230x72x42,230x72x42,230x72x42
Kubota,KH 014HG,230x72x42,230x72x42,230x72x42
Kubota,KH 02,300x109x37;250x52.5x76;300x52.5x76,300x109x37;250x52.5x76 (Narrow);300x52.5x76 (Narrow),300x109x37;250x52.5x76(N);300x52.5x76(N)
Kubota,KH 021,250x109x35;300x52.5x72,250x109x35;300x52.5x72 (Narrow),250x109x35;300x52.5x72(N)
Kubota,KH 021HG,250x109x35;300x52.5x72,250x109x35;300x52.5x72 (Narrow),250x109x35;300x52.5x72(N)
Kubota,KH 024,300x109x37,300x109x37,300x109x37
Kubota,KH 026,300x109x37,300x109x37,300x109x37
Kubota,KH 026G,300x109x35,300x109x35,300x109x35
Kubota,KH 027,300x109x37;250x52.5x76;300x52.5x76,300x109x37;250x52.5x76 (Narrow);300x52.5x76 (Narrow),300x109x37;250x52.5x76(N);300x52.5x76(N)
Kubota,KH 027G,300x109x37;250x52.5x76;300x52.5x76,300x109x37;250x52.5x76 (Narrow);300x52.5x76 (Narrow),300x109x37;250x52.5x76(N);300x52.5x76(N)
Kubota,KH 02HG,300x109x37;250x52.5x76;300x52.5x76,300x109x37;250x52.5x76 (Narrow);300x52.5x76 (Narrow),300x109x37;250x52.5x76(N);300x52.5x76(N)
Kubota,KH 030,300x109x39;300x52.5x80,300x109x39;300x52.5x80 (Narrow),300x109x39;300x52.5x80(N)
Kubota,KH 030G,300x109x39;300x52.5x80,300x109x39;300x52.5x80 (Narrow),300x109x39;300x52.5x80(N)
Kubota,KH 030HG,300x109x39;300x52.5x80,300x109x39;300x52.5x80 (Narrow),300x109x39;300x52.5x80(N)
Kubota,KH 033 [OEM 300x109x39],300x109x39;300x109x41,300x109x39;300x109x41,300x109x39;300x109x41
Kubota,KH 033HG [OEM 300x109x39],300x109x39;300x109x41,300x109x39;300x109x41,300x109x39;300x109x41
Kubota,KH 040,400x142x37;400x72.5x72,400x142x37;400x72.5x72,400x142x37;400x72.5x72
Kubota,KH 041,230x72x42,230x72x42,230x72x42
Kubota,KH 045,400x142x37;400x72.5x72,400x142x37;400x72.5x72,400x142x37;400x72.5x72
Kubota,KH 05,200x72x42,200x72x42,200x72x42
Kubota,KH 055,400x142x39;400x72.5x76,400x142x39;400x72.5x76,400x142x39;400x72.5x76
Kubota,KH 055N,400x72.5x76,400x72.5x76,400x72.5x76
Kubota,KH 060,300x109x37;250x52.5x76;300x52.5x76,300x109x37;250x52.5x76 (Narrow);300x52.5x76 (Narrow),300x109x37;250x52.5x76(N);300x52.5x76(N)
Kubota,KH 07,180x72x37,180x72x37,180x72x37
Kubota,KH 090,300x109x41;300x52.5x84,300x109x41;300x52.5x84,300x109x41;300x52.5x84
Kubota,KH 101,300x109x41;300x52.5x84,300x109x41;300x52.5x84,300x109x41;300x52.5x84
Kubota,KH 12,200x72x42,200x72x42,200x72x42
Kubota,KH 120,230x72x42,230x72x42,230x72x42
Kubota,KH 121,300x109x35;300x52.5x72,300x109x35;300x52.5x72 (Narrow),300x109x35;300x52.5x72(N)
Kubota,KH 130,400x146x36;400x72.5x72,400x146x36;400x72.5x72,400x146x36;400x72.5x72
Kubota,KH 14,230x72x42,230x72x42,230x72x42
Kubota,KH 14G,230x72x42,230x72x42,230x72x42
Kubota,KH 14HG,230x72x42,230x72x42,230x72x42
Kubota,KH 151,400x142x37;400x72.5x72,400x142x37;400x72.5x72,400x142x37;400x72.5x72
Kubota,KH 191 [OEM 450x71x78],450x71x78;450x81x72,450x71x78;450x81x72,450x71x78;450x81x72
Kubota,KH 21,180x72x36,180x72x36,180x72x36
Kubota,KH 24,300x109x37;250x52.5x76;300x52.5x76,300x109x37;250x52.5x76 (Narrow);300x52.5x76 (Narrow),300x109x37;250x52.5x76(N);300x52.5x76(N)
Kubota,KH 24HG,300x109x37;250x52.5x76;300x52.5x76,300x109x37;250x52.5x76 (Narrow);300x52.5x76 (Narrow),300x109x37;250x52.5x76(N);300x52.5x76(N)
Kubota,KH 26HG,300x109x37;250x52.5x76;300x52.5x76,300x109x37;250x52.5x76 (Narrow);300x52.5x76 (Narrow),300x109x37;250x52.5x76(N);300x52.5x76(N)
Kubota,KH 26SR [OEM 320x100x40],320x100x40;320x100x43,320x100x40;320x100x43,320x100x40;320x100x43
Kubota,KH 28,200x72x42,200x72x42,200x72x42
Kubota,KH 30SR [OEM 320x100x40],320x100x40;320x100x43,320x100x40;320x100x43,320x100x40;320x100x43
Kubota,KH 30SRG [OEM 320x100x40],320x100x40;320x100x43,320x100x40;320x100x43,320x100x40;320x100x43
Kubota,KH 31,200x72x42,200x72x42,200x72x42
Kubota,KH 35,200x72x42,200x72x42,200x72x42
Kubota,KH 36,200x72x42,200x72x42,200x72x42
Kubota,KH 37,200x72x42,200x72x42,200x72x42
Kubota,KH 38,200x72x42,200x72x42,200x72x42
Kubota,KH 41 [OEM 230x72x42],230x72x42;230x96x30,230x72x42;230x96x30,230x72x42;230x96x30
Kubota,KH 41R,230x72x42,230x72x42,230x72x42
Kubota,KH 5,200x72x42,200x72x42,200x72x42
Kubota,KH 50 [OEM 230x72x42],230x72x42;250x109x35,230x72x42;250x109x35,230x72x42;250x109x35
Kubota,KH 50SR [OEM 420x100x52],420x100x52;420x100x54,420x100x52;420x100x54,420x100x52;420x100x54
Kubota,KH 51,250x109x35;300x52.5x72,250x109x35;300x52.5x72 (Narrow),250x109x35;300x52.5x72(N)
Kubota,KH 51SR [OEM 420x100x52],420x100x52;420x100x54,420x100x52;420x100x54,420x100x52;420x100x54
Kubota,KH 52,250x109x35;300x52.5x72,250x109x35;300x52.5x72 (Narrow),250x109x35;300x52.5x72(N)
Kubota,KH 52SR [OEM 400x146x36],400x146x36;420x100x52;420x100x54,400x146x36;420x100x52;420x100x54,400x146x36;420x100x52;420x100x54
Kubota,KH 55 [OEM 230x72x42],230x72x42;250x109x35,230x72x42;250x109x35,230x72x42;250x109x35
Kubota,KH 55G,230x72x42,230x72x42,230x72x42
Kubota,KH 55R,230x72x42,230x72x42,230x72x42
Kubota,KH 55S,230x72x42,230x72x42,230x72x42
Kubota,KH 55X,230x72x42,230x72x42,230x72x42
Kubota,KH 5HC,200x72x42,200x72x42,200x72x42
Kubota,KH 60 [OEM 300x109x35],300x109x35;300x109x37,300x109x35;300x109x37,300x109x35;300x109x37
Kubota,KH 61,300x109x35;300x52.5x72,300x109x35;300x52.5x72 (Narrow),300x109x35;300x52.5x72(N)
Kubota,KH 65,300x109x37;250x52.5x76;300x52.5x76,300x109x37;250x52.5x76 (Narrow);300x52.5x76 (Narrow),300x109x37;250x52.5x76(N);300x52.5x76(N)
Kubota,KH 66 [OEM 300x109x35],300x109x35;300x109x37,300x109x35;300x109x37,300x109x35;300x109x37
Kubota,KH 70 [OEM 300x109x37],300x109x37;300x109x39,300x109x37;300x109x39,300x109x37;300x109x39
Kubota,KH 71 [OEM 300x109x35],300x109x35,300x109x35,300x109x35
Kubota,KH 90,300x109x41;300x52.5x84,300x109x41;300x52.5x84,300x109x41;300x52.5x84
Kubota,KH 91,300x1009x39;300x52.5x80,300x1009x39;300x52.5x80 (Narrow),300x1009x39;300x52.5x80(N)
Kubota,KN 36,200x96x30;230x48x60,200x96x30;230x48x60,200x96x30;230x48x60
Kubota,KN 51,250x109x35;300x52.5x72,250x109x35;300x52.5x72 (Narrow),250x109x35;300x52.5x72(N)
Kubota,KX 007,180x72x36,180x72x36,180x72x36
Kubota,KX 008,180x72x37,180x72x37,180x72x37
Kubota,KX 012,230x96x30;230x48x60,230x96x30;230x48x60,230x96x30;230x48x60
Kubota,KX 014,230x96x30;230x48x60,230x96x30;230x48x60,230x96x30;230x48x60
Kubota,KX 015-4,230x96x32;230x48x64,230x96x32;230x48x64,230x96x32;230x48x64
Kubota,KX 016-4,230x96x32;230x48x64,230x96x32;230x48x64,230x96x32;230x48x64
Kubota,KX 018-4,230x48x70,230x48x70,230x48x70
Kubota,KX 019-4,230x48x70,230x48x70,230x48x70
Kubota,KX 021 [OEM 250x109x35],250x109x35;250x109x37,250x109x35;250x109x37,250x109x35;250x109x37
Kubota,KX 021UR,250x19x37;250x52.5x76;300x52.5x76,250x19x37;250x52.5x76 (Narrow);300x52.5x76 (Narrow),250x19x37;250x52.5x76(N);300x52.5x76(N)
Kubota,KX 024,250x109x35;300x52.5x72,250x109x35;300x52.5x72 (Narrow),250x109x35;300x52.5x72(N)
Kubota,KX 026,300x109x35;300x52.5x72,300x109x35;300x52.5x72 (Narrow),300x109x35;300x52.5x72(N)
Kubota,KX 027,300x109x37;250x52.5x76;300x52.5x76,300x109x37;250x52.5x76 (Narrow);300x52.5x76 (Narrow),300x109x37;250x52.5x76(N);300x52.5x76(N)
Kubota,KX 027-4,300x53x80,300x53x80,300x53x80
Kubota,KX 030 [OEM 300x109x39],300x109x39;300x109x41,300x109x39;300x109x41,300x109x39;300x109x41
Kubota,KX 030-4,300x53x80,300x53x80,300x53x80
Kubota,KX 033 [OEM 300x109x39],300x109x39;300x109x41,300x109x39;300x109x41,300x109x39;300x109x41
Kubota,KX 033-4,300x53x84,300x53x84,300x53x84
Kubota,KX 037-4,300x53x84,300x53x84,300x53x84
Kubota,KX 040,400x142x37;400x72.5x72,400x142x37;400x72.5x72,400x142x37;400x72.5x72
Kubota,KX 040-4,350x54.5x86,350x54.5x86,350x54.5x86
Kubota,KX 040-4HGA,350x54.5x86,350x54.5x86,350x54.5x86
Kubota,KX 041,230x96x30;230x48x60,230x96x30;230x48x60,230x96x30;230x48x60
Kubota,KX 042-4,350x54.5x86,350x54.5x86,350x54.5x86
Kubota,KX 045,400x142x37;400x72.5x72,400x142x37;400x72.5x72,400x142x37;400x72.5x72
Kubota,KX 057-4,400x72.5x74,400x72.5x74,400x72.5x74
Kubota,KX 057-5,400x72.5x74,400x72.5x74,400x72.5x74
Kubota,KX 060-5,400x72.5x74,400x72.5x74,400x72.5x74
Kubota,KX 080,450x81.5x76;450x81x76,450x81.5x76;450x81x76 (Narrow),450x81.5x76;450x81x76(N)
Kubota,KX 080-3,450x81.5x76;450x81x76,450x81.5x76;450x81x76 (Narrow),450x81.5x76;450x81x76(N)
Kubota,KX 080-4,450x81.5x76;450x81x76,450x81.5x76;450x81x76 (Narrow),450x81.5x76;450x81x76(N)
Kubota,KX 100-5,500x92x78,500x92x78,500x92x78
Kubota,KX 101,300x109x41;300x52.5x84,300x109x41;300x52.5x84,300x109x41;300x52.5x84
Kubota,KX 101-3,300x53x84,300x53x84,300x53x84
Kubota,KX 101-3&2,300x53x84,300x53x84,300x53x84
Kubota,KX 101-3&3,300x53x84,300x53x84,300x53x84
Kubota,KX 101-3&4,300x53x84,300x53x84,300x53x84
Kubota,KX 12,200x96x30;230x48x60,200x96x30;230x48x60,200x96x30;230x48x60
Kubota,KX 120-5,500x92x84,500x92x84,500x92x84
Kubota,KX 121-2,350x56x84;350x52.5x88,350x56x84;350x52.5x88,350x56x84;350x52.5x88
Kubota,KX 121-2S,350x56x84;350x52.5x88,350x56x84;350x52.5x88,350x56x84;350x52.5x88
Kubota,KX 121-3,350x54.5x86,350x54.5x86,350x54.5x86
Kubota,KX 121-3&,350x54.5x86,350x54.5x86,350x54.5x86
Kubota,KX 151,400x142x37;400x72.5x72,400x142x37;400x72.5x72,400x142x37;400x72.5x72
Kubota,KX 161-2,400x72.5x72,400x72.5x72,400x72.5x72
Kubota,KX 161-2S,400x72.5x72,400x72.5x72,400x72.5x72
Kubota,KX 161-2SR,400x72.5x72,400x72.5x72,400x72.5x72
Kubota,KX 161-3,400x72.5x74,400x72.5x74,400x72.5x74
Kubota,KX 161-3&,400x72.5x74,400x72.5x74,400x72.5x74
Kubota,KX 161-3CX,400x72.5x74,400x72.5x74,400x72.5x74
Kubota,KX 21,180x72x39,180x72x39,180x72x39
Kubota,KX 251,450x71x86,450x71x86,450x71x86
Kubota,KX 251N2PG,450x71x86,450x71x86,450x71x86
Kubota,KX 28,200x96x30;230x48x60,200x96x30;230x48x60,200x96x30;230x48x60
Kubota,KX 36,200x96x30;230x48x60,200x96x30;230x48x60,200x96x30;230x48x60
Kubota,KX 36-2,200x96x30;230x96x30;230x48x60,200x96x30;230x96x30;230x48x60,200x96x30;230x96x30;230x48x60
Kubota,KX 36-3,230x96x32;230x48x64,230x96x32;230x48x64,230x96x32;230x48x64
Kubota,KX 36-3GL,230x96x32;230x48x64,230x96x32;230x48x64,230x96x32;230x48x64
Kubota,KX 36-3HGL,230x96x32;230x48x64,230x96x32;230x48x64,230x96x32;230x48x64
Kubota,KX 36HG,230x96x30;230x48x60,230x96x30;230x48x60,230x96x30;230x48x60
Kubota,KX 41,230x96x30;230x48x60,230x96x30;230x48x60,230x96x30;230x48x60
Kubota,KX 41-2,230x96x30;230x48x60,230x96x30;230x48x60,230x96x30;230x48x60
Kubota,KX 41-2S,230x96x32;230x48x64,230x96x32;230x48x64,230x96x32;230x48x64
Kubota,KX 41-2SC,230x96x32;230x48x64,230x96x32;230x48x64,230x96x32;230x48x64
Kubota,KX 41-2SV,230x96x35;230x48x70,230x96x35;230x48x70,230x96x35;230x48x70
Kubota,KX 41-2V,230x96x35;230x48x70,230x96x35;230x48x70,230x96x35;230x48x70
Kubota,KX 41-2VC,230x96x35;230x48x70,230x96x35;230x48x70,230x96x35;230x48x70
Kubota,KX 41-3 [S/N < 20972],230x48x70,230x48x70,230x48x70
Kubota,KX 41-3 [S/N > 30001],230x48x70,230x48x70,230x48x70
Kubota,KX 41-3S,230x96x32;230x48x64,230x96x32;230x48x64,230x96x32;230x48x64
Kubota,KX 41-3SGL,230x96x32;230x48x64,230x96x32;230x48x64,230x96x32;230x48x64
Kubota,KX 41-3V(2009),230x96x35;230x48x70,230x96x35;230x48x70,230x96x35;230x48x70
Kubota,KX 41-3V(2010 & UP),230x48x70,230x48x70,230x48x70
Kubota,KX 41-3VGL,230x96x35;230x48x70,230x96x35;230x48x70,230x96x35;230x48x70
Kubota,KX 41HG,230x96x30;230x48x60,230x96x30;230x48x60,230x96x30;230x48x60
Kubota,KX 41L,230x96x30;230x48x60,230x96x30;230x48x60,230x96x30;230x48x60
Kubota,KX 51,250x109x35;300x52.5x72,250x109x35;300x52.5x72 (Narrow),250x109x35;300x52.5x72(N)
Kubota,KX 61,250x109x35;300x52.5x72,250x109x35;300x52.5x72 (Narrow),250x109x35;300x52.5x72(N)
Kubota,KX 61-2,250x109x37;250x52.5x76;300x52.5x76,250x109x37;250x52.5x76 (Narrow);300x52.5x76 (Narrow),250x109x37;250x52.5x76(N);300x52.5x76(N)
Kubota,KX 61-2&,250x109x37;250x52.5x76;300x52.5x76,250x109x37;250x52.5x76 (Narrow);300x52.5x76 (Narrow),250x109x37;250x52.5x76(N);300x52.5x76(N)
Kubota,KX 61-2S,250x109x37;250x52.5x76;300x52.5x76,250x109x37;250x52.5x76 (Narrow);300x52.5x76 (Narrow),250x109x37;250x52.5x76(N);300x52.5x76(N)
Kubota,KX 61-3,300x53x80,300x53x80,300x53x80
Kubota,KX 71,300x109x35;300x52.5x72,300x109x35;300x52.5x72 (Narrow),300x109x35;300x52.5x72(N)
Kubota,KX 71-2,300x109x39;300x52.5x80,300x109x39;300x52.5x80 (Narrow),300x109x39;300x52.5x80(N)
Kubota,KX 71-2&,300x109x39;300x52.5x80,300x109x39;300x52.5x80 (Narrow),300x109x39;300x52.5x80(N)
Kubota,KX 71-3,300x53x80,300x53x80,300x53x80
Kubota,KX 71-3GL,300x53x80,300x53x80,300x53x80
Kubota,KX 75UR,450x81x76;450x81x76,450x81x76;450x81x76 (Narrow),450x81x76;450x81x76(N)
Kubota,KX 80,450x81x76;450x81x76,450x81x76;450x81x76 (Narrow),450x81x76;450x81x76(N)
Kubota,KX 90,300x109x41;300x52.5x84,300x109x41;300x52.5x84,300x109x41;300x52.5x84
Kubota,KX 91-2,300x109x39;300x52.5x80,300x109x39;300x52.5x80 (Narrow),300x109x39;300x52.5x80(N)
Kubota,KX 91-2S,300x109x39;300x52.5x80,300x109x39;300x52.5x80 (Narrow),300x109x39;300x52.5x80(N)
Kubota,KX 91-2SR,300x109x39;300x52.5x80,300x109x39;300x52.5x80 (Narrow),300x109x39;300x52.5x80(N)
Kubota,KX 91-3,300x53x80,300x53x80,300x53x80
Kubota,KX 91-3&,300x53x80,300x53x80,300x53x80
Kubota,KX 91-3&-2,300x53x80,300x53x80,300x53x80
Kubota,KXB 300,180x72x37,180x72x37,180x72x37
Kubota,RX 141,230x96x35;230x48x70,230x96x35;230x48x70,230x96x35;230x48x70
Kubota,RX 201,250x109x37;250x52.5x76;300x52.5x76,250x109x37;250x52.5x76 (Narrow);300x52.5x76 (Narrow),250x109x37;250x52.5x76(N);300x52.5x76(N)
Kubota,RX 202,250x96x41;250x47x84;250x48x82,250x96x41;250x47x84;250x48x82,250x96x41;250x47x84;250x48x82
Kubota,RX 301,300x109x41;300x52.5x84,300x109x41;300x52.5x84,300x109x41;300x52.5x84
Kubota,RX 301UR,300x109x41;300x52.5x84,300x109x41;300x52.5x84,300x109x41;300x52.5x84
Kubota,RX 302,300x52.5x84,300x52.5x84,300x52.5x84
Kubota,RX 303,300x109x41;300x52.5x84,300x109x41;300x52.5x84,300x109x41;300x52.5x84
Kubota,RX 501,400x142x38;400x72.5x74,400x142x38;400x72.5x74,400x142x38;400x72.5x74
Kubota,RX 502,400x72.5x74,400x72.5x74,400x72.5x74
Kubota,RX 502VA,400x72.5x74,400x72.5x74,400x72.5x74
Kubota,SVL 65-2 (Compact Track Loader),320x86x52;380x86x52;400x86x52,320x86x52;380x86x52;400x86x52,320x86x52;380x86x52;400x86x52
Kubota,SVL 75 (Compact Track Loader),320x86x52;380x86x52;400x86x52,320x86x52;380x86x52;400x86x52,320x86x52;380x86x52;400x86x52
Kubota,SVL 75-2 (Compact Track Loader),320x86x52;380x86x52;400x86x52,320x86x52;380x86x52;400x86x52,320x86x52;380x86x52;400x86x52
Kubota,SVL 75-3 (Compact Track Loader),320x86x52;400x86x52,320x86x52;400x86x52,320x86x52;400x86x52
Kubota,SVL 90 (Compact Track Loader),450x86x58,450x86x58,450x86x58
Kubota,SVL 90-2 (Compact Track Loader),450x86x58,450x86x58,450x86x58
Kubota,SVL 95 (Compact Track Loader),450x86x58,450x86x58,450x86x58
Kubota,SVL 95-2 (Compact Track Loader),450x86x58,450x86x58,450x86x58
Kubota,SVL 95-2s (Compact Track Loader),450x86x58,450x86x58,450x86x58
Kubota,SVL 97-2 (Compact Track Loader),450x86x58,450x86x58,450x86x58
Kubota,U-008,180x72x37,180x72x37,180x72x37
Kubota,U-10,180x72x40,180x72x40,180x72x40
Kubota,U-10-3,180x72x40,180x72x40,180x72x40
Kubota,U-10-5,180x72x40,180x72x40,180x72x40
Kubota,U-15,230x96x35;23x48x70,230x96x35;23x48x70,230x96x35;23x48x70
Kubota,U-15 Lotus root,230x96x35;230x48x70,230x96x35;230x48x70,230x96x35;230x48x70
Kubota,U-15-3,230x96x35;230x48x70,230x96x35;230x48x70,230x96x35;230x48x70
Kubota,U-17,230x48x70,230x48x70,230x48x70
Kubota,U-17-3,230x48x70,230x48x70,230x48x70
Kubota,U-17-3&,230x48x70,230x48x70,230x48x70
Kubota,U-20,250x96x41;250x47x84;250x48x82,250x96x41;250x47x84;250x48x82,250x96x41;250x47x84;250x48x82
Kubota,U-20 (Korean model),250x109x35;300x52.5x72,250x109x35;300x52.5x72 (Narrow),250x109x35;300x52.5x72(N)
Kubota,U-20-3,250x47x84;250x48x82,250x47x84;250x48x82,250x47x84;250x48x82
Kubota,U-20-3&,250x47x84;250x48x82,250x47x84;250x48x82,250x47x84;250x48x82
Kubota,U-20-3V,250x47x84;250x48x82,250x47x84;250x48x82,250x47x84;250x48x82
Kubota,U-20-3VHG,250x47x84;250x48x82,250x47x84;250x48x82,250x47x84;250x48x82
Kubota,U-25-3,300x53x80,300x53x80,300x53x80
Kubota,U-25-3G,300x53x80,300x53x80,300x53x80
Kubota,U-25-3GL,300x53x80,300x53x80,300x53x80
Kubota,U-27-4,300x53x80,300x53x80,300x53x80
Kubota,U-30,300x52.5x84,300x52.5x84,300x52.5x84
Kubota,U-30-1,300x52.5x84,300x52.5x84,300x52.5x84
Kubota,U-30-2,300x52.5x84,300x52.5x84,300x52.5x84
Kubota,U-30-3,300x53x84,300x53x84,300x53x84
Kubota,U-30-5S,300x52.5x84,300x52.5x84,300x52.5x84
Kubota,U-30-6S,300x52.5x84,300x52.5x84,300x52.5x84
Kubota,U-30HG,300x52.5x84,300x52.5x84,300x52.5x84
Kubota,U-35,300x53x84,300x53x84,300x53x84
Kubota,U-35&,300x53x84,300x53x84,300x53x84
Kubota,U-35-3,300x53x84,300x53x84,300x53x84
Kubota,U-35-3&,300x53x84,300x53x84,300x53x84
Kubota,U-35-3&2,300x53x84,300x53x84,300x53x84
Kubota,U-35-3G,300x53x84,300x53x84,300x53x84
Kubota,U-35-3GAI,300x53x84,300x53x84,300x53x84
Kubota,U-35-3HG,300x53x84,300x53x84,300x53x84
Kubota,U-35-4,300x53x84,300x53x84,300x53x84
Kubota,U-35HG,300x53x84,300x53x84,300x53x84
Kubota,U-35SS (Super Series),300x53x84,300x53x84,300x53x84
Kubota,U-36-4,300x53x84,300x53x84,300x53x84
Kubota,U-40,400x72.5x74,400x72.5x74,400x72.5x74
Kubota,U-45,400x72.5x72;400x75.2x72,400x72.5x72;400x75.2x72,400x72.5x72;400x75.2x72
Kubota,U-45-3,400x72.5x74,400x72.5x74,400x72.5x74
Kubota,U-45G,400x72.5x72;400x75.2x72,400x72.5x72;400x75.2x72,400x72.5x72;400x75.2x72
Kubota,U-45VA,400x72.5x74,400x72.5x74,400x72.5x74
Kubota,U-48-4,400x72.5x74,400x72.5x74,400x72.5x74
Kubota,U-50-3,400x72.5x74,400x72.5x74,400x72.5x74
Kubota,U-50-5,400x72.5x74,400x72.5x74,400x72.5x74
Kubota,U-55,400x72.5x74,400x72.5x74,400x72.5x74
Kubota,U-55-4,400x72.5x74,400x72.5x74,400x72.5x74
Kubota,U-55-4 S,400x72.5x74,400x72.5x74,400x72.5x74
Kubota,U-55-5,400x72.5x74,400x72.5x74,400x72.5x74
Kubota,U-56-5,400x72.5x74,400x72.5x74,400x72.5x74
Kubota,UX 30,300x52.5x84,300x52.5x84,300x52.5x84
Link-Belt,LS 1600C,450x73.5x80;450x71x82,450x73.5x80;450x71x82,450x73.5x80;450x71x82
Link-Belt,Quantum 1600,450x73.5x80;450x71x82,450x73.5x80;450x71x82,450x73.5x80;450x71x82
MBU,D 400,180x72x37,180x72x37,180x72x37
MBU,D 500,180x72x37,180x72x37,180x72x37
Macanizacion Y Mineria Sa,MYMC,230x72x43,230x72x43,230x72x43
Macanizacion Y Mineria Sa,MYMP6,300x55x78;300x52.5x80,300x55x78;300x52.5x80 (Narrow),300x55x78;300x52.5x80(N)
Macmoter,L 6C,400x73x74;400x72.5x74,400x73x74;400x72.5x74,400x73x74;400x72.5x74
Macmoter,M 1,250x72x45,250x72x45,250x72x45
Macmoter,M 1 Miniropa,250x72x45,250x72x45,250x72x45
Macmoter,M 1 S,250x72x45,250x72x45,250x72x45
Macmoter,M 2,250x72x45,250x72x45,250x72x45
Macmoter,MB 135S,250x72x45,250x72x45,250x72x45
Madro,OMH-400,230x72x43,230x72x43,230x72x43
Madro,SMH-400,230x72x43,230x72x43,230x72x43
Maeda,M-104C,180x72x40,180x72x40,180x72x40
Maeda,MC104C,180x72x40,180x72x40,180x72x40
Maeda,MC104CR,180x72x40,180x72x40,180x72x40
Maeda,MC174,180x72x40,180x72x40,180x72x40
Manitou,1.16S,230x72x43,230x72x43,230x72x43
Manitou,1650RT,320x86x49,320x86x49,320x86x49
Manitou,1850RT,320x86x54;400x86x54,320x86x54;400x86x54,320x86x54;400x86x54
Manitou,2100RT,450x86x56,450x86x56,450x86x56
Manitou,2150RT,450x86x56,450x86x56,450x86x56
Manitou,3200VT,450x86x58,450x86x58,450x86x58
Manitou,RT105,250x72x52,250x72x52,250x72x52
Manitou,RT135,300x84x46;300x86x45,300x84x46;300x86x45,300x84x46;300x86x45
Massey Ferguson,MF 114,230x96x31;230x48x62,230x96x31;230x48x62,230x96x31;230x48x62
Massey Ferguson,MF 115,230x96x31;230x48x62,230x96x31;230x48x62,230x96x31;230x48x62
Massey Ferguson,MF 123,250x109x35;300x52.5x72,250x109x35;300x52.5x72,250x109x35;300x52.5x72
Massey Ferguson,MF 125,300x109x38;300x52.5x78,300x109x38;300x52.5x78,300x109x38;300x52.5x78
Massey Ferguson,MF 128,300x109x38;300x52.5x78,300x109x38;300x52.5x78,300x109x38;300x52.5x78
Massey Ferguson,MF 130,300x109x40;300x52.5x82,300x109x40;300x52.5x82,300x109x40;300x52.5x82
Massey Ferguson,MF 131,300x109x40;300x52.5x82,300x109x40;300x52.5x82,300x109x40;300x52.5x82
Massey Ferguson,MF 135,350x108x42;350x52.5x86,350x108x42;350x52.5x86,350x108x42;350x52.5x86
Massey Ferguson,MF 145,400x72.5x72;400x72.5x73,400x72.5x72;400x72.5x73 (Narrow),400x72.5x72;400x72.5x73(N)
Massey Ferguson,MF 150,400x72.5x72;400x72.5x73,400x72.5x72;400x72.5x73 (Narrow),400x72.5x72;400x72.5x73(N)
Maweco,1003,250x72x47;230x72x44,250x72x47;230x72x44,250x72x47;230x72x44
Maweco,1302,280x72x47;250x72x47,280x72x47;250x72x47,280x72x47;250x72x47
Maweco,403,200x72x34;180x72x34,200x72x34;180x72x34,200x72x34;180x72x34
Maweco,703,200x72x34;180x72x34,200x72x34;180x72x34,200x72x34;180x72x34
Maweco,TC 10,230x72x43,230x72x43,230x72x43
Maweco,YB 10,230x72x43,230x72x43,230x72x43
Maxima,TB 15,230x72x43,230x72x43,230x72x43
Mc Connel,Robocut,250x72x47,250x72x47,250x72x47
Mc Elory,TracStar 28,180x72x42,180x72x42,180x72x42
Mc Elory,TracStar 412,180x72x42,180x72x42,180x72x42
Mc Elory,TracStar 500,230x72x42,230x72x42,230x72x42
Mc Elory,TracStar 618,180x72x42,180x72x42,180x72x42
Mc Elory,TracStar 900,300x100x43;300x52.5x82,300x100x43;300x52.5x82,300x100x43;300x52.5x82
Mecalac,10 MCR,450x76x84,450x76x84,450x76x84
Mecalac,6 MCR,400x73x74;400x72.5x74,400x73x74;400x72.5x74,400x73x74;400x72.5x74
Mecalac,8MCR ('2010),450x71x84,450x71x84,450x71x84
Mecanica Benassi,MB 300,180x60x35,180x60x35,180x60x35
Mecanica Benassi,MB 350,180x60x35,180x60x35,180x60x35
Mecanica Benassi,MB 500,180x60x37,180x60x37,180x60x37
Mecbo,P2800-BR.8,250x72x52,250x72x52,250x72x52
Meinl,Hamster,200x72x37;180x72x37,200x72x37;180x72x37,200x72x37;180x72x37
Menzi Muck,C14,200x72x42,200x72x42,200x72x42
Menzi Muck,C19,200x72x42,200x72x42,200x72x42
Merlo,M4-2,180x72x37,180x72x37,180x72x37
Merlo,M4-3 Turbo,180x72x41,180x72x41,180x72x41
Merlo,M6 ('2002),180x72x35,180x72x35,180x72x35
Merlo,M8,180x72x35,180x72x35,180x72x35
Merlo,M8-2 Plus Dumper,180x72x35,180x72x35,180x72x35
Merlo,M8-2 Plus Mixer,180x72x36,180x72x36,180x72x36
Mertz,PX 10,200x72x36;180x72x36,200x72x36;180x72x36,200x72x36;180x72x36
Mertz,PX 17,200x72x36;180x72x36,200x72x36;180x72x36,200x72x36;180x72x36
Messersi,CH1,180x72x34,180x72x34,180x72x34
Messersi,CH2,180x72x34,180x72x34,180x72x34
Messersi,CH2/N13D,180x72x37,180x72x37,180x72x37
Messersi,CH2/R13,180x72x37,180x72x37,180x72x37
Messersi,CH2R Carrier,180x72x37,180x72x37,180x72x37
Messersi,CH2R Mixer,180x72x37,180x72x37,180x72x37
Messersi,CH3,180x72x34,180x72x34,180x72x34
Messersi,CM 1,180x72x34,180x72x34,180x72x34
Messersi,M 08,180x72x37,180x72x37,180x72x37
Messersi,M 08E,230x72x45,230x72x45,230x72x45
Messersi,M 10E,180x72x37,180x72x37,180x72x37
Messersi,M 13,230x72x45,230x72x45,230x72x45
Messersi,M 15,230x72x45;230x72x44,230x72x45;230x72x44,230x72x45;230x72x44
Messersi,M 16,230x72x45,230x72x45,230x72x45
Messersi,M 16BV,230x96x33;230x48x66,230x96x33;230x48x66,230x96x33;230x48x66
Messersi,M 16U,230x96x33;230x48x66,230x96x33;230x48x66,230x96x33;230x48x66
Messersi,M 18,230x72x45,230x72x45,230x72x45
Messersi,M 18BE,230x96x33;230x48x66,230x96x33;230x48x66,230x96x33;230x48x66
Messersi,M 18BE/C,230x96x32;230x48x64,230x96x32;230x48x64,230x96x32;230x48x64
Messersi,M 20,230x72x45,230x72x45,230x72x45
Messersi,M 22U,250x96x40;250x48x80,250x96x40;250x48x80,250x96x40;250x48x80
Messersi,M 25,300x55x72;300x52.5x74,300x55x72;300x52.5x74 (Narrow),300x55x72;300x52.5x74(N)
Messersi,M 28,300x55x72;300x52.5x74,300x55x72;300x52.5x74 (Narrow),300x55x72;300x52.5x74(N)
Messersi,M 28P,300x55x72;300x52.5x74,300x55x72;300x52.5x74 (Narrow),300x55x72;300x52.5x74(N)
Messersi,M 30,300x55x78;300x52.5x80,300x55x78;300x52.5x80 (Narrow),300x55x78;300x52.5x80(N)
Messersi,M 32,300x54x80;300x52.5x82,300x54x80;300x52.5x82 (Narrow),300x54x80;300x52.5x82(N)
Messersi,M 35,300x55x78;300x52.5x80,300x55x78;300x52.5x80 (Narrow),300x55x78;300x52.5x80(N)
Messersi,M 35P/C,300x54x80;300x52.5x82,300x54x80;300x52.5x82 (Narrow),300x54x80;300x52.5x82(N)
Messersi,M 50,400x72.5x72,400x72.5x72,400x72.5x72
Messersi,M 50P,400x72.5x72,400x72.5x72,400x72.5x72
Messersi,TCH 05,180x72x34,180x72x34,180x72x34
Messersi,TCH 07D,180x72x34,180x72x34,180x72x34
Messersi,TCH 09,180x72x34,180x72x34,180x72x34
Messersi,TCH 10D,180x72x34,180x72x34,180x72x34
Messersi,TCH 12,230x72x52,230x72x52,230x72x52
Messersi,TCH 13,180x72x34,180x72x34,180x72x34
Messersi,TCH 15,230x72x52,230x72x52,230x72x52
Messersi,TCH 1500,230x72x52,230x72x52,230x72x52
Messersi,TCH 15S,230x72x52,230x72x52,230x72x52
Messersi,TCH R16D,180x73x37;180x72x37,180x73x37;180x72x37,180x73x37;180x72x37
Mini Mustang,MM18,230x72x43,230x72x43,230x72x43
Minicarrier,TL 10,230x72x43,230x72x43,230x72x43
Minicarrier,YB 10,230x72x43,230x72x43,230x72x43
Minicarrier,YEW 5D1,250x72x45,250x72x45,250x72x45
Minicarrier,YFW 5,250x72x45,250x72x45,250x72x45
Minidig,G 500,180x72x34,180x72x34,180x72x34
Minidig,GR 700A,190x72x37;180x72x37,190x72x37;180x72x37,190x72x37;180x72x37
Minidig,GR 900,190x72x37;180x72x37,190x72x37;180x72x37,190x72x37;180x72x37
Mintrac,1003,250x72x52;230x72x44,250x72x52;230x72x44,250x72x52;230x72x44
Mintrac,1302,280x72x48;250x72x48,280x72x48;250x72x48,280x72x48;250x72x48
Mintrac,403,230x72x43,230x72x43,230x72x43
Mintrac,703,200x72x34;180x72x34,200x72x34;180x72x34,200x72x34;180x72x34
Mintrac,709,200x72x34;180x72x34,200x72x34;180x72x34,200x72x34;180x72x34
Mintrac,808,230x72x42,230x72x42,230x72x42
Mira,HD 190-1,180x72x38,180x72x38,180x72x38
Mitsubishi,ME 15,230x96x33;230x48x66,230x96x33;230x48x66,230x96x33;230x48x66
Mitsubishi,ME 30,300x52.5x80;300x52.5x80,300x52.5x80;300x52.5x80 (Narrow),300x52.5x80;300x52.5x80(N)
Mitsubishi,MM 20,300x52.5x74,300x52.5x74,300x52.5x74
Mitsubishi,MM 25,300x52.5x76;300x109x35;300x52.5x72,300x52.5x76;300x109x35;300x52.5x72,300x52.5x76;300x109x35;300x52.5x72
Mitsubishi,MM 30CR,300x52.5x80,300x52.5x80,300x52.5x80
Mitsubishi,MM 35,300x109x41;300x52.5x84,300x109x41;300x52.5x84,300x109x41;300x52.5x84
Mitsubishi,MM 35A,300x109x41;300x52.5x84,300x109x41;300x52.5x84,300x109x41;300x52.5x84
Mitsubishi,MM 35B,300x109x41;300x52.5x84,300x109x41;300x52.5x84,300x109x41;300x52.5x84
Mitsubishi,MM 35T,300x109x41;300x52.5x84,300x109x41;300x52.5x84,300x109x41;300x52.5x84
Mitsubishi,MM 40,300x52.5x84,300x52.5x84,300x52.5x84
Mitsubishi,MM 40SR,300x52.5x84,300x52.5x84,300x52.5x84
Mitsubishi,MM 45B,400x73x72;400x72.5x72,400x73x72;400x72.5x72,400x73x72;400x72.5x72
Mitsubishi,MM 55SR,400x73x72;400x72.5x72,400x73x72;400x72.5x72,400x73x72;400x72.5x72
Mitsubishi,MS 010,250x72x45,250x72x45,250x72x45
Mitsubishi,MX 35,300x109x39;300x52.5x80,300x109x39;300x52.5x80 (Narrow),300x109x39;300x52.5x80(N)
Mitsubishi,MX 45,400x142x36;400x72.5x70,400x142x36;400x72.5x70 (Narrow),400x142x36;400x72.5x70(N)
Monitor,1275,200x72x47,200x72x47,200x72x47
Monitor,43T,400x72.5x82,400x72.5x82,400x72.5x82
Mopas,ME35,300x109x39;300x52.5x80,300x109x39;300x52.5x80 (Narrow),300x109x39;300x52.5x80(N)
Morath,BR 1800,250x72x57,250x72x57,250x72x57
Morooka,CG 65,700x100x98,700x100x98,700x100x98
Morooka,MST 1500,700x100x98,700x100x98,700x100x98
Morooka,MST 1500-P,700x100x98,700x100x98,700x100x98
Morooka,MST 1500E,700x100x98,700x100x98,700x100x98
Morooka,MST 1500V,700x100x98,700x100x98,700x100x98
Morooka,MST 1500VD,700x100x98,700x100x98,700x100x98
Morooka,MST 1700,700x100x98,700x100x98,700x100x98
Morooka,MST 1900,700x100x98,700x100x98,700x100x98
Morooka,MST 2200,750x150x66,750x150x66,750x150x66
Morooka,MST 2200V,750x150x66,750x150x66,750x150x66
Morooka,MST 2200VD,750x150x66,750x150x66,750x150x66
Morooka,MST 2300,750x150x66,750x150x66,750x150x66
Morooka,MST 600V,500x90x78,500x90x78,500x90x78
Morooka,MST 600VD,500x100x65;500x90x78,500x100x65;500x90x78,500x100x65;500x90x78
Morooka,Track Carrier 1500,700x100x98,700x100x98,700x100x98
Morooka,Track Carrier 2200,750x150x66,750x150x66,750x150x66
Multidrill,ML (HD Drilling Machine),250x72x52,250x72x52,250x72x52
Multidrill,PL (HD Drilling Machine),230x96x32;230x48x64,230x96x32;230x48x64,230x96x32;230x48x64
Multidrill,SL (HD Drilling Machine),180x72x34,180x72x34,180x72x34
Multidrill,XL (HD Drilling Machine),300x52.5x82;300x52.5x82,300x52.5x82;300x52.5x82 (Narrow),300x52.5x82;300x52.5x82(N)
Multitel,SMX250.E,200x72x45,200x72x45,200x72x45
Mustang,1000M,485x92x72,485x92x72,485x92x72
Mustang,1650 RT,320x86x49,320x86x49,320x86x49
Mustang,170Z,230x72x46,230x72x46,230x72x46
Mustang,1750 RT,320x86x54,320x86x54,320x86x54
Mustang,1850 RT,320x86x54;400x86x54,320x86x54;400x86x54,320x86x54;400x86x54
Mustang,2040,320x86x50;375x86x50;400x86x50,320x86x50;375x86x50;400x86x50,320x86x50;375x86x50;400x86x50
Mustang,2042,320x86x50;375x86x50;400x86x50,320x86x50;375x86x50;400x86x50,320x86x50;375x86x50;400x86x50
Mustang,2044,320x86x50;375x86x50;400x86x50,320x86x50;375x86x50;400x86x50,320x86x50;375x86x50;400x86x50
Mustang,2050,320x86x50;375x86x50;400x86x50,320x86x50;375x86x50;400x86x50,320x86x50;375x86x50;400x86x50
Mustang,2054,320x86x52;375x86x52;400x86x52,320x86x52;375x86x52;400x86x52,320x86x52;375x86x52;400x86x52
Mustang,2060,320x86x52;375x86x52;400x86x52,320x86x52;375x86x52;400x86x52,320x86x52;375x86x52;400x86x52
Mustang,2066,320x86x54;375x86x54;400x86x54,320x86x54;375x86x54;400x86x54,320x86x54;375x86x54;400x86x54
Mustang,2070,450x86x56,450x86x56,450x86x56
Mustang,2076,320x86x54;375x86x54;400x86x54;450x86x54,320x86x54;375x86x54;400x86x54;450x86x54,320x86x54;375x86x54;400x86x54;450x86x54
Mustang,2086,450x86x58,450x86x58,450x86x58
Mustang,2095,450x86x63,450x86x63,450x86x63
Mustang,2099,450x86x63,450x86x63,450x86x63
Mustang,2100RT,450x86x56,450x86x56,450x86x56
Mustang,2105,450x86x63,450x86x63,450x86x63
Mustang,2109,450x86x63,450x86x63,450x86x63
Mustang,2500RT,450x86x58,450x86x58,450x86x58
Mustang,250Z,250x55.5x79,250x55.5x79,250x55.5x79
Mustang,3200VT,450x86x58,450x86x58,450x86x58
Mustang,350ZNXT2,300x55x84;300x52.5x88,300x55x84;300x52.5x88,300x55x84;300x52.5x88
Mustang,3803ZT,300x52.5x84,300x52.5x84,300x52.5x84
Mustang,450ZNXT2,350x75.5x74;400x75.5x74,350x75.5x74;400x75.5x74,350x75.5x74;400x75.5x74
Mustang,5003Z,400x72.5x74,400x72.5x74,400x72.5x74
Mustang,5003ZT,400x73x74;400x72.5x74,400x73x74;400x72.5x74,400x73x74;400x72.5x74
Mustang,7503,450x71x86,450x71x86,450x71x86
Mustang,7503ZT,450x71x86,450x71x86,450x71x86
Mustang,ME 1402,230x96x33;230x48x66,230x96x33;230x48x66,230x96x33;230x48x66
Mustang,ME 1502,230x96x33;230x48x66,230x96x33;230x48x66,230x96x33;230x48x66
Mustang,ME 1503,230x96x36;230x48x72,230x96x36;230x48x72,230x96x36;230x48x72
Mustang,ME 1902,230x96x36;230x48x72,230x96x36;230x48x72,230x96x36;230x48x72
Mustang,ME 1903,250x96x38;250x48x76,250x96x38;250x48x76,250x96x38;250x48x76
Mustang,ME 2202,230x96x36;230x48x72,230x96x36;230x48x72,230x96x36;230x48x72
Mustang,ME 2203,250x96x38;250x48x76,250x96x38;250x48x76,250x96x38;250x48x76
Mustang,ME 2503,250x109x37;300x52.5x76,250x109x37;300x52.5x76,250x109x37;300x52.5x76
Mustang,ME 2702,320x54x72;300x52.5x74,320x54x72;300x52.5x74 (Narrow),320x54x72;300x52.5x74(N)
Mustang,ME 2902,320x54x72;300x52.5x74,320x54x72;300x52.5x74 (Narrow),320x54x72;300x52.5x74(N)
Mustang,ME 3003,300x109x38;300x52.5x78,300x109x38;300x52.5x78,300x109x38;300x52.5x78
Mustang,ME 3402,320x54x78;300x52.5x80,320x54x78;300x52.5x80 (Narrow),320x54x78;300x52.5x80(N)
Mustang,ME 3503,300x109x41;300x52.5x84,300x109x41;300x52.5x84,300x109x41;300x52.5x84
Mustang,ME 3602,320x54x78;300x52.5x80,320x54x78;300x52.5x80 (Narrow),320x54x78;300x52.5x80(N)
Mustang,ME 3703,300x109x41;300x52.5x84,300x109x41;300x52.5x84 (Narrow),300x109x41;300x52.5x84(N)
Mustang,ME 5002,400x73x74;400x72.5x74,400x73x74;400x72.5x74,400x73x74;400x72.5x74
Mustang,ME 5003,400x72.5x74,400x72.5x74,400x72.5x74
Mustang,ME 6002,400x73x74;400x72.5x74,400x73x74;400x72.5x74,400x73x74;400x72.5x74
Mustang,ME 6003,400x73x74;400x72.5x74,400x73x74;400x72.5x74,400x73x74;400x72.5x74
Mustang,ME 6502,400x73x74;400x72.5x74,400x73x74;400x72.5x74,400x73x74;400x72.5x74
Mustang,ME 8002,450x71x84,450x71x84,450x71x84
Mustang,MTL 16,320x86x52,320x86x52,320x86x52
Mustang,MTL 20,450x100x48,450x100x48,450x100x48
Mustang,MTL 25,450x100x50,450x100x50,450x100x50
Mustang,MTL 312,320x86x46,320x86x46,320x86x46
Mustang,MTL 316,320x86x52,320x86x52,320x86x52
Mustang,MTL 320,450x100x48,450x100x48,450x100x48
Mustang,MTL 325,450x100x50,450x100x50,450x100x50
Mustang,RD 15,250x72x52,250x72x52,250x72x52
Nagano,NB 30,300x55x78;300x52.5x80,300x55x78;300x52.5x80 (Narrow),300x55x78;300x52.5x80(N)
Nagano,NS 08-2,180x72x36;180x72x38,180x72x36;180x72x38,180x72x36;180x72x38
Nagano,NS 15,230x96x33;230x48x66,230x96x33;230x48x66,230x96x33;230x48x66
Nagano,NS 15-2,230x96x33;230x48x66,230x96x33;230x48x66,230x96x33;230x48x66
Nagano,NS 15-3,230x48x66;230x96x33,230x48x66;230x96x33,230x48x66;230x96x33
Nagano,NS 16-3,230x48x66;230x96x33,230x48x66;230x96x33,230x48x66;230x96x33
Nagano,NS 25,300x55x72;300x52.5x74,300x55x72;300x52.5x74 (Narrow),300x55x72;300x52.5x74(N)
Nagano,NS 30,300x55x78;300x52.5x80,300x55x78;300x52.5x80 (Narrow),300x55x78;300x52.5x80(N)
Nagano,NS 35,300x55x78;300x52.5x80,300x55x78;300x52.5x80 (Narrow),300x55x78;300x52.5x80(N)
Nagano,NS 35-2,300x55x82;300x52.5x84,300x55x82;300x52.5x84 (Narrow),300x55x82;300x52.5x84(N)
Nagano,NS 35-2A,300x52.5x86;300x52.5x86,300x52.5x86;300x52.5x86 (Narrow),300x52.5x86;300x52.5x86(N)
Nagano,NS 35-2B,300x52.5x84;300x52.5x84,300x52.5x84;300x52.5x84 (Narrow),300x52.5x84;300x52.5x84(N)
Nagano,NS 75-2,450x71x86,450x71x86,450x71x86
Nagano Highland,NB 30,300x55x78;300x52.5x80,300x55x78;300x52.5x80 (Narrow),300x55x78;300x52.5x80(N)
Nagano Highland,NS 15-2,230x96x33;230x48x66,230x96x33;230x48x66,230x96x33;230x48x66
Nagano Highland,NS 45-2,400x72.5x72,400x72.5x72,400x72.5x72
Nante,NT 110,180x72x37,180x72x37,180x72x37
Nante,NT 12,180x72x37,180x72x37,180x72x37
Nante,NT 15,230x48x62;230x72x43,230x48x62;230x72x43,230x48x62;230x72x43
Nante,NT 16,230x48x66;230x96x33,230x48x66;230x96x33,230x48x66;230x96x33
Nante,NT 18,230x48x64;230x96x32,230x48x64;230x96x32,230x48x64;230x96x32
Nante,NT 18D,230x48x66;230x96x33,230x48x66;230x96x33,230x48x66;230x96x33
Nante,NT 30U,300x55x82;300x52.5x84,300x55x82;300x52.5x84 (Narrow),300x55x82;300x52.5x84(N)
Navago,19/9 ('2001),250x72x52,250x72x52,250x72x52
Navigator,D7x11a,230x72x54,230x72x54,230x72x54
Nemag,Mini-excavator,180x72x34,180x72x34,180x72x34
Nemek,407 RT,450x71x82,450x71x82,450x71x82
Nemek,407 TS,450x71x82,450x71x82,450x71x82
New Holland,C 175,320x86x50,320x86x50,320x86x50
New Holland,C 180,400x86x55,400x86x55,400x86x55
New Holland,C 185,450x86x55;400x86x55,450x86x55;400x86x55,450x86x55;400x86x55
New Holland,C 190,450x86x55;400x86x55,450x86x55;400x86x55,450x86x55;400x86x55
New Holland,C 227,320x86x50,320x86x50,320x86x50
New Holland,C 232,450x86x55,450x86x55,450x86x55
New Holland,C 234,450x86x55,450x86x55,450x86x55
New Holland,C 237,450x86x55,450x86x55,450x86x55
New Holland,C 238,450x86x55,450x86x55,450x86x55
New Holland,C 245,450x86x55,450x86x55,450x86x55
New Holland,C 327,320x86x50,320x86x50,320x86x50
New Holland,C 332,450x86x55,450x86x55,450x86x55
New Holland,C 334,450x86x55,450x86x55,450x86x55
New Holland,C 337,450x86x55,450x86x55,450x86x55
New Holland,C 345,450x86x55,450x86x55,450x86x55
New Holland,E 115,500x92x78,500x92x78,500x92x78
New Holland,E 16,230x48x70,230x48x70,230x48x70
New Holland,E 17,230x48x70,230x48x70,230x48x70
New Holland,E 17C,230x48x70,230x48x70,230x48x70
New Holland,E 18,230x48x70,230x48x70,230x48x70
New Holland,E 18C,230x48x70,230x48x70,230x48x70
New Holland,E 18SR,230x48x70,230x48x70,230x48x70
New Holland,E 20.2SR,250x52.5x76;300x52.5x76,250x52.5x76 (Narrow);300x52.5x76 (Narrow),250x52.5x76(N);300x52.5x76(N)
New Holland,E 20SR,250x52.5x72;300x52.5x72,250x52.5x72;300x52.5x72 (Narrow),250x52.5x72;300x52.5x72(N)
New Holland,E 22.2SR,250x52.5x76;300x52.5x76,250x52.5x76 (Narrow);300x52.5x76 (Narrow),250x52.5x76(N);300x52.5x76(N)
New Holland,E 25SR,250x52.5x76;300x52.5x76,250x52.5x76 (Narrow);300x52.5x76 (Narrow),250x52.5x76(N);300x52.5x76(N)
New Holland,E 26BSR,250x52.5x76;300x52.5x76,250x52.5x76 (Narrow);300x52.5x76 (Narrow),250x52.5x76(N);300x52.5x76(N)
New Holland,E 26C,250x52.5x78,250x52.5x78,250x52.5x78
New Holland,E 27.2SR,250x52.5x80;300x52.5x80,250x52.5x80 (Narrow);300x52.5x80 (Narrow),250x52.5x80(N);300x52.5x80(N)
New Holland,E 29 BSR,250x52.5x80;300x52.5x80,250x52.5x80 (Narrow);300x52.5x80 (Narrow),250x52.5x80(N);300x52.5x80(N)
New Holland,E 30.2SR,300x52.5x82,300x52.5x82,300x52.5x82
New Holland,E 30C,300x52.5x80,300x52.5x80,300x52.5x80
New Holland,E 30SR,300x52.5x82,300x52.5x82,300x52.5x82
New Holland,E 33C,300x52.5x86,300x52.5x86,300x52.5x86
New Holland,E 35.2C,300x52.5x88;300x52.5x88,300x52.5x88;300x52.5x88 (Narrow),300x52.5x88;300x52.5x88(N)
New Holland,E 35.2SR,300x52.5x88,300x52.5x88,300x52.5x88
New Holland,E 35BSR,300x52.5x82,300x52.5x82,300x52.5x82
New Holland,E 35SR,300x52.5x88,300x52.5x88,300x52.5x88
New Holland,E 37C,300x52.5x86,300x52.5x86,300x52.5x86
New Holland,E 39BSR,300x52.5x88;300x52.5x88,300x52.5x88;300x52.5x88 (Narrow),300x52.5x88;300x52.5x88(N)
New Holland,E 40.2SR,400x74x68;400x72.5x70,400x74x68;400x72.5x70 (Narrow),400x74x68;400x72.5x70(N)
New Holland,E 40SR,400x74x68;400x72.5x70,400x74x68;400x72.5x70 (Narrow),400x74x68;400x72.5x70(N)
New Holland,E 45.2SR,400x74x72;400x72.5x73,400x74x72;400x72.5x73 (Narrow),400x74x72;400x72.5x73(N)
New Holland,E 45SR,400x74x72;400x72.5x73,400x74x72;400x72.5x73 (Narrow),400x74x72;400x72.5x73(N)
New Holland,E 50.2SR,400x74x72;400x72.5x73,400x74x72;400x72.5x73 (Narrow),400x74x72;400x72.5x73(N)
New Holland,E 50B,400x74x72;400x72.5x73,400x74x72;400x72.5x73 (Narrow),400x74x72;400x72.5x73(N)
New Holland,E 55BX,400x72.5x74,400x72.5x74,400x72.5x74
New Holland,E 70BSR,450x81.5x76;450x81x76,450x81.5x76;450x81x76 (Narrow),450x81.5x76;450x81x76(N)
New Holland,E 70SR,450x81.5x76;450x81x76,450x81.5x76;450x81x76 (Narrow),450x81.5x76;450x81x76(N)
New Holland,E 75CSR,450x81.5x76;450x81x76,450x81.5x76;450x81x76 (Narrow),450x81.5x76;450x81x76(N)
New Holland,E 80,450x81.5x76;450x81x76,450x81.5x76;450x81x76 (Narrow),450x81.5x76;450x81x76(N)
New Holland,E 80BMSR,450x81.5x76;450x81x76,450x81.5x76;450x81x76 (Narrow),450x81.5x76;450x81x76(N)
New Holland,E 80CS,450x81.5x76;450x81x76,450x81.5x76;450x81x76 (Narrow),450x81.5x76;450x81x76(N)
New Holland,E 80MSR,450x81.5x76;450x81x76,450x81.5x76;450x81x76 (Narrow),450x81.5x76;450x81x76(N)
New Holland,EC 15,230x96x33;230x48x66,230x96x33;230x48x66,230x96x33;230x48x66
New Holland,EC 25,300x55x72;300x52.5x74,300x55x72;300x52.5x74 (Narrow),300x55x72;300x52.5x74(N)
New Holland,EC 25SR,250x52.5x76;300x52.5x76,250x52.5x76 (Narrow);300x52.5x76 (Narrow),250x52.5x76(N);300x52.5x76(N)
New Holland,EC 35SR,300x52.5x88,300x52.5x88,300x52.5x88
New Holland,EC 45,400x72.5x72,400x72.5x72,400x72.5x72
New Holland,EC 45SR,400x74x72;400x72.5x73,400x74x72;400x72.5x73 (Narrow),400x74x72;400x72.5x73(N)
New Holland,EC 60,400x72.5x76,400x72.5x76,400x72.5x76
New Holland,EH 15B,230x48x70,230x48x70,230x48x70
New Holland,EH 16,230x48x70,230x48x70,230x48x70
New Holland,EH 18,230x48x70,230x48x70,230x48x70
New Holland,EH 25,300x55x72;300x52.5x74,300x55x72;300x52.5x74 (Narrow),300x55x72;300x52.5x74(N)
New Holland,EH 27B,250x52.5x80;300x52.5x80,250x52.5x80 (Narrow);300x52.5x80 (Narrow),250x52.5x80(N);300x52.5x80(N)
New Holland,EH 30B,300x52.5x82;300x52.5x82,300x52.5x82;300x52.5x82 (Narrow),300x52.5x82;300x52.5x82(N)
New Holland,EH 35,350x108x44;350x52.5x90,350x108x44;350x52.5x90,350x108x44;350x52.5x90
New Holland,EH 35B,300x52.5x88;300x52.5x88,300x52.5x88;300x52.5x88 (Narrow),300x52.5x88;300x52.5x88(N)
New Holland,EH 45,400x72x74;400x72.5x74,400x72x74;400x72.5x74 (Narrow),400x72x74;400x72.5x74(N)
New Holland,EH 50B,400x72.5x72;400x72.5x72,400x72.5x72;400x72.5x72 (Narrow),400x72.5x72;400x72.5x72(N)
New Holland,EH 80,450x81.5x76;450x81x76,450x81.5x76;450x81x76 (Narrow),450x81.5x76;450x81x76(N)
New Holland,LS 160,320x86x54;375x86x54;400x86x54,320x86x54;375x86x54;400x86x54,320x86x54;375x86x54;400x86x54
New Holland,LS 170,320x86x54;375x86x54;400x86x54,320x86x54;375x86x54;400x86x54,320x86x54;375x86x54;400x86x54
New Holland,LS 180,450x86x60,450x86x60,450x86x60
New Holland,LS 185 B,450x86x60,450x86x60,450x86x60
New Holland,LS 190,450x86x60,450x86x60,450x86x60
New Holland,LT 175B,320x86x50,320x86x50,320x86x50
New Holland,LT 185B,400x86x55,400x86x55,400x86x55
New Holland,LT 190B,400x86x55,400x86x55,400x86x55
New Holland,LX 865,450x86x60,450x86x60,450x86x60
New Holland,LX 885,450x86x60,450x86x60,450x86x60
New Holland,LX 985,450x86x60,450x86x60,450x86x60
Nibbi,NTR 270,180x60x34,180x60x34,180x60x34
Nibbi,NTR 350,180x60x38,180x60x38,180x60x38
Nibbi,NTR 450,180x60x38,180x60x38,180x60x38
Nibbi,NTR 500,180x72x34,180x72x34,180x72x34
Nibbi,NTR 500D,180x72x34,180x72x34,180x72x34
Nifty,TD 120TN,250x72x52,250x72x52,250x72x52
Nifty,TD 34T,250x72x52,250x72x52,250x72x52
Nihon Flex,Snow Plow,250x72x45,250x72x45,250x72x45
Nihon Freki,Snow showel,250x72x45,250x72x45,250x72x45
Niko,HRS 70,230x72x52;250x72x52,230x72x52;250x72x52,230x72x52;250x72x52
Niko,HY 13/11,180x60x38,180x60x38,180x60x38
Niko,HY 20/11 70cm,190x72x38;180x72x38,190x72x38;180x72x38,190x72x38;180x72x38
Niko,HY 20/11 70cm SOM,190x72x40;180x72x40,190x72x40;180x72x40,190x72x40;180x72x40
Niko,HY 27/16,230x72x43,230x72x43,230x72x43
Niko,HY 27/16 85cm,190x72x43;200x72x43,190x72x43;200x72x43,190x72x43;200x72x43
Niko,HY 30/16,230x72x43,230x72x43,230x72x43
Niko,HY 38/16 70cm Poclain,190x72x45;200x72x45,190x72x45;200x72x45,190x72x45;200x72x45
Niko,HY 38/16 90cm,230x72x43,230x72x43,230x72x43
Niko,HY 38/16A,230x72x45,230x72x45,230x72x45
Niko,HY 48/58 2000,230x72x52,230x72x52,230x72x52
Niko,HY 610,190x72x38;180x72x38,190x72x38;180x72x38,190x72x38;180x72x38
Niko,HY 710,190x72x38;180x72x38,190x72x38;180x72x38,190x72x38;180x72x38
Nissan,150/N,230x96x33;230x48x66,230x96x33;230x48x66,230x96x33;230x48x66
Nissan,N 050,180x72x38,180x72x38,180x72x38
Nissan,N 06,250x72x45,250x72x45,250x72x45
Nissan,N 060,250x72x45,250x72x45,250x72x45
Nissan,N 080,180x72x37;180x72x38,180x72x37;180x72x38,180x72x37;180x72x38
Nissan,N 080 3LR,180x72x37,180x72x37,180x72x37
Nissan,N 080-2,180x72x36;180x72x37,180x72x36;180x72x37,180x72x36;180x72x37
Nissan,N 080-2LR,180x72x38,180x72x38,180x72x38
Nissan,N 120,250x72x45,250x72x45,250x72x45
Nissan,N 120-2,230x96x33;230x48x66,230x96x33;230x48x66,230x96x33;230x48x66
Nissan,N 120R,250x72x45,250x72x45,250x72x45
Nissan,N 150,230x72x43,230x72x43,230x72x43
Nissan,N 150-2,230x96x33;230x48x66,230x96x33;230x48x66,230x96x33;230x48x66
Nissan,N 150-2R,230x96x33;230x48x66,230x96x33;230x48x66,230x96x33;230x48x66
Nissan,N 150R,230x72x43,230x72x43,230x72x43
Nissan,N 220-2,320x109x36;300x52.5x74,320x109x36;300x52.5x74 (Narrow),320x109x36;300x52.5x74(N)
Nissan,N 230-2,230x96x33;320x109x36,230x96x33;320x109x36,230x96x33;320x109x36
Nissan,N 230-2R,320x109x36;300x52.5x74,320x109x36;300x52.5x74 (Narrow),320x109x36;300x52.5x74(N)
Nissan,N 250-2,320x109x36;300x52.5x74,320x109x36;300x52.5x74 (Narrow),320x109x36;300x52.5x74(N)
Nissan,N 260-2,320x109x36;300x52.5x74,320x109x36;300x52.5x74 (Narrow),320x109x36;300x52.5x74(N)
Nissan,N 260-2R,320x109x36;300x52.5x74,320x109x36;300x52.5x74 (Narrow),320x109x36;300x52.5x74(N)
Nissan,N 300-2,320x109x39;300x52.5x80,320x109x39;300x52.5x80 (Narrow),320x109x39;300x52.5x80(N)
Nissan,N 300-2R,320x109x39;300x52.5x80,320x109x39;300x52.5x80 (Narrow),320x109x39;300x52.5x80(N)
Nissan,N 35,300x55x78;300x52.5x80,300x55x78;300x52.5x80 (Narrow),300x55x78;300x52.5x80(N)
Nissan,N 350-2,320x100x43;320x109x39,320x100x43;320x109x39,320x100x43;320x109x39
Nissan,N 350-2R,320x109x39;300x52.5x80,320x109x39;300x52.5x80 (Narrow),320x109x39;300x52.5x80(N)
Nissan,N 80,180x72x36,180x72x36,180x72x36
Nissan,N 80-2,180x72x36,180x72x36,180x72x36
Nissan,N 80-2R,180x72x36,180x72x36,180x72x36
Nissan,S&B 08,180x72x36,180x72x36,180x72x36
Nissan,S&B 25-1,400x72.5x72,400x72.5x72,400x72.5x72
Nissan,S&B 25-2,400x146x37;400x72.5x74,400x146x37;400x72.5x74,400x146x37;400x72.5x74
Nissan,S&B 300,320x109x39;300x52.5x80,320x109x39;300x52.5x80 (Narrow),320x109x39;300x52.5x80(N)
Nissan,S&B 300-2,320x109x39;300x52.5x80,320x109x39;300x52.5x80 (Narrow),320x109x39;300x52.5x80(N)
Nissan,S&B X 1,300x109x39;320x100x40,300x109x39;320x100x40,300x109x39;320x100x40
Nissan,X 1,320x100x38;320x100x40,320x100x38;320x100x40,320x100x38;320x100x40
Pagani Geotechnical Equipment,TG 63/100,190x72x37;180x72x37,190x72x37;180x72x37,190x72x37;180x72x37
Pagani Geotechnical Equipment,TG 63/150,230x72x43,230x72x43,230x72x43
Pagani Geotechnical Equipment,TG73/200,320x100x52,320x100x52,320x100x52
Palazzani,TSJ 12,230x96x40;250x48x80,230x96x40;250x48x80,230x96x40;250x48x80
Palazzani,TSJ 22/24,250x72x52,250x72x52,250x72x52
Palazzani,TSJ 23,230x96x40;250x48x80,230x96x40;250x48x80,230x96x40;250x48x80
Palazzani,TSJ 24,230x96x40;250x72x54;250x48x80,230x96x40;250x72x54;250x48x80,230x96x40;250x72x54;250x48x80
Palazzani,TSJ 24 (2nd type - lifting platform),230x96x40;250x48x80,230x96x40;250x48x80,230x96x40;250x48x80
Palazzani,TSJ 34 (Lifting platform),320x100x52,320x100x52,320x100x52
Palazzani,TSJ 43 (Lifting platform),400x72.5x74,400x72.5x74,400x72.5x74
Palazzani,TZ 170 (Lifting platform),250x72x52,250x72x52,250x72x52
Palazzani,XTJ 30/C (Lifting platform),320x100x52,320x100x52,320x100x52
Palazzani,XTJ 48,450x76x84,450x76x84,450x76x84
Paus-Hermann,MB 1.6,230x48x64;230x96x32,230x48x64;230x96x32,230x48x64;230x96x32
Paus-Hermann,MB 2.0,250x72x52,250x72x52,250x72x52
Paus-Hermann,MB 2.4 ('1994),250x107.5x37;250x52.5x76;300x52.5x76,250x107.5x37;250x52.5x76 (Narrow);300x52.5x76 (Narrow),250x107.5x37;250x52.5x76(N);300x52.5x76(N)
Paus-Hermann,MB 3.2,300x55x82;300x52.5x84,300x55x82;300x52.5x84,300x55x82;300x52.5x84
Pauselli,500,230x72x43,230x72x43,230x72x43
Pauselli,700,250x72x52,250x72x52,250x72x52
Pazzaglia,FZ 100 (Tree remover),230x72x39,230x72x39,230x72x39
Pazzaglia,FZ 110 (Tree remover),230x72x39,230x72x39,230x72x39
Pazzaglia,FZ 110 Turbo plus (Tree remover),250x72x41,250x72x41,250x72x41
Pazzaglia,FZ 120 (Tree remover),230x72x45,230x72x45,230x72x45
Pazzaglia,FZ 150 (Tree remover),250x72x45,250x72x45,250x72x45
Pazzaglia,FZ 160 (Tree remover),250x72x45,250x72x45,250x72x45
Pazzaglia,FZ 50 (Tree remover),180x72x34,180x72x34,180x72x34
Pazzaglia,FZ 80 (Tree remover),200x72x39,200x72x39,200x72x39
Pazzaglia,FZ 90 (Tree remover),230x72x39,230x72x39,230x72x39
Peljob,EB 10,230x72x43,230x72x43,230x72x43
Peljob,EB 10.4,230x72x43,230x72x43,230x72x43
Peljob,EB 11 (New) [OEM 250x72x47],250x72x47,250x72x47,250x72x47
Peljob,EB 11 (Old) [OEM 230x72x43],230x72x43,230x72x43,230x72x43
Peljob,EB 12,230x72x43,230x72x43,230x72x43
Peljob,EB 12.4,230x72x43,230x72x43,230x72x43
Peljob,EB 14 (New) [OEM 250x72x45],250x72x45,250x72x45,250x72x45
Peljob,EB 14 (Old) [OEM 230x72x43],230x72x43,230x72x43,230x72x43
Peljob,EB 14.2,230x72x43,230x72x43,230x72x43
Peljob,EB 14.4 (New) [OEM 250x72x45],250x72x45,250x72x45,250x72x45
Peljob,EB 14.4 (Old) [OEM 230x72x43],230x72x43,230x72x43,230x72x43
Peljob,EB 150,230x96x33;230x48x66,230x96x33;230x48x66,230x96x33;230x48x66
Peljob,EB 150XR [OEM 230x72x43],230x72x43,230x72x43,230x72x43
Peljob,EB 150XR [OEM 230x96x33],230x96x33,230x96x33,230x96x33
Peljob,EB 150XT,230x96x33;230x48x66,230x96x33;230x48x66,230x96x33;230x48x66
Peljob,EB 150XTV,230x96x33;230x48x66,230x96x33;230x48x66,230x96x33;230x48x66
Peljob,EB 16,250x72x47,250x72x47,250x72x47
Peljob,EB 16.4 (New),250x72x47,250x72x47,250x72x47
Peljob,EB 16.4 (Old),250x72x45,250x72x45,250x72x45
Peljob,EB 16.5,250x72x47,250x72x47,250x72x47
Peljob,EB 22.4 (S/N < 16700),320x100x38,320x100x38,320x100x38
Peljob,EB 22.4 (S/N > 16699),300x109x35,300x109x35,300x109x35
Peljob,EB 246,230x72x43,230x72x43,230x72x43
Peljob,EB 25.4,300x109x41,300x109x41,300x109x41
Peljob,EB 250,300x109x41,300x109x41,300x109x41
Peljob,EB 250XT,300x109x38;300x52.5x78,300x109x38;300x52.5x78,300x109x38;300x52.5x78
Peljob,EB 251,300x109x35;300x52.5x72,300x109x35;300x52.5x72,300x109x35;300x52.5x72
Peljob,EB 252,300x109x41;300x52.5x84,300x109x41;300x52.5x84,300x109x41;300x52.5x84
Peljob,EB 271 ('1998),230x72x43,230x72x43,230x72x43
Peljob,EB 28,300x109x41;300x52.5x84,300x109x41;300x52.5x84,300x109x41;300x52.5x84
Peljob,EB 28.4,300x109x41,300x109x41,300x109x41
Peljob,EB 28.6,300x109x41;300x52.5x84,300x109x41;300x52.5x84,300x109x41;300x52.5x84
Peljob,EB 281,300x109x38;300x52.5x78,300x109x38;300x52.5x78,300x109x38;300x52.5x78
Peljob,EB 30.4,300x109x35;300x52.5x72,300x109x35;300x52.5x72,300x109x35;300x52.5x72
Peljob,EB 300,300x109x38;300x52.5x78,300x109x38;300x52.5x78,300x109x38;300x52.5x78
Peljob,EB 306,300x109x41;300x52.5x84,300x109x41;300x52.5x84,300x109x41;300x52.5x84
Peljob,EB 350,300x109x41;300x52.5x84,300x109x41;300x52.5x84,300x109x41;300x52.5x84
Peljob,EB 350XT,300x109x41;300x52.5x84,300x109x41;300x52.5x84,300x109x41;300x52.5x84
Peljob,EB 36 (new),300x109x41,300x109x41,300x109x41
Peljob,EB 36 (old),320x100x43,320x100x43,320x100x43
Peljob,EB 400,300x109x41;300x52.5x84,300x109x41;300x52.5x84,300x109x41;300x52.5x84
Peljob,EB 406,300x109x41;300x52.5x84,300x109x41;300x52.5x84,300x109x41;300x52.5x84
Peljob,EB 450,400x72.5x68,400x72.5x68,400x72.5x68
Peljob,EB 506,400x146x35,400x146x35,400x146x35
Peljob,EB 506 ('97),400x72.5x72,400x72.5x72,400x72.5x72
Peljob,LS 200,300x109x41;300x52.5x84,300x109x41;300x52.5x84,300x109x41;300x52.5x84
Peljob,LS 2000,300x109x41;300x52.5x84,300x109x41;300x52.5x84,300x109x41;300x52.5x84
Peljob,LS 286,300x109x41;300x52.5x84,300x109x41;300x52.5x84,300x109x41;300x52.5x84
Peljob,LS 386,300x109x41;300x52.5x84,300x109x41;300x52.5x84,300x109x41;300x52.5x84
Peljob,LS 406,300x109x41;300x52.5x84,300x109x41;300x52.5x84,300x109x41;300x52.5x84
Peljob,LS 502,400x146x35;400x72.5x72,400x146x35;400x72.5x72,400x146x35;400x72.5x72
Peljob,SIRIUS,230x72x43,230x72x43,230x72x43
Peljob,SIRIUS plus,230x72x43,230x72x43,230x72x43
Peljob,Tiga 68,400x73x72;400x72.5x72,400x73x72;400x72.5x72 (Narrow),400x73x72;400x72.5x72(N)
Penta Moter,Jolly,230x72x42,230x72x42,230x72x42
Penta Moter,Jolly 20B,200x72x42;180x72x42,200x72x42;180x72x42,200x72x42;180x72x42
Penta Moter,Jolly 26B,200x72x42;180x72x42,200x72x42;180x72x42,200x72x42;180x72x42
Penta Moter,Jolly 26PK,230x72x45,230x72x45,230x72x45
Penta Moter,Maxi dumper,230x72x45,230x72x45,230x72x45
Penta Moter,Maxi dumper 20PK,200x72x42,200x72x42,200x72x42
Penta Moter,Robot,200x72x42,200x72x42,200x72x42
Pezzolato,PZ 250,300x55x78;300x52.5x80,300x55x78;300x52.5x80 (Narrow),300x55x78;300x52.5x80(N)
Picchio,1465 (Lifting platform),180x72x34,180x72x34,180x72x34
Picchio,1690 (Sky Lifter),250x72x57,250x72x57,250x72x57
Piccini,Dumper,230x72x43,230x72x43,230x72x43
Piccini,mini 22,230x72x39,230x72x39,230x72x39
Piccini,minicar 300,180x72x34,180x72x34,180x72x34
Piccini,minicar 500,200x72x42,200x72x42,200x72x42
Piccini,minicat 13,200x72x42,200x72x42,200x72x42
Piccini,minicat 20,230x72x43,230x72x43,230x72x43
Piccini,minicat 22,230x72x43,230x72x43,230x72x43
Platform Basket,RQG 12 (Skylifter),190x72x39;180x72x39,190x72x39;180x72x39,190x72x39;180x72x39
Platform Basket,RQG 12AD (Sky lifter),200x72x37;180x72x37,200x72x37;180x72x37,200x72x37;180x72x37
Platform Basket,RQG 15.75 (Skylifter),200x72x47,200x72x47,200x72x47
Platform Basket,RQG 150AD (Sky lifter),200x72x37;180x72x37,200x72x37;180x72x37,200x72x37;180x72x37
Platform Basket,RQG 18,250x72x52,250x72x52,250x72x52
Platform Basket,RQG 18 (Sky lifter),250x72x52,250x72x52,250x72x52
Platform Basket,Spider 13.80 (Sky lifter),200x72x47,200x72x47,200x72x47
Platform Basket,Spider 18.90 (Sky lifter),200x72x47,200x72x47,200x72x47
Platform Basket,Spider 22.10 (Sky lifter),200x72x47,200x72x47,200x72x47
Platform Basket,Spider 27.14 (Sky lifter),230x72x59,230x72x59,230x72x59
Platform Basket,Spider 33.15 (Sky lifter),250x72x64,250x72x64,250x72x64
Platinum Lift,CF 125 (Rotary),200x72x43,200x72x43,200x72x43
Porello,Car 70 (transporter),180x72x34,180x72x34,180x72x34
Porrello,Car 100 (transporter),230x72x42,230x72x42,230x72x42
Porrello,Sky lifter,180x72x34,180x72x34,180x72x34
Positrack,RCV 85,18x4x200;457x101.6x5080,18x4x200;457x101.6x5080,18x4x200;457x101.6x5080
Powerfab,100 X,200x72x40,200x72x40,200x72x40
Powerfab,1200 SX,200x72x40,200x72x40,200x72x40
Powerfab,1200 X,200x72x35;180x72x35,200x72x35;180x72x35,200x72x35;180x72x35
Powerfab,1250,200x72x40,200x72x40,200x72x40
Powerfab,1700 SX,200x72x40,200x72x40,200x72x40
Powerfab,180,200x72x40,200x72x40,200x72x40
Powerfab,HSS 11,200x72x40,200x72x40,200x72x40
Powerfab,High type (Carrier),200x72x40,200x72x40,200x72x40
Powerfab,Samurai,230x72x42,230x72x42,230x72x42
Powerpac,RC 350,180x60x38,180x60x38,180x60x38
Powerpac,RC 500,180x60x38,180x60x38,180x60x38
Pressoil,HR 15.1,230x72x43,230x72x43,230x72x43
Putzmeister,SPM 300,300x109x43;300x52.5x88,300x109x43;300x52.5x88,300x109x43;300x52.5x88
QIYUN,GTJZ06,200x72x41,200x72x41,200x72x41
RHINOCEROS,XN 12,180x72x37,180x72x37,180x72x37
RHINOCEROS,XN 16,230x72x43,230x72x43,230x72x43
RHINOCEROS,XN 18,230x72x43,230x72x43,230x72x43
Rampicar,R 100,190x72x37;180x72x37,190x72x37;180x72x37,190x72x37;180x72x37
Rampicar,R 100AE,190x72x37;180x72x37,190x72x37;180x72x37,190x72x37;180x72x37
Rampicar,R 35,180x60x38,180x60x38,180x60x38
Rampicar,R 50,180x60x38,180x60x38,180x60x38
Rampicar,R 500 (Mini-carrier),180x60x37,180x60x37,180x60x37
Rampicar,R 60,180x60x38,180x60x38,180x60x38
Rampicar,R 600,180x72x34,180x72x34,180x72x34
Rampicar,R 600 (Mini-carrier),180x72x34,180x72x34,180x72x34
Rampicar,R 635,180x72x47;200x72x47,180x72x47;200x72x47,180x72x47;200x72x47
Rampicar,R 70,180x72x34,180x72x34,180x72x34
Rampicar,R 70.1,180x72x39,180x72x39,180x72x39
Rampicar,R 70AE,180x72x34,180x72x34,180x72x34
Rampicar,R 800 (Mini-carrier),180x72x34,180x72x34,180x72x34
Rampicar,R 900 (Mini-carrier),200x72x42,200x72x42,200x72x42
Rampicar,Vignoble,180x72x34,180x72x34,180x72x34
Ramrod,1150 Taskmaster,230x72x39,230x72x39,230x72x39
Rayco,C 85L,400x73x68;400x72.5x68,400x73x68;400x72.5x68,400x73x68;400x72.5x68
Rayco,RG 35T,180x72x31,180x72x31,180x72x31
Rayco,RG 37T,180x72x31,180x72x31,180x72x31
Rayco,RG 40T,180x72x31,180x72x31,180x72x31
Rayco,RG 45T-R,200x72x53,200x72x53,200x72x53
Rayco,RG 55T,200x72x53,200x72x53,200x72x53
Raymar,TRK 102,320x55x88;300x52.5x92,320x55x88;300x52.5x92 (Narrow),320x55x88;300x52.5x92(N)
Raymar,TRK 120,400x72.5x74,400x72.5x74,400x72.5x74
Raymar,TRK 120S,400x72.5x74,400x72.5x74,400x72.5x74
Raymar,TRK 40,230x72x45,230x72x45,230x72x45
Raymar,TRK 40LT,230x72x45,230x72x45,230x72x45
Raymar,TRK 60,230x72x56,230x72x56,230x72x56
Raymar,TRK 60S,230x72x56,230x72x56,230x72x56
Renders,RME 170,230x72x43,230x72x43,230x72x43
Riebsamen,Multi-pelle,180x72x37,180x72x37,180x72x37
Rock,20,230x72x43,230x72x43,230x72x43
Rocky Rapid,BFR 402,180x60x34,180x60x34,180x60x34
Rolatec,ML 76A (Drilling machine),180x72x34,180x72x34,180x72x34
Rossi,R 103.3,230x72x43,230x72x43,230x72x43
Rossi,R 105.3,230x72x43,230x72x43,230x72x43
Rotomax,Drilling machine,250x72x52,250x72x52,250x72x52
Rufener,RK 1200 (mini-dumper),230x72x45,230x72x45,230x72x45
Rufener,RK 1500 (mini-dumper),250x72x48,250x72x48,250x72x48
Rufener,RK 500 (mini-dumper),180x72x34,180x72x34,180x72x34
Rufener,RK 602 (mini-dumper),190x72x34;180x72x34,190x72x34;180x72x34,190x72x34;180x72x34
Rufener,RK 700 (mini-dumper),190x72x37;180x72x37,190x72x37;180x72x37,190x72x37;180x72x37
Rufener,RK 900 (mini-dumper),190x72x39;180x72x39,190x72x39;180x72x39,190x72x39;180x72x39
SDP Manufacturing,2500,230x72x56,230x72x56,230x72x56
SDP Manufacturing,EZ Hauler55M,300x52.5x92;300x52.5x92,300x52.5x92;300x52.5x92 (Narrow),300x52.5x92;300x52.5x92(N)
SMC,MX 08XT,180x72x38,180x72x38,180x72x38
SMC,MX 14-1,230x72x43,230x72x43,230x72x43
SMC,MX 15,230x96x33;230x48x66,230x96x33;230x48x66,230x96x33;230x48x66
SMC,MX 16XT,230x96x33;230x48x66,230x96x33;230x48x66,230x96x33;230x48x66
SMC,MX 30,300x52.5x74;300x52.5x74,300x52.5x74;300x52.5x74 (Narrow),300x52.5x74;300x52.5x74(N)
SMC,MX 35,300x54x82;300x52.5x84,300x54x82;300x52.5x84 (Narrow),300x54x82;300x52.5x84(N)
SMC,MX 50,400x72.5x72,400x72.5x72,400x72.5x72
SMC,MX 80,450x71x86,450x71x86,450x71x86
SUP,Elefant S19,230x72x52,230x72x52,230x72x52
Sacet,KC 28 ALV,250x72x57,250x72x57,250x72x57
Samsung,MX 030,300x101.6x40;300x52.5x78,300x101.6x40;300x52.5x78,300x101.6x40;300x52.5x78
Samsung,SE 50,400x73x74;400x72.5x74,400x73x74;400x72.5x74,400x73x74;400x72.5x74
Samsung,SE 50-3,400x72.5x74,400x72.5x74,400x72.5x74
Sandqueen Uk,Dumper,230x72x42,230x72x42,230x72x42
Sany,SY16C,230x48x70,230x48x70,230x48x70
Sany,SY26C,300x52.5x80;300x52.5x80,300x52.5x80;300x52.5x80 (Narrow),300x52.5x80;300x52.5x80(N)
Sany,SY26U,300x52.5x80;300x52.5x80,300x52.5x80;300x52.5x80 (Narrow),300x52.5x80;300x52.5x80(N)
Sany,SY35U,300x55x84;300x52.5x88,300x55x84;300x52.5x88 (Narrow),300x55x84;300x52.5x88(N)
Sany,SY50U,400x72.5x74,400x72.5x74,400x72.5x74
Sany,SY75C,450x81.5x76;450x81x76,450x81.5x76;450x81x76 (Narrow),450x81.5x76;450x81x76(N)
Sany,SY80U,450x81.5x78;450x81x78,450x81.5x78;450x81x78 (Narrow),450x81.5x78;450x81x78(N)
Sato,SC 1200,180x72x37,180x72x37,180x72x37
Sato,SC 156DD (Mini-carrier),180x60x34,180x60x34,180x60x34
Sato,SC 156DS (Mini-carrier),180x60x34,180x60x34,180x60x34
Sato,SC 433 (Mini-carrier),200x72x35;180x72x35,200x72x35;180x72x35,200x72x35;180x72x35
Sato,SC 433DA (Mini-carrier),200x72x35;180x72x35,200x72x35;180x72x35,200x72x35;180x72x35
Sato,SC 433DH (Mini-carrier),200x72x35;180x72x35,200x72x35;180x72x35,200x72x35;180x72x35
Sato,SC 433LDA (Mini-carrier),200x72x35;180x72x35,200x72x35;180x72x35,200x72x35;180x72x35
Sato,SC 433LDS (Mini-carrier),200x72x35;180x72x35,200x72x35;180x72x35,200x72x35;180x72x35
Sato,SCL 476A (Mini-carrier),200x72x35;180x72x35,200x72x35;180x72x35,200x72x35;180x72x35
Satvia,VB 101R,250x72x48,250x72x48,250x72x48
Satvia,VT 102R,250x72x52,250x72x52,250x72x52
Satvia,VT 150R,300x55x82;300x52.5x84,300x55x82;300x52.5x84 (Narrow),300x55x82;300x52.5x84(N)
Scattrack,116,230x72x45,230x72x45,230x72x45
Scattrack,118,230x72x45,230x72x45,230x72x45
Scattrack,125,300x109x36;300x52.5x74,300x109x36;300x52.5x74,300x109x36;300x52.5x74
Scattrack,130,300x55x78;300x52.5x80,300x55x78;300x52.5x80 (Narrow),300x55x78;300x52.5x80(N)
Scattrack,135,300x55x78;300x52.5x80,300x55x78;300x52.5x80 (Narrow),300x55x78;300x52.5x80(N)
Scattrack,150,400x73x72;400x72.5x72,400x73x72;400x72.5x72,400x73x72;400x72.5x72
Scattrack,254S,400x73x72;400x72.5x72,400x73x72;400x72.5x72,400x73x72;400x72.5x72
Scattrack,516,230x72x45,230x72x45,230x72x45
Scattrack,520,230x72x45,230x72x45,230x72x45
Scattrack,520V,230x72x45,230x72x45,230x72x45
Scattrack,530,300x109x36;300x52.5x74,300x109x36;300x52.5x74,300x109x36;300x52.5x74
Scattrack,533,300x109x39;300x52.5x80,300x109x39;300x52.5x80 (Narrow),300x109x39;300x52.5x80(N)
Scattrack,535,300x109x39;300x52.5x80,300x109x39;300x52.5x80 (Narrow),300x109x39;300x52.5x80(N)
Scattrack,545,400x72.5x72,400x72.5x72,400x72.5x72
Schaefer,DS 1200 (Mini-dumper),180x72x37,180x72x37,180x72x37
Schaeff,H 15,230x96x33;230x48x66,230x96x33;230x48x66,230x96x33;230x48x66
Schaeff,H 24,300x109x36;300x52.5x74,300x109x36;300x52.5x74 (Narrow),300x109x36;300x52.5x74(N)
Schaeff,H 27,300x109x36;300x52.5x74,300x109x36;300x52.5x74 (Narrow),300x109x36;300x52.5x74(N)
Schaeff,HR 02,230x96x33;230x48x66;230x72x43;250x72x45,230x96x33;230x48x66;230x72x43;250x72x45,230x96x33;230x48x66;230x72x43;250x72x45
Schaeff,HR 1,180x72x36,180x72x36,180x72x36
Schaeff,HR 1.5,230x48x66;230x96x33,230x48x66;230x96x33,230x48x66;230x96x33
Schaeff,HR 1.6,230x48x66;230x96x33,230x48x66;230x96x33,230x48x66;230x96x33
Schaeff,HR 11,230x96x33;230x48x66,230x96x33;230x48x66,230x96x33;230x48x66
Schaeff,HR 12 (New),230x96x33,230x96x33,230x96x33
Schaeff,HR 12 (old),230x96x31,230x96x31,230x96x31
Schaeff,HR 13 ('2001),230x96x33;230x48x66,230x96x33;230x48x66,230x96x33;230x48x66
Schaeff,HR 14,300x52.5x74;300x52.5x74,300x52.5x74;300x52.5x74 (Narrow),300x52.5x74;300x52.5x74(N)
Schaeff,HR 14 (< '1995),300x109x36;300x52.5x74,300x109x36;300x52.5x74 (Narrow),300x109x36;300x52.5x74(N)
Schaeff,HR 14 (> '1995),300x55x72;300x52.5x74,300x55x72;300x52.5x74 (Narrow),300x55x72;300x52.5x74(N)
Schaeff,HR 16 (< '1995),300x109x39;300x52.5x80,300x109x39;300x52.5x80 (Narrow),300x109x39;300x52.5x80(N)
Schaeff,HR 16 (> '1995),300x55x78;300x52.5x80,300x55x78;300x52.5x80 (Narrow),300x55x78;300x52.5x80(N)
Schaeff,HR 18,400x72.5x72,400x72.5x72,400x72.5x72
Schaeff,HR 2 (New),230x96x33;230x48x66,230x96x33;230x48x66,230x96x33;230x48x66
Schaeff,HR 2 (old),250x72x45,250x72x45,250x72x45
Schaeff,HR 2.0,230x48x66;230x96x33,230x48x66;230x96x33,230x48x66;230x96x33
Schaeff,HR 20,400x72.5x72;400x72.5x76,400x72.5x72;400x72.5x76,400x72.5x72;400x72.5x76
Schaeff,HR 21,400x72.5x76,400x72.5x76,400x72.5x76
Schaeff,HR 22,400x72.5x76,400x72.5x76,400x72.5x76
Schaeff,HR 24,300x109x36;300x52.5x74,300x109x36;300x52.5x74 (Narrow),300x109x36;300x52.5x74(N)
Schaeff,HR 27,300x109x36;300x52.5x74,300x109x36;300x52.5x74 (Narrow),300x109x36;300x52.5x74(N)
Schaeff,HR 3.7 (new),300x52.5x86;300x52.5x86,300x52.5x86;300x52.5x86 (Narrow),300x52.5x86;300x52.5x86(N)
Schaeff,HR 3.7 (old),300x52.5x92;300x52.5x92,300x52.5x92;300x52.5x92 (Narrow),300x52.5x92;300x52.5x92(N)
Schaeff,HR 31,450x81x76;450x81x76,450x81x76;450x81x76 (Narrow),450x81x76;450x81x76(N)
Schaeff,HR 32,450x71x86,450x71x86,450x71x86
Schaeff,HR 32CI,450x71x86,450x71x86,450x71x86
Schaeff,HR 4-A,320x109x36;300x52.5x74,320x109x36;300x52.5x74 (Narrow),320x109x36;300x52.5x74(N)
Schaeff,HR 42,500x92x78,500x92x78,500x92x78
Schaeff,HR 8 (New),300x109x39;300x52.5x80,300x109x39;300x52.5x80 (Narrow),300x109x39;300x52.5x80(N)
Schaeff,HR 8-A,300x109x39;300x52.5x80,300x109x39;300x52.5x80 (Narrow),300x109x39;300x52.5x80(N)
Schaeff,N 120,230x72x47,230x72x47,230x72x47
Schaeff,TC08,180x72x37,180x72x37,180x72x37
Schaeff,TC10Z,180x72x43,180x72x43,180x72x43
Sedidrill,110 (drilling machine),200x72x37;180x72x37,200x72x37;180x72x37,200x72x37;180x72x37
Sedidrill,210 (drilling machine),250x72x52,250x72x52,250x72x52
Sedidrill,250 (drilling machine),230x72x43,230x72x43,230x72x43
Sedidrill,90 (drilling machine),180x72x37,180x72x37,180x72x37
Senic,TSJ 34,320x100x52,320x100x52,320x100x52
Senic,TZ 170,250x72x52,250x72x52,250x72x52
Sequani,135CS Skylift,180x72x37,180x72x37,180x72x37
Shibura,425MA,200x72x35;180x72x35,200x72x35;180x72x35,200x72x35;180x72x35
Shin-Towa,CC 104,200x72x43,200x72x43,200x72x43
Shin-Towa,CC 154,200x72x40,200x72x40,200x72x40
Shin-Towa,CC 204,200x72x43,200x72x43,200x72x43
Shin-Towa,CC 205,200x72x43,200x72x43,200x72x43
Shin-Towa,CC 235,200x72x40,200x72x40,200x72x40
Shin-Towa,CC 265,200x72x43,200x72x43,200x72x43
Shin-Towa,CC 266,200x72x43,200x72x43,200x72x43
Shin-Towa,CC 285,200x72x43,200x72x43,200x72x43
Shin-Towa,CL 100,200x72x36;180x72x36,200x72x36;180x72x36,200x72x36;180x72x36
Shin-Towa,NC 180,180x72x39,180x72x39,180x72x39
Shin-Towa,TC 204,200x72x43,200x72x43,200x72x43
Showa Aircraft,SWP 030VCB,180x72x37,180x72x37,180x72x37
Sicocu,750DH3,200x72x38;180x72x38,200x72x38;180x72x38,200x72x38;180x72x38
Sika,ALIVA 503,250x72x47,250x72x47,250x72x47
Silea,45RP,230x72x43,230x72x43,230x72x43
Silla,14,230x72x43,230x72x43,230x72x43
Silla,18,240x72x48;230x72x48;250x72x48,240x72x48;230x72x48;250x72x48,240x72x48;230x72x48;250x72x48
Silla,ME 1400H,230x72x45,230x72x45,230x72x45
Slane,HT1000,180x72x40,180x72x40,180x72x40
Slane International,Big Dog SL 900,200x72x43,200x72x43,200x72x43
Slane International,Big Skip HT750 (Mini-carrier),180x72x34,180x72x34,180x72x34
Smac,CC 91 (Aerial work platform),300x55x80;300x52.5x82,300x55x80;300x52.5x82 (Narrow),300x55x80;300x52.5x82(N)
Smac,PC 40III (Lifting platform),200x72x42,200x72x42,200x72x42
So.Ca.Ce,Europlanet 190 C 080 SC (Crane),250x72x52,250x72x52,250x72x52
Socomafor,35R,230x72x52,230x72x52,230x72x52
Socomafor,50R,250x72x52,250x72x52,250x72x52
Socomafor,65 (drilling),400x72.5x74,400x72.5x74,400x72.5x74
Soma,SB 15K,230x72x43,230x72x43,230x72x43
Soma,SB 28,300x55x76;300x52.5x78,300x55x76;300x52.5x78,300x55x76;300x52.5x78
Stanley,TRACKhorse,180x72x40,180x72x40,180x72x40
Stenuick,FORTRACK 200H,230x72x43,230x72x43,230x72x43
Stenuick,S 320,230x72x52,230x72x52,230x72x52
Straightline,2062,320x100x52,320x100x52,320x100x52
Streck,SF / U (Carrier),230x72x59,230x72x59,230x72x59
Sumitomo,LS 1000FXJ2,300x52.5x84,300x52.5x84,300x52.5x84
Sumitomo,LS 1000FXJ3,300x52.5x84,300x52.5x84,300x52.5x84
Sumitomo,LS 1200FXJ2,400x72.5x70;400x72.5x70,400x72.5x70;400x72.5x70 (Narrow),400x72.5x70;400x72.5x70(N)
Sumitomo,LS 1200FXJ3,400x72.5x70;400x72.5x70,400x72.5x70;400x72.5x70 (Narrow),400x72.5x70;400x72.5x70(N)
Sumitomo,LS 1300FXJ2,400x73x74;400x72.5x74,400x73x74;400x72.5x74 (Narrow),400x73x74;400x72.5x74(N)
Sumitomo,LS 1300FXJ3,400x73x74;400x72.5x74,400x73x74;400x72.5x74 (Narrow),400x73x74;400x72.5x74(N)
Sumitomo,LS 1350UXJ,400x73x74;400x72.5x74,400x73x74;400x72.5x74 (Narrow),400x73x74;400x72.5x74(N)
Sumitomo,LS 160,450x73.5x80;450x71x82,450x73.5x80;450x71x82,450x73.5x80;450x71x82
Sumitomo,LS 300FXJ,180x72x37,180x72x37,180x72x37
Sumitomo,LS 500FXJ,230x72x43,230x72x43,230x72x43
Sumitomo,LS 600FXJ,230x72x43,230x72x43,230x72x43
Sumitomo,LS 600FXJ3,230x72x43,230x72x43,230x72x43
Sumitomo,LS 600PXJ3,230x72x43,230x72x43,230x72x43
Sumitomo,LS 700FXJ2,300x52.5x72,300x52.5x72,300x52.5x72
Sumitomo,LS 700FXJ3,300x52.5x72,300x52.5x72,300x52.5x72
Sumitomo,LS 800FXJ2,300x52.5x76,300x52.5x76,300x52.5x76
Sumitomo,LS 800FXJ3,300x52.5x76,300x52.5x76,300x52.5x76
Sumitomo,LS 850UXJ,300x52.5x80,300x52.5x80,300x52.5x80
Sumitomo,LS 850UXJ2,300x52.5x80,300x52.5x80,300x52.5x80
Sumitomo,LS 900FXJ2,300x52.5x80,300x52.5x80,300x52.5x80
Sumitomo,LS 900FXJ3,300x52.5x80,300x52.5x80,300x52.5x80
Sumitomo,S 100,300x109x41;300x52.5x84,300x109x41;300x52.5x84,300x109x41;300x52.5x84
Sumitomo,S 100F2,300x109x41;300x52.5x84,300x109x41;300x52.5x84,300x109x41;300x52.5x84
Sumitomo,S 100FJ3,300x109x41;300x52.5x84,300x109x41;300x52.5x84,300x109x41;300x52.5x84
Sumitomo,S 120,400x142x36;400x72.5x70,400x142x36;400x72.5x70 (Narrow),400x142x36;400x72.5x70(N)
Sumitomo,S 120F2,400x142x36;400x72.5x70,400x142x36;400x72.5x70 (Narrow),400x142x36;400x72.5x70(N)
Sumitomo,S 130,400x142x38;400x72.5x74,400x142x38;400x72.5x74,400x142x38;400x72.5x74
Sumitomo,S 130F2,400x142x38;400x72.5x74,400x142x38;400x72.5x74,400x142x38;400x72.5x74
Sumitomo,S 160B,450x73.5x80;450x71x82,450x73.5x80;450x71x82,450x73.5x80;450x71x82
Sumitomo,S 160B2,450x73.5x80;450x71x82,450x73.5x80;450x71x82,450x73.5x80;450x71x82
Sumitomo,S 160FJ2,450x73.5x80;450x71x82,450x73.5x80;450x71x82,450x73.5x80;450x71x82
Sumitomo,S 30FX,180x72x37,180x72x37,180x72x37
Sumitomo,S 30UX-1,200x72x41,200x72x41,200x72x41
Sumitomo,S 50F2,230x72x43,230x72x43,230x72x43
Sumitomo,S 50K,230x72x43,230x72x43,230x72x43
Sumitomo,S 60F2,230x72x43,230x72x43,230x72x43
Sumitomo,S 70FX2,300x52.5x72,300x52.5x72,300x52.5x72
Sumitomo,S 80F2,300x109x36;300x52.5x74,300x109x36;300x52.5x74,300x109x36;300x52.5x74
Sumitomo,S 80FX2,300x109x36;300x52.5x74,300x109x36;300x52.5x74 (Narrow),300x109x36;300x52.5x74(N)
Sumitomo,S 90,300x109x39;300x52.5x80,300x109x39;300x52.5x80,300x109x39;300x52.5x80
Sumitomo,S 90F2,300x109x39;300x52.5x80,300x109x39;300x52.5x80,300x109x39;300x52.5x80
Sumitomo,S 90FX3,300x109x39;300x52.5x80,300x109x39;300x52.5x80,300x109x39;300x52.5x80
Sumitomo,S 90FXJ3,300x109x39;300x52.5x80,300x109x39;300x52.5x80,300x109x39;300x52.5x80
Sumitomo,SH 10UJ3,200x72x47,200x72x47,200x72x47
Sumitomo,SH 12JX,230x72x47,230x72x47,230x72x47
Sumitomo,SH 135-2,500x92x84,500x92x84,500x92x84
Sumitomo,SH 145,500x92x84,500x92x84,500x92x84
Sumitomo,SH 15J,230x96x32;230x48x64,230x96x32;230x48x64,230x96x32;230x48x64
Sumitomo,SH 18J,230x96x35;230x48x70,230x96x35;230x48x70,230x96x35;230x48x70
Sumitomo,SH 18UJ,250x96x40;250x48x80,250x96x40;250x48x80,250x96x40;250x48x80
Sumitomo,SH 18UJ2,250x96x40;250x48x80,250x96x40;250x48x80,250x96x40;250x48x80
Sumitomo,SH 20JX,250x96x40;250x48x80,250x96x40;250x48x80,250x96x40;250x48x80
Sumitomo,SH 25J,300x52.5x72,300x52.5x72,300x52.5x72
Sumitomo,SH 25JX,300x52.5x76,300x52.5x76,300x52.5x76
Sumitomo,SH 28J,300x52.5x76,300x52.5x76,300x52.5x76
Sumitomo,SH 30J,300x52.5x80,300x52.5x80,300x52.5x80
Sumitomo,SH 30JX,300x52.5x84,300x52.5x84,300x52.5x84
Sumitomo,SH 30JX2,300x52.5x84,300x52.5x84,300x52.5x84
Sumitomo,SH 30U,300x52.5x80,300x52.5x80,300x52.5x80
Sumitomo,SH 30UJ,300x52.5x80,300x52.5x80,300x52.5x80
Sumitomo,SH 30UJ2,300x52.5x80,300x52.5x80,300x52.5x80
Sumitomo,SH 30UJ3,300x52.5x80,300x52.5x80,300x52.5x80
Sumitomo,SH 32J,300x52.5x84,300x52.5x84,300x52.5x84
Sumitomo,SH 35J,300x52.5x84,300x52.5x84,300x52.5x84
Sumitomo,SH 35JX,300x52.5x90,300x52.5x90,300x52.5x90
Sumitomo,SH 35JX2,300x52.5x90,300x52.5x90,300x52.5x90
Sumitomo,SH 35UJ,300x52.5x90,300x52.5x90,300x52.5x90
Sumitomo,SH 38UJ,300x52.5x90,300x52.5x90,300x52.5x90
Sumitomo,SH 38UJ2,300x52.5x90,300x52.5x90,300x52.5x90
Sumitomo,SH 40JX,400x72.5x72,400x72.5x72,400x72.5x72
Sumitomo,SH 40JX2,400x72.5x72,400x72.5x72,400x72.5x72
Sumitomo,SH 40UJ2,300x52.5x90,300x52.5x90,300x52.5x90
Sumitomo,SH 45J,400x73x72;400x72.5x72,400x73x72;400x72.5x72,400x73x72;400x72.5x72
Sumitomo,SH 45J2,400x73x72;400x72.5x72,400x73x72;400x72.5x72,400x73x72;400x72.5x72
Sumitomo,SH 45JX,400x72.5x72,400x72.5x72,400x72.5x72
Sumitomo,SH 45UJ,400x73x72;400x72.5x72,400x73x72;400x72.5x72,400x73x72;400x72.5x72
Sumitomo,SH 55J,400x73x74;400x72.5x74,400x73x74;400x72.5x74,400x73x74;400x72.5x74
Sumitomo,SH 55U-2,400x73x72;400x72.5x72,400x73x72;400x72.5x72,400x73x72;400x72.5x72
Sumitomo,SH 55UJ,400x73x74;400x72.5x74,400x73x74;400x72.5x74,400x73x74;400x72.5x74
Sumitomo,SH 60,450x73.5x80;450x71x82,450x73.5x80;450x71x82,450x73.5x80;450x71x82
Sumitomo,SH 60-2,450x73.5x80;450x71x82,450x73.5x80;450x71x82,450x73.5x80;450x71x82
Sumitomo,SH 65U,450x71x82,450x71x82,450x71x82
Sumitomo,SH 65U-1,450x71x82,450x71x82,450x71x82
Sumitomo,SH 65UJ,450x71x82,450x71x82,450x71x82
Sumitomo,SH 7GX3,180x72x37,180x72x37,180x72x37
Sumitomo,SH 7J,180x72x37,180x72x37,180x72x37
Sumitomo,SH 9UX,200x72x41,200x72x41,200x72x41
Sumitomo,SH 9UX2,200x72x47,200x72x47,200x72x47
Sumitomo,SH 9UX3,200x72x47,200x72x47,200x72x47
Sunward,SWE 08,180x72x37,180x72x37,180x72x37
Sunward,SWE 08B,180x72x39,180x72x39,180x72x39
Sunward,SWE 15,230x48x68,230x48x68,230x48x68
Sunward,SWE 15S,230x48x68,230x48x68,230x48x68
Sunward,SWE 17,230x48x68,230x48x68,230x48x68
Sunward,SWE 17S,230x48x68,230x48x68,230x48x68
Sunward,SWE 18UB,230x48x70,230x48x70,230x48x70
Sunward,SWE 18UF,230x48x70,230x48x70,230x48x70
Sunward,SWE 25B,250x52.5x76;300x52.5x76,250x52.5x76 (Narrow);300x52.5x76 (Narrow),250x52.5x76(N);300x52.5x76(N)
Sunward,SWE 25UF,300x55x78;300x52.5x80,300x55x78;300x52.5x80 (Narrow),300x55x78;300x52.5x80(N)
Sunward,SWE 28,300x55x78;300x52.5x80,300x55x78;300x52.5x80 (Narrow),300x55x78;300x52.5x80(N)
Sunward,SWE 35UF,300x55x84;300x52.5x88,300x55x84;300x52.5x88 (Narrow),300x55x84;300x52.5x88(N)
Sunward,SWE 38,300x55x84;300x52.5x88,300x55x84;300x52.5x88 (Narrow),300x55x84;300x52.5x88(N)
Sunward,SWE 40U,300x55x84;300x52.5x88,300x55x84;300x52.5x88 (Narrow),300x55x84;300x52.5x88(N)
Sunward,SWE 50B,400x72.5x72;400x72.5x72,400x72.5x72;400x72.5x72 (Narrow),400x72.5x72;400x72.5x72(N)
Sunward,SWE 55,400x72.5x72;400x72.5x72,400x72.5x72;400x72.5x72 (Narrow),400x72.5x72;400x72.5x72(N)
Sunward,SWE 60,400x72.5x74,400x72.5x74,400x72.5x74
Sunward,SWE 60B,400x72.5x74,400x72.5x74,400x72.5x74
Sunward,SWE 60UF,400x72.5x74,400x72.5x74,400x72.5x74
Sunward,SWE 70,400x72.5x82,400x72.5x82,400x72.5x82
Sunward,SWE 70B,400x72.5x82,400x72.5x82,400x72.5x82
Sunward,SWE 78,450x76x80,450x76x80,450x76x80
Sunward,SWE 80,450x76x80,450x76x80,450x76x80
Sunward,SWE 90,450x76x82,450x76x82,450x76x82
Sunward,SWTL 4210 (Compact Track Loader),450x84x57;450x86x56,450x84x57;450x86x56,450x84x57;450x86x56
Sunward,SWTL 4518 (Compact Track Loader),450x84x57;450x86x56,450x84x57;450x86x56,450x84x57;450x86x56
Supertoy,800T,180x72x38,180x72x38,180x72x38
TAIANLUYUE,Y125,320x86x52,320x86x52,320x86x52
TCP,Hi-T500 (Mini-carrier),180x72x31,180x72x31,180x72x31
TCP,TCP 500 (Carrier ) Uk market,180x60x37,180x60x37,180x60x37
TECOINSA,TP50D,300x52.5x84,300x52.5x84,300x52.5x84
TES,29,200x72x37;180x72x37,200x72x37;180x72x37,200x72x37;180x72x37
TRACCESS,230,250x72x52,250x72x52,250x72x52
TRS,CM 500,180x60x38,180x60x38,180x60x38
TZ,C20,230x72x43,230x72x43,230x72x43
Tadano,AC 40,180x72x39,180x72x39,180x72x39
Tadano,AC 45SG (Lifter platform),200x72x42,200x72x42,200x72x42
Takeuchi,Huppi 403,180x72x34,180x72x34,180x72x34
Takeuchi,J-4,250x48x82;250x47x84,250x48x82;250x47x84,250x48x82;250x47x84
Takeuchi,S 2430LC,200x72x35,200x72x35,200x72x35
Takeuchi,TAK 700 (mini-dumper),180x72x31,180x72x31,180x72x31
Takeuchi,TB 007,180x72x37,180x72x37,180x72x37
Takeuchi,TB 008,200x72x39,200x72x39,200x72x39
Takeuchi,TB 014,230x48x62,230x48x62,230x48x62
Takeuchi,TB 014A/LSA,230x48x62,230x48x62,230x48x62
Takeuchi,TB 014S/LSA,230x48x62,230x48x62,230x48x62
Takeuchi,TB 015,230x96x31;230x48x62,230x96x31;230x48x62,230x96x31;230x48x62
Takeuchi,TB 015A,230x96x31;230x48x62,230x96x31;230x48x62,230x96x31;230x48x62
Takeuchi,TB 016,230x48x68,230x48x68,230x48x68
Takeuchi,TB 016S/LSA,230x48x68,230x48x68,230x48x68
Takeuchi,TB 025,260x52.5x72;300x52.5x72,260x52.5x72;300x52.5x72,260x52.5x72;300x52.5x72
Takeuchi,TB 030,300x52.5x78;300x55x75,300x52.5x78;300x55x75 (Wide),300x52.5x78;300x55x75(W)
Takeuchi,TB 030UR,300x109x40;300x52.5x82,300x109x40;300x52.5x82 (Wide),300x109x40;300x52.5x82(W)
Takeuchi,TB 035,300x52.5x82;300x52.5x82,300x52.5x82;300x52.5x82 (Wide),300x52.5x82;300x52.5x82(W)
Takeuchi,TB 045,350x52.5x86,350x52.5x86,350x52.5x86
Takeuchi,TB 07,400x72.5x74;400x72.5x74,400x72.5x74;400x72.5x74 (Narrow),400x72.5x74;400x72.5x74(N)
Takeuchi,TB 070,180x72x37,180x72x37,180x72x37
Takeuchi,TB 08,450x81x76;450x81x76,450x81x76;450x81x76 (Wide),450x81x76;450x81x76(W)
Takeuchi,TB 080,200x72x39,200x72x39,200x72x39
Takeuchi,TB 105,200x72x39,200x72x39,200x72x39
Takeuchi,TB 106,230x72x43,230x72x43,230x72x43
Takeuchi,TB 108,180x72x37,180x72x37,180x72x37
Takeuchi,TB 10F,230x72x43,230x72x43,230x72x43
Takeuchi,TB 10S,230x72x43,230x72x43,230x72x43
Takeuchi,TB 1135,500x92x84,500x92x84,500x92x84
Takeuchi,TB 1140,500x92x84,500x92x84,500x92x84
Takeuchi,TB 1150,500x92x84,500x92x84,500x92x84
Takeuchi,TB 12,230x72x43,230x72x43,230x72x43
Takeuchi,TB 120,230x72x43,230x72x43,230x72x43
Takeuchi,TB 120R,230x72x43,230x72x43,230x72x43
Takeuchi,TB 125,300x52.5x78,300x52.5x78,300x52.5x78
Takeuchi,TB 125LSA,300x52.5x78,300x52.5x78,300x52.5x78
Takeuchi,TB 128,300x52.5x82,300x52.5x82,300x52.5x82
Takeuchi,TB 135,300x52.5x86,300x52.5x86,300x52.5x86
Takeuchi,TB 135LSA,300x52.5x86,300x52.5x86,300x52.5x86
Takeuchi,TB 138FR,300x52.5x86,300x52.5x86,300x52.5x86
Takeuchi,TB 14,230x72x43,230x72x43,230x72x43
Takeuchi,TB 145,400x72.5x74;400x72.5x73;400x72.5x74,400x72.5x74;400x72.5x73 (Narrow);400x72.5x74 (Narrow),400x72.5x74;400x72.5x73(N);400x72.5x74(N)
Takeuchi,TB 15 (New),230x96x31;230x48x62,230x96x31;230x48x62,230x96x31;230x48x62
Takeuchi,TB 15 (old),230x72x43,230x72x43,230x72x43
Takeuchi,TB 153FR,400x72.5x74;400x72.5x73;400x72.5x74,400x72.5x74;400x72.5x73 (Narrow);400x72.5x74 (Narrow),400x72.5x74;400x72.5x73(N);400x72.5x74(N)
Takeuchi,TB 15F,230x96x35;230x48x70,230x96x35;230x48x70,230x96x35;230x48x70
Takeuchi,TB 15FR,230x48x70,230x48x70,230x48x70
Takeuchi,TB 16,230x72x43,230x72x43,230x72x43
Takeuchi,TB 175,450x81x76;450x81x76,450x81x76;450x81x76 (Wide),450x81x76;450x81x76(W)
Takeuchi,TB 175LSA,450x81x76;450x81x76,450x81x76;450x81x76 (Wide),450x81x76;450x81x76(W)
Takeuchi,TB 180FR,450x81x76;450x81x76,450x81x76;450x81x76 (Wide),450x81x76;450x81x76(W)
Takeuchi,TB 20R,250x48x82;250x47x84,250x48x82;250x47x84,250x48x82;250x47x84
Takeuchi,TB 210R,180x72x40,180x72x40,180x72x40
Takeuchi,TB 2150,500x92x84,500x92x84,500x92x84
Takeuchi,TB 2150R,500x92x88,500x92x88,500x92x88
Takeuchi,TB 215R,230x48x68,230x48x68,230x48x68
Takeuchi,TB 216,230x48x68,230x48x68,230x48x68
Takeuchi,TB 217R [OEM 230x48x68],230x48x68;230x48x70,230x48x68;230x48x70,230x48x68;230x48x70
Takeuchi,TB 225,250x48x80,250x48x80,250x48x80
Takeuchi,TB 228,300x52.5x78,300x52.5x78,300x52.5x78
Takeuchi,TB 230,300x52.5x78,300x52.5x78,300x52.5x78
Takeuchi,TB 235,350x52.5x86,350x52.5x86,350x52.5x86
Takeuchi,TB 23R,250x48x82;250x47x84,250x48x82;250x47x84,250x48x82;250x47x84
Takeuchi,TB 240,350x52.5x86,350x52.5x86,350x52.5x86
Takeuchi,TB 250 [OEM 320x100x43],320x100x43;400x72.5x74,320x100x43;400x72.5x74,320x100x43;400x72.5x74
Takeuchi,TB 250-2,400x72.5x74,400x72.5x74,400x72.5x74
Takeuchi,TB 250A,400x72.5x74;400x72.5x73;400x72.5x74,400x72.5x74;400x72.5x73 (Narrow);400x72.5x74 (Narrow),400x72.5x74;400x72.5x73(N);400x72.5x74(N)
Takeuchi,TB 257FR,400x72.5x74,400x72.5x74,400x72.5x74
Takeuchi,TB 25FR,300x52.5x78,300x52.5x78,300x52.5x78
Takeuchi,TB 260,400x72.5x76,400x72.5x76,400x72.5x76
Takeuchi,TB 280FR,450x81x76;450x81x76,450x81x76;450x81x76 (Wide),450x81x76;450x81x76(W)
Takeuchi,TB 285,450x81x76;450x81x76,450x81x76;450x81x76 (Wide),450x81x76;450x81x76(W)
Takeuchi,TB 28FR,300x52.5x82,300x52.5x82,300x52.5x82
Takeuchi,TB 290,450x81x76;450x81x76,450x81x76;450x81x76 (Wide),450x81x76;450x81x76(W)
Takeuchi,TB 30UR,300x109x40;300x52.5x82,300x109x40;300x52.5x82,300x109x40;300x52.5x82
Takeuchi,TB 38FR,350x52.5x86,350x52.5x86,350x52.5x86
Takeuchi,TB 53FR,400x72.5x74;400x72.5x73;400x72.5x74,400x72.5x74;400x72.5x73 (Narrow);400x72.5x74 (Narrow),400x72.5x74;400x72.5x73(N);400x72.5x74(N)
Takeuchi,TB 55R,400x73x72;400x72.5x72,400x73x72;400x72.5x72,400x73x72;400x72.5x72
Takeuchi,TB 55UR,400x72.5x72,400x72.5x72,400x72.5x72
Takeuchi,TB 650,230x72x43,230x72x43,230x72x43
Takeuchi,TB 650S,230x72x43,230x72x43,230x72x43
Takeuchi,TB 80FR,450x81x76;450x81x76,450x81x76;450x81x76 (Wide),450x81x76;450x81x76(W)
Takeuchi,TB 980,230x96x31;230x48x62,230x96x31;230x48x62,230x96x31;230x48x62
Takeuchi,TC 425LD,200x72x35;180x72x35,200x72x35;180x72x35,200x72x35;180x72x35
Takeuchi,TC 850,200x72x40,200x72x40,200x72x40
Takeuchi,TC 850S,200x72x40,200x72x40,200x72x40
Takeuchi,TCF 850,200x72x40,200x72x40,200x72x40
Takeuchi,TCF 850S,200x72x42,200x72x42,200x72x42
Takeuchi,TL 10 (Compact Track Loader),450x100x48,450x100x48,450x100x48
Takeuchi,TL 10V2 (Compact Track Loader),400x86x52,400x86x52,400x86x52
Takeuchi,TL 12 (Compact Track Loader),450x100x50,450x100x50,450x100x50
Takeuchi,TL 120 (Compact Track Loader),320x86x46,320x86x46,320x86x46
Takeuchi,TL 12R2 (Compact Track Loader),450x86x60;450x8x60,450x86x60;450x8x60,450x86x60;450x8x60
Takeuchi,TL 12V2 (Compact Track Loader),450x86x60;450x8x60,450x86x60;450x8x60,450x86x60;450x8x60
Takeuchi,TL 130 (Compact Track Loader),320x86x52,320x86x52,320x86x52
Takeuchi,TL 140 (Compact Track Loader),450x100x48,450x100x48,450x100x48
Takeuchi,TL 150 (Compact Track Loader),450x100x50,450x100x50,450x100x50
Takeuchi,TL 220 (Compact Track Loader),320x86x46,320x86x46,320x86x46
Takeuchi,TL 230 (Compact Track Loader),320x86x52,320x86x52,320x86x52
Takeuchi,TL 230-2 (Compact Track Loader),320x86x52,320x86x52,320x86x52
Takeuchi,TL 240 (Compact Track Loader),450x100x48,450x100x48,450x100x48
Takeuchi,TL 250 (Compact Track Loader),450x100x50,450x100x50,450x100x50
Takeuchi,TL 6R (Compact Track Loader),320x86x50,320x86x50,320x86x50
Takeuchi,TL 8 (Compact Track Loader),400x86x52;320x86x52,400x86x52;320x86x52,400x86x52;320x86x52
Takeuchi,TL 8R-2 (Compact Track Loader),400x86x52,400x86x52,400x86x52
Takeuchi,TZ 10,230x72x43,230x72x43,230x72x43
Tanaka,DC 153 (mini-carrier),200x72x37;180x72x37,200x72x37;180x72x37,200x72x37;180x72x37
Taylorst. Plant,Hi C40 (TRACKed Crusher) Uk market,180x72x31,180x72x31,180x72x31
Taylorst. Plant,Hi T500 (Carrier) Uk market,180x72x31,180x72x31,180x72x31
Taylorst. Plant,TCP 500 (Carrier ) Uk market,180x60x37,180x60x37,180x60x37
Tecniwell,TWH 5,180x72x36,180x72x36,180x72x36
Tekna,K 14,230x72x43,230x72x43,230x72x43
Tekna,K 14M,230x72x43,230x72x43,230x72x43
Tekna,K 14S,230x72x43,230x72x43,230x72x43
Tekna,K 15,230x96x33;230x72x43;230x48x66,230x96x33;230x72x43;230x48x66,230x96x33;230x72x43;230x48x66
Tekna,K 28S,300x55x74;300x52.5x76,300x55x74;300x52.5x76,300x55x74;300x52.5x76
Tekna,K 35S,300x55x78;300x52.5x80,300x55x78;300x52.5x80,300x55x78;300x52.5x80
Tekna,T 13,180x72x37,180x72x37,180x72x37
Tekna,TC 9,180x72x34,180x72x34,180x72x34
Terex,AM 29R,300x55x72;300x52.5x74,300x55x72;300x52.5x74 (Narrow),300x55x72;300x52.5x74(N)
Terex,AM 35R,300x52.5x80;300x52.5x80,300x52.5x80;300x52.5x80 (Narrow),300x52.5x80;300x52.5x80(N)
Terex,AM 37R,300x52.5x86;300x52.5x86,300x52.5x86;300x52.5x86 (Narrow),300x52.5x86;300x52.5x86(N)
Terex,AR 35,300x55x78;300x52.5x80,300x55x78;300x52.5x80 (Narrow),300x55x78;300x52.5x80(N)
Terex,HR 14 (< '1995),300x109x36;300x52.5x74,300x109x36;300x52.5x74 (Narrow),300x109x36;300x52.5x74(N)
Terex,HR 14 (> '1995),300x55x72;300x52.5x74,300x55x72;300x52.5x74 (Narrow),300x55x72;300x52.5x74(N)
Terex,HR 16 (< '1995),300x109x39;300x52.5x80,300x109x39;300x52.5x80 (Narrow),300x109x39;300x52.5x80(N)
Terex,HR 16 (> '1995),300x55x78;300x52.5x80,300x55x78;300x52.5x80 (Narrow),300x55x78;300x52.5x80(N)
Terex,PT-100,18x4x200;457x101.6x5080,18x4x200;457x101.6x5080,18x4x200;457x101.6x5080
Terex,PT-100F,18x4x200;457x101.6x5080,18x4x200;457x101.6x5080,18x4x200;457x101.6x5080
Terex,PT-100G,18x4x201;457x101.6x5105,18x4x201;457x101.6x5105,18x4x201;457x101.6x5105
Terex,PT-110,18x4x201;457x101.6x5105,18x4x201;457x101.6x5105,18x4x201;457x101.6x5105
Terex,PT-110G,18x4x201;457x101.6x5105,18x4x201;457x101.6x5105,18x4x201;457x101.6x5105
Terex,PT-50,15x4x166;381x101.6x4216,15x4x166;381x101.6x4216,15x4x166;381x101.6x4216
Terex,PT-60,15x4x166;381x101.6x4216,15x4x166;381x101.6x4216,15x4x166;381x101.6x4216
Terex,PT-75,18x4x201;457x101.6x5105,18x4x201;457x101.6x5105,18x4x201;457x101.6x5105
Terex,PT-80,18x4x201;457x101.6x5105,18x4x201;457x101.6x5105,18x4x201;457x101.6x5105
Terex,R160T,15x4x166;381x101.6x4216,15x4x166;381x101.6x4216,15x4x166;381x101.6x4216
Terex,R190T,15x4x166;381x101.6x4216,15x4x166;381x101.6x4216,15x4x166;381x101.6x4216
Terex,R350T,18x4x201;457x101.6x5105,18x4x201;457x101.6x5105,18x4x201;457x101.6x5105
Terex,TC 125,500x92x78,500x92x78,500x92x78
Terex,TC 15,230x48x66;230x96x33,230x48x66;230x96x33,230x48x66;230x96x33
Terex,TC 16,230x48x66;230x96x33,230x48x66;230x96x33,230x48x66;230x96x33
Terex,TC 19,230x48x70,230x48x70,230x48x70
Terex,TC 20,230x48x66;230x96x33,230x48x66;230x96x33,230x48x66;230x96x33
Terex,TC 25,300x52.5x80;300x52.5x80,300x52.5x80;300x52.5x80 (Narrow),300x52.5x80;300x52.5x80(N)
Terex,TC 29,300x55x72;300x52.5x74,300x55x72;300x52.5x74 (Narrow),300x55x72;300x52.5x74(N)
Terex,TC 35,300x55x78;300x52.5x80,300x55x78;300x52.5x80 (Narrow),300x55x78;300x52.5x80(N)
Terex,TC 37,300x52.5x86;300x52.5x86,300x52.5x86;300x52.5x86 (Narrow),300x52.5x86;300x52.5x86(N)
Terex,TC 48,400x72.5x72,400x72.5x72,400x72.5x72
Terex,TC 50,400x72.5x72,400x72.5x72,400x72.5x72
Terex,TC 60,400x72.5x76,400x72.5x76,400x72.5x76
Terex,TC 75,450x71x86,450x71x86,450x71x86
Terra Jet,2514 B (drilling machine),230x72x43,230x72x43,230x72x43
Terra Jet,CITY JET (drilling machine),230x72x43,230x72x43,230x72x43
Terra Jet,TERRA JET (drilling machine),230x72x43,230x72x43,230x72x43
Terramac,RT9,700x100x98,700x100x98,700x100x98
Terramite,TX 15,230x96x32;230x48x64,230x96x32;230x48x64,230x96x32;230x48x64
Terramite,TX 25,300x52.5x72,300x52.5x72,300x52.5x72
Tescar,TES 20 (drilling machine),200x72x37;180x72x37,200x72x37;180x72x37,200x72x37;180x72x37
Thomas,175 (VTS System for Skidsteer Loader),320x86x52;375x86x52;400x86x52,320x86x52;375x86x52;400x86x52,320x86x52;375x86x52;400x86x52
Thomas,225 TURBO (VTS System for Skidsteer Loader),450x86x56,450x86x56,450x86x56
Thomas,245 TURBO (VTS System for Skidsteer Loader),450x86x56,450x86x56,450x86x56
Thomas,25G (Skid steer loader),230x72x39,230x72x39,230x72x39
Thomas,25GT (Skid steer loader),230x72x39,230x72x39,230x72x39
Thomas,35DT (Skid steer loader),230x72x39,230x72x39,230x72x39
Thomas,MS 25G (Skid steer loader),230x72x39,230x72x39,230x72x39
Thomas,PT 15,230x48x66;230x96x33,230x48x66;230x96x33,230x48x66;230x96x33
Thomas,T 35DT (Skid steer loader),230x72x39,230x72x39,230x72x39
Thomas,T-15S,230x96x33;230x48x66,230x96x33;230x48x66,230x96x33;230x48x66
Thomas,T-15V,230x96x33;230x48x66,230x96x33;230x48x66,230x96x33;230x48x66
Thomas,T-25S,300x52.5x76;250x52.5x76;300x52.5x76,300x52.5x76;250x52.5x76 (Narrow);300x52.5x76 (Narrow),300x52.5x76;250x52.5x76(N);300x52.5x76(N)
Thomas,T-35S,300x55x82;300x52.5x84,300x55x82;300x52.5x84 (Narrow),300x55x82;300x52.5x84(N)
Thomas,T-45S,400x72.5x72,400x72.5x72,400x72.5x72
Tifermec,T16,230x96x33;230x48x66,230x96x33;230x48x66,230x96x33;230x48x66
Top Steel,H115,180x72x38,180x72x38,180x72x38
Top Steel,H85,180x72x38,180x72x38,180x72x38
Top Steel,M26,180x60x34,180x60x34,180x60x34
Top Steel,M31,180x60x34,180x60x34,180x60x34
Top Steel,M41,180x72x31,180x72x31,180x72x31
Top Tec,1850E,200x72x43,200x72x43,200x72x43
Topcat,ZY55,400x72.5x72;400x72.5x72,400x72.5x72;400x72.5x72 (Narrow),400x72.5x72;400x72.5x72(N)
Track Star,28,180x72x42,180x72x42,180x72x42
Track Star,412,180x72x42,180x72x42,180x72x42
Track Star,500,230x72x43,230x72x43,230x72x43
Trackbull,Dumper,190x72x37;180x72x37,190x72x37;180x72x37,190x72x37;180x72x37
Trak,1500D (VTS System for Skidsteer Loader),320x86x52;375x86x52;400x86x52,320x86x52;375x86x52;400x86x52,320x86x52;375x86x52;400x86x52
Trak,1750D ( (VTS System for Skidsteer Loader),375x86x52;400x86x52,375x86x52;400x86x52,375x86x52;400x86x52
Trak,1750D (VTS System for Skidsteer Loader),320x86x52,320x86x52,320x86x52
Traklift,TRA 21,200x72x43,200x72x43,200x72x43
Trax,40 (US Market),230x96x39;250x48x78,230x96x39;250x48x78,230x96x39;250x48x78
Traxmax,250,250x72x52,250x72x52,250x72x52
Traxmax,550 (Compact Track Loader),320x86x56,320x86x56,320x86x56
Turchi,300 [OEM350x108x42],350x108x42,350x108x42,350x108x42
Turchi,300F [OEM300x55x79],300x55x79;320x100x43,300x55x79;320x100x43,300x55x79;320x100x43
Turchi,EK 100B (Mini-dumper),250x72x52,250x72x52,250x72x52
Turchi,EK 200P (Mini-dumper),250x72x52,250x72x52,250x72x52
Unic,295,180x72x40,180x72x40,180x72x40
Unic,506,300x52.5x88,300x52.5x88,300x52.5x88
Unic,B-345 (Crane),180x72x40,180x72x40,180x72x40
Unic,B-506 (Crane),300x52.5x88,300x52.5x88,300x52.5x88
Unic,B-506-5.1 (Crane),300x52.5x88,300x52.5x88,300x52.5x88
Unic,B-775 (Crane),400x72.5x82,400x72.5x82,400x72.5x82
Unic,SMK 320.67 (Crane),400x72.5x82,400x72.5x82,400x72.5x82
Unic,UR 255CA,230x72x47,230x72x47,230x72x47
Unic,URA-376CL (Crane),300x52.5x88,300x52.5x88,300x52.5x88
Unic,URA-506CL (Crane),300x52.5x88,300x52.5x88,300x52.5x88
Unic,URW-094 (Crane),180x72x36,180x72x36,180x72x36
Unic,URW-547 (Crane),300x52.5x88,300x52.5x88,300x52.5x88
Unic,URW-A 095CR (Crane),180x72x40,180x72x40,180x72x40
Unic,URW-A 295CR (Crane),180x72x40,180x72x40,180x72x40
Unic,W295 (Crane),180x72x40,180x72x40,180x72x40
Unimov,1250,200x72x40,200x72x40,200x72x40
Unkauf,KMB 114G,230x72x43,230x72x43,230x72x43
Upright,MXC 15,200x72x41,200x72x41,200x72x41
Utex,1.03,230x72x43,230x72x43,230x72x43
VIMALFIRE,Emergency Robot-G1,230x72x59,230x72x59,230x72x59
Velcodrill,WD 100,320x100x52,320x100x52,320x100x52
Venieri,VF121,230x72x43,230x72x43,230x72x43
Venieri,VF141,230x72x43,230x72x43,230x72x43
Venieri,VF161,230x72x43,230x72x43,230x72x43
Venieri,VF171,230x72x43,230x72x43,230x72x43
Vermeer,1.2 ton,230x72x39,230x72x39,230x72x39
Vermeer,502 SP (Stump Cutter),230x72x54,230x72x54,230x72x54
Vermeer,BC1400TX,400x72.5x76,400x72.5x76,400x72.5x76
Vermeer,BC150TX,250x72x52,250x72x52,250x72x52
Vermeer,CTX 100,180x72x45,180x72x45,180x72x45
Vermeer,CTX 160,180x72x35,180x72x35,180x72x35
Vermeer,CTX 50,230x72x45,230x72x45,230x72x45
Vermeer,CX 216 (mini-excavator),230x72x45,230x72x45,230x72x45
Vermeer,CX 218 (mini-excavator),230x72x45,230x72x45,230x72x45
Vermeer,CX 219 (mini-excavator),300x55x72,300x55x72 (Narrow),300x55x72(N)
Vermeer,CX 224 (mini-excavator),300x55x78;300x52.5x80,300x55x78 (Narrow);300x52.5x80 (Narrow),300x55x78(N);300x52.5x80(N)
Vermeer,CX 229 (mini-excavator),300x55x78;300x52.5x80,300x55x78 (Narrow);300x52.5x80 (Narrow),300x55x78(N);300x52.5x80(N)
Vermeer,CX 234 (mini-excavator),400x73x72;400x72.5x72,400x73x72;400x72.5x72,400x73x72;400x72.5x72
Vermeer,CX 254 (mini-excavator),230x72x54,230x72x54,230x72x54
Vermeer,D10a Navigator (H.D. Drilling machine),230x72x54,230x72x54,230x72x54
Vermeer,D10x15 Navigator (H.D. Drilling machine),230x72x54,230x72x54,230x72x54
Vermeer,D16x20 Navigator (H.D. Drilling machine) [OEM 230x72x54],230x72x54,230x72x54,230x72x54
Vermeer,D16x20a Navigator (H.D. Drilling machine) [OEM 230x72x54],230x72x54;300x52.5x74,230x72x54;300x52.5x74 (Narrow),230x72x54;300x52.5x74(N)
Vermeer,D20X22 series 2 (Directional drill),300x52.5x74,300x52.5x74 (Narrow),300x52.5x74(N)
Vermeer,D23X30 series 3 (Directional drill),300x52.5x74,300x52.5x74 (Narrow),300x52.5x74(N)
Vermeer,D4,230x72x54,230x72x54,230x72x54
Vermeer,D6x6 Navigator (H.D. Drilling machine),180x72x39,180x72x39,180x72x39
Vermeer,D7,230x72x54,230x72x54,230x72x54
Vermeer,D7x11 Navigator (H.D. Drilling machine),230x72x54,230x72x54,230x72x54
Vermeer,D7x11a Navigator (H.D. Drilling machine),230x72x54,230x72x54,230x72x54
Vermeer,D8x10 (H.D. Drilling machine),180x72x47,180x72x47,180x72x47
Vermeer,D9x13 Navigator (H.D. Drilling machine),280x72x52;250x72x52,280x72x52;250x72x52,280x72x52;250x72x52
Vermeer,G10x15,230x72x54,230x72x54,230x72x54
Vermeer,RTX 100 (Stump cutter),180x60x28;180x68x28,180x60x28;180x68x28,180x60x28;180x68x28
Vermeer,RTX 1250 (Quad),450x86x42,450x86x42,450x86x42
Vermeer,RTX 150,180x60x28;180x68x28,180x60x28;180x68x28,180x60x28;180x68x28
Vermeer,RTX 250,180x72x39,180x72x39,180x72x39
Vermeer,RTX 450,15x4x166;381x101.6x4216,15x4x166;381x101.6x4216,15x4x166;381x101.6x4216
Vermeer,S400TX (Mini Compact Track Loader),180x72x39,180x72x39,180x72x39
Vermeer,S450TX (Mini Compact Track Loader),180x72x41;230x72x41,180x72x41;230x72x41,180x72x41;230x72x41
Vermeer,S600TX (Mini Compact Track Loader),180x72x39,180x72x39,180x72x39
Vermeer,S650TX (Mini Compact Track Loader),180x72x41;230x72x41,180x72x41;230x72x41,180x72x41;230x72x41
Vermeer,S725TX (Mini Compact Track Loader),180x72x45;230x72x45,180x72x45;230x72x45,180x72x45;230x72x45
Vermeer,S800TX (Mini Compact Track Loader),230x72x45,230x72x45,230x72x45
Vermeer,S925TX (Mini Compact Track Loader),180x72x45;230x72x45,180x72x45;230x72x45,180x72x45;230x72x45
Vermeer,SC 30TX (Stump cutter),180x72x37,180x72x37,180x72x37
Vermeer,SC 502SP (Stump cutter),230x72x54,230x72x54,230x72x54
Vermeer,SC 505 (Stump cutter),230x72x54,230x72x54,230x72x54
Vermeer,SC 60TX (Stump cutter),230x72x54,230x72x54,230x72x54
Vermeer,SC 70TX (Stump cutter),230x72x54,230x72x54,230x72x54
Vnk Crane Europe,URW A295CR,180x72x40,180x72x40,180x72x40
Volvo,EC 13,200x96x33;230x48x66,200x96x33;230x48x66,200x96x33;230x48x66
Volvo,EC 13XR,200x96x33;230x48x66,200x96x33;230x48x66,200x96x33;230x48x66
Volvo,EC 13XTV,200x96x33;230x48x66,200x96x33;230x48x66,200x96x33;230x48x66
Volvo,EC 14,230x72x43,230x72x43,230x72x43
Volvo,EC 15,230x96x33;230x48x66,230x96x33;230x48x66,230x96x33;230x48x66
Volvo,EC 15 (bi-speed / adj. Width),230x96x33;230x48x66,230x96x33;230x48x66,230x96x33;230x48x66
Volvo,EC 15 (bi-speed),230x96x33;230x48x66,230x96x33;230x48x66,230x96x33;230x48x66
Volvo,EC 15B,230x96x33;230x48x66,230x96x33;230x48x66,230x96x33;230x48x66
Volvo,EC 15B XR,230x96x33;230x48x66,230x96x33;230x48x66,230x96x33;230x48x66
Volvo,EC 15B XTV,230x96x33;230x48x66,230x96x33;230x48x66,230x96x33;230x48x66
Volvo,EC 15D,230x96x33;230x48x66,230x96x33;230x48x66,230x96x33;230x48x66
Volvo,EC 15R,230x72x43,230x72x43,230x72x43
Volvo,EC 15RB,230x72x43,230x72x43,230x72x43
Volvo,EC 15T,230x96x33;230x48x66,230x96x33;230x48x66,230x96x33;230x48x66
Volvo,EC 15TB,230x96x33;230x48x66,230x96x33;230x48x66,230x96x33;230x48x66
Volvo,EC 15V,230x96x33;230x48x66,230x96x33;230x48x66,230x96x33;230x48x66
Volvo,EC 15VB,230x96x33;230x48x66,230x96x33;230x48x66,230x96x33;230x48x66
Volvo,EC 15XR,230x96x33;230x48x66,230x96x33;230x48x66,230x96x33;230x48x66
Volvo,EC 15XT,230x96x33;230x48x66,230x96x33;230x48x66,230x96x33;230x48x66
Volvo,EC 15XTV,230x96x33;230x48x66,230x96x33;230x48x66,230x96x33;230x48x66
Volvo,EC 17,230x96x33;230x48x66,230x96x33;230x48x66,230x96x33;230x48x66
Volvo,EC 18,230x96x33;230x48x66,230x96x33;230x48x66,230x96x33;230x48x66
Volvo,EC 18D,230x96x33;230x48x66,230x96x33;230x48x66,230x96x33;230x48x66
Volvo,EC 25,300x109x38;300x52.5x78,300x109x38;300x52.5x78,300x109x38;300x52.5x78
Volvo,EC 25-281,300x109x38;300x52.5x78,300x109x38;300x52.5x78,300x109x38;300x52.5x78
Volvo,EC 25X,300x109x38;300x52.5x78,300x109x38;300x52.5x78,300x109x38;300x52.5x78
Volvo,EC 25XT,300x109x38;300x52.5x78,300x109x38;300x52.5x78,300x109x38;300x52.5x78
Volvo,EC 27C,300x109x38;300x52.5x78,300x109x38;300x52.5x78,300x109x38;300x52.5x78
Volvo,EC 30,300x109x38;300x52.5x78,300x109x38;300x52.5x78,300x109x38;300x52.5x78
Volvo,EC 30B,300x109x38;300x52.5x78,300x109x38;300x52.5x78,300x109x38;300x52.5x78
Volvo,EC 30X,300x109x38;300x52.5x78,300x109x38;300x52.5x78,300x109x38;300x52.5x78
Volvo,EC 35,300x109x41;300x52.5x84,300x109x41;300x52.5x84,300x109x41;300x52.5x84
Volvo,EC 35C,300x52.5x84,300x52.5x84,300x52.5x84
Volvo,EC 35D,300x52.5x84,300x52.5x84,300x52.5x84
Volvo,EC 45,400x72.5x68,400x72.5x68,400x72.5x68
Volvo,EC 45Pro,400x72.5x68,400x72.5x68,400x72.5x68
Volvo,EC 55,400x73x74;400x72.5x74,400x73x74;400x72.5x74,400x73x74;400x72.5x74
Volvo,EC 55B,400x73x74;400x72.5x74,400x73x74;400x72.5x74,400x73x74;400x72.5x74
Volvo,EC 55C,400x73x74;400x72.5x74,400x73x74;400x72.5x74,400x73x74;400x72.5x74
Volvo,EC 60E,400x72.5x74,400x72.5x74,400x72.5x74
Volvo,ECR 25D,250x109x38;300x52.5x78,250x109x38;300x52.5x78,250x109x38;300x52.5x78
Volvo,ECR 28,250x109x38;300x52.5x78,250x109x38;300x52.5x78,250x109x38;300x52.5x78
Volvo,ECR 35D,300x52.5x84,300x52.5x84,300x52.5x84
Volvo,ECR 38,300x109x41;300x52.5x84,300x109x41;300x52.5x84,300x109x41;300x52.5x84
Volvo,ECR 40D,300x52.5x84,300x52.5x84,300x52.5x84
Volvo,ECR 48C,400x72.5x72,400x72.5x72,400x72.5x72
Volvo,ECR 50D,400x72.5x74,400x72.5x74,400x72.5x74
Volvo,ECR 58,400x72.5x74,400x72.5x74,400x72.5x74
Volvo,ECR 58D,400x72.5x74,400x72.5x74,400x72.5x74
Volvo,ECR 88,450x81x76,450x81x76,450x81x76
Volvo,ECR 88D,450x81x76,450x81x76,450x81x76
Volvo,MC 110 (VTS System for Skidsteer Loader),450x86x56,450x86x56,450x86x56
Volvo,MC 70 (Compact Track Loader),320x86x52,320x86x52,320x86x52
Volvo,MC 70 (VTS System for Skidsteer Loader),320x86x52;375x86x52;400x86x52,320x86x52;375x86x52;400x86x52,320x86x52;375x86x52;400x86x52
Volvo,MC 80 (VTS System for Skidsteer Loader,320x86x52,320x86x52,320x86x52
Volvo,MC 80 (VTS System for Skidsteer Loader),375x86x52;400x86x52,375x86x52;400x86x52,375x86x52;400x86x52
Volvo,MC 90 (VTS System for Skidsteer Loader),450x86x56,450x86x56,450x86x56
Volvo,MCT 110C (Compact Track Loader),320x86x56;450x86x56,320x86x56;450x86x56,320x86x56;450x86x56
Volvo,MCT 125C (Compact Track Loader),320x86x56;450x86x56,320x86x56;450x86x56,320x86x56;450x86x56
Volvo,MCT 135C (Compact Track Loader),450x86x56,450x86x56,450x86x56
Volvo,MCT 145C (Compact Track Loader),450x86x56,450x86x56,450x86x56
Volvo,MCT 85C (Compact Track Loader),320x86x50,320x86x50,320x86x50
WAMET,KB-2G,230x72x54,230x72x54,230x72x54
WAMET,KB-3G,230x72x54,230x72x54,230x72x54
WAMET,MWG-1 [OEM 230x72x43],230x72x43;230x72x48,230x72x43;230x72x48,230x72x43;230x72x48
WAMET,MWG-6,230x72x54,230x72x54,230x72x54
Wacker Neuson,11002HV,500x92x78,500x92x78,500x92x78
Wacker Neuson,11002RD,500x92x78,500x92x78,500x92x78
Wacker Neuson,1101CP (Compact Track Loader),450x86x56,450x86x56,450x86x56
Wacker Neuson,1200,230x72x43,230x72x43,230x72x43
Wacker Neuson,12002,500x92x78,500x92x78,500x92x78
Wacker Neuson,12002RD,500x92x78,500x92x78,500x92x78
Wacker Neuson,12002RD Vario,500x92x78,500x92x78,500x92x78
Wacker Neuson,1200RD,230x72x43,230x72x43,230x72x43
Wacker Neuson,1202,230x72x43,230x72x43,230x72x43
Wacker Neuson,1302,230x72x43,230x72x43,230x72x43
Wacker Neuson,1302RD,230x72x43,230x72x43,230x72x43
Wacker Neuson,1302RD SLR,230x72x43,230x72x43,230x72x43
Wacker Neuson,1400RD,230x72x43,230x72x43,230x72x43
Wacker Neuson,1402,230x72x43,230x72x43,230x72x43
Wacker Neuson,1402RD (OEM 230x72x43),230x72x43,230x72x43,230x72x43
Wacker Neuson,1402RD (OEM 230x96x33),230x96x33;230x48x66,230x96x33;230x48x66,230x96x33;230x48x66
Wacker Neuson,1402RD Force,230x96x33;230x48x66,230x96x33;230x48x66,230x96x33;230x48x66
Wacker Neuson,1402RD Primus,230x72x43,230x72x43,230x72x43
Wacker Neuson,1402RD SLR,230x96x33;230x72x43;230x48x66,230x96x33;230x72x43;230x48x66,230x96x33;230x72x43;230x48x66
Wacker Neuson,1402RD SLR Primus,230x96x33;230x48x66,230x96x33;230x48x66,230x96x33;230x48x66
Wacker Neuson,1403,230x96x36;230x48x72,230x96x36;230x48x72,230x96x36;230x48x72
Wacker Neuson,1403 ('2002),230x96x36;230x48x66,230x96x36;230x48x66,230x96x36;230x48x66
Wacker Neuson,1403RD,230x96x33;230x48x66,230x96x33;230x48x66,230x96x33;230x48x66
Wacker Neuson,1404,230x96x33;230x48x66,230x96x33;230x48x66,230x96x33;230x48x66
Wacker Neuson,14504,500x92x84,500x92x84,500x92x84
Wacker Neuson,1500,230x72x43,230x72x43,230x72x43
Wacker Neuson,1500RD,230x72x43,230x72x43,230x72x43
Wacker Neuson,1500RD SLR,230x72x43,230x72x43,230x72x43
Wacker Neuson,1501,230x72x43,230x72x43,230x72x43
Wacker Neuson,1502,230x72x43,230x72x43,230x72x43
Wacker Neuson,1502RD,230x72x43,230x72x43,230x72x43
Wacker Neuson,1502RD Force,230x96x33;230x48x66,230x96x33;230x48x66,230x96x33;230x48x66
Wacker Neuson,1502RD SLR,230x72x43,230x72x43,230x72x43
Wacker Neuson,1503,230x96x36;230x48x72,230x96x36;230x48x72,230x96x36;230x48x72
Wacker Neuson,1503RD,230x96x36;230x48x72,230x96x36;230x48x72,230x96x36;230x48x72
Wacker Neuson,1503RDV,230x96x36;230x48x72,230x96x36;230x48x72,230x96x36;230x48x72
Wacker Neuson,1600RD,230x72x43,230x72x43,230x72x43
Wacker Neuson,1700,230x72x48,230x72x48,230x72x48
Wacker Neuson,1700RB,230x72x48,230x72x48,230x72x48
Wacker Neuson,1700RD,230x72x48,230x72x48,230x72x48
Wacker Neuson,1702,230x72x48,230x72x48,230x72x48
Wacker Neuson,1702RD,230x72x48,230x72x48,230x72x48
Wacker Neuson,1703,230x96x36;230x48x72,230x96x36;230x48x72,230x96x36;230x48x72
Wacker Neuson,1703 RD,230x96x36;230x48x72,230x96x36;230x48x72,230x96x36;230x48x72
Wacker Neuson,1703 VDS,230x96x36;230x48x72,230x96x36;230x48x72,230x96x36;230x48x72
Wacker Neuson,1900,230x72x48,230x72x48,230x72x48
Wacker Neuson,1900RD,230x72x48,230x72x48,230x72x48
Wacker Neuson,1902,230x72x48,230x72x48,230x72x48
Wacker Neuson,1902RD (New),230x96x36;230x48x72,230x96x36;230x48x72,230x96x36;230x48x72
Wacker Neuson,1902RD (old),230x72x48,230x72x48,230x72x48
Wacker Neuson,1902RD Force,230x96x36;230x48x72,230x96x36;230x48x72,230x96x36;230x48x72
Wacker Neuson,1902RD SLR (New),230x72x48,230x72x48,230x72x48
Wacker Neuson,1902RD SLR (old),230x72x43,230x72x43,230x72x43
Wacker Neuson,1903,250x96x38;250x48x76,250x96x38;250x48x76,250x96x38;250x48x76
Wacker Neuson,1903RD,250x96x38;250x48x76,250x96x38;250x48x76,250x96x38;250x48x76
Wacker Neuson,2000,230x72x43,230x72x43,230x72x43
Wacker Neuson,2000RD,230x72x43,230x72x43,230x72x43
Wacker Neuson,2002 Force,230x96x36;230x48x72,230x96x36;230x48x72,230x96x36;230x48x72
Wacker Neuson,2002 RDV,230x96x36;230x48x72,230x96x36;230x48x72,230x96x36;230x48x72
Wacker Neuson,2003,250x96x38;250x48x76,250x96x38;250x48x76,250x96x38;250x48x76
Wacker Neuson,2100,230x72x43,230x72x43,230x72x43
Wacker Neuson,2100RD,230x72x43,230x72x43,230x72x43
Wacker Neuson,2200,230x72x48,230x72x48,230x72x48
Wacker Neuson,2200RD,230x72x48,230x72x48,230x72x48
Wacker Neuson,2201,230x72x48,230x72x48,230x72x48
Wacker Neuson,2202,230x72x48,230x72x48,230x72x48
Wacker Neuson,2202RD,230x96x36;230x72x48;230x48x72,230x96x36;230x72x48;230x48x72,230x96x36;230x72x48;230x48x72
Wacker Neuson,2202RD Force,230x96x36;230x48x72,230x96x36;230x48x72,230x96x36;230x48x72
Wacker Neuson,2203,250x96x38;250x48x76,250x96x38;250x48x76,250x96x38;250x48x76
Wacker Neuson,2203RD,250x96x38;250x48x76,250x96x38;250x48x76,250x96x38;250x48x76
Wacker Neuson,2300,230x72x43,230x72x43,230x72x43
Wacker Neuson,2300RD,230x72x43,230x72x43,230x72x43
Wacker Neuson,2404RD,250x109x37;300x52.5x76,250x109x37;300x52.5x76,250x109x37;300x52.5x76
Wacker Neuson,250,300x52.5x78;300x52.5x78,300x52.5x78;300x52.5x78 (Narrow),300x52.5x78;300x52.5x78(N)
Wacker Neuson,2500,230x72x43,230x72x43,230x72x43
Wacker Neuson,2500RD,230x72x43,230x72x43,230x72x43
Wacker Neuson,2503,250x109x37;300x52.5x76,250x109x37;300x52.5x76,250x109x37;300x52.5x76
Wacker Neuson,2503RD,250x109x37;300x101.6x39;300x52.5x76;300x52.5x84;300x101.6x43,250x109x37;300x101.6x39;300x52.5x76;300x52.5x84;300x101.6x43,250x109x37;300x101.6x39;300x52.5x76;300x52.5x84;300x101.6x43
Wacker Neuson,2503RDV,300x109x37;300x52.5x76,300x109x37;300x52.5x76,300x109x37;300x52.5x76
Wacker Neuson,2600,300x54x72;300x52.5x74,300x54x72;300x52.5x74 (Narrow),300x54x72;300x52.5x74(N)
Wacker Neuson,2600RD (New),300x55x72;300x52.5x74,300x55x72;300x52.5x74 (Narrow),300x55x72;300x52.5x74(N)
Wacker Neuson,2700,230x72x43,230x72x43,230x72x43
Wacker Neuson,2700RD,230x72x43,230x72x43,230x72x43
Wacker Neuson,2702,300x54x72;300x52.5x74,300x54x72;300x52.5x74 (Narrow),300x54x72;300x52.5x74(N)
Wacker Neuson,2702RD,300x55x72;300x52.5x74,300x55x72;300x52.5x74 (Narrow),300x55x72;300x52.5x74(N)
Wacker Neuson,2702RD Force,300x55x72;300x52.5x74,300x55x72;300x52.5x74 (Narrow),300x55x72;300x52.5x74(N)
Wacker Neuson,2702RD SCR,300x55x72;300x52.5x74,300x55x72;300x52.5x74 (Narrow),300x55x72;300x52.5x74(N)
Wacker Neuson,2702RD SLR,300x55x72;300x52.5x74,300x55x72;300x52.5x74 (Narrow),300x55x72;300x52.5x74(N)
Wacker Neuson,2800,300x54x72;300x52.5x74,300x54x72;300x52.5x74 (Narrow),300x54x72;300x52.5x74(N)
Wacker Neuson,2800RD (New),300x55x72;300x52.5x74,300x55x72;300x52.5x74 (Narrow),300x55x72;300x52.5x74(N)
Wacker Neuson,28Z-3,300x55x79;300x52.5x82,300x55x79;300x52.5x82,300x55x79;300x52.5x82
Wacker Neuson,28Z3 RD,300x55x79;300x52.5x82,300x55x79;300x52.5x82,300x55x79;300x52.5x82
Wacker Neuson,2902,300x54x72;300x52.5x74,300x54x72;300x52.5x74 (Narrow),300x54x72;300x52.5x74(N)
Wacker Neuson,2902RD,300x55x72;300x52.5x74,300x55x72;300x52.5x74 (Narrow),300x55x72;300x52.5x74(N)
Wacker Neuson,2902RD Force,300x54x72;300x52.5x74,300x54x72;300x52.5x74 (Narrow),300x54x72;300x52.5x74(N)
Wacker Neuson,2902RD SLR,300x54x72;300x52.5x74,300x54x72;300x52.5x74 (Narrow),300x54x72;300x52.5x74(N)
Wacker Neuson,3000,320x54x78;300x52.5x80,320x54x78;300x52.5x80 (Narrow),320x54x78;300x52.5x80(N)
Wacker Neuson,3000RD (New),320x54x78;300x52.5x80,320x54x78;300x52.5x80 (Narrow),320x54x78;300x52.5x80(N)
Wacker Neuson,3000RDV,320x54x78;300x52.5x80,320x54x78;300x52.5x80 (Narrow),320x54x78;300x52.5x80(N)
Wacker Neuson,3002,300x109x38;300x52.5x78,300x109x38;300x52.5x78,300x109x38;300x52.5x78
Wacker Neuson,3003,300x109x38;300x52.5x78,300x109x38;300x52.5x78,300x109x38;300x52.5x78
Wacker Neuson,3003 RD,300x101.6x40;300x52.5x78,300x101.6x40;300x52.5x78,300x101.6x40;300x52.5x78
Wacker Neuson,3003 Vario,300x109x38;300x52.5x78,300x109x38;300x52.5x78,300x109x38;300x52.5x78
Wacker Neuson,3003RD,300x109x38;300x52.5x78,300x109x38;300x52.5x78,300x109x38;300x52.5x78
Wacker Neuson,3200RD (New),320x54x78;300x52.5x80,320x54x78;300x52.5x80 (Narrow),320x54x78;300x52.5x80(N)
Wacker Neuson,3402,320x54x78;300x52.5x80,320x54x78;300x52.5x80 (Narrow),320x54x78;300x52.5x80(N)
Wacker Neuson,3402RD,320x54x78;300x52.5x80,320x54x78;300x52.5x80 (Narrow),320x54x78;300x52.5x80(N)
Wacker Neuson,3402RD Force,320x54x78;300x52.5x80,320x54x78;300x52.5x80 (Narrow),320x54x78;300x52.5x80(N)
Wacker Neuson,3402RD SLR,320x54x78;300x52.5x80,320x54x78;300x52.5x80 (Narrow),320x54x78;300x52.5x80(N)
Wacker Neuson,3503,300x52.5x84,300x52.5x84,300x52.5x84
Wacker Neuson,3503 VDS,300x52.5x84,300x52.5x84,300x52.5x84
Wacker Neuson,3503 Vario,300x109x41;300x52.5x84,300x109x41;300x52.5x84,300x109x41;300x52.5x84
Wacker Neuson,3503RD,300x109x41;300x52.5x84,300x109x41;300x52.5x84,300x109x41;300x52.5x84
Wacker Neuson,3503RD Vario,300x109x41;300x52.5x84,300x109x41;300x52.5x84,300x109x41;300x52.5x84
Wacker Neuson,3602,320x54x78;300x52.5x80,320x54x78;300x52.5x80 (Narrow),320x54x78;300x52.5x80(N)
Wacker Neuson,3602RD,320x54x78;300x52.5x80,320x54x78;300x52.5x80 (Narrow),320x54x78;300x52.5x80(N)
Wacker Neuson,3602RD Force,320x54x78;300x52.5x80,320x54x78;300x52.5x80 (Narrow),320x54x78;300x52.5x80(N)
Wacker Neuson,3602RD SLR,320x54x78;300x52.5x80,320x54x78;300x52.5x80 (Narrow),320x54x78;300x52.5x80(N)
Wacker Neuson,3703,300x109x41;300x52.5x84,300x109x41;300x52.5x84,300x109x41;300x52.5x84
Wacker Neuson,3703RD,300x109x41;300x52.5x84,300x109x41;300x52.5x84,300x109x41;300x52.5x84
Wacker Neuson,38Z-3,300x109x41;300x52.5x84,300x109x41;300x52.5x84,300x109x41;300x52.5x84
Wacker Neuson,38Z3,300x109x41;300x52.5x84,300x109x41;300x52.5x84,300x109x41;300x52.5x84
Wacker Neuson,5000RD,400x73x74;400x72.5x74,400x73x74;400x72.5x74,400x73x74;400x72.5x74
Wacker Neuson,5001,400x73x74;400x72.5x74,400x73x74;400x72.5x74,400x73x74;400x72.5x74
Wacker Neuson,5001RD,400x73x74;400x72.5x74,400x73x74;400x72.5x74,400x73x74;400x72.5x74
Wacker Neuson,5001RD SLR,400x73x74;400x72.5x74,400x73x74;400x72.5x74,400x73x74;400x72.5x74
Wacker Neuson,5002,400x73x74;400x72.5x74,400x73x74;400x72.5x74,400x73x74;400x72.5x74
Wacker Neuson,5002 Power,400x73x74;400x72.5x74,400x73x74;400x72.5x74,400x73x74;400x72.5x74
Wacker Neuson,5002RD,400x73x74;400x135x39;400x72.5x74,400x73x74;400x135x39;400x72.5x74,400x73x74;400x135x39;400x72.5x74
Wacker Neuson,50Z-3,400x72.5x74,400x72.5x74,400x72.5x74
Wacker Neuson,50Z-3RD,400x73x74;400x72.5x74,400x73x74;400x72.5x74,400x73x74;400x72.5x74
Wacker Neuson,6002,400x73x74;400x72.5x74,400x73x74;400x72.5x74,400x73x74;400x72.5x74
Wacker Neuson,6002RD,400x73x74;400x135x39;400x72.5x74,400x73x74;400x135x39;400x72.5x74,400x73x74;400x135x39;400x72.5x74
Wacker Neuson,6002RDV,400x73x74;400x72.5x74,400x73x74;400x72.5x74,400x73x74;400x72.5x74
Wacker Neuson,6003,400x72.5x74,400x72.5x74,400x72.5x74
Wacker Neuson,6003RD,400x73x74;400x72.5x74,400x73x74;400x72.5x74,400x73x74;400x72.5x74
Wacker Neuson,7002RD,450x71x84,450x71x84,450x71x84
Wacker Neuson,70Z-3RD,450x71x86,450x71x86,450x71x86
Wacker Neuson,75Z-3,450x71x86,450x71x86,450x71x86
Wacker Neuson,8002,450x71x84,450x71x84,450x71x84
Wacker Neuson,8002RD,450x71x84,450x71x84,450x71x84
Wacker Neuson,8002RDV,450x71x84,450x71x84,450x71x84
Wacker Neuson,8003 Vario,450x76x80,450x76x80,450x76x80
Wacker Neuson,8003RD,450x76x80,450x76x80,450x76x80
Wacker Neuson,803RD,180x72x37,180x72x37,180x72x37
Wacker Neuson,9002,500x92x78,500x92x78,500x92x78
Wacker Neuson,DT 08 (Dumper),180x72x34,180x72x34,180x72x34
Wacker Neuson,DT 10 (Dumper),180x72x37,180x72x37,180x72x37
Wacker Neuson,DT 10e (Dumper),180x72x37,180x72x37,180x72x37
Wacker Neuson,DT 12 (Dumper),180x72x37,180x72x37,180x72x37
Wacker Neuson,DT 15 (Duper),230x72x52,230x72x52,230x72x52
Wacker Neuson,ET145,500x92x84,500x92x84,500x92x84
Wacker Neuson,ET16,230x96x33;230x48x66,230x96x33;230x48x66,230x96x33;230x48x66
Wacker Neuson,ET18,230x96x36;230x48x72,230x96x36;230x48x72,230x96x36;230x48x72
Wacker Neuson,ET20,250x96x38;250x48x76,250x96x38;250x48x76,250x96x38;250x48x76
Wacker Neuson,ET24,250x109x37;300x52.5x76,250x109x37;300x52.5x76,250x109x37;300x52.5x76
Wacker Neuson,ET35,300x53x84,300x53x84,300x53x84
Wacker Neuson,ET58,400x72.5x74,400x72.5x74,400x72.5x74
Wacker Neuson,ET65,400x72.5x74,400x72.5x74,400x72.5x74
Wacker Neuson,ET90,450x76x80,450x76x80,450x76x80
Wacker Neuson,EZ17,230x96x36;230x48x72,230x96x36;230x48x72,230x96x36;230x48x72
Wacker Neuson,EZ17e,230x96x36;230x48x72,230x96x36;230x48x72,230x96x36;230x48x72
Wacker Neuson,EZ26,300x52.5x82,300x52.5x82,300x52.5x82
Wacker Neuson,EZ28,300x52.5x82,300x52.5x82,300x52.5x82
Wacker Neuson,EZ36,300x53x84,300x53x84,300x53x84
Wacker Neuson,EZ38,300x52.5x84,300x52.5x84,300x52.5x84
Wacker Neuson,EZ50,400x72.5x74,400x72.5x74,400x72.5x74
Wacker Neuson,EZ53,400x72.5x74,400x72.5x74,400x72.5x74
Wacker Neuson,EZ80,450x76x80,450x76x80,450x76x80
Wacker Neuson,RK 15 (Carrier),230x72x40,230x72x40,230x72x40
Wacker Neuson,SM325-27T,230x72x37,230x72x37,230x72x37
Wacker Neuson,ST 28,320x86x52;400x86x52,320x86x52;400x86x52,320x86x52;400x86x52
Wacker Neuson,ST 31,320x86x52;400x86x52,320x86x52;400x86x52,320x86x52;400x86x52
Wacker Neuson,ST 35,450x86x56,450x86x56,450x86x56
Wacker Neuson,ST 45,450x86x56,450x86x56,450x86x56
Wacker Neuson,TD 15 (Carrier),250x72x56,250x72x56,250x72x56
Wacker Neuson,TD 9 (Dumper),180x72x37,180x72x37,180x72x37
Wacker Neuson,Unitrac BF 250,320x54x78;300x52.5x80,320x54x78;300x52.5x80 (Narrow),320x54x78;300x52.5x80(N)
Wyssen,W-10/RK700,190x72x37;180x72x37,190x72x37;180x72x37,190x72x37;180x72x37
XCMG,XE55U,400x72.5x74,400x72.5x74,400x72.5x74
Yamaguchi / Winbull,TXB-21,200x72x39,200x72x39,200x72x39
Yamaguchi / Winbull,WB 04,180x60x38,180x60x38,180x60x38
Yamaguchi / Winbull,WB 05 (minidumper),200x72x35;200x72x39,200x72x35;200x72x39,200x72x35;200x72x39
Yamaguchi / Winbull,WB 05 (minidumper) '2004,200x72x34;180x72x34,200x72x34;180x72x34,200x72x34;180x72x34
Yamaguchi / Winbull,WB 06D (minidumper),180x72x39,180x72x39,180x72x39
Yamaguchi / Winbull,WB 06D HL (Minidumper - High Lift),180x72x39,180x72x39,180x72x39
Yamaguchi / Winbull,WB 07 (minidumper),200x72x39,200x72x39,200x72x39
Yamaguchi / Winbull,WB 1000-3 (minidumper),230x72x45;230x72x46,230x72x45;230x72x46,230x72x45;230x72x46
Yamaguchi / Winbull,WB 12H (minidumper),230x72x50,230x72x50,230x72x50
Yamaguchi / Winbull,WB 1300-3 (minidumper),280x72x52;250x72x52,280x72x52;250x72x52,280x72x52;250x72x52
Yamaguchi / Winbull,WB 1500-3 (minidumper),280x72x52;250x72x52,280x72x52;250x72x52,280x72x52;250x72x52
Yamaguchi / Winbull,WB 350FB (minidumper),180x60x34,180x60x34,180x60x34
Yamaguchi / Winbull,WB 350SF (minidumper),180x60x34,180x60x34,180x60x34
Yamaguchi / Winbull,WB 450HD (minitdumper),200x72x34;180x72x34,200x72x34;180x72x34,200x72x34;180x72x34
Yamaguchi / Winbull,WB 450MD (minidumper),200x72x34;180x72x34,200x72x34;180x72x34,200x72x34;180x72x34
Yamaguchi / Winbull,WB 500 (minidumper),200x72x34;180x72x34,200x72x34;180x72x34,200x72x34;180x72x34
Yamaguchi / Winbull,WB 510 (minidumper),200x72x34;180x72x34,200x72x34;180x72x34,200x72x34;180x72x34
Yamaguchi / Winbull,WB 510B (minidumper),200x72x34;180x72x34,200x72x34;180x72x34,200x72x34;180x72x34
Yamaguchi / Winbull,WB 700 (minidumper),200x72x39,200x72x39,200x72x39
Yamaguchi / Winbull,WB 700EX (minidumper),200x72x39,200x72x39,200x72x39
Yamaguchi / Winbull,WB12H alpha,230x72x50,230x72x50,230x72x50
Yanmar,5 D-1,230x72x50,230x72x50,230x72x50
Yanmar,8 R,230x72x50,230x72x50,230x72x50
Yanmar,Aura 28,300x52.5x78,300x52.5x78,300x52.5x78
Yanmar,B 07,180x72x37,180x72x37,180x72x37
Yanmar,B 07-1,180x72x37,180x72x37,180x72x37
Yanmar,B 08 Scopy,180x72x37,180x72x37,180x72x37
Yanmar,B 08 [OEM 180x72x32],180x72x32;180x72x37,180x72x32;180x72x37,180x72x32;180x72x37
Yanmar,B 08-3 ('2002),180x72x37,180x72x37,180x72x37
Yanmar,B 08-3RV,180x72x37,180x72x37,180x72x37
Yanmar,B 08R Scopy,180x72x37,180x72x37,180x72x37
Yanmar,B 08RV Scopy,180x72x37,180x72x37,180x72x37
Yanmar,B 10,200x72x39;230x72x43,200x72x39;230x72x43,200x72x39;230x72x43
Yanmar,B 10R,200x72x39,200x72x39,200x72x39
Yanmar,B 12,230x72x43,230x72x43,230x72x43
Yanmar,B 12-1,230x72x43,230x72x43,230x72x43
Yanmar,B 12-2,230x72x43,230x72x43,230x72x43
Yanmar,B 12-3,230x72x43,230x72x43,230x72x43
Yanmar,B 12-3 ('2002),200x72x47,200x72x47,200x72x47
Yanmar,B 12-3PR,230x72x43,230x72x43,230x72x43
Yanmar,B 12PR,230x72x43,230x72x43,230x72x43
Yanmar,B 14 Check Length,200x72x47;230x72x43;230x72x47,200x72x47;230x72x43;230x72x47,200x72x47;230x72x43;230x72x47
Yanmar,B 14-1,230x72x43,230x72x43,230x72x43
Yanmar,B 15 [OEM 230x72x43],230x72x43;230x96x32,230x72x43;230x96x32,230x72x43;230x96x32
Yanmar,B 15-3 ('2002),200x72x47,200x72x47,200x72x47
Yanmar,B 15-3CR,200x72x42,200x72x42,200x72x42
Yanmar,B 15-3EX,230x72x47,230x72x47,230x72x47
Yanmar,B 15-3PR,200x72x47,200x72x47,200x72x47
Yanmar,B 15CR,200x72x47,200x72x47,200x72x47
Yanmar,B 15EX,230x72x47,230x72x47,230x72x47
Yanmar,B 15MC,200x72x47,200x72x47,200x72x47
Yanmar,B 15PR,230x72x43,230x72x43,230x72x43
Yanmar,B 17,230x72x43,230x72x43,230x72x43
Yanmar,B 17-1,230x72x43,230x72x43,230x72x43
Yanmar,B 17-2,230x72x43;230x72x47,230x72x43;230x72x47,230x72x43;230x72x47
Yanmar,B 17-2 (< '2000),230x72x43,230x72x43,230x72x43
Yanmar,B 17-3,200x72x47,200x72x47,200x72x47
Yanmar,B 17-3EX,230x72x47,230x72x47,230x72x47
Yanmar,B 17EX,230x72x47,230x72x47,230x72x47
Yanmar,B 17PR,230x72x43,230x72x43,230x72x43
Yanmar,B 18EX,230x72x47,230x72x47,230x72x47
Yanmar,B 19,260x96x38;250x48x76,260x96x38;250x48x76,260x96x38;250x48x76
Yanmar,B 19.2,260x96x38;250x48x76,260x96x38;250x48x76,260x96x38;250x48x76
Yanmar,B 19PR,260x96x38;250x48x76,260x96x38;250x48x76,260x96x38;250x48x76
Yanmar,B 1U,200x72x40,200x72x40,200x72x40
Yanmar,B 25V (Victas: offset type),300x55.5x76,300x55.5x76,300x55.5x76
Yanmar,B 25V (Victas: offset type) >'2006,260x55.5x78;300x55.5x78,260x55.5x78;300x55.5x78,260x55.5x78;300x55.5x78
Yanmar,B 25VCR (Offset type),300x55.5x76,300x55.5x76,300x55.5x76
Yanmar,B 25VCR (Victas: offset type) > '2006,260x55.5x78;300x55.5x78,260x55.5x78;300x55.5x78,260x55.5x78;300x55.5x78
Yanmar,B 27-2A [OEM 300x55.5(k)x76],300x55.5x76;320x106x39,300x55.5x76;320x106x39,300x55.5x76;320x106x39
Yanmar,B 27-2B (Offset type),300x55.5x82,300x55.5x82,300x55.5x82
Yanmar,B 3-3,300x55.5x82,300x55.5x82,300x55.5x82
Yanmar,B 30V (Victas: Offset type),300x55.5x82,300x55.5x82,300x55.5x82
Yanmar,B 30VCR (Victas: Offset type),300x55.5x82,300x55.5x82,300x55.5x82
Yanmar,B 30VPR (Victas: Offset type),300x55.5x82,300x55.5x82,300x55.5x82
Yanmar,B 37-2B (Offset type),300x55.5x82,300x55.5x82,300x55.5x82
Yanmar,B 37V (Victas: Offset type),300x55.5x82,300x55.5x82,300x55.5x82
Yanmar,B 37VCR (Offset type),300x55.5x82,300x55.5x82,300x55.5x82
Yanmar,B 37VPR (Offset type),300x55.5x82,300x55.5x82,300x55.5x82
Yanmar,B 3U,300x52.5x80;300x55x77,300x52.5x80 (Narrow);300x55x77,300x52.5x80(N);300x55x77
Yanmar,B 40VIO,350x75.5x74;400x75.5x74,350x75.5x74;400x75.5x74,350x75.5x74;400x75.5x74
Yanmar,B 4U,300x52.5x84;300x55x81,300x52.5x84 (Narrow);300x55x81,300x52.5x84(N);300x55x81
Yanmar,B 50-2B (Offset type),400x75.5x74,400x75.5x74,400x75.5x74
Yanmar,B 50V (Victas: Offset type),400x75.5x74,400x75.5x74,400x75.5x74
Yanmar,B 50VCR (Victas: Offset type),400x75.5x74,400x75.5x74,400x75.5x74
Yanmar,B 50VIO,400x75.5x74,400x75.5x74,400x75.5x74
Yanmar,B 7 Pro Sigma,450x83.5x74,450x83.5x74,450x83.5x74
Yanmar,B 7 Sigma,450x83.5x74,450x83.5x74,450x83.5x74
Yanmar,B 7U,450x163x38;450x81x76,450x163x38;450x81x76 (Narrow),450x163x38;450x81x76(N)
Yanmar,B6-3,400x75.5x74,400x75.5x74,400x75.5x74
Yanmar,C 08 (Carrier),180x72x36,180x72x36,180x72x36
Yanmar,C 10R (Carrier),230x72x50,230x72x50,230x72x50
Yanmar,C 10R-1 (Carrier),230x72x50,230x72x50,230x72x50
Yanmar,C 12R (Carrier),230x72x50,230x72x50,230x72x50
Yanmar,C 50R-1 (carrier) [OEM 450x110x74],450x110x74,450x110x74,450x110x74
Yanmar,C 50R-1 (carrier) [OEM 500x90x82],500x90x82,500x90x82,500x90x82
Yanmar,C 8R (Carrier),230x72x50,230x72x50,230x72x50
Yanmar,CD 7CDA,230x72x50,230x72x50,230x72x50
Yanmar,CG 3 HAST (Carrier),180x60x37,180x60x37,180x60x37
Yanmar,CG 3D (Carrier),200x72x37;180x72x37,200x72x37;180x72x37,200x72x37;180x72x37
Yanmar,CR 10,230x72x50,230x72x50,230x72x50
Yanmar,CR 12R,230x72x50,230x72x50,230x72x50
Yanmar,DC 153,200x72x37;200x72x39;180x72x37,200x72x37;200x72x39;180x72x37,200x72x37;200x72x39;180x72x37
Yanmar,K4SC (Sky lifter),180x72x41,180x72x41,180x72x41
Yanmar,MCG 100 (Carrier),160x60x37;180x60x37,160x60x37;180x60x37,160x60x37;180x60x37
Yanmar,MCG 111F (Carrier),180x60x37,180x60x37,180x60x37
Yanmar,MCG 130 (Carrier),200x72x31;180x72x31,200x72x31;180x72x31,200x72x31;180x72x31
Yanmar,MCG 131 (Carrier),180x72x34,180x72x34,180x72x34
Yanmar,MCG 150 (Carrier),200x72x38;180x72x38,200x72x38;180x72x38,200x72x38;180x72x38
Yanmar,MCG 91 (Carrier),160x60x34;180x60x34,160x60x34;180x60x34,160x60x34;180x60x34
Yanmar,MCG 95 (Carrier),160x60x35;180x60x35,160x60x35;180x60x35,160x60x35;180x60x35
Yanmar,MCG 95 N-HST,180x60x37,180x60x37,180x60x37
Yanmar,MCG 950 (Carrier),180x60x37,180x60x37,180x60x37
Yanmar,SV 08,180x72x37,180x72x37,180x72x37
Yanmar,SV 09,180x72x37,180x72x37,180x72x37
Yanmar,SV 100,485x92x72,485x92x72,485x92x72
Yanmar,SV 100VCR,485x92x72,485x92x72,485x92x72
Yanmar,SV 120,500x92x78,500x92x78,500x92x78
Yanmar,SV 15,230x72x47,230x72x47,230x72x47
Yanmar,SV 15CR,230x72x47,230x72x47,230x72x47
Yanmar,SV 15PR,230x72x47,230x72x47,230x72x47
Yanmar,SV 16,230x72x47,230x72x47,230x72x47
Yanmar,SV 17,230x72x47,230x72x47,230x72x47
Yanmar,SV 17CR,230x72x47,230x72x47,230x72x47
Yanmar,SV 17CRE,230x72x47,230x72x47,230x72x47
Yanmar,SV 17EX,230x72x47,230x72x47,230x72x47
Yanmar,SV 18EX,230x72x47,230x72x47,230x72x47
Yanmar,SV 20,250x48.5x84,250x48.5x84,250x48.5x84
Yanmar,SV 22,250x48.5x84,250x48.5x84,250x48.5x84
Yanmar,SV 26,250x55.5x79,250x55.5x79,250x55.5x79
Yanmar,SV 60,400x73x76,400x73x76,400x73x76
Yanmar,T175 (Compact Track Loader),320x86x54,320x86x54,320x86x54
Yanmar,T210 (Compact Track Loader),450x86x56,450x86x56,450x86x56
Yanmar,VIO 10,180x72x43;200x72x43,180x72x43;200x72x43,180x72x43;200x72x43
Yanmar,VIO 100,485x92x72,485x92x72,485x92x72
Yanmar,VIO 12,180x72x43;200x72x43,180x72x43;200x72x43,180x72x43;200x72x43
Yanmar,VIO 15,230x72x47,230x72x47,230x72x47
Yanmar,VIO 15-2,230x72x47,230x72x47,230x72x47
Yanmar,VIO 17 [OEM 230x72x46],230x72x46,230x72x46,230x72x46
Yanmar,VIO 17 [OEM 230x72x47],230x72x47,230x72x47,230x72x47
Yanmar,VIO 17PR [OEM 230x72x47],230x72x47,230x72x47,230x72x47
Yanmar,VIO 20,260x97x40;250x48.5x80,260x97x40;250x48.5x80,260x97x40;250x48.5x80
Yanmar,VIO 20 Global,250x48.5x84,250x48.5x84,250x48.5x84
Yanmar,VIO 20-1,260x97x42;250x48.5x84,260x97x42;250x48.5x84,260x97x42;250x48.5x84
Yanmar,VIO 20-2,260x97x42;250x48.5x84,260x97x42;250x48.5x84,260x97x42;250x48.5x84
Yanmar,VIO 20-3 (offset type),250x48.5x84,250x48.5x84,250x48.5x84
Yanmar,VIO 20-4 (offset type),250x48.5x84,250x48.5x84,250x48.5x84
Yanmar,VIO 20CR,250x48.5x84,250x48.5x84,250x48.5x84
Yanmar,VIO 20PR-1,250x48.5x84,250x48.5x84,250x48.5x84
Yanmar,VIO 25 [OEM 250x55.5x79 Symetric),250x55.5x79,250x55.5x79,250x55.5x79
Yanmar,VIO 25 [OEM 260x55.5x78 Offset),260x55.5x78;300x55.5x78,260x55.5x78;300x55.5x78,260x55.5x78;300x55.5x78
Yanmar,VIO 25-4,260x55.5x78;300x55.5x78,260x55.5x78;300x55.5x78,260x55.5x78;300x55.5x78
Yanmar,VIO 25-6,250x55.5x79,250x55.5x79,250x55.5x79
Yanmar,VIO 25PR,260x55.5x78;300x55.5x78,260x55.5x78;300x55.5x78,260x55.5x78;300x55.5x78
Yanmar,VIO 26,250x55.5x79,250x55.5x79,250x55.5x79
Yanmar,VIO 27,260x55.5x78;300x55.5x78,260x55.5x78;300x55.5x78,260x55.5x78;300x55.5x78
Yanmar,VIO 27-2 (Offset type),260x55.5x78;300x55.5x78,260x55.5x78;300x55.5x78,260x55.5x78;300x55.5x78
Yanmar,VIO 27-2 Global (Offset type),260x55.5x78;300x55.5x78,260x55.5x78;300x55.5x78,260x55.5x78;300x55.5x78
Yanmar,VIO 27-3,260x55.5x78;300x55.5x78,260x55.5x78;300x55.5x78,260x55.5x78;300x55.5x78
Yanmar,VIO 27-5,260x55.5x78;300x55.5x78,260x55.5x78;300x55.5x78,260x55.5x78;300x55.5x78
Yanmar,VIO 27-6,250x55.5x79,250x55.5x79,250x55.5x79
Yanmar,VIO 30-1,300x55.5x82,300x55.5x82,300x55.5x82
Yanmar,VIO 30-2,300x55.5x82,300x55.5x82,300x55.5x82
Yanmar,VIO 30-3S,300x55.5x82,300x55.5x82,300x55.5x82
Yanmar,VIO 30-6,300x55x84;300x52.5x88,300x55x84;300x52.5x88,300x55x84;300x52.5x88
Yanmar,VIO 30V (Offset type),300x55.5x82,300x55.5x82,300x55.5x82
Yanmar,VIO 33 (Offset type),300x55.5x82,300x55.5x82,300x55.5x82
Yanmar,VIO 33-6,300x55x84;300x52.5x82,300x55x84;300x52.5x82,300x55x84;300x52.5x82
Yanmar,VIO 35 (Offset type),300x55.5x82,300x55.5x82,300x55.5x82
Yanmar,VIO 35 Global,300x55.5x82,300x55.5x82,300x55.5x82
Yanmar,VIO 35-1 (Offset type),300x55.5x82,300x55.5x82,300x55.5x82
Yanmar,VIO 35-2 (Offset type),300x55.5x82,300x55.5x82,300x55.5x82
Yanmar,VIO 35-3 (Offset type),300x55.5x82,300x55.5x82,300x55.5x82
Yanmar,VIO 35-5 (Offset type),300x55.5x82,300x55.5x82,300x55.5x82
Yanmar,VIO 35-6,300x55x84;300x52.5x88,300x55x84;300x52.5x88,300x55x84;300x52.5x88
Yanmar,VIO 35CR (Offset type),300x55.5x82,300x55.5x82,300x55.5x82
Yanmar,VIO 38 (Offset type),300x55.5x82,300x55.5x82,300x55.5x82
Yanmar,VIO 38-6,300x55x84;300x52.5x88,300x55x84;300x52.5x88,300x55x84;300x52.5x88
Yanmar,VIO 40 (Offset type),350x75.5x74;400x75.5x74,350x75.5x74;400x75.5x74,350x75.5x74;400x75.5x74
Yanmar,VIO 40-1 (Offset type),350x75.5x74;400x75.5x74,350x75.5x74;400x75.5x74,350x75.5x74;400x75.5x74
Yanmar,VIO 40-2 (Offset type),350x75.5x74;400x75.5x74,350x75.5x74;400x75.5x74,350x75.5x74;400x75.5x74
Yanmar,VIO 40-3 (Offset type),350x75.5x74;400x75.5x74,350x75.5x74;400x75.5x74,350x75.5x74;400x75.5x74
Yanmar,VIO 40V (Offset type),350x75.5x74;400x75.5x74,350x75.5x74;400x75.5x74,350x75.5x74;400x75.5x74
Yanmar,VIO 45 (Offset type),350x75.5x74;400x75.5x74,350x75.5x74;400x75.5x74,350x75.5x74;400x75.5x74
Yanmar,VIO 45 CR,350x75.5x74;400x75.5x74,350x75.5x74;400x75.5x74,350x75.5x74;400x75.5x74
Yanmar,VIO 45 Global (Offset type),350x75.5x74;400x75.5x74,350x75.5x74;400x75.5x74,350x75.5x74;400x75.5x74
Yanmar,VIO 45-3 (Offset type),350x75.5x74;400x75.5x74,350x75.5x74;400x75.5x74,350x75.5x74;400x75.5x74
Yanmar,VIO 45-5 (Offset type),350x75.5x74;400x75.5x74,350x75.5x74;400x75.5x74,350x75.5x74;400x75.5x74
Yanmar,VIO 45-6,350x73x76,350x73x76,350x73x76
Yanmar,VIO 45V (Offset type),350x75.5x74;400x75.5x74,350x75.5x74;400x75.5x74,350x75.5x74;400x75.5x74
Yanmar,VIO 50-1 (Offset type),400x75.5x74,400x75.5x74,400x75.5x74
Yanmar,VIO 50-2 (Offset type),400x75.5x74,400x75.5x74,400x75.5x74
Yanmar,VIO 50-2 Global,400x75.5x74,400x75.5x74,400x75.5x74
Yanmar,VIO 50-3 (Offset type),400x75.5x74,400x75.5x74,400x75.5x74
Yanmar,VIO 50-6,350x73x76,350x73x76,350x73x76
Yanmar,VIO 50-PR-1,400x75.5x74,400x75.5x74,400x75.5x74
Yanmar,VIO 50U (Offset type),350x75.5x74;400x75.5x74,350x75.5x74;400x75.5x74,350x75.5x74;400x75.5x74
Yanmar,VIO 50V (Offset type),400x75.5x74,400x75.5x74,400x75.5x74
Yanmar,VIO 55 (Offset type),400x75.5x74,400x75.5x74,400x75.5x74
Yanmar,VIO 55 CR,400x75.5x74,400x75.5x74,400x75.5x74
Yanmar,VIO 55-3 (Offset type),400x75.5x74,400x75.5x74,400x75.5x74
Yanmar,VIO 55-5 (Offset type),400x75.5x74,400x75.5x74,400x75.5x74
Yanmar,VIO 55-6,400x73x76,400x73x76,400x73x76
Yanmar,VIO 57-6,400x73x76,400x73x76,400x73x76
Yanmar,VIO 57U,400x75.5x74,400x75.5x74,400x75.5x74
Yanmar,VIO 70,450x84x74;450x81x76,450x84x74;450x81x76 (Narrow),450x84x74;450x81x76(N)
Yanmar,VIO 70A (Offset type),450x83.5x74,450x83.5x74,450x83.5x74
Yanmar,VIO 70CR,450x84x74;450x81x76,450x84x74;450x81x76 (Narrow),450x84x74;450x81x76(N)
Yanmar,VIO 75 (Offset type),450x83.5x74,450x83.5x74,450x83.5x74
Yanmar,VIO 75-A (Offset type),450x83.5x74,450x83.5x74,450x83.5x74
Yanmar,VIO 80 (Offset type),450x83.5x74,450x83.5x74,450x83.5x74
Yanmar,VIO 80-1,450x83.5x74,450x83.5x74,450x83.5x74
Yanmar,VIO 82,450x83.5x74,450x83.5x74,450x83.5x74
Yanmar,WB 1300,280x72x52;250x72x52,280x72x52;250x72x52,280x72x52;250x72x52
Yanmar,WB 500 (minidumper),200x72x34;180x72x34,200x72x34;180x72x34,200x72x34;180x72x34
Yanmar,Y 12,230x72x43,230x72x43,230x72x43
Yanmar,Y 12B,230x72x43,230x72x43,230x72x43
Yanmar,Y 14,230x72x43,230x72x43,230x72x43
Yanmar,YB 10,230x72x43,230x72x43,230x72x43
Yanmar,YB 10-2,230x72x43,230x72x43,230x72x43
Yanmar,YB 101,200x72x39,200x72x39,200x72x39
Yanmar,YB 101UZ,200x72x39,200x72x39,200x72x39
Yanmar,YB 101VL,200x72x39,200x72x39,200x72x39
Yanmar,YB 121,230x72x43,230x72x43,230x72x43
Yanmar,YB 125,260x55.5x78;300x55.5x78,260x55.5x78;300x55.5x78,260x55.5x78;300x55.5x78
Yanmar,YB 151,230x72x43,230x72x43,230x72x43
Yanmar,YBT 650,230x72x43,230x72x43,230x72x43
Yanmar,YEW 5D-1,230x72x50;250x72x35,230x72x50;250x72x35,230x72x50;250x72x35
Yanmar,YEW 8R,230x72x50,230x72x50,230x72x50
Yanmar,YFW 8R (Mini-dumper),230x72x50,230x72x50,230x72x50
Yanmar,YM 10,200x72x34;180x72x34,200x72x34;180x72x34,200x72x34;180x72x34
Yanmar,YMD 60,200x72x34;180x72x34,200x72x34;180x72x34,200x72x34;180x72x34
Ygry,M 120,230x72x43,230x72x43,230x72x43
Ygry,SA 140,230x72x43,230x72x43,230x72x43
Ygry,SA 170,250x72x47,250x72x47,250x72x47
Ygry,Y 12,230x72x43,230x72x43,230x72x43
Ygry,Y 12B,230x72x43,230x72x43,230x72x43
Ygry,Y 14,230x72x43,230x72x43,230x72x43
Ygry,Y 14B,230x72x43,230x72x43,230x72x43
Ygry,Y 15,230x72x47,230x72x47,230x72x47
Yuchai,R 103.3,230x72x43,230x72x43,230x72x43
Yuchai,R 105.3,230x72x43,230x72x43,230x72x43
Yuchai,WY 1.3,230x72x43,230x72x43,230x72x43
Yuchai,WY 2.5,300x109x38;300x52.5x78,300x109x38;300x52.5x78,300x109x38;300x52.5x78
Yuchai,WY 3.5,300x109x41;300x52.5x84,300x109x41;300x52.5x84,300x109x41;300x52.5x84
Yuchai,YC 15-7,230x72x43,230x72x43,230x72x43
Yuchai,YC 15-8,230x72x43,230x72x43,230x72x43
Yuchai,YC 25,300x55x76;300x52.5x78,300x55x76;300x52.5x78 (Narrow),300x55x76;300x52.5x78(N)
Yuchai,YC 25-2,300x55x76;300x52.5x78,300x55x76;300x52.5x78 (Narrow),300x55x76;300x52.5x78(N)
Yuchai,YC 25-8,300x55x76;300x52.5x78,300x55x76;300x52.5x78 (Narrow),300x55x76;300x52.5x78(N)
Yuchai,YC 30-2,300x55x76;300x52.5x78,300x55x76;300x52.5x78 (Narrow),300x55x76;300x52.5x78(N)
Yuchai,YC 35 SR,300x55x82;300x52.5x84,300x55x82;300x52.5x84 (Narrow),300x55x82;300x52.5x84(N)
Yuchai,YC 35-7,300x55x82;300x52.5x84,300x55x82;300x52.5x84 (Narrow),300x55x82;300x52.5x84(N)
Yuchai,YC 35-8,300x52.5x84;300x52.5x84,300x52.5x84;300x52.5x84 (Narrow),300x52.5x84;300x52.5x84(N)
Yuchai,YC 45 [OEM 300x55x86],300x55x86,300x55x86,300x55x86
Yuchai,YC 45-6 [OEM 300x55x94],300x55x94,300x55x94,300x55x94
Yuchai,YC 55-2,400x73x74;400x72.5x74,400x73x74;400x72.5x74,400x73x74;400x72.5x74
Yuchai,YC 85,450x76x80,450x76x80,450x76x80
Yuchai,YC 85-7,450x76x80,450x76x80,450x76x80
Yutani,B 53,450x81.5x74;450x81x76,450x81.5x74;450x81x76 (Narrow),450x81.5x74;450x81x76(N)
Yutani,B 76,450x81.5x74;450x81x76,450x81.5x74;450x81x76 (Narrow),450x81.5x74;450x81x76(N)
Yutani,Z 53,300x109x38;300x52.5x78,300x109x38;300x52.5x78,300x109x38;300x52.5x78
Yutani,Z 54,300x109x40;300x52.5x82,300x109x40;300x52.5x82,300x109x40;300x52.5x82
Yutani,Z 55,350x108x42;350x52.5x86,350x108x42;350x52.5x86,350x108x42;350x52.5x86
Zavattini,E19P/9SC,250x72x52,250x72x52,250x72x52
Zeppelin,ZR 02,230x96x33;230x48x66,230x96x33;230x48x66,230x96x33;230x48x66
Zeppelin,ZR 14,300x55x72;300x52.5x74,300x55x72;300x52.5x74 (Narrow),300x55x72;300x52.5x74(N)
Zeppelin,ZR 15,230x96x33;230x48x66,230x96x33;230x48x66,230x96x33;230x48x66
Zeppelin,ZR 25,300x55x72;300x52.5x74,300x55x72;300x52.5x74 (Narrow),300x55x72;300x52.5x74(N)
Zeppelin,ZR 35,300x55x78;300x52.5x80,300x55x78;300x52.5x80 (Narrow),300x55x78;300x52.5x80(N)
Zeppelin,ZR 45,400x72.5x72,400x72.5x72,400x72.5x72
Zeppelin,ZR 55,400x72.5x76,400x72.5x76,400x72.5x76
Zeppelin,ZRH 02,230x96x33;230x48x66,230x96x33;230x48x66,230x96x33;230x48x66
Zeppelin,ZRH 04,300x109x36;300x52.5x74,300x109x36;300x52.5x74 (Narrow),300x109x36;300x52.5x74(N)
Zeppelin,ZRH 12,230x96x33;230x48x66,230x96x33;230x48x66,230x96x33;230x48x66
Zeppelin,ZRH 14,300x55x72;300x52.5x74,300x55x72;300x52.5x74 (Narrow),300x55x72;300x52.5x74(N)
Zeppelin,ZRH 16,300x55x78;300x52.5x80,300x55x78;300x52.5x80 (Narrow),300x55x78;300x52.5x80(N)
Zeppelin,ZRH 8,300x109x39;300x52.5x80,300x109x39;300x52.5x80 (Narrow),300x109x39;300x52.5x80(N)
Zhenyu,ZY 55,400x72.5x72;400x72.5x72,400x72.5x72;400x72.5x72 (Narrow),400x72.5x72;400x72.5x72(N)
Zntsis Brzesko,RT-10,230x72x43,230x72x43,230x72x43
