ID,Brand,Model Name,Full Name,Equipment Type,Description,Image URL
,A.X.I.,FR300AA (Crane),A.X.I. FR300AA (Crane),,,
,ACM,ME040,ACM ME040,,,
,ALLEN,AT14F,ALLEN AT14F,,,
,ALLEN,AT16,ALLEN AT16,,,
,ALLtrack,AT1500,ALLtrack AT1500,,,
,ALLtrack,AT2200,ALLtrack AT2200,,,
,ASV,MD-70,ASV MD-70,,,
,ASV,POSI-TRAC 2800,ASV POSI-TRAC 2800,,,
,ASV,POSI-TRAC 2810,ASV POSI-TRAC 2810,,,
,ASV,POSI-TRAC 4800,ASV POSI-TRAC 4800,,,
,ASV,POSI-TRAC 4810,ASV POSI-TRAC 4810,,,
,ASV,POSI-TRAC HD4500,ASV POSI-TRAC HD4500,,,
,ASV,POSI-TRAC HD4520,ASV POSI-TRAC HD4520,,,
,ASV,PT 100,ASV PT 100,,,
,ASV,PT 50,ASV PT 50,,,
,ASV,PT 60,ASV PT 60,,,
,ASV,PT 80,ASV PT 80,,,
,ASV,RC 100,ASV RC 100,,,
,ASV,RC 50,ASV RC 50,,,
,ASV,RC 60,ASV RC 60,,,
,ASV,RC 85,ASV RC 85,,,
,ASV,RCV,ASV RCV,,,
,ASV,RT 50,ASV RT 50,,,
,ASV,RT 65,ASV RT 65,,,
,ASV,RT 75,ASV RT 75,,,
,ASV,SC-50,ASV SC-50,,,
,ASV,SR-80,ASV SR-80,,,
,ASV,ST-50,ASV ST-50,,,
,ASV,VT-70,ASV VT-70,,,
,ATN,ATN | PIAF450 (Platform - non-marking tracks),ATN ATN | PIAF450 (Platform - non-marking tracks),,,
,ATN,ATN | PIAF560 (Platform - non-marking tracks),ATN ATN | PIAF560 (Platform - non-marking tracks),,,
,ATN,ATN | PIAF800 (Platform - non-marking tracks),ATN ATN | PIAF800 (Platform - non-marking tracks),,,
,ATN,ATN | PIAF810,ATN ATN | PIAF810,,,
,ATN,ATN | PIAF811,ATN ATN | PIAF811,,,
,Abbati,BBT954-5.16,Abbati BBT954-5.16,,,
,Abbati,BBT954-5.17,Abbati BBT954-5.17,,,
,Aces,HTC500 (Dumper),Aces HTC500 (Dumper),,,
,Active,PT1300,Active PT1300,,,
,Active,PT1320,Active PT1320,,,
,Active,PT1460,Active PT1460,,,
,Agri,DM10,Agri DM10,,,
,Aichi,FR300 (Crane),Aichi FR300 (Crane),,,
,Aichi,RM040,Aichi RM040,,,
,Aichi,RV040 (Lifting platform),Aichi RV040 (Lifting platform),,,
,Aichi,RV041 (Lifting platform),Aichi RV041 (Lifting platform),,,
,Aichi,RV042 (Lifting platform),Aichi RV042 (Lifting platform),,,
,Aichi,RV04A (Lifting platform),Aichi RV04A (Lifting platform),,,
,Aichi,RV060 (Lifting platform),Aichi RV060 (Lifting platform),,,
,Aichi,RV061 (Lifting platform),Aichi RV061 (Lifting platform),,,
,Airman,AX 17,Airman AX 17,,,
,Airman,AX 17 - 2,Airman AX 17 - 2,,,
,Airman,AX 17 - 2N,Airman AX 17 - 2N,,,
,Airman,AX 17CGL-2N,Airman AX 17CGL-2N,,,
,Airman,AX 17U,Airman AX 17U,,,
,Airman,AX08,Airman AX08,,,
,Airman,AX08-02,Airman AX08-02,,,
,Airman,AX08-2KT,Airman AX08-2KT,,,
,Airman,AX08GL-2,Airman AX08GL-2,,,
,Airman,AX10U,Airman AX10U,,,
,Airman,AX12,Airman AX12,,,
,Airman,AX12-2,Airman AX12-2,,,
,Airman,AX15,Airman AX15,,,
,Airman,AX15 U,Airman AX15 U,,,
,Airman,AX15-2,Airman AX15-2,,,
,Airman,AX16,Airman AX16,,,
,Airman,AX16-2,Airman AX16-2,,,
,Airman,AX16-3,Airman AX16-3,,,
,Airman,AX16CBL-3,Airman AX16CBL-3,,,
,Airman,AX18-2,Airman AX18-2,,,
,Airman,AX19U,Airman AX19U,,,
,Airman,AX20-3,Airman AX20-3,,,
,Airman,AX20U,Airman AX20U,,,
,Airman,AX20UR,Airman AX20UR,,,
,Airman,AX22,Airman AX22,,,
,Airman,AX22-1,Airman AX22-1,,,
,Airman,AX22-2,Airman AX22-2,,,
,Airman,AX22CGL,Airman AX22CGL,,,
,Airman,AX22UCGL,Airman AX22UCGL,,,
,Airman,AX22UCGL4,Airman AX22UCGL4,,,
,Airman,AX25,Airman AX25,,,
,Airman,AX25-1,Airman AX25-1,,,
,Airman,AX25-2,Airman AX25-2,,,
,Airman,AX25-3,Airman AX25-3,,,
,Airman,AX26U-6,Airman AX26U-6,,,
,Airman,AX27,Airman AX27,,,
,Airman,AX27U,Airman AX27U,,,
,Airman,AX27U-4,Airman AX27U-4,,,
,Airman,AX29UCGL,Airman AX29UCGL,,,
,Airman,AX30,Airman AX30,,,
,Airman,AX30-1,Airman AX30-1,,,
,Airman,AX30-2,Airman AX30-2,,,
,Airman,AX30-3,Airman AX30-3,,,
,Airman,AX30U-4,Airman AX30U-4,,,
,Airman,AX30UR,Airman AX30UR,,,
,Airman,AX30UR-1,Airman AX30UR-1,,,
,Airman,AX30UR-2,Airman AX30UR-2,,,
,Airman,AX30UR-3,Airman AX30UR-3,,,
,Airman,AX32U,Airman AX32U,,,
,Airman,AX33MU,Airman AX33MU,,,
,Airman,AX33U,Airman AX33U,,,
,Airman,AX33U-6,Airman AX33U-6,,,
,Airman,AX35,Airman AX35,,,
,Airman,AX35-1,Airman AX35-1,,,
,Airman,AX35-2,Airman AX35-2,,,
,Airman,AX35CGL-3,Airman AX35CGL-3,,,
,Airman,AX35U,Airman AX35U,,,
,Airman,AX35U-4,Airman AX35U-4,,,
,Airman,AX36U,Airman AX36U,,,
,Airman,AX36UCGL,Airman AX36UCGL,,,
,Airman,AX38UCGL,Airman AX38UCGL,,,
,Airman,AX40,Airman AX40,,,
,Airman,AX40-2,Airman AX40-2,,,
,Airman,AX40U,Airman AX40U,,,
,Airman,AX40U-4,Airman AX40U-4,,,
,Airman,AX40UR-1,Airman AX40UR-1,,,
,Airman,AX40UR-2,Airman AX40UR-2,,,
,Airman,AX45,Airman AX45,,,
,Airman,AX45-2,Airman AX45-2,,,
,Airman,AX45CGL-2,Airman AX45CGL-2,,,
,Airman,AX50,Airman AX50,,,
,Airman,AX50-2,Airman AX50-2,,,
,Airman,AX50-3,Airman AX50-3,,,
,Airman,AX50U,Airman AX50U,,,
,Airman,AX50U-4,Airman AX50U-4,,,
,Airman,AX50UCGL,Airman AX50UCGL,,,
,Airman,AX52UCGL-5,Airman AX52UCGL-5,,,
,Airman,AX55U-6A,Airman AX55U-6A,,,
,Airman,AX55UR,Airman AX55UR,,,
,Airman,AX55UR-3,Airman AX55UR-3,,,
,Airman,AX58,Airman AX58,,,
,Airman,AX58MU,Airman AX58MU,,,
,Airman,AXC12,Airman AXC12,,,
,Airman,AXC15,Airman AXC15,,,
,Airman,HM07S,Airman HM07S,,,
,Airman,HM10,Airman HM10,,,
,Airman,HM10 NEW,Airman HM10 NEW,,,
,Airman,HM10G,Airman HM10G,,,
,Airman,HM10SG,Airman HM10SG,,,
,Airman,HM15,Airman HM15,,,
,Airman,HM15 NEW,Airman HM15 NEW,,,
,Airman,HM15S,Airman HM15S,,,
,Airman,HM30SGZ,Airman HM30SGZ,,,
,Airman,HM35,Airman HM35,,,
,Airman,HM45,Airman HM45,,,
,Airman,HM45-2,Airman HM45-2,,,
,Airman,HM45SG-2,Airman HM45SG-2,,,
,Airman,HM50,Airman HM50,,,
,Airman,HM55,Airman HM55,,,
,Airman-Foredil,AX 16-2N,Airman-Foredil AX 16-2N,,,
,Airman-Foredil,AX 29U,Airman-Foredil AX 29U,,,
,Airman-Foredil,AX 35,Airman-Foredil AX 35,,,
,Airman-Foredil,AX 45,Airman-Foredil AX 45,,,
,Airman-Foredil,AX22,Airman-Foredil AX22,,,
,Almac,Athena-870,Almac Athena-870,,,
,Almac,BIBI-1090EVO,Almac BIBI-1090EVO,,,
,Almac,BIBI-1250CL,Almac BIBI-1250CL,,,
,Almac,BIBI-1470HE,Almac BIBI-1470HE,,,
,Almac,BIBI-850BL,Almac BIBI-850BL,,,
,Almac,BIBI-850HE,Almac BIBI-850HE,,,
,Almac,BIBI-870BL,Almac BIBI-870BL,,,
,Almac,"BIEASY1,5","Almac BIEASY1,5",,,
,Almac,MULTI-LOADER 2.5,Almac MULTI-LOADER 2.5,,,
,Alpina,FS420C,Alpina FS420C,,,
,Amerequip Eagle,TRAX40,Amerequip Eagle TRAX40,,,
,American Direction Drill,DD10,American Direction Drill DD10,,,
,American Direction Drill,DD2,American Direction Drill DD2,,,
,American Direction Drill,DD3,American Direction Drill DD3,,,
,American Direction Drill,DD4,American Direction Drill DD4,,,
,American Direction Drill,DD6,American Direction Drill DD6,,,
,American Direction Drill,DD8,American Direction Drill DD8,,,
,Ammann,AMX 65,Ammann AMX 65,,,
,Ammann,AMX85ZT,Ammann AMX85ZT,,,
,Andreoli,UT60EVO,Andreoli UT60EVO,,,
,Angel,WY1.3,Angel WY1.3,,,
,Angel,WY2.5,Angel WY2.5,,,
,Angel,WY3.5,Angel WY3.5,,,
,Antec,A12B,Antec A12B,,,
,Antec,A14sa,Antec A14sa,,,
,Antec,HCC1051D,Antec HCC1051D,,,
,Apageo,450 (H.D Drilling Machine),Apageo 450 (H.D Drilling Machine),,,
,Apageo,580 (H.D Drilling Machine),Apageo 580 (H.D Drilling Machine),,,
,Apageo,LWC100 ( Drilling Machine),Apageo LWC100 ( Drilling Machine),,,
,Aros China,1.5,Aros China 1.5,,,
,Astec,Mini-Excavator,Astec Mini-Excavator,,,
,Atex,XC750D,Atex XC750D,,,
,Atex,XG450M,Atex XG450M,,,
,Athena,1090 (Lifting Platform),Athena 1090 (Lifting Platform),,,
,Atlas,100,Atlas 100,,,
,Atlas,100B,Atlas 100B,,,
,Atlas,100CT,Atlas 100CT,,,
,Atlas,110,Atlas 110,,,
,Atlas,1104,Atlas 1104,,,
,Atlas,120,Atlas 120,,,
,Atlas,120AB,Atlas 120AB,,,
,Atlas,120RF,Atlas 120RF,,,
,Atlas,404,Atlas 404,,,
,Atlas,404R,Atlas 404R,,,
,Atlas,604,Atlas 604,,,
,Atlas,604.2,Atlas 604.2,,,
,Atlas,604.2 (96),Atlas 604.2 (96),,,
,Atlas,604R,Atlas 604R,,,
,Atlas,605R,Atlas 605R,,,
,Atlas,805R,Atlas 805R,,,
,Atlas,AM29R,Atlas AM29R,,,
,Atlas,AM37R,Atlas AM37R,,,
,Atlas,AP604,Atlas AP604,,,
,Atlas,AR100,Atlas AR100,,,
,Atlas,AR120,Atlas AR120,,,
,Atlas,CT045,Atlas CT045,,,
,Atlas,CT100,Atlas CT100,,,
,Atlas,CT100R,Atlas CT100R,,,
,Atlas,CT10N,Atlas CT10N,,,
,Atlas,CT120,Atlas CT120,,,
,Atlas,CT12N,Atlas CT12N,,,
,Atlas,CT27N,Atlas CT27N,,,
,Atlas,CT30N,Atlas CT30N,,,
,Atlas,CT35N,Atlas CT35N,,,
,Atlas,CT50N,Atlas CT50N,,,
,Atlas,CT7NX,Atlas CT7NX,,,
,Atlas,ISO7,Atlas ISO7,,,
,Ausa,25CM,Ausa 25CM,,,
,Ausa,75,Ausa 75,,,
,Ausa,80CMA,Ausa 80CMA,,,
,Ausa,MH08,Ausa MH08,,,
,Ausa,MH15,Ausa MH15,,,
,Ausa,MH25,Ausa MH25,,,
,Ausa,MH35,Ausa MH35,,,
,Ausa,MH35R,Ausa MH35R,,,
,Ausa,MH55,Ausa MH55,,,
,Ausa,MH75,Ausa MH75,,,
,Avant Tecno,Dumper 1200,Avant Tecno Dumper 1200,,,
,Avant Tecno,Dumper 1500,Avant Tecno Dumper 1500,,,
,Awasi,75-6,Awasi 75-6,,,
,BOART LONGYEAR,DeltaBase 420,BOART LONGYEAR DeltaBase 420,,,
,BOART LONGYEAR,DeltaBase 430,BOART LONGYEAR DeltaBase 430,,,
,Babyack,Babyack 1,Babyack Babyack 1,,,
,Babyack,Babyack 2,Babyack Babyack 2,,,
,Bandit,19XP,Bandit 19XP,,,
,Bandit,3200,Bandit 3200,,,
,Baraladi,EB40,Baraladi EB40,,,
,Baraladi,FB1.02,Baraladi FB1.02,,,
,Baraladi,FB1.2,Baraladi FB1.2,,,
,Baraladi,FB102,Baraladi FB102,,,
,Baraladi,FB102B,Baraladi FB102B,,,
,Baraladi,FB102EB,Baraladi FB102EB,,,
,Baraladi,FB203,Baraladi FB203,,,
,Baraladi,Granello,Baraladi Granello,,,
,Baraladi,Minding,Baraladi Minding,,,
,Baratti,Scorpio,Baratti Scorpio,,,
,Barreto,1324STK,Barreto 1324STK,,,
,Barreto,13STKH,Barreto 13STKH,,,
,Barreto,16STKB,Barreto 16STKB,,,
,Barreto,1824TK,Barreto 1824TK,,,
,Barreto,2024RTK,Barreto 2024RTK,,,
,Barreto,2036RTK,Barreto 2036RTK,,,
,Barreto,2324RTK,Barreto 2324RTK,,,
,Bastei,SLD151D,Bastei SLD151D,,,
,Belle,5070,Belle 5070,,,
,Bellon Maria,Monkey,Bellon Maria Monkey,,,
,Benassi,M350H,Benassi M350H,,,
,Benassi,M450H,Benassi M450H,,,
,Benassi,M550H,Benassi M550H,,,
,Benati,M13,Benati M13,,,
,Benati,M14,Benati M14,,,
,Benati,M16,Benati M16,,,
,Benfra,9.01,Benfra 9.01,,,
,Benfra,9.01B,Benfra 9.01B,,,
,Benfra,9.02,Benfra 9.02,,,
,Benfra,9.02B,Benfra 9.02B,,,
,Benfra,9.02S,Benfra 9.02S,,,
,Bentrac,M16,Bentrac M16,,,
,Bentrac,M25,Bentrac M25,,,
,Beretta,GT15,Beretta GT15,,,
,Beretta,GT52,Beretta GT52,,,
,Beretta,Skorpio2C,Beretta Skorpio2C,,,
,Beretta,Spider,Beretta Spider,,,
,Beretta,T 41 (Drilling Machine),Beretta T 41 (Drilling Machine),,,
,Beretta,T21 (Drilling Machine),Beretta T21 (Drilling Machine),,,
,Beretta,T25 (Drilling Machine),Beretta T25 (Drilling Machine),,,
,Beretta,T41 (Drilling Machine),Beretta T41 (Drilling Machine),,,
,Beretta,T43 (Drilling Machine),Beretta T43 (Drilling Machine),,,
,Beretta,T43/2 (Drilling Machine),Beretta T43/2 (Drilling Machine),,,
,Beretta,T44 (Drilling Machine),Beretta T44 (Drilling Machine),,,
,Beretta,T45 (Drilling Machine),Beretta T45 (Drilling Machine),,,
,Beretta,T46 (Drilling Machine),Beretta T46 (Drilling Machine),,,
,Beretta,TD50,Beretta TD50,,,
,Beretta,TD75,Beretta TD75,,,
,Bergmann,Dumper,Bergmann Dumper,,,
,Bertani,C75,Bertani C75,,,
,Bertolini,Mini-excavator,Bertolini Mini-excavator,,,
,Betram,Crawler Crane,Betram Crawler Crane,,,
,Bitelli,BB611C(Asphalt Finisher),Bitelli BB611C(Asphalt Finisher),,,
,Bluelift,Aerial Platform,Bluelift Aerial Platform,,,
,Bobcat,220,Bobcat 220,,,
,Bobcat,316,Bobcat 316,,,
,Bobcat,319,Bobcat 319,,,
,Bobcat,320 (562320000 and higher),Bobcat 320 (562320000 and higher),,,
,Bobcat,320 (562320000 and lower),Bobcat 320 (562320000 and lower),,,
,Bobcat,320 L,Bobcat 320 L,,,
,Bobcat,321,Bobcat 321,,,
,Bobcat,322,Bobcat 322,,,
,Bobcat,322G,Bobcat 322G,,,
,Bobcat,323,Bobcat 323,,,
,Bobcat,324,Bobcat 324,,,
,Bobcat,325,Bobcat 325,,,
,Bobcat,328,Bobcat 328,,,
,Bobcat,328G,Bobcat 328G,,,
,Bobcat,329,Bobcat 329,,,
,Bobcat,331,Bobcat 331,,,
,Bobcat,331D,Bobcat 331D,,,
,Bobcat,331E,Bobcat 331E,,,
,Bobcat,331G,Bobcat 331G,,,
,Bobcat,334,Bobcat 334,,,
,Bobcat,334D,Bobcat 334D,,,
,Bobcat,335,Bobcat 335,,,
,Bobcat,337,Bobcat 337,,,
,Bobcat,337G,Bobcat 337G,,,
,Bobcat,341,Bobcat 341,,,
,Bobcat,341D,Bobcat 341D,,,
,Bobcat,341G,Bobcat 341G,,,
,Bobcat,418,Bobcat 418,,,
,Bobcat,418A,Bobcat 418A,,,
,Bobcat,425,Bobcat 425,,,
,Bobcat,428,Bobcat 428,,,
,Bobcat,430D(Fast TRACK),Bobcat 430D(Fast TRACK),,,
,Bobcat,430G,Bobcat 430G,,,
,Bobcat,430ZHS,Bobcat 430ZHS,,,
,Bobcat,430ZTS,Bobcat 430ZTS,,,
,Bobcat,435 (Fast TRACK),Bobcat 435 (Fast TRACK),,,
,Bobcat,442,Bobcat 442,,,
,Bobcat,444,Bobcat 444,,,
,Bobcat,863(VTS System for Skidsteer Loader),Bobcat 863(VTS System for Skidsteer Loader),,,
,Bobcat,864,Bobcat 864,,,
,Bobcat,864H,Bobcat 864H,,,
,Bobcat,873,Bobcat 873,,,
,Bobcat,883,Bobcat 883,,,
,Bobcat,E08,Bobcat E08,,,
,Bobcat,E10,Bobcat E10,,,
,Bobcat,E10Z,Bobcat E10Z,,,
,Bobcat,E10e,Bobcat E10e,,,
,Bobcat,E14,Bobcat E14,,,
,Bobcat,E16,Bobcat E16,,,
,Bobcat,E17,Bobcat E17,,,
,Bobcat,E17Z,Bobcat E17Z,,,
,Bobcat,E19,Bobcat E19,,,
,Bobcat,E20,Bobcat E20,,,
,Bobcat,E20Z,Bobcat E20Z,,,
,Bobcat,E26,Bobcat E26,,,
,Bobcat,E27,Bobcat E27,,,
,Bobcat,E27z,Bobcat E27z,,,
,Bobcat,E32 [I guiding | M-series],Bobcat E32 [I guiding | M-series],,,
,Bobcat,E32 [J guiding | R-series],Bobcat E32 [J guiding | R-series],,,
,Bobcat,E32C,Bobcat E32C,,,
,Bobcat,E34,Bobcat E34,,,
,Bobcat,E35 [I guiding | M-series],Bobcat E35 [I guiding | M-series],,,
,Bobcat,E35I [J guiding | R-series],Bobcat E35I [J guiding | R-series],,,
,Bobcat,E35M,Bobcat E35M,,,
,Bobcat,E35Z,Bobcat E35Z,,,
,Bobcat,E41,Bobcat E41,,,
,Bobcat,E42,Bobcat E42,,,
,Bobcat,E45,Bobcat E45,,,
,Bobcat,E50,Bobcat E50,,,
,Bobcat,E55,Bobcat E55,,,
,Bobcat,E60 [I guiding],Bobcat E60 [I guiding],,,
,Bobcat,E62,Bobcat E62,,,
,Bobcat,E63,Bobcat E63,,,
,Bobcat,E80,Bobcat E80,,,
,Bobcat,E85,Bobcat E85,,,
,Bobcat,MT 100,Bobcat MT 100,,,
,Bobcat,MT100,Bobcat MT100,,,
,Bobcat,MT120,Bobcat MT120,,,
,Bobcat,MT50,Bobcat MT50,,,
,Bobcat,MT52,Bobcat MT52,,,
,Bobcat,MT55,Bobcat MT55,,,
,Bobcat,MT85,Bobcat MT85,,,
,Bobcat,S130,Bobcat S130,,,
,Bobcat,S150,Bobcat S150,,,
,Bobcat,S160,Bobcat S160,,,
,Bobcat,S175,Bobcat S175,,,
,Bobcat,S185,Bobcat S185,,,
,Bobcat,S205,Bobcat S205,,,
,Bobcat,S220,Bobcat S220,,,
,Bobcat,S250,Bobcat S250,,,
,Bobcat,S300,Bobcat S300,,,
,Bobcat,T110,Bobcat T110,,,
,Bobcat,T140,Bobcat T140,,,
,Bobcat,T180,Bobcat T180,,,
,Bobcat,T180H,Bobcat T180H,,,
,Bobcat,T190,Bobcat T190,,,
,Bobcat,T190H,Bobcat T190H,,,
,Bobcat,T200,Bobcat T200,,,
,Bobcat,T250,Bobcat T250,,,
,Bobcat,T250H,Bobcat T250H,,,
,Bobcat,T300,Bobcat T300,,,
,Bobcat,T300H,Bobcat T300H,,,
,Bobcat,T320,Bobcat T320,,,
,Bobcat,T450,Bobcat T450,,,
,Bobcat,T550,Bobcat T550,,,
,Bobcat,T590,Bobcat T590,,,
,Bobcat,T595,Bobcat T595,,,
,Bobcat,T62,Bobcat T62,,,
,Bobcat,T630,Bobcat T630,,,
,Bobcat,T64,Bobcat T64,,,
,Bobcat,T650,Bobcat T650,,,
,Bobcat,T66,Bobcat T66,,,
,Bobcat,T72,Bobcat T72,,,
,Bobcat,T740,Bobcat T740,,,
,Bobcat,T750,Bobcat T750,,,
,Bobcat,T76,Bobcat T76,,,
,Bobcat,T770,Bobcat T770,,,
,Bobcat,T830,Bobcat T830,,,
,Bobcat,T86,Bobcat T86,,,
,Bobcat,T870,Bobcat T870,,,
,Bobcat,X119,Bobcat X119,,,
,Bobcat,X120,Bobcat X120,,,
,Bobcat,X122,Bobcat X122,,,
,Bobcat,X123,Bobcat X123,,,
,Bobcat,X220,Bobcat X220,,,
,Bobcat,X225,Bobcat X225,,,
,Bobcat,X231,Bobcat X231,,,
,Bobcat,X316,Bobcat X316,,,
,Bobcat,X320,Bobcat X320,,,
,Bobcat,X320 (SN<<2000),Bobcat X320 (SN<<2000),,,
,Bobcat,X320D,Bobcat X320D,,,
,Bobcat,X320E,Bobcat X320E,,,
,Bobcat,X322,Bobcat X322,,,
,Bobcat,X322 (SN<<2000),Bobcat X322 (SN<<2000),,,
,Bobcat,X322D,Bobcat X322D,,,
,Bobcat,X322E,Bobcat X322E,,,
,Bobcat,X322G,Bobcat X322G,,,
,Bobcat,X323,Bobcat X323,,,
,Bobcat,X324,Bobcat X324,,,
,Bobcat,X325,Bobcat X325,,,
,Bobcat,X328,Bobcat X328,,,
,Bobcat,X328E,Bobcat X328E,,,
,Bobcat,X329,Bobcat X329,,,
,Bobcat,X331,Bobcat X331,,,
,Bobcat,X331E,Bobcat X331E,,,
,Bobcat,X334,Bobcat X334,,,
,Bobcat,X334G,Bobcat X334G,,,
,Bobcat,X337,Bobcat X337,,,
,Bobcat,X341,Bobcat X341,,,
,Bobcat,X418,Bobcat X418,,,
,Bobcat,X422,Bobcat X422,,,
,Bobcat,X425,Bobcat X425,,,
,Bobcat,X430,Bobcat X430,,,
,Bobcat,X435,Bobcat X435,,,
,Bobcat,X442,Bobcat X442,,,
,Bobcat,X442B,Bobcat X442B,,,
,Bobcat,X442ZTS,Bobcat X442ZTS,,,
,Bobcat,X444,Bobcat X444,,,
,Bobcat,Y12,Bobcat Y12,,,
,Bobcat,ZX125,Bobcat ZX125,,,
,Bobcat,ZX75,Bobcat ZX75,,,
,Bonne Esperance,B23RP,Bonne Esperance B23RP,,,
,Bonne Esperance,BE2050,Bonne Esperance BE2050,,,
,Bonne Esperance,Minisand,Bonne Esperance Minisand,,,
,Bormor,200TX,Bormor 200TX,,,
,Bormor,400TX,Bormor 400TX,,,
,Boxer,118,Boxer 118,,,
,Boxer,320,Boxer 320,,,
,Boxer,322D,Boxer 322D,,,
,Boxer,427,Boxer 427,,,
,Boxer,526DX,Boxer 526DX,,,
,Boxer,530DX,Boxer 530DX,,,
,Boxer,532DX,Boxer 532DX,,,
,Boxer,600HD,Boxer 600HD,,,
,Boxer,700HDX,Boxer 700HDX,,,
,Boxer,Brute TRX,Boxer Brute TRX,,,
,Boxer,TL 224,Boxer TL 224,,,
,Brokk,100,Brokk 100,,,
,Brokk,110,Brokk 110,,,
,Brokk,120D,Brokk 120D,,,
,Brokk,150,Brokk 150,,,
,Brokk,160,Brokk 160,,,
,Brokk,180,Brokk 180,,,
,Brokk,180 <<2004,Brokk 180 <<2004,,,
,Brokk,180 >>2005,Brokk 180 >>2005,,,
,Brokk,260,Brokk 260,,,
,Brokk,280,Brokk 280,,,
,Brokk,300,Brokk 300,,,
,Brokk,330,Brokk 330,,,
,Brokk,40,Brokk 40,,,
,Brokk,400,Brokk 400,,,
,Brokk,50,Brokk 50,,,
,Brokk,60,Brokk 60,,,
,Brokk,90,Brokk 90,,,
,Brokk,Aquacutter,Brokk Aquacutter,,,
,Brokk,BM 110,Brokk BM 110,,,
,Brokk,BM 150,Brokk BM 150,,,
,Brokk,BM 150C,Brokk BM 150C,,,
,Brokk,BM 150P,Brokk BM 150P,,,
,Brokk,K330,Brokk K330,,,
,C & F,T 50,C & F T 50,,,
,C & F,T 85,C & F T 85,,,
,CARAVAGGI,Bio235,CARAVAGGI Bio235,,,
,CASE,15,CASE 15,,,
,CASE,15 Maxi (rental),CASE 15 Maxi (rental),,,
,CASE,16,CASE 16,,,
,CASE,16 Maxi,CASE 16 Maxi,,,
,CASE,16 RTN,CASE 16 RTN,,,
,CASE,17 RTN Maxi,CASE 17 RTN Maxi,,,
,CASE,1854C,CASE 1854C,,,
,CASE,23,CASE 23,,,
,CASE,23 Maxi,CASE 23 Maxi,,,
,CASE,28,CASE 28,,,
,CASE,28 Maxi,CASE 28 Maxi,,,
,CASE,31,CASE 31,,,
,CASE,31 Maxi,CASE 31 Maxi,,,
,CASE,35,CASE 35,,,
,CASE,35 Maxi,CASE 35 Maxi,,,
,CASE,35 STB,CASE 35 STB,,,
,CASE,40XT,CASE 40XT,,,
,CASE,410,CASE 410,,,
,CASE,420,CASE 420,,,
,CASE,420CT,CASE 420CT,,,
,CASE,430,CASE 430,,,
,CASE,435,CASE 435,,,
,CASE,440,CASE 440,,,
,CASE,440CT,CASE 440CT,,,
,CASE,445,CASE 445,,,
,CASE,445CT,CASE 445CT,,,
,CASE,450,CASE 450,,,
,CASE,450CT,CASE 450CT,,,
,CASE,465,CASE 465,,,
,CASE,50,CASE 50,,,
,CASE,50 Maxi,CASE 50 Maxi,,,
,CASE,50 RTB,CASE 50 RTB,,,
,CASE,6010 Turbo,CASE 6010 Turbo,,,
,CASE,6030 Turbo,CASE 6030 Turbo,,,
,CASE,6060 Turbo,CASE 6060 Turbo,,,
,CASE,60XT,CASE 60XT,,,
,CASE,70XT,CASE 70XT,,,
,CASE,75XT,CASE 75XT,,,
,CASE,85XT,CASE 85XT,,,
,CASE,9007 Alliance,CASE 9007 Alliance,,,
,CASE,90XT,CASE 90XT,,,
,CASE,95XT,CASE 95XT,,,
,CASE,CK08,CASE CK08,,,
,CASE,CK13,CASE CK13,,,
,CASE,CK15,CASE CK15,,,
,CASE,CK16,CASE CK16,,,
,CASE,CK23,CASE CK23,,,
,CASE,CK25,CASE CK25,,,
,CASE,CK28,CASE CK28,,,
,CASE,CK28 (1997),CASE CK28 (1997),,,
,CASE,CK31,CASE CK31,,,
,CASE,CK32,CASE CK32,,,
,CASE,CK35,CASE CK35,,,
,CASE,CK36,CASE CK36,,,
,CASE,CK38,CASE CK38,,,
,CASE,CK50,CASE CK50,,,
,CASE,CK52,CASE CK52,,,
,CASE,CX 26C,CASE CX 26C,,,
,CASE,CX 27B,CASE CX 27B,,,
,CASE,CX 27BMC,CASE CX 27BMC,,,
,CASE,CX 27BMR,CASE CX 27BMR,,,
,CASE,CX 27BZTS,CASE CX 27BZTS,,,
,CASE,CX 28,CASE CX 28,,,
,CASE,CX 30B,CASE CX 30B,,,
,CASE,CX 30C,CASE CX 30C,,,
,CASE,CX 31,CASE CX 31,,,
,CASE,CX 31B,CASE CX 31B,,,
,CASE,CX 31BMC,CASE CX 31BMC,,,
,CASE,CX 31BMR,CASE CX 31BMR,,,
,CASE,CX 33C,CASE CX 33C,,,
,CASE,CX 35,CASE CX 35,,,
,CASE,CX 35B,CASE CX 35B,,,
,CASE,CX 36,CASE CX 36,,,
,CASE,CX 36BMC[I guiding],CASE CX 36BMC[I guiding],,,
,CASE,CX 36BMC[J guiding],CASE CX 36BMC[J guiding],,,
,CASE,CX 36BMR[I guiding],CASE CX 36BMR[I guiding],,,
,CASE,CX 36BMR[J guiding],CASE CX 36BMR[J guiding],,,
,CASE,CX 36BZTS[I guiding],CASE CX 36BZTS[I guiding],,,
,CASE,CX 36BZTS[J guiding],CASE CX 36BZTS[J guiding],,,
,CASE,CX 36B[I guiding],CASE CX 36B[I guiding],,,
,CASE,CX 36B[J guiding],CASE CX 36B[J guiding],,,
,CASE,CX 37C,CASE CX 37C,,,
,CASE,CX 39B,CASE CX 39B,,,
,CASE,CX 40B,CASE CX 40B,,,
,CASE,CX 40BMC,CASE CX 40BMC,,,
,CASE,CX 40BMR,CASE CX 40BMR,,,
,CASE,CX 45B,CASE CX 45B,,,
,CASE,CX 47,CASE CX 47,,,
,CASE,CX 50,CASE CX 50,,,
,CASE,CX 50B,CASE CX 50B,,,
,CASE,CX 50BMC,CASE CX 50BMC,,,
,CASE,CX 50BMR,CASE CX 50BMR,,,
,CASE,CX 50BZTS,CASE CX 50BZTS,,,
,CASE,CX 55B,CASE CX 55B,,,
,CASE,CX 57C,CASE CX 57C,,,
,CASE,CX 60C,CASE CX 60C,,,
,CASE,CX 75SR,CASE CX 75SR,,,
,CASE,CX 80,CASE CX 80,,,
,CASE,CX 80C,CASE CX 80C,,,
,CASE,CX 90D,CASE CX 90D,,,
,CASE,CX14,CASE CX14,,,
,CASE,CX14ZTS,CASE CX14ZTS,,,
,CASE,CX15,CASE CX15,,,
,CASE,CX15STC,CASE CX15STC,,,
,CASE,CX15STR,CASE CX15STR,,,
,CASE,CX16(2001),CASE CX16(2001),,,
,CASE,CX16B,CASE CX16B,,,
,CASE,CX16SVC,CASE CX16SVC,,,
,CASE,CX16SVR,CASE CX16SVR,,,
,CASE,CX17BZTS,CASE CX17BZTS,,,
,CASE,CX17C,CASE CX17C,,,
,CASE,CX18B,CASE CX18B,,,
,CASE,CX18C,CASE CX18C,,,
,CASE,CX20 BMR,CASE CX20 BMR,,,
,CASE,CX20B,CASE CX20B,,,
,CASE,CX22 B,CASE CX22 B,,,
,CASE,CX22 BMC,CASE CX22 BMC,,,
,CASE,CX22 BZTS,CASE CX22 BZTS,,,
,CASE,CX23,CASE CX23,,,
,CASE,CX25,CASE CX25,,,
,CASE,CX26 BZTS,CASE CX26 BZTS,,,
,CASE,CX26B,CASE CX26B,,,
,CASE,LX 92,CASE LX 92,,,
,CASE,TF 300,CASE TF 300,,,
,CASE,TF 300RT,CASE TF 300RT,,,
,CASE,TR270,CASE TR270,,,
,CASE,TR310,CASE TR310,,,
,CASE,TR320,CASE TR320,,,
,CASE,TR340,CASE TR340,,,
,CASE,TV370,CASE TV370,,,
,CASE,TV370B,CASE TV370B,,,
,CASE,TV380,CASE TV380,,,
,CASE,TV450B,CASE TV450B,,,
,CASE,TV620B,CASE TV620B,,,
,CAT,216,CAT 216,,,
,CAT,226,CAT 226,,,
,CAT,228,CAT 228,,,
,CAT,232,CAT 232,,,
,CAT,236,CAT 236,,,
,CAT,239D,CAT 239D,,,
,CAT,239D3,CAT 239D3,,,
,CAT,242,CAT 242,,,
,CAT,246,CAT 246,,,
,CAT,246C,CAT 246C,,,
,CAT,247,CAT 247,,,
,CAT,247A,CAT 247A,,,
,CAT,247B,CAT 247B,,,
,CAT,247B2,CAT 247B2,,,
,CAT,247B3,CAT 247B3,,,
,CAT,248,CAT 248,,,
,CAT,249D,CAT 249D,,,
,CAT,249D3,CAT 249D3,,,
,CAT,256C,CAT 256C,,,
,CAT,257,CAT 257,,,
,CAT,257A,CAT 257A,,,
,CAT,257B,CAT 257B,,,
,CAT,257B2,CAT 257B2,,,
,CAT,257B3,CAT 257B3,,,
,CAT,257D,CAT 257D,,,
,CAT,257D3,CAT 257D3,,,
,CAT,259,CAT 259,,,
,CAT,259B,CAT 259B,,,
,CAT,259B3,CAT 259B3,,,
,CAT,259C,CAT 259C,,,
,CAT,259D,CAT 259D,,,
,CAT,259D3,CAT 259D3,,,
,CAT,262C,CAT 262C,,,
,CAT,267,CAT 267,,,
,CAT,267A,CAT 267A,,,
,CAT,267B,CAT 267B,,,
,CAT,267B2,CAT 267B2,,,
,CAT,269C,CAT 269C,,,
,CAT,269D,CAT 269D,,,
,CAT,269D3,CAT 269D3,,,
,CAT,272C,CAT 272C,,,
,CAT,277,CAT 277,,,
,CAT,277A,CAT 277A,,,
,CAT,277B,CAT 277B,,,
,CAT,277C,CAT 277C,,,
,CAT,277C2,CAT 277C2,,,
,CAT,277D,CAT 277D,,,
,CAT,279C,CAT 279C,,,
,CAT,279C2,CAT 279C2,,,
,CAT,279D,CAT 279D,,,
,CAT,279D2,CAT 279D2,,,
,CAT,279D3,CAT 279D3,,,
,CAT,287,CAT 287,,,
,CAT,287A,CAT 287A,,,
,CAT,287B,CAT 287B,,,
,CAT,287C,CAT 287C,,,
,CAT,287C2,CAT 287C2,,,
,CAT,287D,CAT 287D,,,
,CAT,289C,CAT 289C,,,
,CAT,289C2,CAT 289C2,,,
,CAT,289D,CAT 289D,,,
,CAT,289D2,CAT 289D2,,,
,CAT,289D3,CAT 289D3,,,
,CAT,297C,CAT 297C,,,
,CAT,297D,CAT 297D,,,
,CAT,297D2,CAT 297D2,,,
,CAT,297D2 XHP,CAT 297D2 XHP,,,
,CAT,297D2XHP,CAT 297D2XHP,,,
,CAT,299C,CAT 299C,,,
,CAT,299C2,CAT 299C2,,,
,CAT,299D,CAT 299D,,,
,CAT,299D XHP,CAT 299D XHP,,,
,CAT,299D2,CAT 299D2,,,
,CAT,299D2 XHP,CAT 299D2 XHP,,,
,CAT,299D2XHP,CAT 299D2XHP,,,
,CAT,299D3,CAT 299D3,,,
,CAT,299D3XE,CAT 299D3XE,,,
,CAT,300.9D,CAT 300.9D,,,
,CAT,301.4C,CAT 301.4C,,,
,CAT,301.5,CAT 301.5,,,
,CAT,301.5CR,CAT 301.5CR,,,
,CAT,301.6,CAT 301.6,,,
,CAT,301.6C,CAT 301.6C,,,
,CAT,301.7CR,CAT 301.7CR,,,
,CAT,301.7D,CAT 301.7D,,,
,CAT,301.7DCR,CAT 301.7DCR,,,
,CAT,301.8,CAT 301.8,,,
,CAT,301.8C,CAT 301.8C,,,
,CAT,301.8CR,CAT 301.8CR,,,
,CAT,302.2D,CAT 302.2D,,,
,CAT,302.5,CAT 302.5,,,
,CAT,302.5C,CAT 302.5C,,,
,CAT,302.7DCR,CAT 302.7DCR,,,
,CAT,302CR,CAT 302CR,,,
,CAT,303.5,CAT 303.5,,,
,CAT,303.5CCR,CAT 303.5CCR,,,
,CAT,303.5DCR,CAT 303.5DCR,,,
,CAT,303.5E2CR,CAT 303.5E2CR,,,
,CAT,303.5ECR,CAT 303.5ECR,,,
,CAT,303CCR,CAT 303CCR,,,
,CAT,303CR,CAT 303CR,,,
,CAT,303CR 2007,CAT 303CR 2007,,,
,CAT,303ECR,CAT 303ECR,,,
,CAT,304.5,CAT 304.5,,,
,CAT,304.5E2XTC,CAT 304.5E2XTC,,,
,CAT,304C,CAT 304C,,,
,CAT,304CCR,CAT 304CCR,,,
,CAT,304CR,CAT 304CR,,,
,CAT,304DCR,CAT 304DCR,,,
,CAT,304E2CR,CAT 304E2CR,,,
,CAT,304ECR,CAT 304ECR,,,
,CAT,305.5DCR,CAT 305.5DCR,,,
,CAT,305.5E2CR,CAT 305.5E2CR,,,
,CAT,305.5ECR,CAT 305.5ECR,,,
,CAT,305CCR,CAT 305CCR,,,
,CAT,306CR,CAT 306CR,,,
,CAT,307,CAT 307,,,
,CAT,307A (Japan E70B),CAT 307A (Japan E70B),,,
,CAT,307B,CAT 307B,,,
,CAT,307C,CAT 307C,,,
,CAT,307CAC,CAT 307CAC,,,
,CAT,307CCC,CAT 307CCC,,,
,CAT,307CSB,CAT 307CSB,,,
,CAT,307HD,CAT 307HD,,,
,CAT,307SSR,CAT 307SSR,,,
,CAT,308,CAT 308,,,
,CAT,308BSR,CAT 308BSR,,,
,CAT,308CCR,CAT 308CCR,,,
,CAT,308CSR,CAT 308CSR,,,
,CAT,308DCRSB,CAT 308DCRSB,,,
,CAT,308E2CR,CAT 308E2CR,,,
,CAT,308ECRSB,CAT 308ECRSB,,,
,CAT,311B,CAT 311B,,,
,CAT,311BSR,CAT 311BSR,,,
,CAT,311C Utility,CAT 311C Utility,,,
,CAT,E110B,CAT E110B,,,
,CAT,E70,CAT E70,,,
,CAT,E70B,CAT E70B,,,
,CAT,ME08,CAT ME08,,,
,CAT,ME08B,CAT ME08B,,,
,CAT,ME15,CAT ME15,,,
,CAT,ME20,CAT ME20,,,
,CAT,ME25,CAT ME25,,,
,CAT,ME30,CAT ME30,,,
,CAT,ME30B,CAT ME30B,,,
,CAT,ME30T,CAT ME30T,,,
,CAT,ME35,CAT ME35,,,
,CAT,ME40,CAT ME40,,,
,CAT,ME40R,CAT ME40R,,,
,CAT,ME45,CAT ME45,,,
,CAT,MH15,CAT MH15,,,
,CAT,MM08B,CAT MM08B,,,
,CAT,MM15,CAT MM15,,,
,CAT,MM15-7,CAT MM15-7,,,
,CAT,MM15T,CAT MM15T,,,
,CAT,MM20,CAT MM20,,,
,CAT,MM20CR (Corner Rad),CAT MM20CR (Corner Rad),,,
,CAT,MM20SR (short Rad),CAT MM20SR (short Rad),,,
,CAT,MM20T,CAT MM20T,,,
,CAT,MM25,CAT MM25,,,
,CAT,MM25T,CAT MM25T,,,
,CAT,MM30,CAT MM30,,,
,CAT,MM30B,CAT MM30B,,,
,CAT,MM30CR,CAT MM30CR,,,
,CAT,MM30CR-2 (corner rad),CAT MM30CR-2 (corner rad),,,
,CAT,MM30SR (short rad),CAT MM30SR (short rad),,,
,CAT,MM30T,CAT MM30T,,,
,CAT,MM35,CAT MM35,,,
,CAT,MM35B,CAT MM35B,,,
,CAT,MM35T,CAT MM35T,,,
,CAT,MM40B,CAT MM40B,,,
,CAT,MM40CR,CAT MM40CR,,,
,CAT,MM40CR-2 (corner rad),CAT MM40CR-2 (corner rad),,,
,CAT,MM40SR (short rad),CAT MM40SR (short rad),,,
,CAT,MM40SR-2 (short rad),CAT MM40SR-2 (short rad),,,
,CAT,MM40T,CAT MM40T,,,
,CAT,MM45,CAT MM45,,,
,CAT,MM45B,CAT MM45B,,,
,CAT,MM45T,CAT MM45T,,,
,CAT,MM55SR,CAT MM55SR,,,
,CAT,MM57SR (short rad),CAT MM57SR (short rad),,,
,CAT,MMCR,CAT MMCR,,,
,CAT,MS010,CAT MS010,,,
,CAT,MX35,CAT MX35,,,
,CAT,MX45,CAT MX45,,,
,CEASER,ES150-3,CEASER ES150-3,,,
,CEASER,ES180-3,CEASER ES180-3,,,
,CEASER,ES300,CEASER ES300,,,
,CEASER,ES400,CEASER ES400,,,
,CEASER,ES400ZT,CEASER ES400ZT,,,
,CEASER,ES500,CEASER ES500,,,
,CEASER,ES800,CEASER ES800,,,
,CEASER,ES800TR,CEASER ES800TR,,,
,CELA,Spider 120,CELA Spider 120,,,
,CELA,Spider 260,CELA Spider 260,,,
,CELA,Spider 560,CELA Spider 560,,,
,CELA,TELJ28,CELA TELJ28,,,
,CFC,BabyTapiro,CFC BabyTapiro,,,
,CFC,MaxiSpeed,CFC MaxiSpeed,,,
,CFC,Speed 1800,CFC Speed 1800,,,
,CFC,SpeedTapiro Old,CFC SpeedTapiro Old,,,
,CFC,SpeedTaripo Carro Standard,CFC SpeedTaripo Carro Standard,,,
,CFC,SpeedTaripo Carro Standard 2,CFC SpeedTaripo Carro Standard 2,,,
,CFC,SpeedTaripo NuovoCarro2013,CFC SpeedTaripo NuovoCarro2013,,,
,CMC,S15,CMC S15,,,
,CMC,S19,CMC S19,,,
,CMC,S24,CMC S24,,,
,CME,M12,CME M12,,,
,CME,M15,CME M15,,,
,Cameca,Baby,Cameca Baby,,,
,Camisa,280,Camisa 280,,,
,Camisa,380,Camisa 380,,,
,Camisa,480H,Camisa 480H,,,
,Camisa,580,Camisa 580,,,
,Camisa,680,Camisa 680,,,
,Camisa,TR635,Camisa TR635,,,
,Cams Libra,214,Cams Libra 214,,,
,Cams Libra,216S,Cams Libra 216S,,,
,Cams Libra,218SV,Cams Libra 218SV,,,
,Cams Libra,219RSV,Cams Libra 219RSV,,,
,Cams Libra,224S,Cams Libra 224S,,,
,Cams Libra,229S,Cams Libra 229S,,,
,Cams Libra,234S,Cams Libra 234S,,,
,Cams Libra,254ST,Cams Libra 254ST,,,
,Cams Libra,865,Cams Libra 865,,,
,Cams Libra,CZ25,Cams Libra CZ25,,,
,Cams Libra,CZ30,Cams Libra CZ30,,,
,Cams Libra,CZ37,Cams Libra CZ37,,,
,Cams Libra,CZ50,Cams Libra CZ50,,,
,Cams Libra,CZ54,Cams Libra CZ54,,,
,Cams Libra,CZ55,Cams Libra CZ55,,,
,Cams Libra,T865,Cams Libra T865,,,
,Cams Libra,T985,Cams Libra T985,,,
,Carlton,SP5014TRX,Carlton SP5014TRX,,,
,Carlton,SP7015TRX,Carlton SP7015TRX,,,
,Carlton,SP8018TRX<2009,Carlton SP8018TRX<2009,,,
,Carmix,K413,Carmix K413,,,
,Carmix,K414,Carmix K414,,,
,Carmix,K415,Carmix K415,,,
,Carrier,1200,Carrier 1200,,,
,Carrier,1700X,Carrier 1700X,,,
,Casorzo,MTR450,Casorzo MTR450,,,
,Casorzo,MTR600,Casorzo MTR600,,,
,Celli,ECOSTAR-SC600,Celli ECOSTAR-SC600,,,
,Chieftan,10,Chieftan 10,,,
,Chieftan,10F,Chieftan 10F,,,
,Chieftan,10G,Chieftan 10G,,,
,Chieftan,10S,Chieftan 10S,,,
,Chieftan,12,Chieftan 12,,,
,Chieftan,12G,Chieftan 12G,,,
,Chieftan,IS7FX,Chieftan IS7FX,,,
,Chikusui/Canycom,BFG1005(Mini Transporter),Chikusui/Canycom BFG1005(Mini Transporter),,,
,Chikusui/Canycom,BFG1301,Chikusui/Canycom BFG1301,,,
,Chikusui/Canycom,BFG1301 (Mini Transporter),Chikusui/Canycom BFG1301 (Mini Transporter),,,
,Chikusui/Canycom,BFG1302 (Mini Transporter),Chikusui/Canycom BFG1302 (Mini Transporter),,,
,Chikusui/Canycom,BFG1303 (Mini Transporter),Chikusui/Canycom BFG1303 (Mini Transporter),,,
,Chikusui/Canycom,BFK703 (Mini Transporter),Chikusui/Canycom BFK703 (Mini Transporter),,,
,Chikusui/Canycom,BFK709 (Mini Transporter),Chikusui/Canycom BFK709 (Mini Transporter),,,
,Chikusui/Canycom,BFK808 (Mini Transporter),Chikusui/Canycom BFK808 (Mini Transporter),,,
,Chikusui/Canycom,BFP402,Chikusui/Canycom BFP402,,,
,Chikusui/Canycom,BFP402 (Mini Transporter),Chikusui/Canycom BFP402 (Mini Transporter),,,
,Chikusui/Canycom,BFP405,Chikusui/Canycom BFP405,,,
,Chikusui/Canycom,BFP405 (Mini Transporter),Chikusui/Canycom BFP405 (Mini Transporter),,,
,Chikusui/Canycom,BFP501,Chikusui/Canycom BFP501,,,
,Chikusui/Canycom,BFP602,Chikusui/Canycom BFP602,,,
,Chikusui/Canycom,BFP602 (Mini Transporter),Chikusui/Canycom BFP602 (Mini Transporter),,,
,Chikusui/Canycom,BFP703 (Mini Transporter),Chikusui/Canycom BFP703 (Mini Transporter),,,
,Chikusui/Canycom,BFS901G (Mini Transporter),Chikusui/Canycom BFS901G (Mini Transporter),,,
,Chikusui/Canycom,BFS901Q (Mini Transporter),Chikusui/Canycom BFS901Q (Mini Transporter),,,
,Chikusui/Canycom,BFX703(Mini Transporter),Chikusui/Canycom BFX703(Mini Transporter),,,
,Chikusui/Canycom,BFY901 (Mini Transporter),Chikusui/Canycom BFY901 (Mini Transporter),,,
,Chikusui/Canycom,CC1000 (Mini Transporter),Chikusui/Canycom CC1000 (Mini Transporter),,,
,Chikusui/Canycom,CC1300 (Mini Transporter),Chikusui/Canycom CC1300 (Mini Transporter),,,
,Chikusui/Canycom,CC1500 (Mini Transporter),Chikusui/Canycom CC1500 (Mini Transporter),,,
,Chikusui/Canycom,CC300 (Mini Transporter),Chikusui/Canycom CC300 (Mini Transporter),,,
,Chikusui/Canycom,CC316 (Mini Transporter),Chikusui/Canycom CC316 (Mini Transporter),,,
,Chikusui/Canycom,CC350 (Mini Transporter),Chikusui/Canycom CC350 (Mini Transporter),,,
,Chikusui/Canycom,CC450 (Mini Transporter),Chikusui/Canycom CC450 (Mini Transporter),,,
,Chikusui/Canycom,CC500 (Mini Transporter),Chikusui/Canycom CC500 (Mini Transporter),,,
,Chikusui/Canycom,CC600 (Mini Transporter),Chikusui/Canycom CC600 (Mini Transporter),,,
,Chikusui/Canycom,CC700 (Mini Transporter),Chikusui/Canycom CC700 (Mini Transporter),,,
,Chikusui/Canycom,CC800 (Mini Transporter),Chikusui/Canycom CC800 (Mini Transporter),,,
,Chikusui/Canycom,D50,Chikusui/Canycom D50,,,
,Chikusui/Canycom,DF 407,Chikusui/Canycom DF 407,,,
,Chikusui/Canycom,GC 403 (Mini Transporter),Chikusui/Canycom GC 403 (Mini Transporter),,,
,Chikusui/Canycom,GC 41 (Mini Transporter),Chikusui/Canycom GC 41 (Mini Transporter),,,
,Chikusui/Canycom,GC 42 (Mini Transporter),Chikusui/Canycom GC 42 (Mini Transporter),,,
,Chikusui/Canycom,GC 50 (Mini Transporter),Chikusui/Canycom GC 50 (Mini Transporter),,,
,Chikusui/Canycom,GC 640 (Mini Transporter),Chikusui/Canycom GC 640 (Mini Transporter),,,
,Chikusui/Canycom,GG 403(Mini Transporter),Chikusui/Canycom GG 403(Mini Transporter),,,
,Chikusui/Canycom,HUKI 130 (Mini Transporter),Chikusui/Canycom HUKI 130 (Mini Transporter),,,
,Chikusui/Canycom,HUKI 150 (Mini Transporter),Chikusui/Canycom HUKI 150 (Mini Transporter),,,
,Chikusui/Canycom,S100,Chikusui/Canycom S100,,,
,Chikusui/Canycom,SC75,Chikusui/Canycom SC75,,,
,Collina,320L Tractor,Collina 320L Tractor,,,
,Collina,Junior 200,Collina Junior 200,,,
,Collina,S100,Collina S100,,,
,Collina,SC,Collina SC,,,
,Collina,Sardegna,Collina Sardegna,,,
,Coltrax,CX60,Coltrax CX60,,,
,Coltrax,CX85S,Coltrax CX85S,,,
,Coltrax,MXC550,Coltrax MXC550,,,
,Comacchio,GEO205 (Drilling Machine),Comacchio GEO205 (Drilling Machine),,,
,Comacchio,GEO305 (Drilling Machine),Comacchio GEO305 (Drilling Machine),,,
,Comeca,Bamby8,Comeca Bamby8,,,
,Comet,MT 13 (Mini Transporter),Comet MT 13 (Mini Transporter),,,
,Comet,MT 13AB (Mini Transporter),Comet MT 13AB (Mini Transporter),,,
,Comet,MT 13BB (Mini Transporter),Comet MT 13BB (Mini Transporter),,,
,Commander,C4200,Commander C4200,,,
,Commander,H15,Commander H15,,,
,Comoter,C15,Comoter C15,,,
,Comoter,C18,Comoter C18,,,
,Compair Holman,MTRAX,Compair Holman MTRAX,,,
,Conjet,ROBOT322,Conjet ROBOT322,,,
,Cormidi,10.65 (Mini Transporter),Cormidi 10.65 (Mini Transporter),,,
,Cormidi,10.65 auto (Mini Transporter),Cormidi 10.65 auto (Mini Transporter),,,
,Cormidi,13.80 (Mini Transporter),Cormidi 13.80 (Mini Transporter),,,
,Cormidi,13.80 auto (Mini Transporter),Cormidi 13.80 auto (Mini Transporter),,,
,Cormidi,14.100 (Mini Transporter),Cormidi 14.100 (Mini Transporter),,,
,Cormidi,14.65 (Mini Transporter),Cormidi 14.65 (Mini Transporter),,,
,Cormidi,14.90 (Mini Transporter),Cormidi 14.90 (Mini Transporter),,,
,Cormidi,18.100 (Mini Transporter),Cormidi 18.100 (Mini Transporter),,,
,Cormidi,18.100 Dtae (Mini Transporter),Cormidi 18.100 Dtae (Mini Transporter),,,
,Cormidi,20.150 (Mini Transporter),Cormidi 20.150 (Mini Transporter),,,
,Cormidi,23.150 Auto (Mini Transporter),Cormidi 23.150 Auto (Mini Transporter),,,
,Cormidi,23.150 Dtae (Mini Transporter),Cormidi 23.150 Dtae (Mini Transporter),,,
,Cormidi,23.150 Dum (Mini Transporter),Cormidi 23.150 Dum (Mini Transporter),,,
,Cormidi,23.150 Ext (Mini Transporter),Cormidi 23.150 Ext (Mini Transporter),,,
,Cormidi,34.200 Auto (Mini Transporter),Cormidi 34.200 Auto (Mini Transporter),,,
,Cormidi,34.200 Dum (Mini Transporter),Cormidi 34.200 Dum (Mini Transporter),,,
,Cormidi,5.65 (Mini Transporter),Cormidi 5.65 (Mini Transporter),,,
,Cormidi,50 (Mini Transporter),Cormidi 50 (Mini Transporter),,,
,Cormidi,56 (Mini Transporter),Cormidi 56 (Mini Transporter),,,
,Cormidi,6.50 RI (Mini Transporter),Cormidi 6.50 RI (Mini Transporter),,,
,Cormidi,6.65 (Mini Transporter),Cormidi 6.65 (Mini Transporter),,,
,Cormidi,65 (Mini Transporter),Cormidi 65 (Mini Transporter),,,
,Cormidi,9.65 (Mini Transporter),Cormidi 9.65 (Mini Transporter),,,
,Cormidi,9.65 Auto (Mini Transporter),Cormidi 9.65 Auto (Mini Transporter),,,
,Cormidi,9.65 R (Mini Transporter),Cormidi 9.65 R (Mini Transporter),,,
,Cormidi,C10-80 ACW,Cormidi C10-80 ACW,,,
,Cormidi,C100,Cormidi C100,,,
,Cormidi,C145,Cormidi C145,,,
,Cormidi,C1500,Cormidi C1500,,,
,Cormidi,C20.150 (Mini Transporter),Cormidi C20.150 (Mini Transporter),,,
,Cormidi,C85,Cormidi C85,,,
,DLGZ,DL15-9,DLGZ DL15-9,,,
,Daewoo,450 Plus,Daewoo 450 Plus,,,
,Daewoo,460 Plus,Daewoo 460 Plus,,,
,Daewoo,AH30,Daewoo AH30,,,
,Daewoo,DH30,Daewoo DH30,,,
,Daewoo,DH35,Daewoo DH35,,,
,Daewoo,DH50,Daewoo DH50,,,
,Daewoo,SL035,Daewoo SL035,,,
,Daewoo,Solar007,Daewoo Solar007,,,
,Daewoo,Solar010,Daewoo Solar010,,,
,Daewoo,Solar015,Daewoo Solar015,,,
,Daewoo,Solar015Plus,Daewoo Solar015Plus,,,
,Daewoo,Solar018,Daewoo Solar018,,,
,Daewoo,Solar018VT,Daewoo Solar018VT,,,
,Daewoo,Solar030,Daewoo Solar030,,,
,Daewoo,Solar030Plus,Daewoo Solar030Plus,,,
,Daewoo,Solar035,Daewoo Solar035,,,
,Daewoo,Solar035Plus,Daewoo Solar035Plus,,,
,Daewoo,Solar10,Daewoo Solar10,,,
,Daewoo,Solar15,Daewoo Solar15,,,
,Daewoo,Solar25,Daewoo Solar25,,,
,Daewoo,Solar30,Daewoo Solar30,,,
,Daewoo,Solar35,Daewoo Solar35,,,
,Daewoo,Solar55,Daewoo Solar55,,,
,Daewoo,Solar55-3,Daewoo Solar55-3,,,
,Daewoo,Solar55-5,Daewoo Solar55-5,,,
,Daewoo,Solar55-V,Daewoo Solar55-V,,,
,Daewoo,Solar55-VPlus,Daewoo Solar55-VPlus,,,
,Daewoo,Solar55Exv,Daewoo Solar55Exv,,,
,Daewoo,Solar70-III,Daewoo Solar70-III,,,
,Daewoo,Solar75V,Daewoo Solar75V,,,
,Dimex,DBM0511,Dimex DBM0511,,,
,Dino,185XTC,Dino 185XTC,,,
,Ditch-Witch,AT 40,Ditch-Witch AT 40,,,
,Ditch-Witch,HT 25,Ditch-Witch HT 25,,,
,Ditch-Witch,HT 25K,Ditch-Witch HT 25K,,,
,Ditch-Witch,HT 25K (2000 Model),Ditch-Witch HT 25K (2000 Model),,,
,Ditch-Witch,HT 25K (2001 Model),Ditch-Witch HT 25K (2001 Model),,,
,Ditch-Witch,JT 10,Ditch-Witch JT 10,,,
,Ditch-Witch,JT 1200,Ditch-Witch JT 1200,,,
,Ditch-Witch,JT 2320,Ditch-Witch JT 2320,,,
,Ditch-Witch,JT 2321,Ditch-Witch JT 2321,,,
,Ditch-Witch,JT 25,Ditch-Witch JT 25,,,
,Ditch-Witch,JT 2511,Ditch-Witch JT 2511,,,
,Ditch-Witch,JT 2520,Ditch-Witch JT 2520,,,
,Ditch-Witch,JT 2720 (2000),Ditch-Witch JT 2720 (2000),,,
,Ditch-Witch,JT 2720 (2003),Ditch-Witch JT 2720 (2003),,,
,Ditch-Witch,JT 30,Ditch-Witch JT 30,,,
,Ditch-Witch,JT 3020,Ditch-Witch JT 3020,,,
,Ditch-Witch,JT 3020 Mach 1,Ditch-Witch JT 3020 Mach 1,,,
,Ditch-Witch,JT 3510,Ditch-Witch JT 3510,,,
,Ditch-Witch,JT 40,Ditch-Witch JT 40,,,
,Ditch-Witch,JT 4020,Ditch-Witch JT 4020,,,
,Ditch-Witch,JT 4020 (Drilling Machine),Ditch-Witch JT 4020 (Drilling Machine),,,
,Ditch-Witch,JT 4020 Mach 1,Ditch-Witch JT 4020 Mach 1,,,
,Ditch-Witch,JT 5,Ditch-Witch JT 5,,,
,Ditch-Witch,JT 520,Ditch-Witch JT 520,,,
,Ditch-Witch,JT 820,Ditch-Witch JT 820,,,
,Ditch-Witch,JT 860,Ditch-Witch JT 860,,,
,Ditch-Witch,JT 9 (Drilling Machine),Ditch-Witch JT 9 (Drilling Machine),,,
,Ditch-Witch,JT 920 (Drilling Machine),Ditch-Witch JT 920 (Drilling Machine),,,
,Ditch-Witch,JT 920L (Drilling Machine),Ditch-Witch JT 920L (Drilling Machine),,,
,Ditch-Witch,JT 922,Ditch-Witch JT 922,,,
,Ditch-Witch,MX 15,Ditch-Witch MX 15,,,
,Ditch-Witch,MX 182,Ditch-Witch MX 182,,,
,Ditch-Witch,MX 202,Ditch-Witch MX 202,,,
,Ditch-Witch,MX 27,Ditch-Witch MX 27,,,
,Ditch-Witch,MX 27-2,Ditch-Witch MX 27-2,,,
,Ditch-Witch,MX 35,Ditch-Witch MX 35,,,
,Ditch-Witch,MX 352,Ditch-Witch MX 352,,,
,Ditch-Witch,MX 45,Ditch-Witch MX 45,,,
,Ditch-Witch,MX 45 CA,Ditch-Witch MX 45 CA,,,
,Ditch-Witch,MX 502,Ditch-Witch MX 502,,,
,Ditch-Witch,MX9,Ditch-Witch MX9,,,
,Ditch-Witch,SK 300,Ditch-Witch SK 300,,,
,Ditch-Witch,SK 350,Ditch-Witch SK 350,,,
,Ditch-Witch,SK 600,Ditch-Witch SK 600,,,
,Ditch-Witch,XT 850,Ditch-Witch XT 850,,,
,Ditch-Witch,XT 855,Ditch-Witch XT 855,,,
,Dodich,DM2.1,Dodich DM2.1,,,
,Domine,FUTURO (Drilling Machine),Domine FUTURO (Drilling Machine),,,
,Doosan,DX80,Doosan DX80,,,
,Doosan,DX80R,Doosan DX80R,,,
,Doosan,DX85R,Doosan DX85R,,,
,Doosan,Dx10z,Doosan Dx10z,,,
,Doosan,Dx19,Doosan Dx19,,,
,Doosan,Dx27,Doosan Dx27,,,
,Doosan,Dx27Z,Doosan Dx27Z,,,
,Doosan,Dx30,Doosan Dx30,,,
,Doosan,Dx30Z,Doosan Dx30Z,,,
,Doosan,Dx35,Doosan Dx35,,,
,Doosan,Dx35Z,Doosan Dx35Z,,,
,Doosan,Dx35Z-7,Doosan Dx35Z-7,,,
,Doosan,Dx50Z-7,Doosan Dx50Z-7,,,
,Doosan,Dx55,Doosan Dx55,,,
,Doosan,Dx60,Doosan Dx60,,,
,Doosan,Dx60R,Doosan Dx60R,,,
,Doosan,Dx62R,Doosan Dx62R,,,
,Doosan,Dx63R,Doosan Dx63R,,,
,Drago,SWISS,Drago SWISS,,,
,Dumec,D 800,Dumec D 800,,,
,Dumec,D 800B,Dumec D 800B,,,
,Dumec,D 800F,Dumec D 800F,,,
,Dumec,D 800P,Dumec D 800P,,,
,Dumec,Transporter,Dumec Transporter,,,
,Durso,10.65 Auto,Durso 10.65 Auto,,,
,Durso,10.65 Dumper,Durso 10.65 Dumper,,,
,Durso,13.80 Auto,Durso 13.80 Auto,,,
,Durso,13.80 Dumper,Durso 13.80 Dumper,,,
,Durso,14.100 Auto,Durso 14.100 Auto,,,
,Durso,14.100 Dumper,Durso 14.100 Dumper,,,
,Durso,18.100 Auto,Durso 18.100 Auto,,,
,Durso,18.100 DTR,Durso 18.100 DTR,,,
,Durso,18.100 Dumper,Durso 18.100 Dumper,,,
,Durso,6.50 RI,Durso 6.50 RI,,,
,Durso,6.50 RM,Durso 6.50 RM,,,
,Durso,9.65 Auto,Durso 9.65 Auto,,,
,Durso,9.65 Dumper,Durso 9.65 Dumper,,,
,Dynapac,FC 15,Dynapac FC 15,,,
,Dynapac,VC 15,Dynapac VC 15,,,
,Dynapac,VD 15,Dynapac VD 15,,,
,Dynapac,VD 151,Dynapac VD 151,,,
,Dynapac,VD 152,Dynapac VD 152,,,
,Dynapac,VD 251,Dynapac VD 251,,,
,Dynapac,VD 351,Dynapac VD 351,,,
,EFCO,TN500R,EFCO TN500R,,,
,EMCI,700,EMCI 700,,,
,Eckart,1B30,Eckart 1B30,,,
,Eckart,EMB 450B,Eckart EMB 450B,,,
,Ecofore,CE 302G,Ecofore CE 302G,,,
,Ecofore,CE 403G,Ecofore CE 403G,,,
,Electro Joe,Ecojolly,Electro Joe Ecojolly,,,
,Energreen,Robogreen,Energreen Robogreen,,,
,Enteco,E4,Enteco E4,,,
,Erreppi,Carry500,Erreppi Carry500,,,
,EuroCAT,140HVS,EuroCAT 140HVS,,,
,EuroCAT,150LSE,EuroCAT 150LSE,,,
,EuroCAT,350LSE,EuroCAT 350LSE,,,
,EuroTrac,Comet MT13,EuroTrac Comet MT13,,,
,EuroTrac,Comet MT13BB,EuroTrac Comet MT13BB,,,
,EuroTrac,chasis M 13 (Undercarriage),EuroTrac chasis M 13 (Undercarriage),,,
,EuroTrac,chasis T150 (Undercarriage),EuroTrac chasis T150 (Undercarriage),,,
,EuroTrac,chasis T150 Old,EuroTrac chasis T150 Old,,,
,EuroTrac,chasis T300 (Undercarriage),EuroTrac chasis T300 (Undercarriage),,,
,EuroTrac,chasis T300 Old (Undercarriage),EuroTrac chasis T300 Old (Undercarriage),,,
,EuroTrac,chasis T4  (Undercarriage),EuroTrac chasis T4  (Undercarriage),,,
,EuroTrac,chasis T4 Old  (Undercarriage),EuroTrac chasis T4 Old  (Undercarriage),,,
,EuroTrac,chasis T500  (Undercarriage),EuroTrac chasis T500  (Undercarriage),,,
,EuroTrac,chasis T500 Old (Undercarriage),EuroTrac chasis T500 Old (Undercarriage),,,
,EurocoMach,100TR,EurocoMach 100TR,,,
,EurocoMach,22SR,EurocoMach 22SR,,,
,EurocoMach,42ZT,EurocoMach 42ZT,,,
,EurocoMach,45TR,EurocoMach 45TR,,,
,EurocoMach,90ZT,EurocoMach 90ZT,,,
,EurocoMach,E 1300 (01208 &gt; SN &gt; 01201),EurocoMach E 1300 (01208 &gt; SN &gt; 01201),,,
,EurocoMach,E 1300 (SN &gt; 01208 & SN &lt; 01201),EurocoMach E 1300 (SN &gt; 01208 & SN &lt; 01201),,,
,EurocoMach,E 1500 (OLD),EurocoMach E 1500 (OLD),,,
,EurocoMach,E 1500S,EurocoMach E 1500S,,,
,EurocoMach,E 1500Sb,EurocoMach E 1500Sb,,,
,EurocoMach,E 4000,EurocoMach E 4000,,,
,EurocoMach,E 800,EurocoMach E 800,,,
,EurocoMach,E1200,EurocoMach E1200,,,
,EurocoMach,EB 09.5 Dumper,EurocoMach EB 09.5 Dumper,,,
,EurocoMach,ES  150SR,EurocoMach ES  150SR,,,
,EurocoMach,ES 150,EurocoMach ES 150,,,
,EurocoMach,ES 150-1,EurocoMach ES 150-1,,,
,EurocoMach,ES 150-2,EurocoMach ES 150-2,,,
,EurocoMach,ES 150-3,EurocoMach ES 150-3,,,
,EurocoMach,ES 180,EurocoMach ES 180,,,
,EurocoMach,ES 180-1,EurocoMach ES 180-1,,,
,EurocoMach,ES 180-2,EurocoMach ES 180-2,,,
,EurocoMach,ES 180-3,EurocoMach ES 180-3,,,
,EurocoMach,ES 180-4,EurocoMach ES 180-4,,,
,EurocoMach,ES 180SR,EurocoMach ES 180SR,,,
,EurocoMach,ES 180ZT,EurocoMach ES 180ZT,,,
,EurocoMach,ES 18ZT,EurocoMach ES 18ZT,,,
,EurocoMach,ES 25ZT,EurocoMach ES 25ZT,,,
,EurocoMach,ES 300,EurocoMach ES 300,,,
,EurocoMach,ES 300 ZT,EurocoMach ES 300 ZT,,,
,EurocoMach,ES 35.2ZT,EurocoMach ES 35.2ZT,,,
,EurocoMach,ES 350ZT,EurocoMach ES 350ZT,,,
,EurocoMach,ES 40.2ZT,EurocoMach ES 40.2ZT,,,
,EurocoMach,ES 400,EurocoMach ES 400,,,
,EurocoMach,ES 400SR,EurocoMach ES 400SR,,,
,EurocoMach,ES 40ZT,EurocoMach ES 40ZT,,,
,EurocoMach,ES 500,EurocoMach ES 500,,,
,EurocoMach,ES 500ZT,EurocoMach ES 500ZT,,,
,EurocoMach,ES 57ZT,EurocoMach ES 57ZT,,,
,EurocoMach,ES 60ZT,EurocoMach ES 60ZT,,,
,EurocoMach,ES 65TR,EurocoMach ES 65TR,,,
,EurocoMach,ES 80,EurocoMach ES 80,,,
,EurocoMach,ES 800,EurocoMach ES 800,,,
,EurocoMach,ES 800TR,EurocoMach ES 800TR,,,
,EurocoMach,ES 85,EurocoMach ES 85,,,
,EurocoMach,ES 850ZT,EurocoMach ES 850ZT,,,
,EurocoMach,ES 90,EurocoMach ES 90,,,
,EurocoMach,ES 90UR,EurocoMach ES 90UR,,,
,EurocoMach,ES 90ZT,EurocoMach ES 90ZT,,,
,EurocoMach,ES 95TR,EurocoMach ES 95TR,,,
,EurocoMach,Es 10ZT,EurocoMach Es 10ZT,,,
,Eurodig,C 15 (Minilift),Eurodig C 15 (Minilift),,,
,Eurodig,C 18 (Minilift),Eurodig C 18 (Minilift),,,
,Eurodig,Dumpy 300,Eurodig Dumpy 300,,,
,Eurodig,Dumpy 300M,Eurodig Dumpy 300M,,,
,Eurodig,Dumpy 500(Type 1),Eurodig Dumpy 500(Type 1),,,
,Eurodig,Dumpy 500(Type 2),Eurodig Dumpy 500(Type 2),,,
,Eurodig,Dumpy 800(Type 1),Eurodig Dumpy 800(Type 1),,,
,Eurodig,Dumpy 800(Type 2),Eurodig Dumpy 800(Type 2),,,
,Eurodig,Dumpy 800(Type 3),Eurodig Dumpy 800(Type 3),,,
,Eurodig,G 500,Eurodig G 500,,,
,Eurodig,GR 1000,Eurodig GR 1000,,,
,Eurodig,GR 500,Eurodig GR 500,,,
,Eurodig,GR 500D,Eurodig GR 500D,,,
,Eurodig,GR 700,Eurodig GR 700,,,
,Eurodig,GR 700A,Eurodig GR 700A,,,
,Eurodig,GR 700A3,Eurodig GR 700A3,,,
,Eurodig,GR 700D,Eurodig GR 700D,,,
,Eurodig,GR 900,Eurodig GR 900,,,
,Eurodig,Miniload 800,Eurodig Miniload 800,,,
,Eurofor,GEO205 (Drilling Machine),Eurofor GEO205 (Drilling Machine),,,
,Eurotom,NB 30,Eurotom NB 30,,,
,Eurotom,TS 08,Eurotom TS 08,,,
,Eurotom,TS 15,Eurotom TS 15,,,
,Eurotom,TS 15S,Eurotom TS 15S,,,
,Eurotom,TS 17SE,Eurotom TS 17SE,,,
,Eurotom,TS 25,Eurotom TS 25,,,
,Eurotom,TS 27S,Eurotom TS 27S,,,
,Eurotom,TS 30,Eurotom TS 30,,,
,Eurotom,TS 30R,Eurotom TS 30R,,,
,Eurotom,TS 35,Eurotom TS 35,,,
,Eurotom,TS 35S,Eurotom TS 35S,,,
,Eurotom,TS 75,Eurotom TS 75,,,
,Eurotom,TS 75S,Eurotom TS 75S,,,
,FAI,212 New,FAI 212 New,,,
,FAI,212 Old,FAI 212 Old,,,
,FAI,215,FAI 215,,,
,FAI,218,FAI 218,,,
,FAI,230,FAI 230,,,
,FAI,235,FAI 235,,,
,FAI,240,FAI 240,,,
,FAI,410C,FAI 410C,,,
,FIGO,MC 150 (Mini Dumper),FIGO MC 150 (Mini Dumper),,,
,FORT,Minidumper,FORT Minidumper,,,
,Falcon Spider,FS290C,Falcon Spider FS290C,,,
,Fercad,T 3250,Fercad T 3250,,,
,Fermec,114,Fermec 114,,,
,Fermec,115,Fermec 115,,,
,Fermec,123,Fermec 123,,,
,Fermec,125,Fermec 125,,,
,Fermec,128,Fermec 128,,,
,Fermec,130,Fermec 130,,,
,Fermec,131,Fermec 131,,,
,Fermec,135,Fermec 135,,,
,Fermec,145,Fermec 145,,,
,Fermec,150,Fermec 150,,,
,Fermec,SK 015,Fermec SK 015,,,
,Fermec,SK 025,Fermec SK 025,,,
,Fermec,SK 030,Fermec SK 030,,,
,Fermec,SK 035,Fermec SK 035,,,
,Fiat-Hitachi,FH 15,Fiat-Hitachi FH 15,,,
,Fiat-Hitachi,FH 15.2,Fiat-Hitachi FH 15.2,,,
,Fiat-Hitachi,FH 15.2 Plus,Fiat-Hitachi FH 15.2 Plus,,,
,Fiat-Hitachi,FH 16.2,Fiat-Hitachi FH 16.2,,,
,Fiat-Hitachi,FH 17.2,Fiat-Hitachi FH 17.2,,,
,Fiat-Hitachi,FH 17.2 Plus,Fiat-Hitachi FH 17.2 Plus,,,
,Fiat-Hitachi,FH 17.2-B,Fiat-Hitachi FH 17.2-B,,,
,Fiat-Hitachi,FH 22,Fiat-Hitachi FH 22,,,
,Fiat-Hitachi,FH 22.2,Fiat-Hitachi FH 22.2,,,
,Fiat-Hitachi,FH 30.2,Fiat-Hitachi FH 30.2,,,
,Fiat-Hitachi,FH 30.2 Plus,Fiat-Hitachi FH 30.2 Plus,,,
,Fiat-Hitachi,FH 35.2,Fiat-Hitachi FH 35.2,,,
,Fiat-Hitachi,FH 35.2 Plus,Fiat-Hitachi FH 35.2 Plus,,,
,Fiat-Hitachi,FH 40.2,Fiat-Hitachi FH 40.2,,,
,Fiat-Hitachi,FH 40.2 Plus,Fiat-Hitachi FH 40.2 Plus,,,
,Fiori,800,Fiori 800,,,
,Fiori,Dumpy Proffesional,Fiori Dumpy Proffesional,,,
,Fiori,Eurodig 1000,Fiori Eurodig 1000,,,
,Fiori,GR 1000,Fiori GR 1000,,,
,Fiori,GR 500,Fiori GR 500,,,
,Fiori,GR 700,Fiori GR 700,,,
,Fiori,Minding,Fiori Minding,,,
,Foredil,FM 16,Foredil FM 16,,,
,Foredil,FM 18V,Foredil FM 18V,,,
,Foredil,FM 19RSV,Foredil FM 19RSV,,,
,Foredil,FM 19VR,Foredil FM 19VR,,,
,Foredil,FM 24,Foredil FM 24,,,
,Foredil,FM 29,Foredil FM 29,,,
,Foredil,FM 34,Foredil FM 34,,,
,Foredil,FM 54,Foredil FM 54,,,
,Forti,Forti,Forti Forti,,,
,Fraste,Multidrill ML (drilling machine),Fraste Multidrill ML (drilling machine),,,
,Fraste,Multidrill PL (drilling machine),Fraste Multidrill PL (drilling machine),,,
,Fraste,Multidrill XL (drilling machine),Fraste Multidrill XL (drilling machine),,,
,Fraste,Terrain (drilling machine),Fraste Terrain (drilling machine),,,
,Gayk,HRE1000,Gayk HRE1000,,,
,Gayk,HRE3000,Gayk HRE3000,,,
,Geawelltech,Well drill 3050CR,Geawelltech Well drill 3050CR,,,
,Gehl,12002,Gehl 12002,,,
,Gehl,153,Gehl 153,,,
,Gehl,193,Gehl 193,,,
,Gehl,223,Gehl 223,,,
,Gehl,253,Gehl 253,,,
,Gehl,303,Gehl 303,,,
,Gehl,353,Gehl 353,,,
,Gehl,363,Gehl 363,,,
,Gehl,373,Gehl 373,,,
,Gehl,383Z,Gehl 383Z,,,
,Gehl,502,Gehl 502,,,
,Gehl,503,Gehl 503,,,
,Gehl,503Z,Gehl 503Z,,,
,Gehl,603,Gehl 603,,,
,Gehl,753,Gehl 753,,,
,Gehl,753Z,Gehl 753Z,,,
,Gehl,75Z3,Gehl 75Z3,,,
,Gehl,8003,Gehl 8003,,,
,Gehl,802,Gehl 802,,,
,Gehl,803,Gehl 803,,,
,Gehl,GE 12002,Gehl GE 12002,,,
,Gehl,GE 142 (US Market),Gehl GE 142 (US Market),,,
,Gehl,GE 152 (US Market),Gehl GE 152 (US Market),,,
,Gehl,GE 153,Gehl GE 153,,,
,Gehl,GE 192 (US Market),Gehl GE 192 (US Market),,,
,Gehl,GE 193,Gehl GE 193,,,
,Gehl,GE 222 (US Market),Gehl GE 222 (US Market),,,
,Gehl,GE 223,Gehl GE 223,,,
,Gehl,GE 253,Gehl GE 253,,,
,Gehl,GE 272 (US Market),Gehl GE 272 (US Market),,,
,Gehl,GE 292 (US Market),Gehl GE 292 (US Market),,,
,Gehl,GE 303,Gehl GE 303,,,
,Gehl,GE 342 (US Market),Gehl GE 342 (US Market),,,
,Gehl,GE 353,Gehl GE 353,,,
,Gehl,GE 362 (US Market),Gehl GE 362 (US Market),,,
,Gehl,GE 373,Gehl GE 373,,,
,Gehl,GE 502 (US Market),Gehl GE 502 (US Market),,,
,Gehl,GE 602 (US Market),Gehl GE 602 (US Market),,,
,Gehl,GE 802 (US Market),Gehl GE 802 (US Market),,,
,Gehl,GE503Z,Gehl GE503Z,,,
,Gehl,Z35,Gehl Z35,,,
,Gehl,Z45,Gehl Z45,,,
,Gehl,Z80,Gehl Z80,,,
,Gehlmax,A 12,Gehlmax A 12,,,
,Gehlmax,A 12B,Gehlmax A 12B,,,
,Gehlmax,A 14SA,Gehlmax A 14SA,,,
,Gehlmax,DR 600,Gehlmax DR 600,,,
,Gehlmax,GX 10,Gehlmax GX 10,,,
,Gehlmax,GX 35,Gehlmax GX 35,,,
,Gehlmax,M 045,Gehlmax M 045,,,
,Gehlmax,M 135,Gehlmax M 135,,,
,Gehlmax,M 135S,Gehlmax M 135S,,,
,Gehlmax,MB 045,Gehlmax MB 045,,,
,Gehlmax,MB 1135,Gehlmax MB 1135,,,
,Gehlmax,MB 1135S,Gehlmax MB 1135S,,,
,Gehlmax,MB 138,Gehlmax MB 138,,,
,Gehlmax,MB 145,Gehlmax MB 145,,,
,Gehlmax,MB 148,Gehlmax MB 148,,,
,Gehlmax,MB 165,Gehlmax MB 165,,,
,Gehlmax,MB 253,Gehlmax MB 253,,,
,Gehlmax,MB 288,Gehlmax MB 288,,,
,Gehlmax,MB 358,Gehlmax MB 358,,,
,Gehlmax,RD 10 (Mini Dumper),Gehlmax RD 10 (Mini Dumper),,,
,Gehlmax,RD 10 SLE (Mini Dumper),Gehlmax RD 10 SLE (Mini Dumper),,,
,Gehlmax,RD 15D (Mini Dumper),Gehlmax RD 15D (Mini Dumper),,,
,Gehlmax,RD 15DR (Mini Dumper),Gehlmax RD 15DR (Mini Dumper),,,
,Gehlmax,RD 6HX (Mini Dumper),Gehlmax RD 6HX (Mini Dumper),,,
,Gehlmax,RD 7,Gehlmax RD 7,,,
,Gehlmax,RD 7-10D (Mini Dumper),Gehlmax RD 7-10D (Mini Dumper),,,
,Gehlmax,RD 7SLE (Mini Dumper),Gehlmax RD 7SLE (Mini Dumper),,,
,Gehlmax,RD 8 (Mini Dumper),Gehlmax RD 8 (Mini Dumper),,,
,Gehlmax,RD 8HX (Mini Dumper),Gehlmax RD 8HX (Mini Dumper),,,
,Gehlmax,RD 8SLE (Mini Dumper),Gehlmax RD 8SLE (Mini Dumper),,,
,Geier,40S,Geier 40S,,,
,Geier,60S,Geier 60S,,,
,Geier,85TLY,Geier 85TLY,,,
,Gelai & Castegnaro,G&C,Gelai & Castegnaro G&C,,,
,Genie,S-60 Trax (Quad),Genie S-60 Trax (Quad),,,
,Genie,S-65 Trax (Quad) 400 Wide,Genie S-65 Trax (Quad) 400 Wide,,,
,Genie,S-65 Trax (Quad) 450 Wide,Genie S-65 Trax (Quad) 450 Wide,,,
,Geoprobe,54DT (Drilling Machine),Geoprobe 54DT (Drilling Machine),,,
,Geoprobe,6610DT (Drilling Machine),Geoprobe 6610DT (Drilling Machine),,,
,Geoprobe,7822DT (Drilling Machine),Geoprobe 7822DT (Drilling Machine),,,
,Goman,T30,Goman T30,,,
,Goman,X08,Goman X08,,,
,Goman,X16,Goman X16,,,
,Green Mech,ST19-28,Green Mech ST19-28,,,
,Green Mech,ST220,Green Mech ST220,,,
,Green Technik,BC350,Green Technik BC350,,,
,Grillo,Dumper 350 Basic,Grillo Dumper 350 Basic,,,
,Grillo,Dumper 350 HD,Grillo Dumper 350 HD,,,
,Grillo,Dumper 507,Grillo Dumper 507,,,
,Grundohit,4S,Grundohit 4S,,,
,Grundohit,TT,Grundohit TT,,,
,Grundohit,Undercarriage 40,Grundohit Undercarriage 40,,,
,HCC,1050-B (Mini-Carrier),HCC 1050-B (Mini-Carrier),,,
,HCC,1051 (Mini-Carrier),HCC 1051 (Mini-Carrier),,,
,HCC,1051-B (Mini-Carrier),HCC 1051-B (Mini-Carrier),,,
,HCC,1051-D (Mini-Carrier),HCC 1051-D (Mini-Carrier),,,
,HOEFLON,C6 (Spider Crane),HOEFLON C6 (Spider Crane),,,
,Hades,TP 1500,Hades TP 1500,,,
,Haihong,CTX8008,Haihong CTX8008,,,
,Hainzl,150LSE,Hainzl 150LSE,,,
,Hanix,H 08,Hanix H 08,,,
,Hanix,H 08-1,Hanix H 08-1,,,
,Hanix,H 08-2,Hanix H 08-2,,,
,Hanix,H 08A,Hanix H 08A,,,
,Hanix,H 08B,Hanix H 08B,,,
,Hanix,H 09D,Hanix H 09D,,,
,Hanix,H 12A,Hanix H 12A,,,
,Hanix,H 15,Hanix H 15,,,
,Hanix,H 15 B,Hanix H 15 B,,,
,Hanix,H 15 B-2,Hanix H 15 B-2,,,
,Hanix,H 15 Bplus,Hanix H 15 Bplus,,,
,Hanix,H 15 Bplus-2,Hanix H 15 Bplus-2,,,
,Hanix,H 151,Hanix H 151,,,
,Hanix,H 15A (<1996),Hanix H 15A (<1996),,,
,Hanix,H 15A (>1996),Hanix H 15A (>1996),,,
,Hanix,H 22,Hanix H 22,,,
,Hanix,H 22A,Hanix H 22A,,,
,Hanix,H 24,Hanix H 24,,,
,Hanix,H 24A,Hanix H 24A,,,
,Hanix,H 26B,Hanix H 26B,,,
,Hanix,H 26C,Hanix H 26C,,,
,Hanix,H 27,Hanix H 27,,,
,Hanix,H 27-2,Hanix H 27-2,,,
,Hanix,H 29A,Hanix H 29A,,,
,Hanix,H 30,Hanix H 30,,,
,Hanix,H 30-2,Hanix H 30-2,,,
,Hanix,H 30A,Hanix H 30A,,,
,Hanix,H 35,Hanix H 35,,,
,Hanix,H 35A,Hanix H 35A,,,
,Hanix,H 36A,Hanix H 36A,,,
,Hanix,H 36B,Hanix H 36B,,,
,Hanix,H 36C,Hanix H 36C,,,
,Hanix,H 36CR,Hanix H 36CR,,,
,Hanix,H 36R,Hanix H 36R,,,
,Hanix,H 50B,Hanix H 50B,,,
,Hanix,H 50C,Hanix H 50C,,,
,Hanix,H 55DR,Hanix H 55DR,,,
,Hanix,H 56C,Hanix H 56C,,,
,Hanix,H 75B,Hanix H 75B,,,
,Hanix,H 75C,Hanix H 75C,,,
,Hanix,H 80,Hanix H 80,,,
,Hanix,H 80-2,Hanix H 80-2,,,
,Hanix,N 050,Hanix N 050,,,
,Hanix,N 06,Hanix N 06,,,
,Hanix,N 060,Hanix N 060,,,
,Hanix,N 080,Hanix N 080,,,
,Hanix,N 080-1,Hanix N 080-1,,,
,Hanix,N 080-2,Hanix N 080-2,,,
,Hanix,N 080-2LR,Hanix N 080-2LR,,,
,Hanix,N 080-3LR,Hanix N 080-3LR,,,
,Hanix,N 120,Hanix N 120,,,
,Hanix,N 120-2,Hanix N 120-2,,,
,Hanix,N 120R,Hanix N 120R,,,
,Hanix,N 150,Hanix N 150,,,
,Hanix,N 150-2,Hanix N 150-2,,,
,Hanix,N 150R,Hanix N 150R,,,
,Hanix,N 220-2,Hanix N 220-2,,,
,Hanix,N 230-2,Hanix N 230-2,,,
,Hanix,N 250-2,Hanix N 250-2,,,
,Hanix,N 260-2,Hanix N 260-2,,,
,Hanix,N 300-2,Hanix N 300-2,,,
,Hanix,N 35,Hanix N 35,,,
,Hanix,N 350-2,Hanix N 350-2,,,
,Hanix,N 80,Hanix N 80,,,
,Hanix,N 80-2,Hanix N 80-2,,,
,Hanix,N 80-2R,Hanix N 80-2R,,,
,Hanix,NH 070,Hanix NH 070,,,
,Hanix,NS 25,Hanix NS 25,,,
,Hanix,RT 30 (Dumper),Hanix RT 30 (Dumper),,,
,Hanix,RT 50D (Dumper),Hanix RT 50D (Dumper),,,
,Hanix,S&B15,Hanix S&B15,,,
,Hanix,S&B15R,Hanix S&B15R,,,
,Hanix,S&B15S,Hanix S&B15S,,,
,Hanix,S&B15SR,Hanix S&B15SR,,,
,Hanix,S&B25-1,Hanix S&B25-1,,,
,Hanix,S&B25-2,Hanix S&B25-2,,,
,Hanix,S&B300,Hanix S&B300,,,
,Hanix,S&B300-2,Hanix S&B300-2,,,
,Hanix,S&BX-1,Hanix S&BX-1,,,
,Hanix,TP50-D,Hanix TP50-D,,,
,Hanix,YB 10,Hanix YB 10,,,
,Hanix,YFW 5D-1,Hanix YFW 5D-1,,,
,Hansa,C65RX,Hansa C65RX,,,
,Hanta,SLD 151D,Hanta SLD 151D,,,
,Haulotte,Mygalift19 (Lifting Platform),Haulotte Mygalift19 (Lifting Platform),,,
,Hematec,CTE CS 135 (Crane),Hematec CTE CS 135 (Crane),,,
,Hematec,CTE CS 170 (Sky Lifter),Hematec CTE CS 170 (Sky Lifter),,,
,Hengte,HT20,Hengte HT20,,,
,Hiab,033T,Hiab 033T,,,
,Hinowa,DB 10.13,Hinowa DB 10.13,,,
,Hinowa,DB 14.7,Hinowa DB 14.7,,,
,Hinowa,DB 8.35,Hinowa DB 8.35,,,
,Hinowa,DB 9.11,Hinowa DB 9.11,,,
,Hinowa,DM 09,Hinowa DM 09,,,
,Hinowa,DM 10,Hinowa DM 10,,,
,Hinowa,DM 10A 2V,Hinowa DM 10A 2V,,,
,Hinowa,DM 10M,Hinowa DM 10M,,,
,Hinowa,DM 11KA,Hinowa DM 11KA,,,
,Hinowa,DM 13,Hinowa DM 13,,,
,Hinowa,DM 13A 2V,Hinowa DM 13A 2V,,,
,Hinowa,DM 15,Hinowa DM 15,,,
,Hinowa,DM 15M,Hinowa DM 15M,,,
,Hinowa,DM 15S,Hinowa DM 15S,,,
,Hinowa,DM 20,Hinowa DM 20,,,
,Hinowa,DM 20S,Hinowa DM 20S,,,
,Hinowa,DM 30,Hinowa DM 30,,,
,Hinowa,DM 30C,Hinowa DM 30C,,,
,Hinowa,DM 30S,Hinowa DM 30S,,,
,Hinowa,DM 40,Hinowa DM 40,,,
,Hinowa,DM 40L,Hinowa DM 40L,,,
,Hinowa,DM 40L2V,Hinowa DM 40L2V,,,
,Hinowa,DM 8,Hinowa DM 8,,,
,Hinowa,DM 8A,Hinowa DM 8A,,,
,Hinowa,DM 8M,Hinowa DM 8M,,,
,Hinowa,Dumpy (minidumper),Hinowa Dumpy (minidumper),,,
,Hinowa,GL 1255 (Lifting Platform),Hinowa GL 1255 (Lifting Platform),,,
,Hinowa,GL 1470 (Lifting Platform),Hinowa GL 1470 (Lifting Platform),,,
,Hinowa,Gold lift 12.55 (Lifting Platform),Hinowa Gold lift 12.55 (Lifting Platform),,,
,Hinowa,Gold lift 14.70 (Lifting Platform),Hinowa Gold lift 14.70 (Lifting Platform),,,
,Hinowa,Gold lift 17.80XL (Lifting Platform),Hinowa Gold lift 17.80XL (Lifting Platform),,,
,Hinowa,HP 1000 (Mini Dumper),Hinowa HP 1000 (Mini Dumper),,,
,Hinowa,HP 1000E (Mini Dumper),Hinowa HP 1000E (Mini Dumper),,,
,Hinowa,HP 1100 (Mini Dumper),Hinowa HP 1100 (Mini Dumper),,,
,Hinowa,HP 1100A (Mini Dumper),Hinowa HP 1100A (Mini Dumper),,,
,Hinowa,HP 1100D (Mini Dumper),Hinowa HP 1100D (Mini Dumper),,,
,Hinowa,HP 1150 (Mini Dumper),Hinowa HP 1150 (Mini Dumper),,,
,Hinowa,HP 1200 (Mini Dumper),Hinowa HP 1200 (Mini Dumper),,,
,Hinowa,HP 1200E,Hinowa HP 1200E,,,
,Hinowa,HP 1500 (Mini Dumper),Hinowa HP 1500 (Mini Dumper),,,
,Hinowa,HP 1500/2,Hinowa HP 1500/2,,,
,Hinowa,HP 800 (Mini-Excavator),Hinowa HP 800 (Mini-Excavator),,,
,Hinowa,HP 800A (Mini Dumper),Hinowa HP 800A (Mini Dumper),,,
,Hinowa,HP 800E (Mini Dumper),Hinowa HP 800E (Mini Dumper),,,
,Hinowa,HP 850B/A,Hinowa HP 850B/A,,,
,Hinowa,HR 15.1,Hinowa HR 15.1,,,
,Hinowa,HS 1100,Hinowa HS 1100,,,
,Hinowa,HS 1150,Hinowa HS 1150,,,
,Hinowa,HS 1200E,Hinowa HS 1200E,,,
,Hinowa,HS 701,Hinowa HS 701,,,
,Hinowa,HS 850,Hinowa HS 850,,,
,Hinowa,LL 14.72 (Lifter),Hinowa LL 14.72 (Lifter),,,
,Hinowa,LL 15.70 (Lifter),Hinowa LL 15.70 (Lifter),,,
,Hinowa,LL 19.65 (Lifter),Hinowa LL 19.65 (Lifter),,,
,Hinowa,LL 23.12 (Lifter),Hinowa LL 23.12 (Lifter),,,
,Hinowa,LL 33.17 (Lifter),Hinowa LL 33.17 (Lifter),,,
,Hinowa,PT 10 (Undercarriage),Hinowa PT 10 (Undercarriage),,,
,Hinowa,PT 100 (Undercarriage),Hinowa PT 100 (Undercarriage),,,
,Hinowa,PT 10G (Undercarriage),Hinowa PT 10G (Undercarriage),,,
,Hinowa,PT 10G/300 (Undercarriage),Hinowa PT 10G/300 (Undercarriage),,,
,Hinowa,PT 30G (Undercarriage),Hinowa PT 30G (Undercarriage),,,
,Hinowa,PT 30G/200 (Undercarriage),Hinowa PT 30G/200 (Undercarriage),,,
,Hinowa,PT 35GL (undercarriage),Hinowa PT 35GL (undercarriage),,,
,Hinowa,PT 35GL/300 (undercarriage),Hinowa PT 35GL/300 (undercarriage),,,
,Hinowa,PT 4000 (undercarriage),Hinowa PT 4000 (undercarriage),,,
,Hinowa,PT 4000G/100 (undercarriage),Hinowa PT 4000G/100 (undercarriage),,,
,Hinowa,PT 70 (undercarriage),Hinowa PT 70 (undercarriage),,,
,Hinowa,PT 70G/100 (undercarriage),Hinowa PT 70G/100 (undercarriage),,,
,Hinowa,PT 70GL (undercarriage),Hinowa PT 70GL (undercarriage),,,
,Hinowa,PT 8 (undercarriage),Hinowa PT 8 (undercarriage),,,
,Hinowa,PT 8G/300 (undercarriage),Hinowa PT 8G/300 (undercarriage),,,
,Hinowa,PT 9 (undercarriage),Hinowa PT 9 (undercarriage),,,
,Hinowa,PT 9C (undercarriage),Hinowa PT 9C (undercarriage),,,
,Hinowa,PT13 (Undercarriage),Hinowa PT13 (Undercarriage),,,
,Hinowa,PT13/300 (Undercarriage),Hinowa PT13/300 (Undercarriage),,,
,Hinowa,PT15 (Undercarriage),Hinowa PT15 (Undercarriage),,,
,Hinowa,PT150 (Undercarriage),Hinowa PT150 (Undercarriage),,,
,Hinowa,PT15G (Undercarriage),Hinowa PT15G (Undercarriage),,,
,Hinowa,PT15G/400 (Undercarriage),Hinowa PT15G/400 (Undercarriage),,,
,Hinowa,PT15G/4001 (Undercarriage),Hinowa PT15G/4001 (Undercarriage),,,
,Hinowa,PT1700 (Undercarriage),Hinowa PT1700 (Undercarriage),,,
,Hinowa,PT20 (Undercarriage),Hinowa PT20 (Undercarriage),,,
,Hinowa,PT2000 (Undercarriage),Hinowa PT2000 (Undercarriage),,,
,Hinowa,PT2000G/100 (Undercarriage),Hinowa PT2000G/100 (Undercarriage),,,
,Hinowa,PT200P (Undercarriage),Hinowa PT200P (Undercarriage),,,
,Hinowa,PT20G (Undercarriage),Hinowa PT20G (Undercarriage),,,
,Hinowa,PT20G/301 (Undercarriage),Hinowa PT20G/301 (Undercarriage),,,
,Hinowa,PT20G/3011 (Undercarriage),Hinowa PT20G/3011 (Undercarriage),,,
,Hinowa,PT20GL (Undercarriage),Hinowa PT20GL (Undercarriage),,,
,Hinowa,PT20GL/301 (Undercarriage),Hinowa PT20GL/301 (Undercarriage),,,
,Hinowa,PT3000 (Undercarriage),Hinowa PT3000 (Undercarriage),,,
,Hinowa,PT3000G/100 (Undercarriage),Hinowa PT3000G/100 (Undercarriage),,,
,Hinowa,TT 1350,Hinowa TT 1350,,,
,Hinowa,TT 1600,Hinowa TT 1600,,,
,Hinowa,TT 1700,Hinowa TT 1700,,,
,Hinowa,VT 1550,Hinowa VT 1550,,,
,Hinowa,VT 1550 2V,Hinowa VT 1550 2V,,,
,Hinowa,VT 1650,Hinowa VT 1650,,,
,Hinowa,VT 1650 2V,Hinowa VT 1650 2V,,,
,Hinowa,VT 2000,Hinowa VT 2000,,,
,Hinowa,VT 2500,Hinowa VT 2500,,,
,Hinowa,VT 3000,Hinowa VT 3000,,,
,Hinowa,VT 3000 2V,Hinowa VT 3000 2V,,,
,Hinowa,VT 4000,Hinowa VT 4000,,,
,Hinowa,VT 4000 2V,Hinowa VT 4000 2V,,,
,Hinowa,VTT 1300,Hinowa VTT 1300,,,
,Hinowa,VTT 1550,Hinowa VTT 1550,,,
,Hinowa,VTT 1650,Hinowa VTT 1650,,,
,Hinowa,YB 10,Hinowa YB 10,,,
,Hinowa,YFW 5D-1,Hinowa YFW 5D-1,,,
,Hitachi,16,Hitachi 16,,,
,Hitachi,18,Hitachi 18,,,
,Hitachi,25,Hitachi 25,,,
,Hitachi,30,Hitachi 30,,,
,Hitachi,30U,Hitachi 30U,,,
,Hitachi,35,Hitachi 35,,,
,Hitachi,35U,Hitachi 35U,,,
,Hitachi,40,Hitachi 40,,,
,Hitachi,40U,Hitachi 40U,,,
,Hitachi,50,Hitachi 50,,,
,Hitachi,50U,Hitachi 50U,,,
,Hitachi,50U-2,Hitachi 50U-2,,,
,Hitachi,55U,Hitachi 55U,,,
,Hitachi,70,Hitachi 70,,,
,Hitachi,80,Hitachi 80,,,
,Hitachi,85,Hitachi 85,,,
,Hitachi,AX16-2N (2002),Hitachi AX16-2N (2002),,,
,Hitachi,CG 100 (Dumper),Hitachi CG 100 (Dumper),,,
,Hitachi,CG 110 (Dumper),Hitachi CG 110 (Dumper),,,
,Hitachi,CG 65 (Dumper),Hitachi CG 65 (Dumper),,,
,Hitachi,EX 08,Hitachi EX 08,,,
,Hitachi,EX 100,Hitachi EX 100,,,
,Hitachi,EX 100-1,Hitachi EX 100-1,,,
,Hitachi,EX 100-2,Hitachi EX 100-2,,,
,Hitachi,EX 100-3,Hitachi EX 100-3,,,
,Hitachi,EX 100-5,Hitachi EX 100-5,,,
,Hitachi,EX 105,Hitachi EX 105,,,
,Hitachi,EX 10U,Hitachi EX 10U,,,
,Hitachi,EX 10UX,Hitachi EX 10UX,,,
,Hitachi,EX 12 (New),Hitachi EX 12 (New),,,
,Hitachi,EX 12 (old),Hitachi EX 12 (old),,,
,Hitachi,EX 12-1,Hitachi EX 12-1,,,
,Hitachi,EX 12-2,Hitachi EX 12-2,,,
,Hitachi,EX 120 (not on new sprocket),Hitachi EX 120 (not on new sprocket),,,
,Hitachi,EX 120-2,Hitachi EX 120-2,,,
,Hitachi,EX 120-5,Hitachi EX 120-5,,,
,Hitachi,EX 135U,Hitachi EX 135U,,,
,Hitachi,EX 135UR,Hitachi EX 135UR,,,
,Hitachi,EX 135VR,Hitachi EX 135VR,,,
,Hitachi,EX 138UU,Hitachi EX 138UU,,,
,Hitachi,EX 14,Hitachi EX 14,,,
,Hitachi,EX 14SR,Hitachi EX 14SR,,,
,Hitachi,EX 15,Hitachi EX 15,,,
,Hitachi,EX 15 (Lotus root),Hitachi EX 15 (Lotus root),,,
,Hitachi,EX 15-1,Hitachi EX 15-1,,,
,Hitachi,EX 15-2,Hitachi EX 15-2,,,
,Hitachi,EX 15SR,Hitachi EX 15SR,,,
,Hitachi,EX 15U,Hitachi EX 15U,,,
,Hitachi,EX 15UR,Hitachi EX 15UR,,,
,Hitachi,EX 16,Hitachi EX 16,,,
,Hitachi,EX 16-2,Hitachi EX 16-2,,,
,Hitachi,EX 17,Hitachi EX 17,,,
,Hitachi,EX 17-2,Hitachi EX 17-2,,,
,Hitachi,EX 17-2B,Hitachi EX 17-2B,,,
,Hitachi,EX 17U,Hitachi EX 17U,,,
,Hitachi,EX 20-2,Hitachi EX 20-2,,,
,Hitachi,EX 20U,Hitachi EX 20U,,,
,Hitachi,EX 20U-1,Hitachi EX 20U-1,,,
,Hitachi,EX 20U-3,Hitachi EX 20U-3,,,
,Hitachi,EX 20UR,Hitachi EX 20UR,,,
,Hitachi,EX 20UR-1,Hitachi EX 20UR-1,,,
,Hitachi,EX 20UR-3,Hitachi EX 20UR-3,,,
,Hitachi,EX 21,Hitachi EX 21,,,
,Hitachi,EX 22,Hitachi EX 22,,,
,Hitachi,EX 22-1,Hitachi EX 22-1,,,
,Hitachi,EX 22-2,Hitachi EX 22-2,,,
,Hitachi,EX 24,Hitachi EX 24,,,
,Hitachi,EX 24U,Hitachi EX 24U,,,
,Hitachi,EX 25,Hitachi EX 25,,,
,Hitachi,EX 25-1,Hitachi EX 25-1,,,
,Hitachi,EX 25-2,Hitachi EX 25-2,,,
,Hitachi,EX 25U,Hitachi EX 25U,,,
,Hitachi,EX 26,Hitachi EX 26,,,
,Hitachi,EX 27,Hitachi EX 27,,,
,Hitachi,EX 27U,Hitachi EX 27U,,,
,Hitachi,EX 29U,Hitachi EX 29U,,,
,Hitachi,EX 29UR,Hitachi EX 29UR,,,
,Hitachi,EX 30,Hitachi EX 30,,,
,Hitachi,EX 30-1,Hitachi EX 30-1,,,
,Hitachi,EX 30-2,Hitachi EX 30-2,,,
,Hitachi,EX 30U Lotus root,Hitachi EX 30U Lotus root,,,
,Hitachi,EX 30UR,Hitachi EX 30UR,,,
,Hitachi,EX 30UR-1,Hitachi EX 30UR-1,,,
,Hitachi,EX 30UR-2,Hitachi EX 30UR-2,,,
,Hitachi,EX 30UR-3,Hitachi EX 30UR-3,,,
,Hitachi,EX 32U,Hitachi EX 32U,,,
,Hitachi,EX 33,Hitachi EX 33,,,
,Hitachi,EX 33Mu,Hitachi EX 33Mu,,,
,Hitachi,EX 33U,Hitachi EX 33U,,,
,Hitachi,EX 33U-3,Hitachi EX 33U-3,,,
,Hitachi,EX 35,Hitachi EX 35,,,
,Hitachi,EX 35-1,Hitachi EX 35-1,,,
,Hitachi,EX 35-2,Hitachi EX 35-2,,,
,Hitachi,EX 35U,Hitachi EX 35U,,,
,Hitachi,EX 36U,Hitachi EX 36U,,,
,Hitachi,EX 40,Hitachi EX 40,,,
,Hitachi,EX 40-2,Hitachi EX 40-2,,,
,Hitachi,EX 40U,Hitachi EX 40U,,,
,Hitachi,EX 40UR,Hitachi EX 40UR,,,
,Hitachi,EX 40UR-1,Hitachi EX 40UR-1,,,
,Hitachi,EX 40UR-2,Hitachi EX 40UR-2,,,
,Hitachi,EX 40URG,Hitachi EX 40URG,,,
,Hitachi,EX 45,Hitachi EX 45,,,
,Hitachi,EX 45-2,Hitachi EX 45-2,,,
,Hitachi,EX 50,Hitachi EX 50,,,
,Hitachi,EX 50-1,Hitachi EX 50-1,,,
,Hitachi,EX 50-2,Hitachi EX 50-2,,,
,Hitachi,EX 50U,Hitachi EX 50U,,,
,Hitachi,EX 50UR,Hitachi EX 50UR,,,
,Hitachi,EX 50UR-2,Hitachi EX 50UR-2,,,
,Hitachi,EX 50URG,Hitachi EX 50URG,,,
,Hitachi,EX 55,Hitachi EX 55,,,
,Hitachi,EX 55UR,Hitachi EX 55UR,,,
,Hitachi,EX 55UR-2,Hitachi EX 55UR-2,,,
,Hitachi,EX 55UR-3,Hitachi EX 55UR-3,,,
,Hitachi,EX 55URG,Hitachi EX 55URG,,,
,Hitachi,EX 58,Hitachi EX 58,,,
,Hitachi,EX 58Mu,Hitachi EX 58Mu,,,
,Hitachi,EX 60 LC,Hitachi EX 60 LC,,,
,Hitachi,EX 60 LC-2,Hitachi EX 60 LC-2,,,
,Hitachi,EX 60 LC-3,Hitachi EX 60 LC-3,,,
,Hitachi,EX 60 LC-5,Hitachi EX 60 LC-5,,,
,Hitachi,EX 60 URG-2,Hitachi EX 60 URG-2,,,
,Hitachi,EX 7,Hitachi EX 7,,,
,Hitachi,EX 70U,Hitachi EX 70U,,,
,Hitachi,EX 75-2,Hitachi EX 75-2,,,
,Hitachi,EX 75UR,Hitachi EX 75UR,,,
,Hitachi,EX 75UR-2,Hitachi EX 75UR-2,,,
,Hitachi,EX 75UR-3 (SN < 1530),Hitachi EX 75UR-3 (SN < 1530),,,
,Hitachi,EX 75UR-3 (SN > 1529),Hitachi EX 75UR-3 (SN > 1529),,,
,Hitachi,EX 75UR-5,Hitachi EX 75UR-5,,,
,Hitachi,EX 75US,Hitachi EX 75US,,,
,Hitachi,EX 75US-7 ('2001),Hitachi EX 75US-7 ('2001),,,
,Hitachi,EX 8,Hitachi EX 8,,,
,Hitachi,EX 8-1,Hitachi EX 8-1,,,
,Hitachi,EX 8-2,Hitachi EX 8-2,,,
,Hitachi,EX 8-2B,Hitachi EX 8-2B,,,
,Hitachi,EX 80U,Hitachi EX 80U,,,
,Hitachi,Ex 18-2,Hitachi Ex 18-2,,,
,Hitachi,HE 10,Hitachi HE 10,,,
,Hitachi,HE 15,Hitachi HE 15,,,
,Hitachi,HX 140B (Crane) (OEM400x72.5x72),Hitachi HX 140B (Crane) (OEM400x72.5x72),,,
,Hitachi,HX 64B (Lifting platform),Hitachi HX 64B (Lifting platform),,,
,Hitachi,HX 99B (Crane),Hitachi HX 99B (Crane),,,
,Hitachi,HX 99B (Lifting platform),Hitachi HX 99B (Lifting platform),,,
,Hitachi,HX 99B-2 (Lifting platform),Hitachi HX 99B-2 (Lifting platform),,,
,Hitachi,ME 15,Hitachi ME 15,,,
,Hitachi,ME 15S,Hitachi ME 15S,,,
,Hitachi,SH 15-2,Hitachi SH 15-2,,,
,Hitachi,SH 30-2,Hitachi SH 30-2,,,
,Hitachi,SH 40-2,Hitachi SH 40-2,,,
,Hitachi,SH 45-2,Hitachi SH 45-2,,,
,Hitachi,UE 004,Hitachi UE 004,,,
,Hitachi,UE 10,Hitachi UE 10,,,
,Hitachi,UE 12,Hitachi UE 12,,,
,Hitachi,UE 15,Hitachi UE 15,,,
,Hitachi,UE 15SR,Hitachi UE 15SR,,,
,Hitachi,UE 20,Hitachi UE 20,,,
,Hitachi,UE 30 (OEM 300x52.5x84),Hitachi UE 30 (OEM 300x52.5x84),,,
,Hitachi,UE 35,Hitachi UE 35,,,
,Hitachi,UE 40,Hitachi UE 40,,,
,Hitachi,UE 45,Hitachi UE 45,,,
,Hitachi,UE 50,Hitachi UE 50,,,
,Hitachi,ZE 19,Hitachi ZE 19,,,
,Hitachi,ZX 10U,Hitachi ZX 10U,,,
,Hitachi,ZX 10U-2,Hitachi ZX 10U-2,,,
,Hitachi,ZX 135,Hitachi ZX 135,,,
,Hitachi,ZX 14-3,Hitachi ZX 14-3,,,
,Hitachi,ZX 16,Hitachi ZX 16,,,
,Hitachi,ZX 16-3,Hitachi ZX 16-3,,,
,Hitachi,ZX 16YLR,Hitachi ZX 16YLR,,,
,Hitachi,ZX 17U-2,Hitachi ZX 17U-2,,,
,Hitachi,ZX 17U-2YLR,Hitachi ZX 17U-2YLR,,,
,Hitachi,ZX 17U-5,Hitachi ZX 17U-5,,,
,Hitachi,ZX 17U-6,Hitachi ZX 17U-6,,,
,Hitachi,ZX 18,Hitachi ZX 18,,,
,Hitachi,ZX 18-3,Hitachi ZX 18-3,,,
,Hitachi,ZX 19U-5,Hitachi ZX 19U-5,,,
,Hitachi,ZX 19U-6,Hitachi ZX 19U-6,,,
,Hitachi,ZX 22U,Hitachi ZX 22U,,,
,Hitachi,ZX 22U-2,Hitachi ZX 22U-2,,,
,Hitachi,ZX 25,Hitachi ZX 25,,,
,Hitachi,ZX 25CLR,Hitachi ZX 25CLR,,,
,Hitachi,ZX 26U-5,Hitachi ZX 26U-5,,,
,Hitachi,ZX 27U,Hitachi ZX 27U,,,
,Hitachi,ZX 27U-2,Hitachi ZX 27U-2,,,
,Hitachi,ZX 27U-3,Hitachi ZX 27U-3,,,
,Hitachi,ZX 29U,Hitachi ZX 29U,,,
,Hitachi,ZX 29U-3,Hitachi ZX 29U-3,,,
,Hitachi,ZX 30,Hitachi ZX 30,,,
,Hitachi,ZX 30U,Hitachi ZX 30U,,,
,Hitachi,ZX 30U-2,Hitachi ZX 30U-2,,,
,Hitachi,ZX 30U-3F,Hitachi ZX 30U-3F,,,
,Hitachi,ZX 33U,Hitachi ZX 33U,,,
,Hitachi,ZX 33U-3,Hitachi ZX 33U-3,,,
,Hitachi,ZX 33U-5,Hitachi ZX 33U-5,,,
,Hitachi,ZX 35,Hitachi ZX 35,,,
,Hitachi,ZX 35U-2,Hitachi ZX 35U-2,,,
,Hitachi,ZX 35U-3,Hitachi ZX 35U-3,,,
,Hitachi,ZX 35U-5,Hitachi ZX 35U-5,,,
,Hitachi,ZX 38U,Hitachi ZX 38U,,,
,Hitachi,ZX 38U-3,Hitachi ZX 38U-3,,,
,Hitachi,ZX 38U-5,Hitachi ZX 38U-5,,,
,Hitachi,ZX 40,Hitachi ZX 40,,,
,Hitachi,ZX 40U,Hitachi ZX 40U,,,
,Hitachi,ZX 40U-2,Hitachi ZX 40U-2,,,
,Hitachi,ZX 40U-3,Hitachi ZX 40U-3,,,
,Hitachi,ZX 48 U-3,Hitachi ZX 48 U-3,,,
,Hitachi,ZX 48 U-5,Hitachi ZX 48 U-5,,,
,Hitachi,ZX 50,Hitachi ZX 50,,,
,Hitachi,ZX 50U (SN < 7001 ),Hitachi ZX 50U (SN < 7001 ),,,
,Hitachi,ZX 50U (SN > 7000 ),Hitachi ZX 50U (SN > 7000 ),,,
,Hitachi,ZX 50U-2,Hitachi ZX 50U-2,,,
,Hitachi,ZX 50U-3,Hitachi ZX 50U-3,,,
,Hitachi,ZX 50U-5,Hitachi ZX 50U-5,,,
,Hitachi,ZX 52U,Hitachi ZX 52U,,,
,Hitachi,ZX 52U-3,Hitachi ZX 52U-3,,,
,Hitachi,ZX 55U,Hitachi ZX 55U,,,
,Hitachi,ZX 55U-5,Hitachi ZX 55U-5,,,
,Hitachi,ZX 55U-6,Hitachi ZX 55U-6,,,
,Hitachi,ZX 60U-3,Hitachi ZX 60U-3,,,
,Hitachi,ZX 60U-5,Hitachi ZX 60U-5,,,
,Hitachi,ZX 60USB,Hitachi ZX 60USB,,,
,Hitachi,ZX 60USB-3,Hitachi ZX 60USB-3,,,
,Hitachi,ZX 60USB-5N,Hitachi ZX 60USB-5N,,,
,Hitachi,ZX 65U-5,Hitachi ZX 65U-5,,,
,Hitachi,ZX 65USB-6,Hitachi ZX 65USB-6,,,
,Hitachi,ZX 70LC,Hitachi ZX 70LC,,,
,Hitachi,ZX 75US,Hitachi ZX 75US,,,
,Hitachi,ZX 8-2,Hitachi ZX 8-2,,,
,Hitachi,ZX 80LC,Hitachi ZX 80LC,,,
,Hitachi,ZX 85,Hitachi ZX 85,,,
,Hitachi,ZX 85US,Hitachi ZX 85US,,,
,Hitachi,ZX 85US-3,Hitachi ZX 85US-3,,,
,Hitachi,ZX 85US-5A,Hitachi ZX 85US-5A,,,
,Hokuetsu,HM 07S,Hokuetsu HM 07S,,,
,Hokuetsu,HM 10,Hokuetsu HM 10,,,
,Hokuetsu,HM 10G,Hokuetsu HM 10G,,,
,Hokuetsu,HM 10SG,Hokuetsu HM 10SG,,,
,Hokuetsu,HM 15,Hokuetsu HM 15,,,
,Hokuetsu,HM 15S,Hokuetsu HM 15S,,,
,Hokuetsu,HM 30SZG,Hokuetsu HM 30SZG,,,
,Hokuetsu,HM 45,Hokuetsu HM 45,,,
,Holmac,HM 200,Holmac HM 200,,,
,Holmac,HZC 16-22,Holmac HZC 16-22,,,
,Holmac,HZC 24,Holmac HZC 24,,,
,Holmac,HZC 25,Holmac HZC 25,,,
,Holmac,HZC 26-20,Holmac HZC 26-20,,,
,Holmac,HZC 26TL (Long side),Holmac HZC 26TL (Long side),,,
,Holmac,HZC 26TL (Short side),Holmac HZC 26TL (Short side),,,
,Holmac,HZC 29 2X,Holmac HZC 29 2X,,,
,Holmac,HZC 35,Holmac HZC 35,,,
,Holmac,HZC 35T,Holmac HZC 35T,,,
,Holmac,HZC 37,Holmac HZC 37,,,
,Holman,R 13700,Holman R 13700,,,
,Holmed,Mini-excavator,Holmed Mini-excavator,,,
,Honda,B 114,Honda B 114,,,
,Honda,B 415,Honda B 415,,,
,Honda,HP 250 (carrier) [OEM 180x60x30],Honda HP 250 (carrier) [OEM 180x60x30],,,
,Honda,HP 350 (carrier) [OEM 180x60x34],Honda HP 350 (carrier) [OEM 180x60x34],,,
,Honda,HP 400 (carrier) [OEM 180x60x37],Honda HP 400 (carrier) [OEM 180x60x37],,,
,Honda,HP 500 (carrier) [OEM 180x60x37],Honda HP 500 (carrier) [OEM 180x60x37],,,
,Honda,HP 510 (carrier),Honda HP 510 (carrier),,,
,Honda,HP 515 (carrier),Honda HP 515 (carrier),,,
,Honda,HP 516 (carrier),Honda HP 516 (carrier),,,
,Honda,HP 800A (mini dumper),Honda HP 800A (mini dumper),,,
,Honda,SC 156DD (Carrier),Honda SC 156DD (Carrier),,,
,Honda,SC 433 (Carrier),Honda SC 433 (Carrier),,,
,Huki,110 (Dumper),Huki 110 (Dumper),,,
,Huki,120H (Dumper),Huki 120H (Dumper),,,
,Huki,130 (Dumper),Huki 130 (Dumper),,,
,Huki,150 (Dumper),Huki 150 (Dumper),,,
,Huki,150R (Dumper),Huki 150R (Dumper),,,
,Huki,150S (Dumper),Huki 150S (Dumper),,,
,Huki,700-2 (Dumper),Huki 700-2 (Dumper),,,
,Huki,80 (Dumper),Huki 80 (Dumper),,,
,Huki,D 50,Huki D 50,,,
,Husqvarna,DXR 140,Husqvarna DXR 140,,,
,Husqvarna,DXR 270,Husqvarna DXR 270,,,
,Husqvarna,DXR 300,Husqvarna DXR 300,,,
,Husqvarna,DXR 310,Husqvarna DXR 310,,,
,Husqvarna,DXR250,Husqvarna DXR250,,,
,Hutte,HBR 202TF,Hutte HBR 202TF,,,
,Hutter,14 G2,Hutter 14 G2,,,
,Hydra,9 / 2 (Sky lifter),Hydra 9 / 2 (Sky lifter),,,
,Hydra,JOY 1 (Drilling machine),Hydra JOY 1 (Drilling machine),,,
,Hydra,JOY 2 (Drilling machine),Hydra JOY 2 (Drilling machine),,,
,Hydramac,H 15,Hydramac H 15,,,
,Hydramac,H 20,Hydramac H 20,,,
,Hydro Rain,EUROPA H20,Hydro Rain EUROPA H20,,,
,Hyundai,HX10A,Hyundai HX10A,,,
,Hyundai,R 35 Z-9,Hyundai R 35 Z-9,,,
,Hyundai,Robex 15-5,Hyundai Robex 15-5,,,
,Hyundai,Robex 15-7,Hyundai Robex 15-7,,,
,Hyundai,Robex 16-7,Hyundai Robex 16-7,,,
,Hyundai,Robex 16-9,Hyundai Robex 16-9,,,
,Hyundai,Robex 17z-9a,Hyundai Robex 17z-9a,,,
,Hyundai,Robex 18-9,Hyundai Robex 18-9,,,
,Hyundai,Robex 25z-9ak,Hyundai Robex 25z-9ak,,,
,Hyundai,Robex 27Z-9,Hyundai Robex 27Z-9,,,
,Hyundai,Robex 28-5,Hyundai Robex 28-5,,,
,Hyundai,Robex 30,Hyundai Robex 30,,,
,Hyundai,Robex 30z-9a,Hyundai Robex 30z-9a,,,
,Hyundai,Robex 30z-9ak,Hyundai Robex 30z-9ak,,,
,Hyundai,Robex 35-9,Hyundai Robex 35-9,,,
,Hyundai,Robex 35Z-7A,Hyundai Robex 35Z-7A,,,
,Hyundai,Robex 35z-9a,Hyundai Robex 35z-9a,,,
,Hyundai,Robex 35z-9ak,Hyundai Robex 35z-9ak,,,
,Hyundai,Robex 36-7,Hyundai Robex 36-7,,,
,Hyundai,Robex 55-3,Hyundai Robex 55-3,,,
,Hyundai,Robex 55-7,Hyundai Robex 55-7,,,
,Hyundai,Robex 55-9,Hyundai Robex 55-9,,,
,Hyundai,Robex 55-9a,Hyundai Robex 55-9a,,,
,Hyundai,Robex 60cr-9a,Hyundai Robex 60cr-9a,,,
,Hyundai,Robex 75-7,Hyundai Robex 75-7,,,
,Hyundai,Robex 80CR-9,Hyundai Robex 80CR-9,,,
,Hyundai,Robex R60 CR-9,Hyundai Robex R60 CR-9,,,
,ICE(Internationalstruction Equipment INC,TD 308 (>2004 model),ICE(Internationalstruction Equipment INC TD 308 (>2004 model),,,
,IHI,102 (dumper) ('2002),IHI 102 (dumper) ('2002),,,
,IHI,102R (dumper) ('2002),IHI 102R (dumper) ('2002),,,
,IHI,103 (dumper) ('2002),IHI 103 (dumper) ('2002),,,
,IHI,103E (dumper) ('2002),IHI 103E (dumper) ('2002),,,
,IHI,107 (Carrier),IHI 107 (Carrier),,,
,IHI,10Z,IHI 10Z,,,
,IHI,12J,IHI 12J,,,
,IHI,12JX,IHI 12JX,,,
,IHI,12NX,IHI 12NX,,,
,IHI,12VXE,IHI 12VXE,,,
,IHI,14NXT,IHI 14NXT,,,
,IHI,15J,IHI 15J,,,
,IHI,15NX,IHI 15NX,,,
,IHI,16N,IHI 16N,,,
,IHI,16NXT,IHI 16NXT,,,
,IHI,17J,IHI 17J,,,
,IHI,17NE('2002),IHI 17NE('2002),,,
,IHI,17VXE,IHI 17VXE,,,
,IHI,18J,IHI 18J,,,
,IHI,18N,IHI 18N,,,
,IHI,18NXT,IHI 18NXT,,,
,IHI,19VXT,IHI 19VXT,,,
,IHI,20JX,IHI 20JX,,,
,IHI,20NX,IHI 20NX,,,
,IHI,20NX-2,IHI 20NX-2,,,
,IHI,20Z,IHI 20Z,,,
,IHI,22UX,IHI 22UX,,,
,IHI,25J,IHI 25J,,,
,IHI,25JX,IHI 25JX,,,
,IHI,25NX,IHI 25NX,,,
,IHI,25VX,IHI 25VX,,,
,IHI,27V4,IHI 27V4,,,
,IHI,28J,IHI 28J,,,
,IHI,28N,IHI 28N,,,
,IHI,28N-2,IHI 28N-2,,,
,IHI,28N-3,IHI 28N-3,,,
,IHI,28UX,IHI 28UX,,,
,IHI,30J,IHI 30J,,,
,IHI,30JX,IHI 30JX,,,
,IHI,30NX,IHI 30NX,,,
,IHI,30NX-2,IHI 30NX-2,,,
,IHI,30UJ,IHI 30UJ,,,
,IHI,30UX,IHI 30UX,,,
,IHI,30V4,IHI 30V4,,,
,IHI,30VX,IHI 30VX,,,
,IHI,30Z,IHI 30Z,,,
,IHI,32J,IHI 32J,,,
,IHI,35FX,IHI 35FX,,,
,IHI,35J,IHI 35J,,,
,IHI,35JX,IHI 35JX,,,
,IHI,35N,IHI 35N,,,
,IHI,35NX,IHI 35NX,,,
,IHI,35NX-2,IHI 35NX-2,,,
,IHI,35UJ,IHI 35UJ,,,
,IHI,35VX,IHI 35VX,,,
,IHI,38N,IHI 38N,,,
,IHI,38UJ,IHI 38UJ,,,
,IHI,40G-1,IHI 40G-1,,,
,IHI,40GX-2,IHI 40GX-2,,,
,IHI,40J,IHI 40J,,,
,IHI,40JX,IHI 40JX,,,
,IHI,40NX,IHI 40NX,,,
,IHI,40Z,IHI 40Z,,,
,IHI,45J,IHI 45J,,,
,IHI,45J-2,IHI 45J-2,,,
,IHI,45N,IHI 45N,,,
,IHI,45NX,IHI 45NX,,,
,IHI,45UJ,IHI 45UJ,,,
,IHI,45UJ-2,IHI 45UJ-2,,,
,IHI,45V4,IHI 45V4,,,
,IHI,50J,IHI 50J,,,
,IHI,50NX,IHI 50NX,,,
,IHI,50UX,IHI 50UX,,,
,IHI,50VX,IHI 50VX,,,
,IHI,50Z,IHI 50Z,,,
,IHI,55J,IHI 55J,,,
,IHI,55J-2,IHI 55J-2,,,
,IHI,55N,IHI 55N,,,
,IHI,55UJ,IHI 55UJ,,,
,IHI,55UX,IHI 55UX,,,
,IHI,55V4,IHI 55V4,,,
,IHI,55VX,IHI 55VX,,,
,IHI,55VX-3,IHI 55VX-3,,,
,IHI,60V4,IHI 60V4,,,
,IHI,65NX,IHI 65NX,,,
,IHI,65UJ,IHI 65UJ,,,
,IHI,65UX,IHI 65UX,,,
,IHI,65VX,IHI 65VX,,,
,IHI,65VX-2,IHI 65VX-2,,,
,IHI,70Z,IHI 70Z,,,
,IHI,75NX,IHI 75NX,,,
,IHI,75UJ,IHI 75UJ,,,
,IHI,7GX,IHI 7GX,,,
,IHI,7J,IHI 7J,,,
,IHI,7JE,IHI 7JE,,,
,IHI,80NX,IHI 80NX,,,
,IHI,80NX-3,IHI 80NX-3,,,
,IHI,80VX,IHI 80VX,,,
,IHI,80VX-3,IHI 80VX-3,,,
,IHI,85V-4,IHI 85V-4,,,
,IHI,9NX,IHI 9NX,,,
,IHI,9VX,IHI 9VX,,,
,IHI,CARRY 105,IHI CARRY 105,,,
,IHI,CARRY 107,IHI CARRY 107,,,
,IHI,CARRY 110,IHI CARRY 110,,,
,IHI,CCH 30T(Minicare),IHI CCH 30T(Minicare),,,
,IHI,CCH 30T(pick ace crane),IHI CCH 30T(pick ace crane),,,
,IHI,IM R15,IHI IM R15,,,
,IHI,IS 07,IHI IS 07,,,
,IHI,IS 10,IHI IS 10,,,
,IHI,IS 10C,IHI IS 10C,,,
,IHI,IS 10F,IHI IS 10F,,,
,IHI,IS 10FX,IHI IS 10FX,,,
,IHI,IS 10G,IHI IS 10G,,,
,IHI,IS 10GX,IHI IS 10GX,,,
,IHI,IS 10S,IHI IS 10S,,,
,IHI,IS 10Z,IHI IS 10Z,,,
,IHI,IS 11X,IHI IS 11X,,,
,IHI,IS 12,IHI IS 12,,,
,IHI,IS 12C,IHI IS 12C,,,
,IHI,IS 12G,IHI IS 12G,,,
,IHI,IS 12GX,IHI IS 12GX,,,
,IHI,IS 12JX,IHI IS 12JX,,,
,IHI,IS 12NX,IHI IS 12NX,,,
,IHI,IS 12S,IHI IS 12S,,,
,IHI,IS 14,IHI IS 14,,,
,IHI,IS 14G,IHI IS 14G,,,
,IHI,IS 14GX,IHI IS 14GX,,,
,IHI,IS 14GX-2,IHI IS 14GX-2,,,
,IHI,IS 14GX-3,IHI IS 14GX-3,,,
,IHI,IS 14PX,IHI IS 14PX,,,
,IHI,IS 15J,IHI IS 15J,,,
,IHI,IS 17J,IHI IS 17J,,,
,IHI,IS 17JE,IHI IS 17JE,,,
,IHI,IS 18J,IHI IS 18J,,,
,IHI,IS 18UJ,IHI IS 18UJ,,,
,IHI,IS 20JX,IHI IS 20JX,,,
,IHI,IS 20LX,IHI IS 20LX,,,
,IHI,IS 22UX,IHI IS 22UX,,,
,IHI,IS 25G,IHI IS 25G,,,
,IHI,IS 25GX,IHI IS 25GX,,,
,IHI,IS 25J,IHI IS 25J,,,
,IHI,IS 25JX,IHI IS 25JX,,,
,IHI,IS 25NX,IHI IS 25NX,,,
,IHI,IS 27,IHI IS 27,,,
,IHI,IS 27G,IHI IS 27G,,,
,IHI,IS 27GX,IHI IS 27GX,,,
,IHI,IS 28,IHI IS 28,,,
,IHI,IS 28G,IHI IS 28G,,,
,IHI,IS 28G3,IHI IS 28G3,,,
,IHI,IS 28GX,IHI IS 28GX,,,
,IHI,IS 28J,IHI IS 28J,,,
,IHI,IS 28JX,IHI IS 28JX,,,
,IHI,IS 28LX,IHI IS 28LX,,,
,IHI,IS 28PX,IHI IS 28PX,,,
,IHI,IS 28UX,IHI IS 28UX,,,
,IHI,IS 28UX-2,IHI IS 28UX-2,,,
,IHI,IS 30G,IHI IS 30G,,,
,IHI,IS 30GX,IHI IS 30GX,,,
,IHI,IS 30GX-2,IHI IS 30GX-2,,,
,IHI,IS 30GX-3,IHI IS 30GX-3,,,
,IHI,IS 30J,IHI IS 30J,,,
,IHI,IS 30JX,IHI IS 30JX,,,
,IHI,IS 30NX,IHI IS 30NX,,,
,IHI,IS 30NX-2,IHI IS 30NX-2,,,
,IHI,IS 30UJ,IHI IS 30UJ,,,
,IHI,IS 30UJ-2,IHI IS 30UJ-2,,,
,IHI,IS 30Z,IHI IS 30Z,,,
,IHI,IS 32J,IHI IS 32J,,,
,IHI,IS 35G,IHI IS 35G,,,
,IHI,IS 35G-1,IHI IS 35G-1,,,
,IHI,IS 35G-2,IHI IS 35G-2,,,
,IHI,IS 35GX,IHI IS 35GX,,,
,IHI,IS 35GX-1,IHI IS 35GX-1,,,
,IHI,IS 35GX-2,IHI IS 35GX-2,,,
,IHI,IS 35GX-3,IHI IS 35GX-3,,,
,IHI,IS 35J,IHI IS 35J,,,
,IHI,IS 35JX,IHI IS 35JX,,,
,IHI,IS 35NX,IHI IS 35NX,,,
,IHI,IS 35UJ,IHI IS 35UJ,,,
,IHI,IS 38UJ,IHI IS 38UJ,,,
,IHI,IS 38UX,IHI IS 38UX,,,
,IHI,IS 40J,IHI IS 40J,,,
,IHI,IS 40JX,IHI IS 40JX,,,
,IHI,IS 40NX,IHI IS 40NX,,,
,IHI,IS 40UJ,IHI IS 40UJ,,,
,IHI,IS 40Z,IHI IS 40Z,,,
,IHI,IS 45J,IHI IS 45J,,,
,IHI,IS 45NX,IHI IS 45NX,,,
,IHI,IS 45UJ,IHI IS 45UJ,,,
,IHI,IS 50G,IHI IS 50G,,,
,IHI,IS 50G3,IHI IS 50G3,,,
,IHI,IS 50GX,IHI IS 50GX,,,
,IHI,IS 50UJ,IHI IS 50UJ,,,
,IHI,IS 50UX,IHI IS 50UX,,,
,IHI,IS 50Z,IHI IS 50Z,,,
,IHI,IS 55,IHI IS 55,,,
,IHI,IS 55G,IHI IS 55G,,,
,IHI,IS 55G-3,IHI IS 55G-3,,,
,IHI,IS 55J,IHI IS 55J,,,
,IHI,IS 55LX,IHI IS 55LX,,,
,IHI,IS 55N,IHI IS 55N,,,
,IHI,IS 55U-1,IHI IS 55U-1,,,
,IHI,IS 55U-2,IHI IS 55U-2,,,
,IHI,IS 55UJ,IHI IS 55UJ,,,
,IHI,IS 55UX,IHI IS 55UX,,,
,IHI,IS 65UJ,IHI IS 65UJ,,,
,IHI,IS 65UJ3,IHI IS 65UJ3,,,
,IHI,IS 70Z,IHI IS 70Z,,,
,IHI,IS 75F,IHI IS 75F,,,
,IHI,IS 75F UJ,IHI IS 75F UJ,,,
,IHI,IS 7FX,IHI IS 7FX,,,
,IHI,IS 7GX,IHI IS 7GX,,,
,IHI,IS 7GX-2,IHI IS 7GX-2,,,
,IHI,IS 7GX-3,IHI IS 7GX-3,,,
,IHI,IS 7J,IHI IS 7J,,,
,IHI,IS 7P,IHI IS 7P,,,
,IHI,IS 80NX,IHI IS 80NX,,,
,IHI,IS9UX-2 (S/N > 1592000),IHI IS9UX-2 (S/N > 1592000),,,
,IHI,IS9UX-3,IHI IS9UX-3,,,
,IHI,MC 15,IHI MC 15,,,
,IHI,T 840,IHI T 840,,,
,INOVA,INOVA,INOVA INOVA,,,
,Imai,SPD 265C,Imai SPD 265C,,,
,Imai,SPD 360C,Imai SPD 360C,,,
,Imef,HE 1.15,Imef HE 1.15,,,
,Imef,HE 12,Imef HE 12,,,
,Imef,HE 14,Imef HE 14,,,
,Imef,HE 14S,Imef HE 14S,,,
,Imef,HE 16,Imef HE 16,,,
,Imef,HE 16S,Imef HE 16S,,,
,Imef,HE 18,Imef HE 18,,,
,Imef,HE 185,Imef HE 185,,,
,Imef,HE 18S,Imef HE 18S,,,
,Imef,HE 230,Imef HE 230,,,
,Imef,HE 31,Imef HE 31,,,
,Imef,HE 32,Imef HE 32,,,
,Imef,HT 6.01 (Carrier),Imef HT 6.01 (Carrier),,,
,Imer,CC 1500,Imer CC 1500,,,
,Imer,CC 450,Imer CC 450,,,
,Imer,CC 600,Imer CC 600,,,
,Imer,CC 800,Imer CC 800,,,
,Imer,IM R19,Imer IM R19,,,
,Italmec,Platform,Italmec Platform,,,
,JCB,100C-1,JCB 100C-1,,,
,JCB,16C-1,JCB 16C-1,,,
,JCB,18Z-1,JCB 18Z-1,,,
,JCB,19C-1,JCB 19C-1,,,
,JCB,35Z-1,JCB 35Z-1,,,
,JCB,45Z-1,JCB 45Z-1,,,
,JCB,48Z-1,JCB 48Z-1,,,
,JCB,51R-1,JCB 51R-1,,,
,JCB,55Z-1,JCB 55Z-1,,,
,JCB,57C-1,JCB 57C-1,,,
,JCB,65R,JCB 65R,,,
,JCB,67C,JCB 67C,,,
,JCB,8008 'Micro 800',JCB 8008 'Micro 800',,,
,JCB,8008CTS,JCB 8008CTS,,,
,JCB,801 (S/N<649729),JCB 801 (S/N<649729),,,
,JCB,801 (S/N>649730),JCB 801 (S/N>649730),,,
,JCB,"801,2ZTS","JCB 801,2ZTS",,,
,JCB,"801,7 (S/N > 649730)","JCB 801,7 (S/N > 649730)",,,
,JCB,801.4,JCB 801.4,,,
,JCB,801.5,JCB 801.5,,,
,JCB,801.6,JCB 801.6,,,
,JCB,801.8,JCB 801.8,,,
,JCB,8010 'Micro 1000',JCB 8010 'Micro 1000',,,
,JCB,8012 'Micro 1000',JCB 8012 'Micro 1000',,,
,JCB,8013,JCB 8013,,,
,JCB,8014,JCB 8014,,,
,JCB,8014 ('05/2005 - SN: 1156000),JCB 8014 ('05/2005 - SN: 1156000),,,
,JCB,8014 CTS,JCB 8014 CTS,,,
,JCB,8014 Super,JCB 8014 Super,,,
,JCB,8015,JCB 8015,,,
,JCB,8015-2,JCB 8015-2,,,
,JCB,8016,JCB 8016,,,
,JCB,8016 ('05/2005 - SN: 1155000 - 115 5334),JCB 8016 ('05/2005 - SN: 1155000 - 115 5334),,,
,JCB,8016 Super,JCB 8016 Super,,,
,JCB,8017,JCB 8017,,,
,JCB,8018,JCB 8018,,,
,JCB,8018 CTS,JCB 8018 CTS,,,
,JCB,8018 Super,JCB 8018 Super,,,
,JCB,8018 TG,JCB 8018 TG,,,
,JCB,8018 ZTS,JCB 8018 ZTS,,,
,JCB,8018X ('05/2005 - SN 1046000),JCB 8018X ('05/2005 - SN 1046000),,,
,JCB,801FDI,JCB 801FDI,,,
,JCB,801R (models &gt; 02/'93),JCB 801R (models &gt; 02/'93),,,
,JCB,801R (models &lt; 02/'93),JCB 801R (models &lt; 02/'93),,,
,JCB,802,JCB 802,,,
,JCB,802 Plus,JCB 802 Plus,,,
,JCB,802 Super,JCB 802 Super,,,
,JCB,"802,7 ZTS","JCB 802,7 ZTS",,,
,JCB,802.4,JCB 802.4,,,
,JCB,802.7,JCB 802.7,,,
,JCB,802.7 Plus,JCB 802.7 Plus,,,
,JCB,8020,JCB 8020,,,
,JCB,8020CTS,JCB 8020CTS,,,
,JCB,8025ZTS,JCB 8025ZTS,,,
,JCB,8025ZTS(Long),JCB 8025ZTS(Long),,,
,JCB,8026,JCB 8026,,,
,JCB,8026CTS,JCB 8026CTS,,,
,JCB,8027Z('2002),JCB 8027Z('2002),,,
,JCB,8027ZTS,JCB 8027ZTS,,,
,JCB,8029CTS,JCB 8029CTS,,,
,JCB,803,JCB 803,,,
,JCB,803 Magnum,JCB 803 Magnum,,,
,JCB,803 Plus,JCB 803 Plus,,,
,JCB,803 Super,JCB 803 Super,,,
,JCB,"803,2ZTS","JCB 803,2ZTS",,,
,JCB,8030ZTS,JCB 8030ZTS,,,
,JCB,8032Z('2002),JCB 8032Z('2002),,,
,JCB,8032ZTS,JCB 8032ZTS,,,
,JCB,8035Z,JCB 8035Z,,,
,JCB,803E,JCB 803E,,,
,JCB,804,JCB 804,,,
,JCB,804 Plus,JCB 804 Plus,,,
,JCB,804 Super,JCB 804 Super,,,
,JCB,8040ZTS,JCB 8040ZTS,,,
,JCB,8045ZTS,JCB 8045ZTS,,,
,JCB,805,JCB 805,,,
,JCB,805.2,JCB 805.2,,,
,JCB,8050ZTS,JCB 8050ZTS,,,
,JCB,8052,JCB 8052,,,
,JCB,8055RTS,JCB 8055RTS,,,
,JCB,8055Z,JCB 8055Z,,,
,JCB,8055ZTS,JCB 8055ZTS,,,
,JCB,8056,JCB 8056,,,
,JCB,806,JCB 806,,,
,JCB,8060,JCB 8060,,,
,JCB,8065RTS,JCB 8065RTS,,,
,JCB,8080ZTS,JCB 8080ZTS,,,
,JCB,8085ZTS,JCB 8085ZTS,,,
,JCB,85Z-1,JCB 85Z-1,,,
,JCB,86C-1,JCB 86C-1,,,
,JCB,90Z-1,JCB 90Z-1,,,
,JCB,Dumpster,JCB Dumpster,,,
,JCB,JS 70,JCB JS 70,,,
,JCB,JZ 70,JCB JZ 70,,,
,JCB,MTl 200,JCB MTl 200,,,
,JCB,Micro,JCB Micro,,,
,JCB,Micro 8008,JCB Micro 8008,,,
,JCB,Micro Light,JCB Micro Light,,,
,JCB,Micro Plus,JCB Micro Plus,,,
,JCB,TD 10(Dumper),JCB TD 10(Dumper),,,
,JCB,TD 10SL(Dumper),JCB TD 10SL(Dumper),,,
,JCB,TD 7(Dumper),JCB TD 7(Dumper),,,
,JIEHE,JHZA-25,JIEHE JHZA-25,,,
,JLG,X14J,JLG X14J,,,
,JLG,X14JH,JLG X14JH,,,
,JLG,X17J,JLG X17J,,,
,JLG,X19J,JLG X19J,,,
,JLG,X23J,JLG X23J,,,
,JLG,X33JPlus,JLG X33JPlus,,,
,JLG,X390AJ,JLG X390AJ,,,
,JLG,X550AJ,JLG X550AJ,,,
,JLG,X700AJ,JLG X700AJ,,,
,Jekko,JF40,Jekko JF40,,,
,Jekko,SPX424CDH,Jekko SPX424CDH,,,
,Jekko,SPX527CDH,Jekko SPX527CDH,,,
,John Deere,120 (US Market),John Deere 120 (US Market),,,
,John Deere,120C (US Market),John Deere 120C (US Market),,,
,John Deere,15,John Deere 15,,,
,John Deere,17 ZTS (US Market),John Deere 17 ZTS (US Market),,,
,John Deere,17D,John Deere 17D,,,
,John Deere,17G,John Deere 17G,,,
,John Deere,240,John Deere 240,,,
,John Deere,250,John Deere 250,,,
,John Deere,260,John Deere 260,,,
,John Deere,26D,John Deere 26D,,,
,John Deere,26G,John Deere 26G,,,
,John Deere,27 ZTS (US Market),John Deere 27 ZTS (US Market),,,
,John Deere,270,John Deere 270,,,
,John Deere,27C ZTS (US Market),John Deere 27C ZTS (US Market),,,
,John Deere,27D,John Deere 27D,,,
,John Deere,280,John Deere 280,,,
,John Deere,30G,John Deere 30G,,,
,John Deere,317,John Deere 317,,,
,John Deere,317G,John Deere 317G,,,
,John Deere,320,John Deere 320,,,
,John Deere,325,John Deere 325,,,
,John Deere,325G,John Deere 325G,,,
,John Deere,328,John Deere 328,,,
,John Deere,332,John Deere 332,,,
,John Deere,35 ZTS (US Market),John Deere 35 ZTS (US Market),,,
,John Deere,35C ZTS (US Market),John Deere 35C ZTS (US Market),,,
,John Deere,35D,John Deere 35D,,,
,John Deere,35G,John Deere 35G,,,
,John Deere,50 ZTS (US Market),John Deere 50 ZTS (US Market),,,
,John Deere,50C ZTS (US Market),John Deere 50C ZTS (US Market),,,
,John Deere,50D,John Deere 50D,,,
,John Deere,50G (Verify Spocket Width),John Deere 50G (Verify Spocket Width),,,
,John Deere,60D,John Deere 60D,,,
,John Deere,60G [I Guiding],John Deere 60G [I Guiding],,,
,John Deere,60G [J Guiding],John Deere 60G [J Guiding],,,
,John Deere,75C,John Deere 75C,,,
,John Deere,75D,John Deere 75D,,,
,John Deere,75G,John Deere 75G,,,
,John Deere,85D,John Deere 85D,,,
,John Deere,85G,John Deere 85G,,,
,John Deere,8875,John Deere 8875,,,
,John Deere,CT 319 D,John Deere CT 319 D,,,
,John Deere,CT 319 E,John Deere CT 319 E,,,
,John Deere,CT 322,John Deere CT 322,,,
,John Deere,CT 323D,John Deere CT 323D,,,
,John Deere,CT 323E,John Deere CT 323E,,,
,John Deere,CT329D,John Deere CT329D,,,
,John Deere,CT329E,John Deere CT329E,,,
,John Deere,CT331G,John Deere CT331G,,,
,John Deere,CT332,John Deere CT332,,,
,John Deere,CT333D,John Deere CT333D,,,
,John Deere,CT333E,John Deere CT333E,,,
,John Deere,CT333G,John Deere CT333G,,,
,Joly,20HP (Minicarrier),Joly 20HP (Minicarrier),,,
,Kaidi,103,Kaidi 103,,,
,Kaidi,103.3,Kaidi 103.3,,,
,Kaidi,WY 1.5,Kaidi WY 1.5,,,
,Kato,70,Kato 70,,,
,Kato,85V-4,Kato 85V-4,,,
,Kato,HD 09VX3,Kato HD 09VX3,,,
,Kato,HD 140,Kato HD 140,,,
,Kato,HD 205UR,Kato HD 205UR,,,
,Kato,HD 250UR,Kato HD 250UR,,,
,Kato,HD 307('2001),Kato HD 307('2001),,,
,Kato,HD 308,Kato HD 308,,,
,Kato,HD 50UR,Kato HD 50UR,,,
,Kato,HD 510,Kato HD 510,,,
,Kato,HD 55UR,Kato HD 55UR,,,
,Kato-Imer,19VXT,Kato-Imer 19VXT,,,
,Kato-Imer,HD27V4,Kato-Imer HD27V4,,,
,Kato-Imer,HD27V5,Kato-Imer HD27V5,,,
,Kato-Imer,HD30V5,Kato-Imer HD30V5,,,
,Kato-Imer,HD35,Kato-Imer HD35,,,
,Kato-Imer,HD45V5,Kato-Imer HD45V5,,,
,Kawasaki,KE 60,Kawasaki KE 60,,,
,Kawasaki,Mini-carrier,Kawasaki Mini-carrier,,,
,Kobelco,115,Kobelco 115,,,
,Kobelco,B 53,Kobelco B 53,,,
,Kobelco,B 61,Kobelco B 61,,,
,Kobelco,B 69,Kobelco B 69,,,
,Kobelco,FC 50,Kobelco FC 50,,,
,Kobelco,SK 002,Kobelco SK 002,,,
,Kobelco,SK 005,Kobelco SK 005,,,
,Kobelco,SK 007,Kobelco SK 007,,,
,Kobelco,SK 007-1,Kobelco SK 007-1,,,
,Kobelco,SK 007-2,Kobelco SK 007-2,,,
,Kobelco,SK 007-3,Kobelco SK 007-3,,,
,Kobelco,SK 008,Kobelco SK 008,,,
,Kobelco,SK 009,Kobelco SK 009,,,
,Kobelco,SK 013,Kobelco SK 013,,,
,Kobelco,SK 013-1,Kobelco SK 013-1,,,
,Kobelco,SK 014(New),Kobelco SK 014(New),,,
,Kobelco,SK 014(Old),Kobelco SK 014(Old),,,
,Kobelco,SK 020,Kobelco SK 020,,,
,Kobelco,SK 020 Coupe,Kobelco SK 020 Coupe,,,
,Kobelco,SK 025 Coupe,Kobelco SK 025 Coupe,,,
,Kobelco,SK 030 Coupe,Kobelco SK 030 Coupe,,,
,Kobelco,SK 035 Coupe,Kobelco SK 035 Coupe,,,
,Kobelco,SK 045 Coupe,Kobelco SK 045 Coupe,,,
,Kobelco,SK 35SR,Kobelco SK 35SR,,,
,Kobelco,SK 35SR-2,Kobelco SK 35SR-2,,,
,Kobelco,SK 35SR-2E,Kobelco SK 35SR-2E,,,
,Kobelco,SK 35SR-3,Kobelco SK 35SR-3,,,
,Kobelco,SK 35SR-5,Kobelco SK 35SR-5,,,
,Kobelco,SK 35SR-6,Kobelco SK 35SR-6,,,
,Kobelco,SL 16MST,Kobelco SL 16MST,,,
,Kobelco,SS 60,Kobelco SS 60,,,
,Kobelco,SS1,Kobelco SS1,,,
,Kobelco,Sk 014-1,Kobelco Sk 014-1,,,
,Kobelco,Sk 015,Kobelco Sk 015,,,
,Kobelco,Sk 015-1,Kobelco Sk 015-1,,,
,Kobelco,Sk 024,Kobelco Sk 024,,,
,Kobelco,Sk 024-1,Kobelco Sk 024-1,,,
,Kobelco,Sk 025,Kobelco Sk 025,,,
,Kobelco,Sk 025-1,Kobelco Sk 025-1,,,
,Kobelco,Sk 025-2,Kobelco Sk 025-2,,,
,Kobelco,Sk 025SR,Kobelco Sk 025SR,,,
,Kobelco,Sk 027,Kobelco Sk 027,,,
,Kobelco,Sk 027-1,Kobelco Sk 027-1,,,
,Kobelco,Sk 030,Kobelco Sk 030,,,
,Kobelco,Sk 030-1,Kobelco Sk 030-1,,,
,Kobelco,Sk 030-2,Kobelco Sk 030-2,,,
,Kobelco,Sk 030SR,Kobelco Sk 030SR,,,
,Kobelco,Sk 030UR,Kobelco Sk 030UR,,,
,Kobelco,Sk 030UR-1,Kobelco Sk 030UR-1,,,
,Kobelco,Sk 030UR-2,Kobelco Sk 030UR-2,,,
,Kobelco,Sk 031,Kobelco Sk 031,,,
,Kobelco,Sk 032,Kobelco Sk 032,,,
,Kobelco,Sk 035,Kobelco Sk 035,,,
,Kobelco,Sk 035-1,Kobelco Sk 035-1,,,
,Kobelco,Sk 035-2,Kobelco Sk 035-2,,,
,Kobelco,Sk 035SR,Kobelco Sk 035SR,,,
,Kobelco,Sk 042,Kobelco Sk 042,,,
,Kobelco,Sk 042-1,Kobelco Sk 042-1,,,
,Kobelco,Sk 045,Kobelco Sk 045,,,
,Kobelco,Sk 045-1,Kobelco Sk 045-1,,,
,Kobelco,Sk 045-2,Kobelco Sk 045-2,,,
,Kobelco,Sk 050,Kobelco Sk 050,,,
,Kobelco,Sk 050-1,Kobelco Sk 050-1,,,
,Kobelco,Sk 060,Kobelco Sk 060,,,
,Kobelco,Sk 13SR,Kobelco Sk 13SR,,,
,Kobelco,Sk 15MSR,Kobelco Sk 15MSR,,,
,Kobelco,Sk 15R,Kobelco Sk 15R,,,
,Kobelco,Sk 15SR,Kobelco Sk 15SR,,,
,Kobelco,Sk 16MSR ('2001),Kobelco Sk 16MSR ('2001),,,
,Kobelco,Sk 17,Kobelco Sk 17,,,
,Kobelco,Sk 17 SR 3,Kobelco Sk 17 SR 3,,,
,Kobelco,Sk 17 SR 5,Kobelco Sk 17 SR 5,,,
,Kobelco,Sk 20SR,Kobelco Sk 20SR,,,
,Kobelco,Sk 20SR-3,Kobelco Sk 20SR-3,,,
,Kobelco,Sk 20UR ('2000),Kobelco Sk 20UR ('2000),,,
,Kobelco,Sk 25SR,Kobelco Sk 25SR,,,
,Kobelco,Sk 25SR-2,Kobelco Sk 25SR-2,,,
,Kobelco,Sk 25SR-6,Kobelco Sk 25SR-6,,,
,Kobelco,Sk 27,Kobelco Sk 27,,,
,Kobelco,Sk 27SR-3,Kobelco Sk 27SR-3,,,
,Kobelco,Sk 27SR-5,Kobelco Sk 27SR-5,,,
,Kobelco,Sk 28SR-6,Kobelco Sk 28SR-6,,,
,Kobelco,Sk 30SR,Kobelco Sk 30SR,,,
,Kobelco,Sk 30SR-1,Kobelco Sk 30SR-1,,,
,Kobelco,Sk 30SR-2 ('2001),Kobelco Sk 30SR-2 ('2001),,,
,Kobelco,Sk 30SR-3,Kobelco Sk 30SR-3,,,
,Kobelco,Sk 30SR-5,Kobelco Sk 30SR-5,,,
,Kobelco,Sk 30SR-6,Kobelco Sk 30SR-6,,,
,Kobelco,Sk 30UR,Kobelco Sk 30UR,,,
,Kobelco,Sk 30UR-1,Kobelco Sk 30UR-1,,,
,Kobelco,Sk 30UR-2,Kobelco Sk 30UR-2,,,
,Kobelco,Sk 40SR ('96-'06),Kobelco Sk 40SR ('96-'06),,,
,Kobelco,Sk 40SR-ZT,Kobelco Sk 40SR-ZT,,,
,Kobelco,Sk 40SR3 ('96-'06),Kobelco Sk 40SR3 ('96-'06),,,
,Kobelco,Sk 45,Kobelco Sk 45,,,
,Kobelco,Sk 45-1,Kobelco Sk 45-1,,,
,Kobelco,Sk 45SR,Kobelco Sk 45SR,,,
,Kobelco,Sk 45SR-2,Kobelco Sk 45SR-2,,,
,Kobelco,Sk 50,Kobelco Sk 50,,,
,Kobelco,Sk 50-1,Kobelco Sk 50-1,,,
,Kobelco,Sk 50SR,Kobelco Sk 50SR,,,
,Kobelco,Sk 50SR-3,Kobelco Sk 50SR-3,,,
,Kobelco,Sk 50UR,Kobelco Sk 50UR,,,
,Kobelco,Sk 50UR-1,Kobelco Sk 50UR-1,,,
,Kobelco,Sk 50UR-2,Kobelco Sk 50UR-2,,,
,Kobelco,Sk 55SRX,Kobelco Sk 55SRX,,,
,Kobelco,Sk 55SRX 6E,Kobelco Sk 55SRX 6E,,,
,Kobelco,Sk 60,Kobelco Sk 60,,,
,Kobelco,Sk 60-1,Kobelco Sk 60-1,,,
,Kobelco,Sk 60-2,Kobelco Sk 60-2,,,
,Kobelco,Sk 60-3 (untill'97),Kobelco Sk 60-3 (untill'97),,,
,Kobelco,Sk 60UR,Kobelco Sk 60UR,,,
,Kobelco,Sk 70SR,Kobelco Sk 70SR,,,
,Kobelco,Sk 70SR-1E,Kobelco Sk 70SR-1E,,,
,Kobelco,Sk 70SR-2,Kobelco Sk 70SR-2,,,
,Kobelco,Sk 75-3,Kobelco Sk 75-3,,,
,Kobelco,Sk 75SR,Kobelco Sk 75SR,,,
,Kobelco,Sk 75UR,Kobelco Sk 75UR,,,
,Kobelco,Sk 75UR-1,Kobelco Sk 75UR-1,,,
,Kobelco,Sk 80CS,Kobelco Sk 80CS,,,
,Kobelco,Sk 80MSR,Kobelco Sk 80MSR,,,
,Kobelco,Sk 85CS,Kobelco Sk 85CS,,,
,Kobelco,Sk 85MSR,Kobelco Sk 85MSR,,,
,Kobelco,Sk 95UR,Kobelco Sk 95UR,,,
,Kobelco,Sk25SR-3,Kobelco Sk25SR-3,,,
,Kobelco,Sk25SR-5,Kobelco Sk25SR-5,,,
,Kobelco,Z11 (Crawler Crane),Kobelco Z11 (Crawler Crane),,,
,Kobelco,Z13 (Crawler Crane),Kobelco Z13 (Crawler Crane),,,
,Kobelco,Z14 (Crawler Crane),Kobelco Z14 (Crawler Crane),,,
,Kobelco,Z15 (Crawler Crane),Kobelco Z15 (Crawler Crane),,,
,Kobelco,Z16 (Crawler Crane),Kobelco Z16 (Crawler Crane),,,
,Komatsu,1020 Turbo,Komatsu 1020 Turbo,,,
,Komatsu,820 Turbo,Komatsu 820 Turbo,,,
,Komatsu,CK 1122,Komatsu CK 1122,,,
,Komatsu,CK 1122-5,Komatsu CK 1122-5,,,
,Komatsu,CK 16,Komatsu CK 16,,,
,Komatsu,CK 20,Komatsu CK 20,,,
,Komatsu,CK 20-1,Komatsu CK 20-1,,,
,Komatsu,CK 25,Komatsu CK 25,,,
,Komatsu,CK 25-1,Komatsu CK 25-1,,,
,Komatsu,CK 30,Komatsu CK 30,,,
,Komatsu,CK 30-1,Komatsu CK 30-1,,,
,Komatsu,CK 35,Komatsu CK 35,,,
,Komatsu,CK 35-1,Komatsu CK 35-1,,,
,Komatsu,D27R-8,Komatsu D27R-8,,,
,Komatsu,PC 03,Komatsu PC 03,,,
,Komatsu,PC 03 avance,Komatsu PC 03 avance,,,
,Komatsu,PC 03-1 (SN>1001),Komatsu PC 03-1 (SN>1001),,,
,Komatsu,PC 03-2,Komatsu PC 03-2,,,
,Komatsu,PC 03-2 avance (SN>15001),Komatsu PC 03-2 avance (SN>15001),,,
,Komatsu,PC 05,Komatsu PC 05,,,
,Komatsu,PC 05 avance R (8000<Sn&lt; 10619),Komatsu PC 05 avance R (8000<Sn&lt; 10619),,,
,Komatsu,PC 05 avance R (SN>10616),Komatsu PC 05 avance R (SN>10616),,,
,Komatsu,PC 05-1(SN>1001),Komatsu PC 05-1(SN>1001),,,
,Komatsu,PC 05-2,Komatsu PC 05-2,,,
,Komatsu,PC 05-5(SN>2501),Komatsu PC 05-5(SN>2501),,,
,Komatsu,PC 05-6(SN<5001),Komatsu PC 05-6(SN<5001),,,
,Komatsu,PC 05-6(SN>5001),Komatsu PC 05-6(SN>5001),,,
,Komatsu,PC 05-7,Komatsu PC 05-7,,,
,Komatsu,PC 05-8,Komatsu PC 05-8,,,
,Komatsu,PC 05-R(S/N 8001-10618),Komatsu PC 05-R(S/N 8001-10618),,,
,Komatsu,PC 05-R(SN>10618),Komatsu PC 05-R(SN>10618),,,
,Komatsu,PC 07,Komatsu PC 07,,,
,Komatsu,PC 07 avance R (S/N 3001-5460),Komatsu PC 07 avance R (S/N 3001-5460),,,
,Komatsu,PC 07-1(S/N>1001),Komatsu PC 07-1(S/N>1001),,,
,Komatsu,PC 07-2,Komatsu PC 07-2,,,
,Komatsu,PC 07-2E(SN F11149),Komatsu PC 07-2E(SN F11149),,,
,Komatsu,PC 07-6,Komatsu PC 07-6,,,
,Komatsu,PC 07-7,Komatsu PC 07-7,,,
,Komatsu,PC 07FR-1,Komatsu PC 07FR-1,,,
,Komatsu,PC 07R,Komatsu PC 07R,,,
,Komatsu,PC 08,Komatsu PC 08,,,
,Komatsu,PC 08 avance (SN>1000),Komatsu PC 08 avance (SN>1000),,,
,Komatsu,PC 08U,Komatsu PC 08U,,,
,Komatsu,PC 08UU,Komatsu PC 08UU,,,
,Komatsu,PC 08UU-1,Komatsu PC 08UU-1,,,
,Komatsu,PC 09,Komatsu PC 09,,,
,Komatsu,PC 09-1 (2006),Komatsu PC 09-1 (2006),,,
,Komatsu,PC 09FR,Komatsu PC 09FR,,,
,Komatsu,PC 09FR-1,Komatsu PC 09FR-1,,,
,Komatsu,PC 10-6 (SN>20001),Komatsu PC 10-6 (SN>20001),,,
,Komatsu,PC 10FR,Komatsu PC 10FR,,,
,Komatsu,PC 10MR,Komatsu PC 10MR,,,
,Komatsu,PC 10MR-1 avance (SN>30001),Komatsu PC 10MR-1 avance (SN>30001),,,
,Komatsu,PC 10UU,Komatsu PC 10UU,,,
,Komatsu,PC 10UU-3 avance (SN>10001),Komatsu PC 10UU-3 avance (SN>10001),,,
,Komatsu,PC 20 MR ('2006),Komatsu PC 20 MR ('2006),,,
,Komatsu,PC 20-2,Komatsu PC 20-2,,,
,Komatsu,PC 20-6,Komatsu PC 20-6,,,
,Komatsu,PC 20-7 (S/N < F20419),Komatsu PC 20-7 (S/N < F20419),,,
,Komatsu,PC 20-7 (S/N > F20419),Komatsu PC 20-7 (S/N > F20419),,,
,Komatsu,PC 20FR-1,Komatsu PC 20FR-1,,,
,Komatsu,PC 20FR-2,Komatsu PC 20FR-2,,,
,Komatsu,PC 20MR-1 avance (SN > 10001),Komatsu PC 20MR-1 avance (SN > 10001),,,
,Komatsu,PC 20MRX,Komatsu PC 20MRX,,,
,Komatsu,PC 20MRX Utility,Komatsu PC 20MRX Utility,,,
,Komatsu,PC 20R,Komatsu PC 20R,,,
,Komatsu,PC 20R Utility,Komatsu PC 20R Utility,,,
,Komatsu,PC 20R-8 (SN > 10000) [OEM 260x52.5x76],Komatsu PC 20R-8 (SN > 10000) [OEM 260x52.5x76],,,
,Komatsu,PC 20R-8 [OEM 260x109x37],Komatsu PC 20R-8 [OEM 260x109x37],,,
,Komatsu,PC 20UU,Komatsu PC 20UU,,,
,Komatsu,PC 20UU-3 avance (SN > 10001),Komatsu PC 20UU-3 avance (SN > 10001),,,
,Komatsu,PC 22MR-3,Komatsu PC 22MR-3,,,
,Komatsu,PC 24MR-5,Komatsu PC 24MR-5,,,
,Komatsu,PC 25,Komatsu PC 25,,,
,Komatsu,PC 25 avance R (1001 < SN &lt; 6470),Komatsu PC 25 avance R (1001 < SN &lt; 6470),,,
,Komatsu,PC 25 avance R (SN > 6471),Komatsu PC 25 avance R (SN > 6471),,,
,Komatsu,PC 25-1 (SN > 6470),Komatsu PC 25-1 (SN > 6470),,,
,Komatsu,PC 25-2,Komatsu PC 25-2,,,
,Komatsu,PC 25-7,Komatsu PC 25-7,,,
,Komatsu,PC 25E-1 (SN > 6470),Komatsu PC 25E-1 (SN > 6470),,,
,Komatsu,PC 25R,Komatsu PC 25R,,,
,Komatsu,PC 25R-8,Komatsu PC 25R-8,,,
,Komatsu,PC 26MR,Komatsu PC 26MR,,,
,Komatsu,PC 26MR-5,Komatsu PC 26MR-5,,,
,Komatsu,PC 27,Komatsu PC 27,,,
,Komatsu,PC 27MR,Komatsu PC 27MR,,,
,Komatsu,PC 27MR-1 avance (SN > 10001),Komatsu PC 27MR-1 avance (SN > 10001),,,
,Komatsu,PC 27MR-2,Komatsu PC 27MR-2,,,
,Komatsu,PC 27MR-3,Komatsu PC 27MR-3,,,
,Komatsu,PC 27MRX,Komatsu PC 27MRX,,,
,Komatsu,PC 27R,Komatsu PC 27R,,,
,Komatsu,PC 27R Utility,Komatsu PC 27R Utility,,,
,Komatsu,PC 27R-8,Komatsu PC 27R-8,,,
,Komatsu,PC 27R-8E Deluxe,Komatsu PC 27R-8E Deluxe,,,
,Komatsu,PC 28,Komatsu PC 28,,,
,Komatsu,PC 28 UU-3 avance (SN > 30001),Komatsu PC 28 UU-3 avance (SN > 30001),,,
,Komatsu,PC 28-1 (S/N > 2358),Komatsu PC 28-1 (S/N > 2358),,,
,Komatsu,PC 28-2,Komatsu PC 28-2,,,
,Komatsu,PC 28-2 avance (7001 < SN &lt; 10800),Komatsu PC 28-2 avance (7001 < SN &lt; 10800),,,
,Komatsu,PC 28-2 avance (SN > 10801),Komatsu PC 28-2 avance (SN > 10801),,,
,Komatsu,PC 28R,Komatsu PC 28R,,,
,Komatsu,PC 28uu,Komatsu PC 28uu,,,
,Komatsu,PC 28uu-1,Komatsu PC 28uu-1,,,
,Komatsu,PC 28uu-2,Komatsu PC 28uu-2,,,
,Komatsu,PC 28uu-3,Komatsu PC 28uu-3,,,
,Komatsu,PC 30,Komatsu PC 30,,,
,Komatsu,PC 30 avance R,Komatsu PC 30 avance R,,,
,Komatsu,PC 30 avance R (SN > 26423),Komatsu PC 30 avance R (SN > 26423),,,
,Komatsu,PC 30-5,Komatsu PC 30-5,,,
,Komatsu,PC 30-6,Komatsu PC 30-6,,,
,Komatsu,PC 30-7 (S/N < F18384),Komatsu PC 30-7 (S/N < F18384),,,
,Komatsu,PC 30-7 (S/N > F18384),Komatsu PC 30-7 (S/N > F18384),,,
,Komatsu,PC 30-7E,Komatsu PC 30-7E,,,
,Komatsu,PC 30-8,Komatsu PC 30-8,,,
,Komatsu,PC 30FR-1,Komatsu PC 30FR-1,,,
,Komatsu,PC 30FR-2,Komatsu PC 30FR-2,,,
,Komatsu,PC 30MR,Komatsu PC 30MR,,,
,Komatsu,PC 30MR-1,Komatsu PC 30MR-1,,,
,Komatsu,PC 30MR-1 (> 05/04 mfg),Komatsu PC 30MR-1 (> 05/04 mfg),,,
,Komatsu,PC 30MR-2,Komatsu PC 30MR-2,,,
,Komatsu,PC 30MR-3,Komatsu PC 30MR-3,,,
,Komatsu,PC 30MRX,Komatsu PC 30MRX,,,
,Komatsu,PC 30R,Komatsu PC 30R,,,
,Komatsu,PC 30R-8,Komatsu PC 30R-8,,,
,Komatsu,PC 30R-8 avance (SN > 10001),Komatsu PC 30R-8 avance (SN > 10001),,,
,Komatsu,PC 30uu-2,Komatsu PC 30uu-2,,,
,Komatsu,PC 30uu-3,Komatsu PC 30uu-3,,,
,Komatsu,PC 35,Komatsu PC 35,,,
,Komatsu,PC 35-8,Komatsu PC 35-8,,,
,Komatsu,PC 35MR,Komatsu PC 35MR,,,
,Komatsu,PC 35MR-1,Komatsu PC 35MR-1,,,
,Komatsu,PC 35MR-1 (> 05/04 mfg),Komatsu PC 35MR-1 (> 05/04 mfg),,,
,Komatsu,PC 35MR-2,Komatsu PC 35MR-2,,,
,Komatsu,PC 35MR-3,Komatsu PC 35MR-3,,,
,Komatsu,PC 35MR-5,Komatsu PC 35MR-5,,,
,Komatsu,PC 35MRX,Komatsu PC 35MRX,,,
,Komatsu,PC 35R,Komatsu PC 35R,,,
,Komatsu,PC 35R Utility,Komatsu PC 35R Utility,,,
,Komatsu,PC 35R-8 Deluxe,Komatsu PC 35R-8 Deluxe,,,
,Komatsu,PC 35R-8 [OEM 300x109x41],Komatsu PC 35R-8 [OEM 300x109x41],,,
,Komatsu,PC 35R-8 [OEM 300x55x82],Komatsu PC 35R-8 [OEM 300x55x82],,,
,Komatsu,PC 35R-8 avance (SN > 35001),Komatsu PC 35R-8 avance (SN > 35001),,,
,Komatsu,PC 38,Komatsu PC 38,,,
,Komatsu,PC 38-2,Komatsu PC 38-2,,,
,Komatsu,PC 38-2 avance R,Komatsu PC 38-2 avance R,,,
,Komatsu,PC 38uu-2,Komatsu PC 38uu-2,,,
,Komatsu,PC 38uu-2 avance (3001 < SN &lt; 4482),Komatsu PC 38uu-2 avance (3001 < SN &lt; 4482),,,
,Komatsu,PC 38uu-2 avance (SN > 4483),Komatsu PC 38uu-2 avance (SN > 4483),,,
,Komatsu,PC 38uu-3,Komatsu PC 38uu-3,,,
,Komatsu,PC 38uuM-2,Komatsu PC 38uuM-2,,,
,Komatsu,PC 38uuM-2 avance (SN > 1001),Komatsu PC 38uuM-2 avance (SN > 1001),,,
,Komatsu,PC 40 avance R (> 24521),Komatsu PC 40 avance R (> 24521),,,
,Komatsu,PC 40-7 (SN > 24521),Komatsu PC 40-7 (SN > 24521),,,
,Komatsu,PC 40FR-2 ('Victas assymetric'),Komatsu PC 40FR-2 ('Victas assymetric'),,,
,Komatsu,PC 40MR,Komatsu PC 40MR,,,
,Komatsu,PC 40MR-1 (SN > 1001),Komatsu PC 40MR-1 (SN > 1001),,,
,Komatsu,PC 40MR-2,Komatsu PC 40MR-2,,,
,Komatsu,PC 40MRX,Komatsu PC 40MRX,,,
,Komatsu,PC 40R (S/N > 24522),Komatsu PC 40R (S/N > 24522),,,
,Komatsu,PC 40R-8,Komatsu PC 40R-8,,,
,Komatsu,PC 40R-8 avance (SN > 30001),Komatsu PC 40R-8 avance (SN > 30001),,,
,Komatsu,PC 40T,Komatsu PC 40T,,,
,Komatsu,PC 45,Komatsu PC 45,,,
,Komatsu,PC 45 avance R (S/N > 3505),Komatsu PC 45 avance R (S/N > 3505),,,
,Komatsu,PC 45-1 (F1492),Komatsu PC 45-1 (F1492),,,
,Komatsu,PC 45-1E,Komatsu PC 45-1E,,,
,Komatsu,PC 45-8,Komatsu PC 45-8,,,
,Komatsu,PC 45MR,Komatsu PC 45MR,,,
,Komatsu,PC 45MR-1,Komatsu PC 45MR-1,,,
,Komatsu,PC 45MR-3,Komatsu PC 45MR-3,,,
,Komatsu,PC 45MR-5,Komatsu PC 45MR-5,,,
,Komatsu,PC 45MRX,Komatsu PC 45MRX,,,
,Komatsu,PC 45R (> 3506),Komatsu PC 45R (> 3506),,,
,Komatsu,PC 45R Utility,Komatsu PC 45R Utility,,,
,Komatsu,PC 45R-8,Komatsu PC 45R-8,,,
,Komatsu,PC 45R-8 avance (SN > 5001),Komatsu PC 45R-8 avance (SN > 5001),,,
,Komatsu,PC 50-2 (> 12772),Komatsu PC 50-2 (> 12772),,,
,Komatsu,PC 50-2 avance R (S/N > 12771),Komatsu PC 50-2 avance R (S/N > 12771),,,
,Komatsu,PC 50-3,Komatsu PC 50-3,,,
,Komatsu,PC 50FR-1,Komatsu PC 50FR-1,,,
,Komatsu,"PC 50FR-2 (Victas"" assymetric)""","Komatsu PC 50FR-2 (Victas"" assymetric)""",,,
,Komatsu,PC 50M-2,Komatsu PC 50M-2,,,
,Komatsu,PC 50MR,Komatsu PC 50MR,,,
,Komatsu,PC 50MR-1 (>05/04 mfg),Komatsu PC 50MR-1 (>05/04 mfg),,,
,Komatsu,PC 50MR-2 ('2006),Komatsu PC 50MR-2 ('2006),,,
,Komatsu,PC 50UD UG-2 (SN > 12750),Komatsu PC 50UD UG-2 (SN > 12750),,,
,Komatsu,PC 50uu-2 (New),Komatsu PC 50uu-2 (New),,,
,Komatsu,PC 50uu-2 avance (SN > 12772),Komatsu PC 50uu-2 avance (SN > 12772),,,
,Komatsu,PC 50uu-2E (SN > 12760),Komatsu PC 50uu-2E (SN > 12760),,,
,Komatsu,PC 50uuM-2,Komatsu PC 50uuM-2,,,
,Komatsu,PC 50uuM-2 avance (SN > 10001),Komatsu PC 50uuM-2 avance (SN > 10001),,,
,Komatsu,PC 55MR,Komatsu PC 55MR,,,
,Komatsu,PC 55MR-3,Komatsu PC 55MR-3,,,
,Komatsu,PC 58SF-1 (SN > 1001),Komatsu PC 58SF-1 (SN > 1001),,,
,Komatsu,PC 58uu-3,Komatsu PC 58uu-3,,,
,Komatsu,PC 58uu-X,Komatsu PC 58uu-X,,,
,Komatsu,PC 60-6 (type 2),Komatsu PC 60-6 (type 2),,,
,Komatsu,PC 60-6 (type 3),Komatsu PC 60-6 (type 3),,,
,Komatsu,PC 75,Komatsu PC 75,,,
,Komatsu,PC 75-1 (S/N 1175 - 5001),Komatsu PC 75-1 (S/N 1175 - 5001),,,
,Komatsu,PC 75-2 (S/N 5001 - 7927),Komatsu PC 75-2 (S/N 5001 - 7927),,,
,Komatsu,PC 75-2 (S/N > 7928),Komatsu PC 75-2 (S/N > 7928),,,
,Komatsu,PC 75R-2,Komatsu PC 75R-2,,,
,Komatsu,PC 75R-8,Komatsu PC 75R-8,,,
,Komatsu,PC 75uu-1 (SN > 1175),Komatsu PC 75uu-1 (SN > 1175),,,
,Komatsu,PC 75uu-2 (SN > 7927),Komatsu PC 75uu-2 (SN > 7927),,,
,Komatsu,PC 75uu-2A,Komatsu PC 75uu-2A,,,
,Komatsu,PC 75uu-2AR,Komatsu PC 75uu-2AR,,,
,Komatsu,PC 75uu-2DQ,Komatsu PC 75uu-2DQ,,,
,Komatsu,PC 75uu-2R,Komatsu PC 75uu-2R,,,
,Komatsu,PC 75uu-3,Komatsu PC 75uu-3,,,
,Komatsu,PC 75uu-3A,Komatsu PC 75uu-3A,,,
,Komatsu,PC 75uu-3T,Komatsu PC 75uu-3T,,,
,Komatsu,PC 75uuT-6,Komatsu PC 75uuT-6,,,
,Komatsu,PC 78MR-6 (verify links! May be 74 link count),Komatsu PC 78MR-6 (verify links! May be 74 link count),,,
,Komatsu,PC 78N,Komatsu PC 78N,,,
,Komatsu,PC 80MR,Komatsu PC 80MR,,,
,Komatsu,PC 80MR-5,Komatsu PC 80MR-5,,,
,Komatsu,PC 88MR,Komatsu PC 88MR,,,
,Komatsu,PC 88MR-10,Komatsu PC 88MR-10,,,
,Komatsu,PC 88MR-6,Komatsu PC 88MR-6,,,
,Komatsu,PC 88MR-8,Komatsu PC 88MR-8,,,
,Komatsu,PC 95,Komatsu PC 95,,,
,Komatsu,PC 95-1,Komatsu PC 95-1,,,
,Komatsu,PC 95R-2,Komatsu PC 95R-2,,,
,Komatsu,PC12R-8,Komatsu PC12R-8,,,
,Komatsu,PC12R-8 Mistral HS,Komatsu PC12R-8 Mistral HS,,,
,Komatsu,PC12R-8 avance,Komatsu PC12R-8 avance,,,
,Komatsu,PC14R HS,Komatsu PC14R HS,,,
,Komatsu,PC14R-2,Komatsu PC14R-2,,,
,Komatsu,PC14R-2 HS,Komatsu PC14R-2 HS,,,
,Komatsu,PC14R-3,Komatsu PC14R-3,,,
,Komatsu,PC14R-3 HS,Komatsu PC14R-3 HS,,,
,Komatsu,PC15,Komatsu PC15,,,
,Komatsu,PC15 FR-1,Komatsu PC15 FR-1,,,
,Komatsu,PC15 MR,Komatsu PC15 MR,,,
,Komatsu,PC15 MR-1,Komatsu PC15 MR-1,,,
,Komatsu,PC15 MRX,Komatsu PC15 MRX,,,
,Komatsu,PC15 MRX-1,Komatsu PC15 MRX-1,,,
,Komatsu,PC15 P,Komatsu PC15 P,,,
,Komatsu,PC15 R,Komatsu PC15 R,,,
,Komatsu,PC15 R HS,Komatsu PC15 R HS,,,
,Komatsu,PC15 R Mistral,Komatsu PC15 R Mistral,,,
,Komatsu,PC15 R-8E Deluxe,Komatsu PC15 R-8E Deluxe,,,
,Komatsu,PC15 avance R(5001<SN&lt;6221),Komatsu PC15 avance R(5001<SN&lt;6221),,,
,Komatsu,PC15 avance R(SN>6222),Komatsu PC15 avance R(SN>6222),,,
,Komatsu,PC15-1 (SN>1001),Komatsu PC15-1 (SN>1001),,,
,Komatsu,PC15-2 (Not on new rollers),Komatsu PC15-2 (Not on new rollers),,,
,Komatsu,PC15-2 (SN>2001),Komatsu PC15-2 (SN>2001),,,
,Komatsu,PC15-3,Komatsu PC15-3,,,
,Komatsu,PC15-6,Komatsu PC15-6,,,
,Komatsu,PC15-6 (Not on new rollers),Komatsu PC15-6 (Not on new rollers),,,
,Komatsu,PC15-7,Komatsu PC15-7,,,
,Komatsu,PC16 R HS,Komatsu PC16 R HS,,,
,Komatsu,PC16 R-2,Komatsu PC16 R-2,,,
,Komatsu,PC16 R-2HS,Komatsu PC16 R-2HS,,,
,Komatsu,PC16 R-3,Komatsu PC16 R-3,,,
,Komatsu,PC16R-3HS,Komatsu PC16R-3HS,,,
,Komatsu,PC18MR('2006),Komatsu PC18MR('2006),,,
,Komatsu,PC18MR-2('2006),Komatsu PC18MR-2('2006),,,
,Komatsu,PC18MR-3,Komatsu PC18MR-3,,,
,Komatsu,PC18MR-5,Komatsu PC18MR-5,,,
,Komatsu,PC20,Komatsu PC20,,,
,Komatsu,PC20 MR-2,Komatsu PC20 MR-2,,,
,Komatsu,PC20 avance R (35001<SN&lt;42354),Komatsu PC20 avance R (35001<SN&lt;42354),,,
,Komatsu,PC20 avance R (SN>42355),Komatsu PC20 avance R (SN>42355),,,
,Komatsu,PC20(F10038),Komatsu PC20(F10038),,,
,Komatsu,PC20-8,Komatsu PC20-8,,,
,Komatsu,PC75R,Komatsu PC75R,,,
,Komatsu,SK1020 (VTS System for Skidsteer Loader),Komatsu SK1020 (VTS System for Skidsteer Loader),,,
,Komatsu,SK815 (VTS System for Skidsteer Loader),Komatsu SK815 (VTS System for Skidsteer Loader),,,
,Komatsu,SK818 (VTS System for Skidsteer Loader),Komatsu SK818 (VTS System for Skidsteer Loader),,,
,Komatsu,SK820 (VTS System for Skidsteer Loader),Komatsu SK820 (VTS System for Skidsteer Loader),,,
,Kubota,AR 30,Kubota AR 30,,,
,Kubota,D902,Kubota D902,,,
,Kubota,FH 007,Kubota FH 007,,,
,Kubota,HG,Kubota HG,,,
,Kubota,K 007,Kubota K 007,,,
,Kubota,K 008,Kubota K 008,,,
,Kubota,K 008-2,Kubota K 008-2,,,
,Kubota,K 008-3,Kubota K 008-3,,,
,Kubota,K 008-3G,Kubota K 008-3G,,,
,Kubota,K 008DH,Kubota K 008DH,,,
,Kubota,K 013,Kubota K 013,,,
,Kubota,K 015,Kubota K 015,,,
,Kubota,K 020,Kubota K 020,,,
,Kubota,K 022,Kubota K 022,,,
,Kubota,K 025,Kubota K 025,,,
,Kubota,K 028,Kubota K 028,,,
,Kubota,K 030,Kubota K 030,,,
,Kubota,K 030 (Lotus root),Kubota K 030 (Lotus root),,,
,Kubota,K 030-3,Kubota K 030-3,,,
,Kubota,K 035,Kubota K 035,,,
,Kubota,K 035-3,Kubota K 035-3,,,
,Kubota,K 038,Kubota K 038,,,
,Kubota,K 040,Kubota K 040,,,
,Kubota,K 045,Kubota K 045,,,
,Kubota,K 080,Kubota K 080,,,
,Kubota,K 151,Kubota K 151,,,
,Kubota,KC 110H (dumper),Kubota KC 110H (dumper),,,
,Kubota,KC 110HR (dumper),Kubota KC 110HR (dumper),,,
,Kubota,KC 110HR-4 (dumper),Kubota KC 110HR-4 (dumper),,,
,Kubota,KC 120 (dumper),Kubota KC 120 (dumper),,,
,Kubota,KC 121 (dumper),Kubota KC 121 (dumper),,,
,Kubota,KC 140,Kubota KC 140,,,
,Kubota,KC 40 (dumper),Kubota KC 40 (dumper),,,
,Kubota,KC 50 (dumper) [OEM 200x72x34],Kubota KC 50 (dumper) [OEM 200x72x34],,,
,Kubota,KC 50 new (dumper) [OEM 250x72x46],Kubota KC 50 new (dumper) [OEM 250x72x46],,,
,Kubota,KC 50LZ (dumper),Kubota KC 50LZ (dumper),,,
,Kubota,KC 51,Kubota KC 51,,,
,Kubota,KC 70 (dumper),Kubota KC 70 (dumper),,,
,Kubota,KH 007,Kubota KH 007,,,
,Kubota,KH 008,Kubota KH 008,,,
,Kubota,KH 012 (new),Kubota KH 012 (new),,,
,Kubota,KH 012 (old),Kubota KH 012 (old),,,
,Kubota,KH 012G,Kubota KH 012G,,,
,Kubota,KH 012HG,Kubota KH 012HG,,,
,Kubota,KH 014,Kubota KH 014,,,
,Kubota,KH 014G,Kubota KH 014G,,,
,Kubota,KH 014HG,Kubota KH 014HG,,,
,Kubota,KH 02,Kubota KH 02,,,
,Kubota,KH 021,Kubota KH 021,,,
,Kubota,KH 021HG,Kubota KH 021HG,,,
,Kubota,KH 024,Kubota KH 024,,,
,Kubota,KH 026,Kubota KH 026,,,
,Kubota,KH 026G,Kubota KH 026G,,,
,Kubota,KH 027,Kubota KH 027,,,
,Kubota,KH 027G,Kubota KH 027G,,,
,Kubota,KH 02HG,Kubota KH 02HG,,,
,Kubota,KH 030,Kubota KH 030,,,
,Kubota,KH 030G,Kubota KH 030G,,,
,Kubota,KH 030HG,Kubota KH 030HG,,,
,Kubota,KH 033 [OEM 300x109x39],Kubota KH 033 [OEM 300x109x39],,,
,Kubota,KH 033HG [OEM 300x109x39],Kubota KH 033HG [OEM 300x109x39],,,
,Kubota,KH 040,Kubota KH 040,,,
,Kubota,KH 041,Kubota KH 041,,,
,Kubota,KH 045,Kubota KH 045,,,
,Kubota,KH 05,Kubota KH 05,,,
,Kubota,KH 055,Kubota KH 055,,,
,Kubota,KH 055N,Kubota KH 055N,,,
,Kubota,KH 060,Kubota KH 060,,,
,Kubota,KH 07,Kubota KH 07,,,
,Kubota,KH 090,Kubota KH 090,,,
,Kubota,KH 101,Kubota KH 101,,,
,Kubota,KH 12,Kubota KH 12,,,
,Kubota,KH 120,Kubota KH 120,,,
,Kubota,KH 121,Kubota KH 121,,,
,Kubota,KH 130,Kubota KH 130,,,
,Kubota,KH 14,Kubota KH 14,,,
,Kubota,KH 14G,Kubota KH 14G,,,
,Kubota,KH 14HG,Kubota KH 14HG,,,
,Kubota,KH 151,Kubota KH 151,,,
,Kubota,KH 191 [OEM 450x71x78],Kubota KH 191 [OEM 450x71x78],,,
,Kubota,KH 21,Kubota KH 21,,,
,Kubota,KH 24,Kubota KH 24,,,
,Kubota,KH 24HG,Kubota KH 24HG,,,
,Kubota,KH 26HG,Kubota KH 26HG,,,
,Kubota,KH 26SR [OEM 320x100x40],Kubota KH 26SR [OEM 320x100x40],,,
,Kubota,KH 28,Kubota KH 28,,,
,Kubota,KH 30SR [OEM 320x100x40],Kubota KH 30SR [OEM 320x100x40],,,
,Kubota,KH 30SRG [OEM 320x100x40],Kubota KH 30SRG [OEM 320x100x40],,,
,Kubota,KH 31,Kubota KH 31,,,
,Kubota,KH 35,Kubota KH 35,,,
,Kubota,KH 36,Kubota KH 36,,,
,Kubota,KH 37,Kubota KH 37,,,
,Kubota,KH 38,Kubota KH 38,,,
,Kubota,KH 41 [OEM 230x72x42],Kubota KH 41 [OEM 230x72x42],,,
,Kubota,KH 41R,Kubota KH 41R,,,
,Kubota,KH 5,Kubota KH 5,,,
,Kubota,KH 50 [OEM 230x72x42],Kubota KH 50 [OEM 230x72x42],,,
,Kubota,KH 50SR [OEM 420x100x52],Kubota KH 50SR [OEM 420x100x52],,,
,Kubota,KH 51,Kubota KH 51,,,
,Kubota,KH 51SR [OEM 420x100x52],Kubota KH 51SR [OEM 420x100x52],,,
,Kubota,KH 52,Kubota KH 52,,,
,Kubota,KH 52SR [OEM 400x146x36],Kubota KH 52SR [OEM 400x146x36],,,
,Kubota,KH 55 [OEM 230x72x42],Kubota KH 55 [OEM 230x72x42],,,
,Kubota,KH 55G,Kubota KH 55G,,,
,Kubota,KH 55R,Kubota KH 55R,,,
,Kubota,KH 55S,Kubota KH 55S,,,
,Kubota,KH 55X,Kubota KH 55X,,,
,Kubota,KH 5HC,Kubota KH 5HC,,,
,Kubota,KH 60 [OEM 300x109x35],Kubota KH 60 [OEM 300x109x35],,,
,Kubota,KH 61,Kubota KH 61,,,
,Kubota,KH 65,Kubota KH 65,,,
,Kubota,KH 66 [OEM 300x109x35],Kubota KH 66 [OEM 300x109x35],,,
,Kubota,KH 70 [OEM 300x109x37],Kubota KH 70 [OEM 300x109x37],,,
,Kubota,KH 71 [OEM 300x109x35],Kubota KH 71 [OEM 300x109x35],,,
,Kubota,KH 90,Kubota KH 90,,,
,Kubota,KH 91,Kubota KH 91,,,
,Kubota,KN 36,Kubota KN 36,,,
,Kubota,KN 51,Kubota KN 51,,,
,Kubota,KX 007,Kubota KX 007,,,
,Kubota,KX 008,Kubota KX 008,,,
,Kubota,KX 012,Kubota KX 012,,,
,Kubota,KX 014,Kubota KX 014,,,
,Kubota,KX 015-4,Kubota KX 015-4,,,
,Kubota,KX 016-4,Kubota KX 016-4,,,
,Kubota,KX 018-4,Kubota KX 018-4,,,
,Kubota,KX 019-4,Kubota KX 019-4,,,
,Kubota,KX 021 [OEM 250x109x35],Kubota KX 021 [OEM 250x109x35],,,
,Kubota,KX 021UR,Kubota KX 021UR,,,
,Kubota,KX 024,Kubota KX 024,,,
,Kubota,KX 026,Kubota KX 026,,,
,Kubota,KX 027,Kubota KX 027,,,
,Kubota,KX 027-4,Kubota KX 027-4,,,
,Kubota,KX 030 [OEM 300x109x39],Kubota KX 030 [OEM 300x109x39],,,
,Kubota,KX 030-4,Kubota KX 030-4,,,
,Kubota,KX 033 [OEM 300x109x39],Kubota KX 033 [OEM 300x109x39],,,
,Kubota,KX 033-4,Kubota KX 033-4,,,
,Kubota,KX 037-4,Kubota KX 037-4,,,
,Kubota,KX 040,Kubota KX 040,,,
,Kubota,KX 040-4,Kubota KX 040-4,,,
,Kubota,KX 040-4HGA,Kubota KX 040-4HGA,,,
,Kubota,KX 041,Kubota KX 041,,,
,Kubota,KX 042-4,Kubota KX 042-4,,,
,Kubota,KX 045,Kubota KX 045,,,
,Kubota,KX 057-4,Kubota KX 057-4,,,
,Kubota,KX 057-5,Kubota KX 057-5,,,
,Kubota,KX 060-5,Kubota KX 060-5,,,
,Kubota,KX 080,Kubota KX 080,,,
,Kubota,KX 080-3,Kubota KX 080-3,,,
,Kubota,KX 080-4,Kubota KX 080-4,,,
,Kubota,KX 100-5,Kubota KX 100-5,,,
,Kubota,KX 101,Kubota KX 101,,,
,Kubota,KX 101-3,Kubota KX 101-3,,,
,Kubota,KX 101-3&2,Kubota KX 101-3&2,,,
,Kubota,KX 101-3&3,Kubota KX 101-3&3,,,
,Kubota,KX 101-3&4,Kubota KX 101-3&4,,,
,Kubota,KX 12,Kubota KX 12,,,
,Kubota,KX 120-5,Kubota KX 120-5,,,
,Kubota,KX 121-2,Kubota KX 121-2,,,
,Kubota,KX 121-2S,Kubota KX 121-2S,,,
,Kubota,KX 121-3,Kubota KX 121-3,,,
,Kubota,KX 121-3&,Kubota KX 121-3&,,,
,Kubota,KX 151,Kubota KX 151,,,
,Kubota,KX 161-2,Kubota KX 161-2,,,
,Kubota,KX 161-2S,Kubota KX 161-2S,,,
,Kubota,KX 161-2SR,Kubota KX 161-2SR,,,
,Kubota,KX 161-3,Kubota KX 161-3,,,
,Kubota,KX 161-3&,Kubota KX 161-3&,,,
,Kubota,KX 161-3CX,Kubota KX 161-3CX,,,
,Kubota,KX 21,Kubota KX 21,,,
,Kubota,KX 251,Kubota KX 251,,,
,Kubota,KX 251N2PG,Kubota KX 251N2PG,,,
,Kubota,KX 28,Kubota KX 28,,,
,Kubota,KX 36,Kubota KX 36,,,
,Kubota,KX 36-2,Kubota KX 36-2,,,
,Kubota,KX 36-3,Kubota KX 36-3,,,
,Kubota,KX 36-3GL,Kubota KX 36-3GL,,,
,Kubota,KX 36-3HGL,Kubota KX 36-3HGL,,,
,Kubota,KX 36HG,Kubota KX 36HG,,,
,Kubota,KX 41,Kubota KX 41,,,
,Kubota,KX 41-2,Kubota KX 41-2,,,
,Kubota,KX 41-2S,Kubota KX 41-2S,,,
,Kubota,KX 41-2SC,Kubota KX 41-2SC,,,
,Kubota,KX 41-2SV,Kubota KX 41-2SV,,,
,Kubota,KX 41-2V,Kubota KX 41-2V,,,
,Kubota,KX 41-2VC,Kubota KX 41-2VC,,,
,Kubota,KX 41-3 [S/N < 20972],Kubota KX 41-3 [S/N < 20972],,,
,Kubota,KX 41-3 [S/N > 30001],Kubota KX 41-3 [S/N > 30001],,,
,Kubota,KX 41-3S,Kubota KX 41-3S,,,
,Kubota,KX 41-3SGL,Kubota KX 41-3SGL,,,
,Kubota,KX 41-3V(2009),Kubota KX 41-3V(2009),,,
,Kubota,KX 41-3V(2010 & UP),Kubota KX 41-3V(2010 & UP),,,
,Kubota,KX 41-3VGL,Kubota KX 41-3VGL,,,
,Kubota,KX 41HG,Kubota KX 41HG,,,
,Kubota,KX 41L,Kubota KX 41L,,,
,Kubota,KX 51,Kubota KX 51,,,
,Kubota,KX 61,Kubota KX 61,,,
,Kubota,KX 61-2,Kubota KX 61-2,,,
,Kubota,KX 61-2&,Kubota KX 61-2&,,,
,Kubota,KX 61-2S,Kubota KX 61-2S,,,
,Kubota,KX 61-3,Kubota KX 61-3,,,
,Kubota,KX 71,Kubota KX 71,,,
,Kubota,KX 71-2,Kubota KX 71-2,,,
,Kubota,KX 71-2&,Kubota KX 71-2&,,,
,Kubota,KX 71-3,Kubota KX 71-3,,,
,Kubota,KX 71-3GL,Kubota KX 71-3GL,,,
,Kubota,KX 75UR,Kubota KX 75UR,,,
,Kubota,KX 80,Kubota KX 80,,,
,Kubota,KX 90,Kubota KX 90,,,
,Kubota,KX 91-2,Kubota KX 91-2,,,
,Kubota,KX 91-2S,Kubota KX 91-2S,,,
,Kubota,KX 91-2SR,Kubota KX 91-2SR,,,
,Kubota,KX 91-3,Kubota KX 91-3,,,
,Kubota,KX 91-3&,Kubota KX 91-3&,,,
,Kubota,KX 91-3&-2,Kubota KX 91-3&-2,,,
,Kubota,KXB 300,Kubota KXB 300,,,
,Kubota,RX 141,Kubota RX 141,,,
,Kubota,RX 201,Kubota RX 201,,,
,Kubota,RX 202,Kubota RX 202,,,
,Kubota,RX 301,Kubota RX 301,,,
,Kubota,RX 301UR,Kubota RX 301UR,,,
,Kubota,RX 302,Kubota RX 302,,,
,Kubota,RX 303,Kubota RX 303,,,
,Kubota,RX 501,Kubota RX 501,,,
,Kubota,RX 502,Kubota RX 502,,,
,Kubota,RX 502VA,Kubota RX 502VA,,,
,Kubota,SVL 65-2 (Compact Track Loader),Kubota SVL 65-2 (Compact Track Loader),,,
,Kubota,SVL 75 (Compact Track Loader),Kubota SVL 75 (Compact Track Loader),,,
,Kubota,SVL 75-2 (Compact Track Loader),Kubota SVL 75-2 (Compact Track Loader),,,
,Kubota,SVL 75-3 (Compact Track Loader),Kubota SVL 75-3 (Compact Track Loader),,,
,Kubota,SVL 90 (Compact Track Loader),Kubota SVL 90 (Compact Track Loader),,,
,Kubota,SVL 90-2 (Compact Track Loader),Kubota SVL 90-2 (Compact Track Loader),,,
,Kubota,SVL 95 (Compact Track Loader),Kubota SVL 95 (Compact Track Loader),,,
,Kubota,SVL 95-2 (Compact Track Loader),Kubota SVL 95-2 (Compact Track Loader),,,
,Kubota,SVL 95-2s (Compact Track Loader),Kubota SVL 95-2s (Compact Track Loader),,,
,Kubota,SVL 97-2 (Compact Track Loader),Kubota SVL 97-2 (Compact Track Loader),,,
,Kubota,U-008,Kubota U-008,,,
,Kubota,U-10,Kubota U-10,,,
,Kubota,U-10-3,Kubota U-10-3,,,
,Kubota,U-10-5,Kubota U-10-5,,,
,Kubota,U-15,Kubota U-15,,,
,Kubota,U-15 Lotus root,Kubota U-15 Lotus root,,,
,Kubota,U-15-3,Kubota U-15-3,,,
,Kubota,U-17,Kubota U-17,,,
,Kubota,U-17-3,Kubota U-17-3,,,
,Kubota,U-17-3&,Kubota U-17-3&,,,
,Kubota,U-20,Kubota U-20,,,
,Kubota,U-20 (Korean model),Kubota U-20 (Korean model),,,
,Kubota,U-20-3,Kubota U-20-3,,,
,Kubota,U-20-3&,Kubota U-20-3&,,,
,Kubota,U-20-3V,Kubota U-20-3V,,,
,Kubota,U-20-3VHG,Kubota U-20-3VHG,,,
,Kubota,U-25-3,Kubota U-25-3,,,
,Kubota,U-25-3G,Kubota U-25-3G,,,
,Kubota,U-25-3GL,Kubota U-25-3GL,,,
,Kubota,U-27-4,Kubota U-27-4,,,
,Kubota,U-30,Kubota U-30,,,
,Kubota,U-30-1,Kubota U-30-1,,,
,Kubota,U-30-2,Kubota U-30-2,,,
,Kubota,U-30-3,Kubota U-30-3,,,
,Kubota,U-30-5S,Kubota U-30-5S,,,
,Kubota,U-30-6S,Kubota U-30-6S,,,
,Kubota,U-30HG,Kubota U-30HG,,,
,Kubota,U-35,Kubota U-35,,,
,Kubota,U-35&,Kubota U-35&,,,
,Kubota,U-35-3,Kubota U-35-3,,,
,Kubota,U-35-3&,Kubota U-35-3&,,,
,Kubota,U-35-3&2,Kubota U-35-3&2,,,
,Kubota,U-35-3G,Kubota U-35-3G,,,
,Kubota,U-35-3GAI,Kubota U-35-3GAI,,,
,Kubota,U-35-3HG,Kubota U-35-3HG,,,
,Kubota,U-35-4,Kubota U-35-4,,,
,Kubota,U-35HG,Kubota U-35HG,,,
,Kubota,U-35SS (Super Series),Kubota U-35SS (Super Series),,,
,Kubota,U-36-4,Kubota U-36-4,,,
,Kubota,U-40,Kubota U-40,,,
,Kubota,U-45,Kubota U-45,,,
,Kubota,U-45-3,Kubota U-45-3,,,
,Kubota,U-45G,Kubota U-45G,,,
,Kubota,U-45VA,Kubota U-45VA,,,
,Kubota,U-48-4,Kubota U-48-4,,,
,Kubota,U-50-3,Kubota U-50-3,,,
,Kubota,U-50-5,Kubota U-50-5,,,
,Kubota,U-55,Kubota U-55,,,
,Kubota,U-55-4,Kubota U-55-4,,,
,Kubota,U-55-4 S,Kubota U-55-4 S,,,
,Kubota,U-55-5,Kubota U-55-5,,,
,Kubota,U-56-5,Kubota U-56-5,,,
,Kubota,UX 30,Kubota UX 30,,,
,Link-Belt,LS 1600C,Link-Belt LS 1600C,,,
,Link-Belt,Quantum 1600,Link-Belt Quantum 1600,,,
,MBU,D 400,MBU D 400,,,
,MBU,D 500,MBU D 500,,,
,Macanizacion Y Mineria Sa,MYMC,Macanizacion Y Mineria Sa MYMC,,,
,Macanizacion Y Mineria Sa,MYMP6,Macanizacion Y Mineria Sa MYMP6,,,
,Macmoter,L 6C,Macmoter L 6C,,,
,Macmoter,M 1,Macmoter M 1,,,
,Macmoter,M 1 Miniropa,Macmoter M 1 Miniropa,,,
,Macmoter,M 1 S,Macmoter M 1 S,,,
,Macmoter,M 2,Macmoter M 2,,,
,Macmoter,MB 135S,Macmoter MB 135S,,,
,Madro,OMH-400,Madro OMH-400,,,
,Madro,SMH-400,Madro SMH-400,,,
,Maeda,M-104C,Maeda M-104C,,,
,Maeda,MC104C,Maeda MC104C,,,
,Maeda,MC104CR,Maeda MC104CR,,,
,Maeda,MC174,Maeda MC174,,,
,Manitou,1.16S,Manitou 1.16S,,,
,Manitou,1650RT,Manitou 1650RT,,,
,Manitou,1850RT,Manitou 1850RT,,,
,Manitou,2100RT,Manitou 2100RT,,,
,Manitou,2150RT,Manitou 2150RT,,,
,Manitou,3200VT,Manitou 3200VT,,,
,Manitou,RT105,Manitou RT105,,,
,Manitou,RT135,Manitou RT135,,,
,Massey Ferguson,MF 114,Massey Ferguson MF 114,,,
,Massey Ferguson,MF 115,Massey Ferguson MF 115,,,
,Massey Ferguson,MF 123,Massey Ferguson MF 123,,,
,Massey Ferguson,MF 125,Massey Ferguson MF 125,,,
,Massey Ferguson,MF 128,Massey Ferguson MF 128,,,
,Massey Ferguson,MF 130,Massey Ferguson MF 130,,,
,Massey Ferguson,MF 131,Massey Ferguson MF 131,,,
,Massey Ferguson,MF 135,Massey Ferguson MF 135,,,
,Massey Ferguson,MF 145,Massey Ferguson MF 145,,,
,Massey Ferguson,MF 150,Massey Ferguson MF 150,,,
,Maweco,1003,Maweco 1003,,,
,Maweco,1302,Maweco 1302,,,
,Maweco,403,Maweco 403,,,
,Maweco,703,Maweco 703,,,
,Maweco,TC 10,Maweco TC 10,,,
,Maweco,YB 10,Maweco YB 10,,,
,Maxima,TB 15,Maxima TB 15,,,
,Mc Connel,Robocut,Mc Connel Robocut,,,
,Mc Elory,TracStar 28,Mc Elory TracStar 28,,,
,Mc Elory,TracStar 412,Mc Elory TracStar 412,,,
,Mc Elory,TracStar 500,Mc Elory TracStar 500,,,
,Mc Elory,TracStar 618,Mc Elory TracStar 618,,,
,Mc Elory,TracStar 900,Mc Elory TracStar 900,,,
,Mecalac,10 MCR,Mecalac 10 MCR,,,
,Mecalac,6 MCR,Mecalac 6 MCR,,,
,Mecalac,8MCR ('2010),Mecalac 8MCR ('2010),,,
,Mecanica Benassi,MB 300,Mecanica Benassi MB 300,,,
,Mecanica Benassi,MB 350,Mecanica Benassi MB 350,,,
,Mecanica Benassi,MB 500,Mecanica Benassi MB 500,,,
,Mecbo,P2800-BR.8,Mecbo P2800-BR.8,,,
,Meinl,Hamster,Meinl Hamster,,,
,Menzi Muck,C14,Menzi Muck C14,,,
,Menzi Muck,C19,Menzi Muck C19,,,
,Merlo,M4-2,Merlo M4-2,,,
,Merlo,M4-3 Turbo,Merlo M4-3 Turbo,,,
,Merlo,M6 ('2002),Merlo M6 ('2002),,,
,Merlo,M8,Merlo M8,,,
,Merlo,M8-2 Plus Dumper,Merlo M8-2 Plus Dumper,,,
,Merlo,M8-2 Plus Mixer,Merlo M8-2 Plus Mixer,,,
,Mertz,PX 10,Mertz PX 10,,,
,Mertz,PX 17,Mertz PX 17,,,
,Messersi,CH1,Messersi CH1,,,
,Messersi,CH2,Messersi CH2,,,
,Messersi,CH2/N13D,Messersi CH2/N13D,,,
,Messersi,CH2/R13,Messersi CH2/R13,,,
,Messersi,CH2R Carrier,Messersi CH2R Carrier,,,
,Messersi,CH2R Mixer,Messersi CH2R Mixer,,,
,Messersi,CH3,Messersi CH3,,,
,Messersi,CM 1,Messersi CM 1,,,
,Messersi,M 08,Messersi M 08,,,
,Messersi,M 08E,Messersi M 08E,,,
,Messersi,M 10E,Messersi M 10E,,,
,Messersi,M 13,Messersi M 13,,,
,Messersi,M 15,Messersi M 15,,,
,Messersi,M 16,Messersi M 16,,,
,Messersi,M 16BV,Messersi M 16BV,,,
,Messersi,M 16U,Messersi M 16U,,,
,Messersi,M 18,Messersi M 18,,,
,Messersi,M 18BE,Messersi M 18BE,,,
,Messersi,M 18BE/C,Messersi M 18BE/C,,,
,Messersi,M 20,Messersi M 20,,,
,Messersi,M 22U,Messersi M 22U,,,
,Messersi,M 25,Messersi M 25,,,
,Messersi,M 28,Messersi M 28,,,
,Messersi,M 28P,Messersi M 28P,,,
,Messersi,M 30,Messersi M 30,,,
,Messersi,M 32,Messersi M 32,,,
,Messersi,M 35,Messersi M 35,,,
,Messersi,M 35P/C,Messersi M 35P/C,,,
,Messersi,M 50,Messersi M 50,,,
,Messersi,M 50P,Messersi M 50P,,,
,Messersi,TCH 05,Messersi TCH 05,,,
,Messersi,TCH 07D,Messersi TCH 07D,,,
,Messersi,TCH 09,Messersi TCH 09,,,
,Messersi,TCH 10D,Messersi TCH 10D,,,
,Messersi,TCH 12,Messersi TCH 12,,,
,Messersi,TCH 13,Messersi TCH 13,,,
,Messersi,TCH 15,Messersi TCH 15,,,
,Messersi,TCH 1500,Messersi TCH 1500,,,
,Messersi,TCH 15S,Messersi TCH 15S,,,
,Messersi,TCH R16D,Messersi TCH R16D,,,
,Mini Mustang,MM18,Mini Mustang MM18,,,
,Minicarrier,TL 10,Minicarrier TL 10,,,
,Minicarrier,YB 10,Minicarrier YB 10,,,
,Minicarrier,YEW 5D1,Minicarrier YEW 5D1,,,
,Minicarrier,YFW 5,Minicarrier YFW 5,,,
,Minidig,G 500,Minidig G 500,,,
,Minidig,GR 700A,Minidig GR 700A,,,
,Minidig,GR 900,Minidig GR 900,,,
,Mintrac,1003,Mintrac 1003,,,
,Mintrac,1302,Mintrac 1302,,,
,Mintrac,403,Mintrac 403,,,
,Mintrac,703,Mintrac 703,,,
,Mintrac,709,Mintrac 709,,,
,Mintrac,808,Mintrac 808,,,
,Mira,HD 190-1,Mira HD 190-1,,,
,Mitsubishi,ME 15,Mitsubishi ME 15,,,
,Mitsubishi,ME 30,Mitsubishi ME 30,,,
,Mitsubishi,MM 20,Mitsubishi MM 20,,,
,Mitsubishi,MM 25,Mitsubishi MM 25,,,
,Mitsubishi,MM 30CR,Mitsubishi MM 30CR,,,
,Mitsubishi,MM 35,Mitsubishi MM 35,,,
,Mitsubishi,MM 35A,Mitsubishi MM 35A,,,
,Mitsubishi,MM 35B,Mitsubishi MM 35B,,,
,Mitsubishi,MM 35T,Mitsubishi MM 35T,,,
,Mitsubishi,MM 40,Mitsubishi MM 40,,,
,Mitsubishi,MM 40SR,Mitsubishi MM 40SR,,,
,Mitsubishi,MM 45B,Mitsubishi MM 45B,,,
,Mitsubishi,MM 55SR,Mitsubishi MM 55SR,,,
,Mitsubishi,MS 010,Mitsubishi MS 010,,,
,Mitsubishi,MX 35,Mitsubishi MX 35,,,
,Mitsubishi,MX 45,Mitsubishi MX 45,,,
,Monitor,1275,Monitor 1275,,,
,Monitor,43T,Monitor 43T,,,
,Mopas,ME35,Mopas ME35,,,
,Morath,BR 1800,Morath BR 1800,,,
,Morooka,CG 65,Morooka CG 65,,,
,Morooka,MST 1500,Morooka MST 1500,,,
,Morooka,MST 1500-P,Morooka MST 1500-P,,,
,Morooka,MST 1500E,Morooka MST 1500E,,,
,Morooka,MST 1500V,Morooka MST 1500V,,,
,Morooka,MST 1500VD,Morooka MST 1500VD,,,
,Morooka,MST 1700,Morooka MST 1700,,,
,Morooka,MST 1900,Morooka MST 1900,,,
,Morooka,MST 2200,Morooka MST 2200,,,
,Morooka,MST 2200V,Morooka MST 2200V,,,
,Morooka,MST 2200VD,Morooka MST 2200VD,,,
,Morooka,MST 2300,Morooka MST 2300,,,
,Morooka,MST 600V,Morooka MST 600V,,,
,Morooka,MST 600VD,Morooka MST 600VD,,,
,Morooka,Track Carrier 1500,Morooka Track Carrier 1500,,,
,Morooka,Track Carrier 2200,Morooka Track Carrier 2200,,,
,Multidrill,ML (HD Drilling Machine),Multidrill ML (HD Drilling Machine),,,
,Multidrill,PL (HD Drilling Machine),Multidrill PL (HD Drilling Machine),,,
,Multidrill,SL (HD Drilling Machine),Multidrill SL (HD Drilling Machine),,,
,Multidrill,XL (HD Drilling Machine),Multidrill XL (HD Drilling Machine),,,
,Multitel,SMX250.E,Multitel SMX250.E,,,
,Mustang,1000M,Mustang 1000M,,,
,Mustang,1650 RT,Mustang 1650 RT,,,
,Mustang,170Z,Mustang 170Z,,,
,Mustang,1750 RT,Mustang 1750 RT,,,
,Mustang,1850 RT,Mustang 1850 RT,,,
,Mustang,2040,Mustang 2040,,,
,Mustang,2042,Mustang 2042,,,
,Mustang,2044,Mustang 2044,,,
,Mustang,2050,Mustang 2050,,,
,Mustang,2054,Mustang 2054,,,
,Mustang,2060,Mustang 2060,,,
,Mustang,2066,Mustang 2066,,,
,Mustang,2070,Mustang 2070,,,
,Mustang,2076,Mustang 2076,,,
,Mustang,2086,Mustang 2086,,,
,Mustang,2095,Mustang 2095,,,
,Mustang,2099,Mustang 2099,,,
,Mustang,2100RT,Mustang 2100RT,,,
,Mustang,2105,Mustang 2105,,,
,Mustang,2109,Mustang 2109,,,
,Mustang,2500RT,Mustang 2500RT,,,
,Mustang,250Z,Mustang 250Z,,,
,Mustang,3200VT,Mustang 3200VT,,,
,Mustang,350ZNXT2,Mustang 350ZNXT2,,,
,Mustang,3803ZT,Mustang 3803ZT,,,
,Mustang,450ZNXT2,Mustang 450ZNXT2,,,
,Mustang,5003Z,Mustang 5003Z,,,
,Mustang,5003ZT,Mustang 5003ZT,,,
,Mustang,7503,Mustang 7503,,,
,Mustang,7503ZT,Mustang 7503ZT,,,
,Mustang,ME 1402,Mustang ME 1402,,,
,Mustang,ME 1502,Mustang ME 1502,,,
,Mustang,ME 1503,Mustang ME 1503,,,
,Mustang,ME 1902,Mustang ME 1902,,,
,Mustang,ME 1903,Mustang ME 1903,,,
,Mustang,ME 2202,Mustang ME 2202,,,
,Mustang,ME 2203,Mustang ME 2203,,,
,Mustang,ME 2503,Mustang ME 2503,,,
,Mustang,ME 2702,Mustang ME 2702,,,
,Mustang,ME 2902,Mustang ME 2902,,,
,Mustang,ME 3003,Mustang ME 3003,,,
,Mustang,ME 3402,Mustang ME 3402,,,
,Mustang,ME 3503,Mustang ME 3503,,,
,Mustang,ME 3602,Mustang ME 3602,,,
,Mustang,ME 3703,Mustang ME 3703,,,
,Mustang,ME 5002,Mustang ME 5002,,,
,Mustang,ME 5003,Mustang ME 5003,,,
,Mustang,ME 6002,Mustang ME 6002,,,
,Mustang,ME 6003,Mustang ME 6003,,,
,Mustang,ME 6502,Mustang ME 6502,,,
,Mustang,ME 8002,Mustang ME 8002,,,
,Mustang,MTL 16,Mustang MTL 16,,,
,Mustang,MTL 20,Mustang MTL 20,,,
,Mustang,MTL 25,Mustang MTL 25,,,
,Mustang,MTL 312,Mustang MTL 312,,,
,Mustang,MTL 316,Mustang MTL 316,,,
,Mustang,MTL 320,Mustang MTL 320,,,
,Mustang,MTL 325,Mustang MTL 325,,,
,Mustang,RD 15,Mustang RD 15,,,
,Nagano,NB 30,Nagano NB 30,,,
,Nagano,NS 08-2,Nagano NS 08-2,,,
,Nagano,NS 15,Nagano NS 15,,,
,Nagano,NS 15-2,Nagano NS 15-2,,,
,Nagano,NS 15-3,Nagano NS 15-3,,,
,Nagano,NS 16-3,Nagano NS 16-3,,,
,Nagano,NS 25,Nagano NS 25,,,
,Nagano,NS 30,Nagano NS 30,,,
,Nagano,NS 35,Nagano NS 35,,,
,Nagano,NS 35-2,Nagano NS 35-2,,,
,Nagano,NS 35-2A,Nagano NS 35-2A,,,
,Nagano,NS 35-2B,Nagano NS 35-2B,,,
,Nagano,NS 75-2,Nagano NS 75-2,,,
,Nagano Highland,NB 30,Nagano Highland NB 30,,,
,Nagano Highland,NS 15-2,Nagano Highland NS 15-2,,,
,Nagano Highland,NS 45-2,Nagano Highland NS 45-2,,,
,Nante,NT 110,Nante NT 110,,,
,Nante,NT 12,Nante NT 12,,,
,Nante,NT 15,Nante NT 15,,,
,Nante,NT 16,Nante NT 16,,,
,Nante,NT 18,Nante NT 18,,,
,Nante,NT 18D,Nante NT 18D,,,
,Nante,NT 30U,Nante NT 30U,,,
,Navago,19/9 ('2001),Navago 19/9 ('2001),,,
,Navigator,D7x11a,Navigator D7x11a,,,
,Nemag,Mini-excavator,Nemag Mini-excavator,,,
,Nemek,407 RT,Nemek 407 RT,,,
,Nemek,407 TS,Nemek 407 TS,,,
,New Holland,C 175,New Holland C 175,,,
,New Holland,C 180,New Holland C 180,,,
,New Holland,C 185,New Holland C 185,,,
,New Holland,C 190,New Holland C 190,,,
,New Holland,C 227,New Holland C 227,,,
,New Holland,C 232,New Holland C 232,,,
,New Holland,C 234,New Holland C 234,,,
,New Holland,C 237,New Holland C 237,,,
,New Holland,C 238,New Holland C 238,,,
,New Holland,C 245,New Holland C 245,,,
,New Holland,C 327,New Holland C 327,,,
,New Holland,C 332,New Holland C 332,,,
,New Holland,C 334,New Holland C 334,,,
,New Holland,C 337,New Holland C 337,,,
,New Holland,C 345,New Holland C 345,,,
,New Holland,E 115,New Holland E 115,,,
,New Holland,E 16,New Holland E 16,,,
,New Holland,E 17,New Holland E 17,,,
,New Holland,E 17C,New Holland E 17C,,,
,New Holland,E 18,New Holland E 18,,,
,New Holland,E 18C,New Holland E 18C,,,
,New Holland,E 18SR,New Holland E 18SR,,,
,New Holland,E 20.2SR,New Holland E 20.2SR,,,
,New Holland,E 20SR,New Holland E 20SR,,,
,New Holland,E 22.2SR,New Holland E 22.2SR,,,
,New Holland,E 25SR,New Holland E 25SR,,,
,New Holland,E 26BSR,New Holland E 26BSR,,,
,New Holland,E 26C,New Holland E 26C,,,
,New Holland,E 27.2SR,New Holland E 27.2SR,,,
,New Holland,E 29 BSR,New Holland E 29 BSR,,,
,New Holland,E 30.2SR,New Holland E 30.2SR,,,
,New Holland,E 30C,New Holland E 30C,,,
,New Holland,E 30SR,New Holland E 30SR,,,
,New Holland,E 33C,New Holland E 33C,,,
,New Holland,E 35.2C,New Holland E 35.2C,,,
,New Holland,E 35.2SR,New Holland E 35.2SR,,,
,New Holland,E 35BSR,New Holland E 35BSR,,,
,New Holland,E 35SR,New Holland E 35SR,,,
,New Holland,E 37C,New Holland E 37C,,,
,New Holland,E 39BSR,New Holland E 39BSR,,,
,New Holland,E 40.2SR,New Holland E 40.2SR,,,
,New Holland,E 40SR,New Holland E 40SR,,,
,New Holland,E 45.2SR,New Holland E 45.2SR,,,
,New Holland,E 45SR,New Holland E 45SR,,,
,New Holland,E 50.2SR,New Holland E 50.2SR,,,
,New Holland,E 50B,New Holland E 50B,,,
,New Holland,E 55BX,New Holland E 55BX,,,
,New Holland,E 70BSR,New Holland E 70BSR,,,
,New Holland,E 70SR,New Holland E 70SR,,,
,New Holland,E 75CSR,New Holland E 75CSR,,,
,New Holland,E 80,New Holland E 80,,,
,New Holland,E 80BMSR,New Holland E 80BMSR,,,
,New Holland,E 80CS,New Holland E 80CS,,,
,New Holland,E 80MSR,New Holland E 80MSR,,,
,New Holland,EC 15,New Holland EC 15,,,
,New Holland,EC 25,New Holland EC 25,,,
,New Holland,EC 25SR,New Holland EC 25SR,,,
,New Holland,EC 35SR,New Holland EC 35SR,,,
,New Holland,EC 45,New Holland EC 45,,,
,New Holland,EC 45SR,New Holland EC 45SR,,,
,New Holland,EC 60,New Holland EC 60,,,
,New Holland,EH 15B,New Holland EH 15B,,,
,New Holland,EH 16,New Holland EH 16,,,
,New Holland,EH 18,New Holland EH 18,,,
,New Holland,EH 25,New Holland EH 25,,,
,New Holland,EH 27B,New Holland EH 27B,,,
,New Holland,EH 30B,New Holland EH 30B,,,
,New Holland,EH 35,New Holland EH 35,,,
,New Holland,EH 35B,New Holland EH 35B,,,
,New Holland,EH 45,New Holland EH 45,,,
,New Holland,EH 50B,New Holland EH 50B,,,
,New Holland,EH 80,New Holland EH 80,,,
,New Holland,LS 160,New Holland LS 160,,,
,New Holland,LS 170,New Holland LS 170,,,
,New Holland,LS 180,New Holland LS 180,,,
,New Holland,LS 185 B,New Holland LS 185 B,,,
,New Holland,LS 190,New Holland LS 190,,,
,New Holland,LT 175B,New Holland LT 175B,,,
,New Holland,LT 185B,New Holland LT 185B,,,
,New Holland,LT 190B,New Holland LT 190B,,,
,New Holland,LX 865,New Holland LX 865,,,
,New Holland,LX 885,New Holland LX 885,,,
,New Holland,LX 985,New Holland LX 985,,,
,Nibbi,NTR 270,Nibbi NTR 270,,,
,Nibbi,NTR 350,Nibbi NTR 350,,,
,Nibbi,NTR 450,Nibbi NTR 450,,,
,Nibbi,NTR 500,Nibbi NTR 500,,,
,Nibbi,NTR 500D,Nibbi NTR 500D,,,
,Nifty,TD 120TN,Nifty TD 120TN,,,
,Nifty,TD 34T,Nifty TD 34T,,,
,Nihon Flex,Snow Plow,Nihon Flex Snow Plow,,,
,Nihon Freki,Snow showel,Nihon Freki Snow showel,,,
,Niko,HRS 70,Niko HRS 70,,,
,Niko,HY 13/11,Niko HY 13/11,,,
,Niko,HY 20/11 70cm,Niko HY 20/11 70cm,,,
,Niko,HY 20/11 70cm SOM,Niko HY 20/11 70cm SOM,,,
,Niko,HY 27/16,Niko HY 27/16,,,
,Niko,HY 27/16 85cm,Niko HY 27/16 85cm,,,
,Niko,HY 30/16,Niko HY 30/16,,,
,Niko,HY 38/16 70cm Poclain,Niko HY 38/16 70cm Poclain,,,
,Niko,HY 38/16 90cm,Niko HY 38/16 90cm,,,
,Niko,HY 38/16A,Niko HY 38/16A,,,
,Niko,HY 48/58 2000,Niko HY 48/58 2000,,,
,Niko,HY 610,Niko HY 610,,,
,Niko,HY 710,Niko HY 710,,,
,Nissan,150/N,Nissan 150/N,,,
,Nissan,N 050,Nissan N 050,,,
,Nissan,N 06,Nissan N 06,,,
,Nissan,N 060,Nissan N 060,,,
,Nissan,N 080,Nissan N 080,,,
,Nissan,N 080 3LR,Nissan N 080 3LR,,,
,Nissan,N 080-2,Nissan N 080-2,,,
,Nissan,N 080-2LR,Nissan N 080-2LR,,,
,Nissan,N 120,Nissan N 120,,,
,Nissan,N 120-2,Nissan N 120-2,,,
,Nissan,N 120R,Nissan N 120R,,,
,Nissan,N 150,Nissan N 150,,,
,Nissan,N 150-2,Nissan N 150-2,,,
,Nissan,N 150-2R,Nissan N 150-2R,,,
,Nissan,N 150R,Nissan N 150R,,,
,Nissan,N 220-2,Nissan N 220-2,,,
,Nissan,N 230-2,Nissan N 230-2,,,
,Nissan,N 230-2R,Nissan N 230-2R,,,
,Nissan,N 250-2,Nissan N 250-2,,,
,Nissan,N 260-2,Nissan N 260-2,,,
,Nissan,N 260-2R,Nissan N 260-2R,,,
,Nissan,N 300-2,Nissan N 300-2,,,
,Nissan,N 300-2R,Nissan N 300-2R,,,
,Nissan,N 35,Nissan N 35,,,
,Nissan,N 350-2,Nissan N 350-2,,,
,Nissan,N 350-2R,Nissan N 350-2R,,,
,Nissan,N 80,Nissan N 80,,,
,Nissan,N 80-2,Nissan N 80-2,,,
,Nissan,N 80-2R,Nissan N 80-2R,,,
,Nissan,S&B 08,Nissan S&B 08,,,
,Nissan,S&B 25-1,Nissan S&B 25-1,,,
,Nissan,S&B 25-2,Nissan S&B 25-2,,,
,Nissan,S&B 300,Nissan S&B 300,,,
,Nissan,S&B 300-2,Nissan S&B 300-2,,,
,Nissan,S&B X 1,Nissan S&B X 1,,,
,Nissan,X 1,Nissan X 1,,,
,Pagani Geotechnical Equipment,TG 63/100,Pagani Geotechnical Equipment TG 63/100,,,
,Pagani Geotechnical Equipment,TG 63/150,Pagani Geotechnical Equipment TG 63/150,,,
,Pagani Geotechnical Equipment,TG73/200,Pagani Geotechnical Equipment TG73/200,,,
,Palazzani,TSJ 12,Palazzani TSJ 12,,,
,Palazzani,TSJ 22/24,Palazzani TSJ 22/24,,,
,Palazzani,TSJ 23,Palazzani TSJ 23,,,
,Palazzani,TSJ 24,Palazzani TSJ 24,,,
,Palazzani,TSJ 24 (2nd type - lifting platform),Palazzani TSJ 24 (2nd type - lifting platform),,,
,Palazzani,TSJ 34 (Lifting platform),Palazzani TSJ 34 (Lifting platform),,,
,Palazzani,TSJ 43 (Lifting platform),Palazzani TSJ 43 (Lifting platform),,,
,Palazzani,TZ 170 (Lifting platform),Palazzani TZ 170 (Lifting platform),,,
,Palazzani,XTJ 30/C (Lifting platform),Palazzani XTJ 30/C (Lifting platform),,,
,Palazzani,XTJ 48,Palazzani XTJ 48,,,
,Paus-Hermann,MB 1.6,Paus-Hermann MB 1.6,,,
,Paus-Hermann,MB 2.0,Paus-Hermann MB 2.0,,,
,Paus-Hermann,MB 2.4 ('1994),Paus-Hermann MB 2.4 ('1994),,,
,Paus-Hermann,MB 3.2,Paus-Hermann MB 3.2,,,
,Pauselli,500,Pauselli 500,,,
,Pauselli,700,Pauselli 700,,,
,Pazzaglia,FZ 100 (Tree remover),Pazzaglia FZ 100 (Tree remover),,,
,Pazzaglia,FZ 110 (Tree remover),Pazzaglia FZ 110 (Tree remover),,,
,Pazzaglia,FZ 110 Turbo plus (Tree remover),Pazzaglia FZ 110 Turbo plus (Tree remover),,,
,Pazzaglia,FZ 120 (Tree remover),Pazzaglia FZ 120 (Tree remover),,,
,Pazzaglia,FZ 150 (Tree remover),Pazzaglia FZ 150 (Tree remover),,,
,Pazzaglia,FZ 160 (Tree remover),Pazzaglia FZ 160 (Tree remover),,,
,Pazzaglia,FZ 50 (Tree remover),Pazzaglia FZ 50 (Tree remover),,,
,Pazzaglia,FZ 80 (Tree remover),Pazzaglia FZ 80 (Tree remover),,,
,Pazzaglia,FZ 90 (Tree remover),Pazzaglia FZ 90 (Tree remover),,,
,Peljob,EB 10,Peljob EB 10,,,
,Peljob,EB 10.4,Peljob EB 10.4,,,
,Peljob,EB 11 (New) [OEM 250x72x47],Peljob EB 11 (New) [OEM 250x72x47],,,
,Peljob,EB 11 (Old) [OEM 230x72x43],Peljob EB 11 (Old) [OEM 230x72x43],,,
,Peljob,EB 12,Peljob EB 12,,,
,Peljob,EB 12.4,Peljob EB 12.4,,,
,Peljob,EB 14 (New) [OEM 250x72x45],Peljob EB 14 (New) [OEM 250x72x45],,,
,Peljob,EB 14 (Old) [OEM 230x72x43],Peljob EB 14 (Old) [OEM 230x72x43],,,
,Peljob,EB 14.2,Peljob EB 14.2,,,
,Peljob,EB 14.4 (New) [OEM 250x72x45],Peljob EB 14.4 (New) [OEM 250x72x45],,,
,Peljob,EB 14.4 (Old) [OEM 230x72x43],Peljob EB 14.4 (Old) [OEM 230x72x43],,,
,Peljob,EB 150,Peljob EB 150,,,
,Peljob,EB 150XR [OEM 230x72x43],Peljob EB 150XR [OEM 230x72x43],,,
,Peljob,EB 150XR [OEM 230x96x33],Peljob EB 150XR [OEM 230x96x33],,,
,Peljob,EB 150XT,Peljob EB 150XT,,,
,Peljob,EB 150XTV,Peljob EB 150XTV,,,
,Peljob,EB 16,Peljob EB 16,,,
,Peljob,EB 16.4 (New),Peljob EB 16.4 (New),,,
,Peljob,EB 16.4 (Old),Peljob EB 16.4 (Old),,,
,Peljob,EB 16.5,Peljob EB 16.5,,,
,Peljob,EB 22.4 (S/N < 16700),Peljob EB 22.4 (S/N < 16700),,,
,Peljob,EB 22.4 (S/N > 16699),Peljob EB 22.4 (S/N > 16699),,,
,Peljob,EB 246,Peljob EB 246,,,
,Peljob,EB 25.4,Peljob EB 25.4,,,
,Peljob,EB 250,Peljob EB 250,,,
,Peljob,EB 250XT,Peljob EB 250XT,,,
,Peljob,EB 251,Peljob EB 251,,,
,Peljob,EB 252,Peljob EB 252,,,
,Peljob,EB 271 ('1998),Peljob EB 271 ('1998),,,
,Peljob,EB 28,Peljob EB 28,,,
,Peljob,EB 28.4,Peljob EB 28.4,,,
,Peljob,EB 28.6,Peljob EB 28.6,,,
,Peljob,EB 281,Peljob EB 281,,,
,Peljob,EB 30.4,Peljob EB 30.4,,,
,Peljob,EB 300,Peljob EB 300,,,
,Peljob,EB 306,Peljob EB 306,,,
,Peljob,EB 350,Peljob EB 350,,,
,Peljob,EB 350XT,Peljob EB 350XT,,,
,Peljob,EB 36 (new),Peljob EB 36 (new),,,
,Peljob,EB 36 (old),Peljob EB 36 (old),,,
,Peljob,EB 400,Peljob EB 400,,,
,Peljob,EB 406,Peljob EB 406,,,
,Peljob,EB 450,Peljob EB 450,,,
,Peljob,EB 506,Peljob EB 506,,,
,Peljob,EB 506 ('97),Peljob EB 506 ('97),,,
,Peljob,LS 200,Peljob LS 200,,,
,Peljob,LS 2000,Peljob LS 2000,,,
,Peljob,LS 286,Peljob LS 286,,,
,Peljob,LS 386,Peljob LS 386,,,
,Peljob,LS 406,Peljob LS 406,,,
,Peljob,LS 502,Peljob LS 502,,,
,Peljob,SIRIUS,Peljob SIRIUS,,,
,Peljob,SIRIUS plus,Peljob SIRIUS plus,,,
,Peljob,Tiga 68,Peljob Tiga 68,,,
,Penta Moter,Jolly,Penta Moter Jolly,,,
,Penta Moter,Jolly 20B,Penta Moter Jolly 20B,,,
,Penta Moter,Jolly 26B,Penta Moter Jolly 26B,,,
,Penta Moter,Jolly 26PK,Penta Moter Jolly 26PK,,,
,Penta Moter,Maxi dumper,Penta Moter Maxi dumper,,,
,Penta Moter,Maxi dumper 20PK,Penta Moter Maxi dumper 20PK,,,
,Penta Moter,Robot,Penta Moter Robot,,,
,Pezzolato,PZ 250,Pezzolato PZ 250,,,
,Picchio,1465 (Lifting platform),Picchio 1465 (Lifting platform),,,
,Picchio,1690 (Sky Lifter),Picchio 1690 (Sky Lifter),,,
,Piccini,Dumper,Piccini Dumper,,,
,Piccini,mini 22,Piccini mini 22,,,
,Piccini,minicar 300,Piccini minicar 300,,,
,Piccini,minicar 500,Piccini minicar 500,,,
,Piccini,minicat 13,Piccini minicat 13,,,
,Piccini,minicat 20,Piccini minicat 20,,,
,Piccini,minicat 22,Piccini minicat 22,,,
,Platform Basket,RQG 12 (Skylifter),Platform Basket RQG 12 (Skylifter),,,
,Platform Basket,RQG 12AD (Sky lifter),Platform Basket RQG 12AD (Sky lifter),,,
,Platform Basket,RQG 15.75 (Skylifter),Platform Basket RQG 15.75 (Skylifter),,,
,Platform Basket,RQG 150AD (Sky lifter),Platform Basket RQG 150AD (Sky lifter),,,
,Platform Basket,RQG 18,Platform Basket RQG 18,,,
,Platform Basket,RQG 18 (Sky lifter),Platform Basket RQG 18 (Sky lifter),,,
,Platform Basket,Spider 13.80 (Sky lifter),Platform Basket Spider 13.80 (Sky lifter),,,
,Platform Basket,Spider 18.90 (Sky lifter),Platform Basket Spider 18.90 (Sky lifter),,,
,Platform Basket,Spider 22.10 (Sky lifter),Platform Basket Spider 22.10 (Sky lifter),,,
,Platform Basket,Spider 27.14 (Sky lifter),Platform Basket Spider 27.14 (Sky lifter),,,
,Platform Basket,Spider 33.15 (Sky lifter),Platform Basket Spider 33.15 (Sky lifter),,,
,Platinum Lift,CF 125 (Rotary),Platinum Lift CF 125 (Rotary),,,
,Porello,Car 70 (transporter),Porello Car 70 (transporter),,,
,Porrello,Car 100 (transporter),Porrello Car 100 (transporter),,,
,Porrello,Sky lifter,Porrello Sky lifter,,,
,Positrack,RCV 85,Positrack RCV 85,,,
,Powerfab,100 X,Powerfab 100 X,,,
,Powerfab,1200 SX,Powerfab 1200 SX,,,
,Powerfab,1200 X,Powerfab 1200 X,,,
,Powerfab,1250,Powerfab 1250,,,
,Powerfab,1700 SX,Powerfab 1700 SX,,,
,Powerfab,180,Powerfab 180,,,
,Powerfab,HSS 11,Powerfab HSS 11,,,
,Powerfab,High type (Carrier),Powerfab High type (Carrier),,,
,Powerfab,Samurai,Powerfab Samurai,,,
,Powerpac,RC 350,Powerpac RC 350,,,
,Powerpac,RC 500,Powerpac RC 500,,,
,Pressoil,HR 15.1,Pressoil HR 15.1,,,
,Putzmeister,SPM 300,Putzmeister SPM 300,,,
,QIYUN,GTJZ06,QIYUN GTJZ06,,,
,RHINOCEROS,XN 12,RHINOCEROS XN 12,,,
,RHINOCEROS,XN 16,RHINOCEROS XN 16,,,
,RHINOCEROS,XN 18,RHINOCEROS XN 18,,,
,Rampicar,R 100,Rampicar R 100,,,
,Rampicar,R 100AE,Rampicar R 100AE,,,
,Rampicar,R 35,Rampicar R 35,,,
,Rampicar,R 50,Rampicar R 50,,,
,Rampicar,R 500 (Mini-carrier),Rampicar R 500 (Mini-carrier),,,
,Rampicar,R 60,Rampicar R 60,,,
,Rampicar,R 600,Rampicar R 600,,,
,Rampicar,R 600 (Mini-carrier),Rampicar R 600 (Mini-carrier),,,
,Rampicar,R 635,Rampicar R 635,,,
,Rampicar,R 70,Rampicar R 70,,,
,Rampicar,R 70.1,Rampicar R 70.1,,,
,Rampicar,R 70AE,Rampicar R 70AE,,,
,Rampicar,R 800 (Mini-carrier),Rampicar R 800 (Mini-carrier),,,
,Rampicar,R 900 (Mini-carrier),Rampicar R 900 (Mini-carrier),,,
,Rampicar,Vignoble,Rampicar Vignoble,,,
,Ramrod,1150 Taskmaster,Ramrod 1150 Taskmaster,,,
,Rayco,C 85L,Rayco C 85L,,,
,Rayco,RG 35T,Rayco RG 35T,,,
,Rayco,RG 37T,Rayco RG 37T,,,
,Rayco,RG 40T,Rayco RG 40T,,,
,Rayco,RG 45T-R,Rayco RG 45T-R,,,
,Rayco,RG 55T,Rayco RG 55T,,,
,Raymar,TRK 102,Raymar TRK 102,,,
,Raymar,TRK 120,Raymar TRK 120,,,
,Raymar,TRK 120S,Raymar TRK 120S,,,
,Raymar,TRK 40,Raymar TRK 40,,,
,Raymar,TRK 40LT,Raymar TRK 40LT,,,
,Raymar,TRK 60,Raymar TRK 60,,,
,Raymar,TRK 60S,Raymar TRK 60S,,,
,Renders,RME 170,Renders RME 170,,,
,Riebsamen,Multi-pelle,Riebsamen Multi-pelle,,,
,Rock,20,Rock 20,,,
,Rocky Rapid,BFR 402,Rocky Rapid BFR 402,,,
,Rolatec,ML 76A (Drilling machine),Rolatec ML 76A (Drilling machine),,,
,Rossi,R 103.3,Rossi R 103.3,,,
,Rossi,R 105.3,Rossi R 105.3,,,
,Rotomax,Drilling machine,Rotomax Drilling machine,,,
,Rufener,RK 1200 (mini-dumper),Rufener RK 1200 (mini-dumper),,,
,Rufener,RK 1500 (mini-dumper),Rufener RK 1500 (mini-dumper),,,
,Rufener,RK 500 (mini-dumper),Rufener RK 500 (mini-dumper),,,
,Rufener,RK 602 (mini-dumper),Rufener RK 602 (mini-dumper),,,
,Rufener,RK 700 (mini-dumper),Rufener RK 700 (mini-dumper),,,
,Rufener,RK 900 (mini-dumper),Rufener RK 900 (mini-dumper),,,
,SDP Manufacturing,2500,SDP Manufacturing 2500,,,
,SDP Manufacturing,EZ Hauler55M,SDP Manufacturing EZ Hauler55M,,,
,SMC,MX 08XT,SMC MX 08XT,,,
,SMC,MX 14-1,SMC MX 14-1,,,
,SMC,MX 15,SMC MX 15,,,
,SMC,MX 16XT,SMC MX 16XT,,,
,SMC,MX 30,SMC MX 30,,,
,SMC,MX 35,SMC MX 35,,,
,SMC,MX 50,SMC MX 50,,,
,SMC,MX 80,SMC MX 80,,,
,SUP,Elefant S19,SUP Elefant S19,,,
,Sacet,KC 28 ALV,Sacet KC 28 ALV,,,
,Samsung,MX 030,Samsung MX 030,,,
,Samsung,SE 50,Samsung SE 50,,,
,Samsung,SE 50-3,Samsung SE 50-3,,,
,Sandqueen Uk,Dumper,Sandqueen Uk Dumper,,,
,Sany,SY16C,Sany SY16C,,,
,Sany,SY26C,Sany SY26C,,,
,Sany,SY26U,Sany SY26U,,,
,Sany,SY35U,Sany SY35U,,,
,Sany,SY50U,Sany SY50U,,,
,Sany,SY75C,Sany SY75C,,,
,Sany,SY80U,Sany SY80U,,,
,Sato,SC 1200,Sato SC 1200,,,
,Sato,SC 156DD (Mini-carrier),Sato SC 156DD (Mini-carrier),,,
,Sato,SC 156DS (Mini-carrier),Sato SC 156DS (Mini-carrier),,,
,Sato,SC 433 (Mini-carrier),Sato SC 433 (Mini-carrier),,,
,Sato,SC 433DA (Mini-carrier),Sato SC 433DA (Mini-carrier),,,
,Sato,SC 433DH (Mini-carrier),Sato SC 433DH (Mini-carrier),,,
,Sato,SC 433LDA (Mini-carrier),Sato SC 433LDA (Mini-carrier),,,
,Sato,SC 433LDS (Mini-carrier),Sato SC 433LDS (Mini-carrier),,,
,Sato,SCL 476A (Mini-carrier),Sato SCL 476A (Mini-carrier),,,
,Satvia,VB 101R,Satvia VB 101R,,,
,Satvia,VT 102R,Satvia VT 102R,,,
,Satvia,VT 150R,Satvia VT 150R,,,
,Scattrack,116,Scattrack 116,,,
,Scattrack,118,Scattrack 118,,,
,Scattrack,125,Scattrack 125,,,
,Scattrack,130,Scattrack 130,,,
,Scattrack,135,Scattrack 135,,,
,Scattrack,150,Scattrack 150,,,
,Scattrack,254S,Scattrack 254S,,,
,Scattrack,516,Scattrack 516,,,
,Scattrack,520,Scattrack 520,,,
,Scattrack,520V,Scattrack 520V,,,
,Scattrack,530,Scattrack 530,,,
,Scattrack,533,Scattrack 533,,,
,Scattrack,535,Scattrack 535,,,
,Scattrack,545,Scattrack 545,,,
,Schaefer,DS 1200 (Mini-dumper),Schaefer DS 1200 (Mini-dumper),,,
,Schaeff,H 15,Schaeff H 15,,,
,Schaeff,H 24,Schaeff H 24,,,
,Schaeff,H 27,Schaeff H 27,,,
,Schaeff,HR 02,Schaeff HR 02,,,
,Schaeff,HR 1,Schaeff HR 1,,,
,Schaeff,HR 1.5,Schaeff HR 1.5,,,
,Schaeff,HR 1.6,Schaeff HR 1.6,,,
,Schaeff,HR 11,Schaeff HR 11,,,
,Schaeff,HR 12 (New),Schaeff HR 12 (New),,,
,Schaeff,HR 12 (old),Schaeff HR 12 (old),,,
,Schaeff,HR 13 ('2001),Schaeff HR 13 ('2001),,,
,Schaeff,HR 14,Schaeff HR 14,,,
,Schaeff,HR 14 (< '1995),Schaeff HR 14 (< '1995),,,
,Schaeff,HR 14 (> '1995),Schaeff HR 14 (> '1995),,,
,Schaeff,HR 16 (< '1995),Schaeff HR 16 (< '1995),,,
,Schaeff,HR 16 (> '1995),Schaeff HR 16 (> '1995),,,
,Schaeff,HR 18,Schaeff HR 18,,,
,Schaeff,HR 2 (New),Schaeff HR 2 (New),,,
,Schaeff,HR 2 (old),Schaeff HR 2 (old),,,
,Schaeff,HR 2.0,Schaeff HR 2.0,,,
,Schaeff,HR 20,Schaeff HR 20,,,
,Schaeff,HR 21,Schaeff HR 21,,,
,Schaeff,HR 22,Schaeff HR 22,,,
,Schaeff,HR 24,Schaeff HR 24,,,
,Schaeff,HR 27,Schaeff HR 27,,,
,Schaeff,HR 3.7 (new),Schaeff HR 3.7 (new),,,
,Schaeff,HR 3.7 (old),Schaeff HR 3.7 (old),,,
,Schaeff,HR 31,Schaeff HR 31,,,
,Schaeff,HR 32,Schaeff HR 32,,,
,Schaeff,HR 32CI,Schaeff HR 32CI,,,
,Schaeff,HR 4-A,Schaeff HR 4-A,,,
,Schaeff,HR 42,Schaeff HR 42,,,
,Schaeff,HR 8 (New),Schaeff HR 8 (New),,,
,Schaeff,HR 8-A,Schaeff HR 8-A,,,
,Schaeff,N 120,Schaeff N 120,,,
,Schaeff,TC08,Schaeff TC08,,,
,Schaeff,TC10Z,Schaeff TC10Z,,,
,Sedidrill,110 (drilling machine),Sedidrill 110 (drilling machine),,,
,Sedidrill,210 (drilling machine),Sedidrill 210 (drilling machine),,,
,Sedidrill,250 (drilling machine),Sedidrill 250 (drilling machine),,,
,Sedidrill,90 (drilling machine),Sedidrill 90 (drilling machine),,,
,Senic,TSJ 34,Senic TSJ 34,,,
,Senic,TZ 170,Senic TZ 170,,,
,Sequani,135CS Skylift,Sequani 135CS Skylift,,,
,Shibura,425MA,Shibura 425MA,,,
,Shin-Towa,CC 104,Shin-Towa CC 104,,,
,Shin-Towa,CC 154,Shin-Towa CC 154,,,
,Shin-Towa,CC 204,Shin-Towa CC 204,,,
,Shin-Towa,CC 205,Shin-Towa CC 205,,,
,Shin-Towa,CC 235,Shin-Towa CC 235,,,
,Shin-Towa,CC 265,Shin-Towa CC 265,,,
,Shin-Towa,CC 266,Shin-Towa CC 266,,,
,Shin-Towa,CC 285,Shin-Towa CC 285,,,
,Shin-Towa,CL 100,Shin-Towa CL 100,,,
,Shin-Towa,NC 180,Shin-Towa NC 180,,,
,Shin-Towa,TC 204,Shin-Towa TC 204,,,
,Showa Aircraft,SWP 030VCB,Showa Aircraft SWP 030VCB,,,
,Sicocu,750DH3,Sicocu 750DH3,,,
,Sika,ALIVA 503,Sika ALIVA 503,,,
,Silea,45RP,Silea 45RP,,,
,Silla,14,Silla 14,,,
,Silla,18,Silla 18,,,
,Silla,ME 1400H,Silla ME 1400H,,,
,Slane,HT1000,Slane HT1000,,,
,Slane International,Big Dog SL 900,Slane International Big Dog SL 900,,,
,Slane International,Big Skip HT750 (Mini-carrier),Slane International Big Skip HT750 (Mini-carrier),,,
,Smac,CC 91 (Aerial work platform),Smac CC 91 (Aerial work platform),,,
,Smac,PC 40III (Lifting platform),Smac PC 40III (Lifting platform),,,
,So.Ca.Ce,Europlanet 190 C 080 SC (Crane),So.Ca.Ce Europlanet 190 C 080 SC (Crane),,,
,Socomafor,35R,Socomafor 35R,,,
,Socomafor,50R,Socomafor 50R,,,
,Socomafor,65 (drilling),Socomafor 65 (drilling),,,
,Soma,SB 15K,Soma SB 15K,,,
,Soma,SB 28,Soma SB 28,,,
,Stanley,TRACKhorse,Stanley TRACKhorse,,,
,Stenuick,FORTRACK 200H,Stenuick FORTRACK 200H,,,
,Stenuick,S 320,Stenuick S 320,,,
,Straightline,2062,Straightline 2062,,,
,Streck,SF / U (Carrier),Streck SF / U (Carrier),,,
,Sumitomo,LS 1000FXJ2,Sumitomo LS 1000FXJ2,,,
,Sumitomo,LS 1000FXJ3,Sumitomo LS 1000FXJ3,,,
,Sumitomo,LS 1200FXJ2,Sumitomo LS 1200FXJ2,,,
,Sumitomo,LS 1200FXJ3,Sumitomo LS 1200FXJ3,,,
,Sumitomo,LS 1300FXJ2,Sumitomo LS 1300FXJ2,,,
,Sumitomo,LS 1300FXJ3,Sumitomo LS 1300FXJ3,,,
,Sumitomo,LS 1350UXJ,Sumitomo LS 1350UXJ,,,
,Sumitomo,LS 160,Sumitomo LS 160,,,
,Sumitomo,LS 300FXJ,Sumitomo LS 300FXJ,,,
,Sumitomo,LS 500FXJ,Sumitomo LS 500FXJ,,,
,Sumitomo,LS 600FXJ,Sumitomo LS 600FXJ,,,
,Sumitomo,LS 600FXJ3,Sumitomo LS 600FXJ3,,,
,Sumitomo,LS 600PXJ3,Sumitomo LS 600PXJ3,,,
,Sumitomo,LS 700FXJ2,Sumitomo LS 700FXJ2,,,
,Sumitomo,LS 700FXJ3,Sumitomo LS 700FXJ3,,,
,Sumitomo,LS 800FXJ2,Sumitomo LS 800FXJ2,,,
,Sumitomo,LS 800FXJ3,Sumitomo LS 800FXJ3,,,
,Sumitomo,LS 850UXJ,Sumitomo LS 850UXJ,,,
,Sumitomo,LS 850UXJ2,Sumitomo LS 850UXJ2,,,
,Sumitomo,LS 900FXJ2,Sumitomo LS 900FXJ2,,,
,Sumitomo,LS 900FXJ3,Sumitomo LS 900FXJ3,,,
,Sumitomo,S 100,Sumitomo S 100,,,
,Sumitomo,S 100F2,Sumitomo S 100F2,,,
,Sumitomo,S 100FJ3,Sumitomo S 100FJ3,,,
,Sumitomo,S 120,Sumitomo S 120,,,
,Sumitomo,S 120F2,Sumitomo S 120F2,,,
,Sumitomo,S 130,Sumitomo S 130,,,
,Sumitomo,S 130F2,Sumitomo S 130F2,,,
,Sumitomo,S 160B,Sumitomo S 160B,,,
,Sumitomo,S 160B2,Sumitomo S 160B2,,,
,Sumitomo,S 160FJ2,Sumitomo S 160FJ2,,,
,Sumitomo,S 30FX,Sumitomo S 30FX,,,
,Sumitomo,S 30UX-1,Sumitomo S 30UX-1,,,
,Sumitomo,S 50F2,Sumitomo S 50F2,,,
,Sumitomo,S 50K,Sumitomo S 50K,,,
,Sumitomo,S 60F2,Sumitomo S 60F2,,,
,Sumitomo,S 70FX2,Sumitomo S 70FX2,,,
,Sumitomo,S 80F2,Sumitomo S 80F2,,,
,Sumitomo,S 80FX2,Sumitomo S 80FX2,,,
,Sumitomo,S 90,Sumitomo S 90,,,
,Sumitomo,S 90F2,Sumitomo S 90F2,,,
,Sumitomo,S 90FX3,Sumitomo S 90FX3,,,
,Sumitomo,S 90FXJ3,Sumitomo S 90FXJ3,,,
,Sumitomo,SH 10UJ3,Sumitomo SH 10UJ3,,,
,Sumitomo,SH 12JX,Sumitomo SH 12JX,,,
,Sumitomo,SH 135-2,Sumitomo SH 135-2,,,
,Sumitomo,SH 145,Sumitomo SH 145,,,
,Sumitomo,SH 15J,Sumitomo SH 15J,,,
,Sumitomo,SH 18J,Sumitomo SH 18J,,,
,Sumitomo,SH 18UJ,Sumitomo SH 18UJ,,,
,Sumitomo,SH 18UJ2,Sumitomo SH 18UJ2,,,
,Sumitomo,SH 20JX,Sumitomo SH 20JX,,,
,Sumitomo,SH 25J,Sumitomo SH 25J,,,
,Sumitomo,SH 25JX,Sumitomo SH 25JX,,,
,Sumitomo,SH 28J,Sumitomo SH 28J,,,
,Sumitomo,SH 30J,Sumitomo SH 30J,,,
,Sumitomo,SH 30JX,Sumitomo SH 30JX,,,
,Sumitomo,SH 30JX2,Sumitomo SH 30JX2,,,
,Sumitomo,SH 30U,Sumitomo SH 30U,,,
,Sumitomo,SH 30UJ,Sumitomo SH 30UJ,,,
,Sumitomo,SH 30UJ2,Sumitomo SH 30UJ2,,,
,Sumitomo,SH 30UJ3,Sumitomo SH 30UJ3,,,
,Sumitomo,SH 32J,Sumitomo SH 32J,,,
,Sumitomo,SH 35J,Sumitomo SH 35J,,,
,Sumitomo,SH 35JX,Sumitomo SH 35JX,,,
,Sumitomo,SH 35JX2,Sumitomo SH 35JX2,,,
,Sumitomo,SH 35UJ,Sumitomo SH 35UJ,,,
,Sumitomo,SH 38UJ,Sumitomo SH 38UJ,,,
,Sumitomo,SH 38UJ2,Sumitomo SH 38UJ2,,,
,Sumitomo,SH 40JX,Sumitomo SH 40JX,,,
,Sumitomo,SH 40JX2,Sumitomo SH 40JX2,,,
,Sumitomo,SH 40UJ2,Sumitomo SH 40UJ2,,,
,Sumitomo,SH 45J,Sumitomo SH 45J,,,
,Sumitomo,SH 45J2,Sumitomo SH 45J2,,,
,Sumitomo,SH 45JX,Sumitomo SH 45JX,,,
,Sumitomo,SH 45UJ,Sumitomo SH 45UJ,,,
,Sumitomo,SH 55J,Sumitomo SH 55J,,,
,Sumitomo,SH 55U-2,Sumitomo SH 55U-2,,,
,Sumitomo,SH 55UJ,Sumitomo SH 55UJ,,,
,Sumitomo,SH 60,Sumitomo SH 60,,,
,Sumitomo,SH 60-2,Sumitomo SH 60-2,,,
,Sumitomo,SH 65U,Sumitomo SH 65U,,,
,Sumitomo,SH 65U-1,Sumitomo SH 65U-1,,,
,Sumitomo,SH 65UJ,Sumitomo SH 65UJ,,,
,Sumitomo,SH 7GX3,Sumitomo SH 7GX3,,,
,Sumitomo,SH 7J,Sumitomo SH 7J,,,
,Sumitomo,SH 9UX,Sumitomo SH 9UX,,,
,Sumitomo,SH 9UX2,Sumitomo SH 9UX2,,,
,Sumitomo,SH 9UX3,Sumitomo SH 9UX3,,,
,Sunward,SWE 08,Sunward SWE 08,,,
,Sunward,SWE 08B,Sunward SWE 08B,,,
,Sunward,SWE 15,Sunward SWE 15,,,
,Sunward,SWE 15S,Sunward SWE 15S,,,
,Sunward,SWE 17,Sunward SWE 17,,,
,Sunward,SWE 17S,Sunward SWE 17S,,,
,Sunward,SWE 18UB,Sunward SWE 18UB,,,
,Sunward,SWE 18UF,Sunward SWE 18UF,,,
,Sunward,SWE 25B,Sunward SWE 25B,,,
,Sunward,SWE 25UF,Sunward SWE 25UF,,,
,Sunward,SWE 28,Sunward SWE 28,,,
,Sunward,SWE 35UF,Sunward SWE 35UF,,,
,Sunward,SWE 38,Sunward SWE 38,,,
,Sunward,SWE 40U,Sunward SWE 40U,,,
,Sunward,SWE 50B,Sunward SWE 50B,,,
,Sunward,SWE 55,Sunward SWE 55,,,
,Sunward,SWE 60,Sunward SWE 60,,,
,Sunward,SWE 60B,Sunward SWE 60B,,,
,Sunward,SWE 60UF,Sunward SWE 60UF,,,
,Sunward,SWE 70,Sunward SWE 70,,,
,Sunward,SWE 70B,Sunward SWE 70B,,,
,Sunward,SWE 78,Sunward SWE 78,,,
,Sunward,SWE 80,Sunward SWE 80,,,
,Sunward,SWE 90,Sunward SWE 90,,,
,Sunward,SWTL 4210 (Compact Track Loader),Sunward SWTL 4210 (Compact Track Loader),,,
,Sunward,SWTL 4518 (Compact Track Loader),Sunward SWTL 4518 (Compact Track Loader),,,
,Supertoy,800T,Supertoy 800T,,,
,TAIANLUYUE,Y125,TAIANLUYUE Y125,,,
,TCP,Hi-T500 (Mini-carrier),TCP Hi-T500 (Mini-carrier),,,
,TCP,TCP 500 (Carrier ) Uk market,TCP TCP 500 (Carrier ) Uk market,,,
,TECOINSA,TP50D,TECOINSA TP50D,,,
,TES,29,TES 29,,,
,TRACCESS,230,TRACCESS 230,,,
,TRS,CM 500,TRS CM 500,,,
,TZ,C20,TZ C20,,,
,Tadano,AC 40,Tadano AC 40,,,
,Tadano,AC 45SG (Lifter platform),Tadano AC 45SG (Lifter platform),,,
,Takeuchi,Huppi 403,Takeuchi Huppi 403,,,
,Takeuchi,J-4,Takeuchi J-4,,,
,Takeuchi,S 2430LC,Takeuchi S 2430LC,,,
,Takeuchi,TAK 700 (mini-dumper),Takeuchi TAK 700 (mini-dumper),,,
,Takeuchi,TB 007,Takeuchi TB 007,,,
,Takeuchi,TB 008,Takeuchi TB 008,,,
,Takeuchi,TB 014,Takeuchi TB 014,,,
,Takeuchi,TB 014A/LSA,Takeuchi TB 014A/LSA,,,
,Takeuchi,TB 014S/LSA,Takeuchi TB 014S/LSA,,,
,Takeuchi,TB 015,Takeuchi TB 015,,,
,Takeuchi,TB 015A,Takeuchi TB 015A,,,
,Takeuchi,TB 016,Takeuchi TB 016,,,
,Takeuchi,TB 016S/LSA,Takeuchi TB 016S/LSA,,,
,Takeuchi,TB 025,Takeuchi TB 025,,,
,Takeuchi,TB 030,Takeuchi TB 030,,,
,Takeuchi,TB 030UR,Takeuchi TB 030UR,,,
,Takeuchi,TB 035,Takeuchi TB 035,,,
,Takeuchi,TB 045,Takeuchi TB 045,,,
,Takeuchi,TB 07,Takeuchi TB 07,,,
,Takeuchi,TB 070,Takeuchi TB 070,,,
,Takeuchi,TB 08,Takeuchi TB 08,,,
,Takeuchi,TB 080,Takeuchi TB 080,,,
,Takeuchi,TB 105,Takeuchi TB 105,,,
,Takeuchi,TB 106,Takeuchi TB 106,,,
,Takeuchi,TB 108,Takeuchi TB 108,,,
,Takeuchi,TB 10F,Takeuchi TB 10F,,,
,Takeuchi,TB 10S,Takeuchi TB 10S,,,
,Takeuchi,TB 1135,Takeuchi TB 1135,,,
,Takeuchi,TB 1140,Takeuchi TB 1140,,,
,Takeuchi,TB 1150,Takeuchi TB 1150,,,
,Takeuchi,TB 12,Takeuchi TB 12,,,
,Takeuchi,TB 120,Takeuchi TB 120,,,
,Takeuchi,TB 120R,Takeuchi TB 120R,,,
,Takeuchi,TB 125,Takeuchi TB 125,,,
,Takeuchi,TB 125LSA,Takeuchi TB 125LSA,,,
,Takeuchi,TB 128,Takeuchi TB 128,,,
,Takeuchi,TB 135,Takeuchi TB 135,,,
,Takeuchi,TB 135LSA,Takeuchi TB 135LSA,,,
,Takeuchi,TB 138FR,Takeuchi TB 138FR,,,
,Takeuchi,TB 14,Takeuchi TB 14,,,
,Takeuchi,TB 145,Takeuchi TB 145,,,
,Takeuchi,TB 15 (New),Takeuchi TB 15 (New),,,
,Takeuchi,TB 15 (old),Takeuchi TB 15 (old),,,
,Takeuchi,TB 153FR,Takeuchi TB 153FR,,,
,Takeuchi,TB 15F,Takeuchi TB 15F,,,
,Takeuchi,TB 15FR,Takeuchi TB 15FR,,,
,Takeuchi,TB 16,Takeuchi TB 16,,,
,Takeuchi,TB 175,Takeuchi TB 175,,,
,Takeuchi,TB 175LSA,Takeuchi TB 175LSA,,,
,Takeuchi,TB 180FR,Takeuchi TB 180FR,,,
,Takeuchi,TB 20R,Takeuchi TB 20R,,,
,Takeuchi,TB 210R,Takeuchi TB 210R,,,
,Takeuchi,TB 2150,Takeuchi TB 2150,,,
,Takeuchi,TB 2150R,Takeuchi TB 2150R,,,
,Takeuchi,TB 215R,Takeuchi TB 215R,,,
,Takeuchi,TB 216,Takeuchi TB 216,,,
,Takeuchi,TB 217R [OEM 230x48x68],Takeuchi TB 217R [OEM 230x48x68],,,
,Takeuchi,TB 225,Takeuchi TB 225,,,
,Takeuchi,TB 228,Takeuchi TB 228,,,
,Takeuchi,TB 230,Takeuchi TB 230,,,
,Takeuchi,TB 235,Takeuchi TB 235,,,
,Takeuchi,TB 23R,Takeuchi TB 23R,,,
,Takeuchi,TB 240,Takeuchi TB 240,,,
,Takeuchi,TB 250 [OEM 320x100x43],Takeuchi TB 250 [OEM 320x100x43],,,
,Takeuchi,TB 250-2,Takeuchi TB 250-2,,,
,Takeuchi,TB 250A,Takeuchi TB 250A,,,
,Takeuchi,TB 257FR,Takeuchi TB 257FR,,,
,Takeuchi,TB 25FR,Takeuchi TB 25FR,,,
,Takeuchi,TB 260,Takeuchi TB 260,,,
,Takeuchi,TB 280FR,Takeuchi TB 280FR,,,
,Takeuchi,TB 285,Takeuchi TB 285,,,
,Takeuchi,TB 28FR,Takeuchi TB 28FR,,,
,Takeuchi,TB 290,Takeuchi TB 290,,,
,Takeuchi,TB 30UR,Takeuchi TB 30UR,,,
,Takeuchi,TB 38FR,Takeuchi TB 38FR,,,
,Takeuchi,TB 53FR,Takeuchi TB 53FR,,,
,Takeuchi,TB 55R,Takeuchi TB 55R,,,
,Takeuchi,TB 55UR,Takeuchi TB 55UR,,,
,Takeuchi,TB 650,Takeuchi TB 650,,,
,Takeuchi,TB 650S,Takeuchi TB 650S,,,
,Takeuchi,TB 80FR,Takeuchi TB 80FR,,,
,Takeuchi,TB 980,Takeuchi TB 980,,,
,Takeuchi,TC 425LD,Takeuchi TC 425LD,,,
,Takeuchi,TC 850,Takeuchi TC 850,,,
,Takeuchi,TC 850S,Takeuchi TC 850S,,,
,Takeuchi,TCF 850,Takeuchi TCF 850,,,
,Takeuchi,TCF 850S,Takeuchi TCF 850S,,,
,Takeuchi,TL 10 (Compact Track Loader),Takeuchi TL 10 (Compact Track Loader),,,
,Takeuchi,TL 10V2 (Compact Track Loader),Takeuchi TL 10V2 (Compact Track Loader),,,
,Takeuchi,TL 12 (Compact Track Loader),Takeuchi TL 12 (Compact Track Loader),,,
,Takeuchi,TL 120 (Compact Track Loader),Takeuchi TL 120 (Compact Track Loader),,,
,Takeuchi,TL 12R2 (Compact Track Loader),Takeuchi TL 12R2 (Compact Track Loader),,,
,Takeuchi,TL 12V2 (Compact Track Loader),Takeuchi TL 12V2 (Compact Track Loader),,,
,Takeuchi,TL 130 (Compact Track Loader),Takeuchi TL 130 (Compact Track Loader),,,
,Takeuchi,TL 140 (Compact Track Loader),Takeuchi TL 140 (Compact Track Loader),,,
,Takeuchi,TL 150 (Compact Track Loader),Takeuchi TL 150 (Compact Track Loader),,,
,Takeuchi,TL 220 (Compact Track Loader),Takeuchi TL 220 (Compact Track Loader),,,
,Takeuchi,TL 230 (Compact Track Loader),Takeuchi TL 230 (Compact Track Loader),,,
,Takeuchi,TL 230-2 (Compact Track Loader),Takeuchi TL 230-2 (Compact Track Loader),,,
,Takeuchi,TL 240 (Compact Track Loader),Takeuchi TL 240 (Compact Track Loader),,,
,Takeuchi,TL 250 (Compact Track Loader),Takeuchi TL 250 (Compact Track Loader),,,
,Takeuchi,TL 6R (Compact Track Loader),Takeuchi TL 6R (Compact Track Loader),,,
,Takeuchi,TL 8 (Compact Track Loader),Takeuchi TL 8 (Compact Track Loader),,,
,Takeuchi,TL 8R-2 (Compact Track Loader),Takeuchi TL 8R-2 (Compact Track Loader),,,
,Takeuchi,TZ 10,Takeuchi TZ 10,,,
,Tanaka,DC 153 (mini-carrier),Tanaka DC 153 (mini-carrier),,,
,Taylorst. Plant,Hi C40 (TRACKed Crusher) Uk market,Taylorst. Plant Hi C40 (TRACKed Crusher) Uk market,,,
,Taylorst. Plant,Hi T500 (Carrier) Uk market,Taylorst. Plant Hi T500 (Carrier) Uk market,,,
,Taylorst. Plant,TCP 500 (Carrier ) Uk market,Taylorst. Plant TCP 500 (Carrier ) Uk market,,,
,Tecniwell,TWH 5,Tecniwell TWH 5,,,
,Tekna,K 14,Tekna K 14,,,
,Tekna,K 14M,Tekna K 14M,,,
,Tekna,K 14S,Tekna K 14S,,,
,Tekna,K 15,Tekna K 15,,,
,Tekna,K 28S,Tekna K 28S,,,
,Tekna,K 35S,Tekna K 35S,,,
,Tekna,T 13,Tekna T 13,,,
,Tekna,TC 9,Tekna TC 9,,,
,Terex,AM 29R,Terex AM 29R,,,
,Terex,AM 35R,Terex AM 35R,,,
,Terex,AM 37R,Terex AM 37R,,,
,Terex,AR 35,Terex AR 35,,,
,Terex,HR 14 (< '1995),Terex HR 14 (< '1995),,,
,Terex,HR 14 (> '1995),Terex HR 14 (> '1995),,,
,Terex,HR 16 (< '1995),Terex HR 16 (< '1995),,,
,Terex,HR 16 (> '1995),Terex HR 16 (> '1995),,,
,Terex,PT-100,Terex PT-100,,,
,Terex,PT-100F,Terex PT-100F,,,
,Terex,PT-100G,Terex PT-100G,,,
,Terex,PT-110,Terex PT-110,,,
,Terex,PT-110G,Terex PT-110G,,,
,Terex,PT-50,Terex PT-50,,,
,Terex,PT-60,Terex PT-60,,,
,Terex,PT-75,Terex PT-75,,,
,Terex,PT-80,Terex PT-80,,,
,Terex,R160T,Terex R160T,,,
,Terex,R190T,Terex R190T,,,
,Terex,R350T,Terex R350T,,,
,Terex,TC 125,Terex TC 125,,,
,Terex,TC 15,Terex TC 15,,,
,Terex,TC 16,Terex TC 16,,,
,Terex,TC 19,Terex TC 19,,,
,Terex,TC 20,Terex TC 20,,,
,Terex,TC 25,Terex TC 25,,,
,Terex,TC 29,Terex TC 29,,,
,Terex,TC 35,Terex TC 35,,,
,Terex,TC 37,Terex TC 37,,,
,Terex,TC 48,Terex TC 48,,,
,Terex,TC 50,Terex TC 50,,,
,Terex,TC 60,Terex TC 60,,,
,Terex,TC 75,Terex TC 75,,,
,Terra Jet,2514 B (drilling machine),Terra Jet 2514 B (drilling machine),,,
,Terra Jet,CITY JET (drilling machine),Terra Jet CITY JET (drilling machine),,,
,Terra Jet,TERRA JET (drilling machine),Terra Jet TERRA JET (drilling machine),,,
,Terramac,RT9,Terramac RT9,,,
,Terramite,TX 15,Terramite TX 15,,,
,Terramite,TX 25,Terramite TX 25,,,
,Tescar,TES 20 (drilling machine),Tescar TES 20 (drilling machine),,,
,Thomas,175 (VTS System for Skidsteer Loader),Thomas 175 (VTS System for Skidsteer Loader),,,
,Thomas,225 TURBO (VTS System for Skidsteer Loader),Thomas 225 TURBO (VTS System for Skidsteer Loader),,,
,Thomas,245 TURBO (VTS System for Skidsteer Loader),Thomas 245 TURBO (VTS System for Skidsteer Loader),,,
,Thomas,25G (Skid steer loader),Thomas 25G (Skid steer loader),,,
,Thomas,25GT (Skid steer loader),Thomas 25GT (Skid steer loader),,,
,Thomas,35DT (Skid steer loader),Thomas 35DT (Skid steer loader),,,
,Thomas,MS 25G (Skid steer loader),Thomas MS 25G (Skid steer loader),,,
,Thomas,PT 15,Thomas PT 15,,,
,Thomas,T 35DT (Skid steer loader),Thomas T 35DT (Skid steer loader),,,
,Thomas,T-15S,Thomas T-15S,,,
,Thomas,T-15V,Thomas T-15V,,,
,Thomas,T-25S,Thomas T-25S,,,
,Thomas,T-35S,Thomas T-35S,,,
,Thomas,T-45S,Thomas T-45S,,,
,Tifermec,T16,Tifermec T16,,,
,Top Steel,H115,Top Steel H115,,,
,Top Steel,H85,Top Steel H85,,,
,Top Steel,M26,Top Steel M26,,,
,Top Steel,M31,Top Steel M31,,,
,Top Steel,M41,Top Steel M41,,,
,Top Tec,1850E,Top Tec 1850E,,,
,Topcat,ZY55,Topcat ZY55,,,
,Track Star,28,Track Star 28,,,
,Track Star,412,Track Star 412,,,
,Track Star,500,Track Star 500,,,
,Trackbull,Dumper,Trackbull Dumper,,,
,Trak,1500D (VTS System for Skidsteer Loader),Trak 1500D (VTS System for Skidsteer Loader),,,
,Trak,1750D ( (VTS System for Skidsteer Loader),Trak 1750D ( (VTS System for Skidsteer Loader),,,
,Trak,1750D (VTS System for Skidsteer Loader),Trak 1750D (VTS System for Skidsteer Loader),,,
,Traklift,TRA 21,Traklift TRA 21,,,
,Trax,40 (US Market),Trax 40 (US Market),,,
,Traxmax,250,Traxmax 250,,,
,Traxmax,550 (Compact Track Loader),Traxmax 550 (Compact Track Loader),,,
,Turchi,300 [OEM350x108x42],Turchi 300 [OEM350x108x42],,,
,Turchi,300F [OEM300x55x79],Turchi 300F [OEM300x55x79],,,
,Turchi,EK 100B (Mini-dumper),Turchi EK 100B (Mini-dumper),,,
,Turchi,EK 200P (Mini-dumper),Turchi EK 200P (Mini-dumper),,,
,Unic,295,Unic 295,,,
,Unic,506,Unic 506,,,
,Unic,B-345 (Crane),Unic B-345 (Crane),,,
,Unic,B-506 (Crane),Unic B-506 (Crane),,,
,Unic,B-506-5.1 (Crane),Unic B-506-5.1 (Crane),,,
,Unic,B-775 (Crane),Unic B-775 (Crane),,,
,Unic,SMK 320.67 (Crane),Unic SMK 320.67 (Crane),,,
,Unic,UR 255CA,Unic UR 255CA,,,
,Unic,URA-376CL (Crane),Unic URA-376CL (Crane),,,
,Unic,URA-506CL (Crane),Unic URA-506CL (Crane),,,
,Unic,URW-094 (Crane),Unic URW-094 (Crane),,,
,Unic,URW-547 (Crane),Unic URW-547 (Crane),,,
,Unic,URW-A 095CR (Crane),Unic URW-A 095CR (Crane),,,
,Unic,URW-A 295CR (Crane),Unic URW-A 295CR (Crane),,,
,Unic,W295 (Crane),Unic W295 (Crane),,,
,Unimov,1250,Unimov 1250,,,
,Unkauf,KMB 114G,Unkauf KMB 114G,,,
,Upright,MXC 15,Upright MXC 15,,,
,Utex,1.03,Utex 1.03,,,
,VIMALFIRE,Emergency Robot-G1,VIMALFIRE Emergency Robot-G1,,,
,Velcodrill,WD 100,Velcodrill WD 100,,,
,Venieri,VF121,Venieri VF121,,,
,Venieri,VF141,Venieri VF141,,,
,Venieri,VF161,Venieri VF161,,,
,Venieri,VF171,Venieri VF171,,,
,Vermeer,1.2 ton,Vermeer 1.2 ton,,,
,Vermeer,502 SP (Stump Cutter),Vermeer 502 SP (Stump Cutter),,,
,Vermeer,BC1400TX,Vermeer BC1400TX,,,
,Vermeer,BC150TX,Vermeer BC150TX,,,
,Vermeer,CTX 100,Vermeer CTX 100,,,
,Vermeer,CTX 160,Vermeer CTX 160,,,
,Vermeer,CTX 50,Vermeer CTX 50,,,
,Vermeer,CX 216 (mini-excavator),Vermeer CX 216 (mini-excavator),,,
,Vermeer,CX 218 (mini-excavator),Vermeer CX 218 (mini-excavator),,,
,Vermeer,CX 219 (mini-excavator),Vermeer CX 219 (mini-excavator),,,
,Vermeer,CX 224 (mini-excavator),Vermeer CX 224 (mini-excavator),,,
,Vermeer,CX 229 (mini-excavator),Vermeer CX 229 (mini-excavator),,,
,Vermeer,CX 234 (mini-excavator),Vermeer CX 234 (mini-excavator),,,
,Vermeer,CX 254 (mini-excavator),Vermeer CX 254 (mini-excavator),,,
,Vermeer,D10a Navigator (H.D. Drilling machine),Vermeer D10a Navigator (H.D. Drilling machine),,,
,Vermeer,D10x15 Navigator (H.D. Drilling machine),Vermeer D10x15 Navigator (H.D. Drilling machine),,,
,Vermeer,D16x20 Navigator (H.D. Drilling machine) [OEM 230x72x54],Vermeer D16x20 Navigator (H.D. Drilling machine) [OEM 230x72x54],,,
,Vermeer,D16x20a Navigator (H.D. Drilling machine) [OEM 230x72x54],Vermeer D16x20a Navigator (H.D. Drilling machine) [OEM 230x72x54],,,
,Vermeer,D20X22 series 2 (Directional drill),Vermeer D20X22 series 2 (Directional drill),,,
,Vermeer,D23X30 series 3 (Directional drill),Vermeer D23X30 series 3 (Directional drill),,,
,Vermeer,D4,Vermeer D4,,,
,Vermeer,D6x6 Navigator (H.D. Drilling machine),Vermeer D6x6 Navigator (H.D. Drilling machine),,,
,Vermeer,D7,Vermeer D7,,,
,Vermeer,D7x11 Navigator (H.D. Drilling machine),Vermeer D7x11 Navigator (H.D. Drilling machine),,,
,Vermeer,D7x11a Navigator (H.D. Drilling machine),Vermeer D7x11a Navigator (H.D. Drilling machine),,,
,Vermeer,D8x10 (H.D. Drilling machine),Vermeer D8x10 (H.D. Drilling machine),,,
,Vermeer,D9x13 Navigator (H.D. Drilling machine),Vermeer D9x13 Navigator (H.D. Drilling machine),,,
,Vermeer,G10x15,Vermeer G10x15,,,
,Vermeer,RTX 100 (Stump cutter),Vermeer RTX 100 (Stump cutter),,,
,Vermeer,RTX 1250 (Quad),Vermeer RTX 1250 (Quad),,,
,Vermeer,RTX 150,Vermeer RTX 150,,,
,Vermeer,RTX 250,Vermeer RTX 250,,,
,Vermeer,RTX 450,Vermeer RTX 450,,,
,Vermeer,S400TX (Mini Compact Track Loader),Vermeer S400TX (Mini Compact Track Loader),,,
,Vermeer,S450TX (Mini Compact Track Loader),Vermeer S450TX (Mini Compact Track Loader),,,
,Vermeer,S600TX (Mini Compact Track Loader),Vermeer S600TX (Mini Compact Track Loader),,,
,Vermeer,S650TX (Mini Compact Track Loader),Vermeer S650TX (Mini Compact Track Loader),,,
,Vermeer,S725TX (Mini Compact Track Loader),Vermeer S725TX (Mini Compact Track Loader),,,
,Vermeer,S800TX (Mini Compact Track Loader),Vermeer S800TX (Mini Compact Track Loader),,,
,Vermeer,S925TX (Mini Compact Track Loader),Vermeer S925TX (Mini Compact Track Loader),,,
,Vermeer,SC 30TX (Stump cutter),Vermeer SC 30TX (Stump cutter),,,
,Vermeer,SC 502SP (Stump cutter),Vermeer SC 502SP (Stump cutter),,,
,Vermeer,SC 505 (Stump cutter),Vermeer SC 505 (Stump cutter),,,
,Vermeer,SC 60TX (Stump cutter),Vermeer SC 60TX (Stump cutter),,,
,Vermeer,SC 70TX (Stump cutter),Vermeer SC 70TX (Stump cutter),,,
,Vnk Crane Europe,URW A295CR,Vnk Crane Europe URW A295CR,,,
,Volvo,EC 13,Volvo EC 13,,,
,Volvo,EC 13XR,Volvo EC 13XR,,,
,Volvo,EC 13XTV,Volvo EC 13XTV,,,
,Volvo,EC 14,Volvo EC 14,,,
,Volvo,EC 15,Volvo EC 15,,,
,Volvo,EC 15 (bi-speed / adj. Width),Volvo EC 15 (bi-speed / adj. Width),,,
,Volvo,EC 15 (bi-speed),Volvo EC 15 (bi-speed),,,
,Volvo,EC 15B,Volvo EC 15B,,,
,Volvo,EC 15B XR,Volvo EC 15B XR,,,
,Volvo,EC 15B XTV,Volvo EC 15B XTV,,,
,Volvo,EC 15D,Volvo EC 15D,,,
,Volvo,EC 15R,Volvo EC 15R,,,
,Volvo,EC 15RB,Volvo EC 15RB,,,
,Volvo,EC 15T,Volvo EC 15T,,,
,Volvo,EC 15TB,Volvo EC 15TB,,,
,Volvo,EC 15V,Volvo EC 15V,,,
,Volvo,EC 15VB,Volvo EC 15VB,,,
,Volvo,EC 15XR,Volvo EC 15XR,,,
,Volvo,EC 15XT,Volvo EC 15XT,,,
,Volvo,EC 15XTV,Volvo EC 15XTV,,,
,Volvo,EC 17,Volvo EC 17,,,
,Volvo,EC 18,Volvo EC 18,,,
,Volvo,EC 18D,Volvo EC 18D,,,
,Volvo,EC 25,Volvo EC 25,,,
,Volvo,EC 25-281,Volvo EC 25-281,,,
,Volvo,EC 25X,Volvo EC 25X,,,
,Volvo,EC 25XT,Volvo EC 25XT,,,
,Volvo,EC 27C,Volvo EC 27C,,,
,Volvo,EC 30,Volvo EC 30,,,
,Volvo,EC 30B,Volvo EC 30B,,,
,Volvo,EC 30X,Volvo EC 30X,,,
,Volvo,EC 35,Volvo EC 35,,,
,Volvo,EC 35C,Volvo EC 35C,,,
,Volvo,EC 35D,Volvo EC 35D,,,
,Volvo,EC 45,Volvo EC 45,,,
,Volvo,EC 45Pro,Volvo EC 45Pro,,,
,Volvo,EC 55,Volvo EC 55,,,
,Volvo,EC 55B,Volvo EC 55B,,,
,Volvo,EC 55C,Volvo EC 55C,,,
,Volvo,EC 60E,Volvo EC 60E,,,
,Volvo,ECR 25D,Volvo ECR 25D,,,
,Volvo,ECR 28,Volvo ECR 28,,,
,Volvo,ECR 35D,Volvo ECR 35D,,,
,Volvo,ECR 38,Volvo ECR 38,,,
,Volvo,ECR 40D,Volvo ECR 40D,,,
,Volvo,ECR 48C,Volvo ECR 48C,,,
,Volvo,ECR 50D,Volvo ECR 50D,,,
,Volvo,ECR 58,Volvo ECR 58,,,
,Volvo,ECR 58D,Volvo ECR 58D,,,
,Volvo,ECR 88,Volvo ECR 88,,,
,Volvo,ECR 88D,Volvo ECR 88D,,,
,Volvo,MC 110 (VTS System for Skidsteer Loader),Volvo MC 110 (VTS System for Skidsteer Loader),,,
,Volvo,MC 70 (Compact Track Loader),Volvo MC 70 (Compact Track Loader),,,
,Volvo,MC 70 (VTS System for Skidsteer Loader),Volvo MC 70 (VTS System for Skidsteer Loader),,,
,Volvo,MC 80 (VTS System for Skidsteer Loader,Volvo MC 80 (VTS System for Skidsteer Loader,,,
,Volvo,MC 80 (VTS System for Skidsteer Loader),Volvo MC 80 (VTS System for Skidsteer Loader),,,
,Volvo,MC 90 (VTS System for Skidsteer Loader),Volvo MC 90 (VTS System for Skidsteer Loader),,,
,Volvo,MCT 110C (Compact Track Loader),Volvo MCT 110C (Compact Track Loader),,,
,Volvo,MCT 125C (Compact Track Loader),Volvo MCT 125C (Compact Track Loader),,,
,Volvo,MCT 135C (Compact Track Loader),Volvo MCT 135C (Compact Track Loader),,,
,Volvo,MCT 145C (Compact Track Loader),Volvo MCT 145C (Compact Track Loader),,,
,Volvo,MCT 85C (Compact Track Loader),Volvo MCT 85C (Compact Track Loader),,,
,WAMET,KB-2G,WAMET KB-2G,,,
,WAMET,KB-3G,WAMET KB-3G,,,
,WAMET,MWG-1 [OEM 230x72x43],WAMET MWG-1 [OEM 230x72x43],,,
,WAMET,MWG-6,WAMET MWG-6,,,
,Wacker Neuson,11002HV,Wacker Neuson 11002HV,,,
,Wacker Neuson,11002RD,Wacker Neuson 11002RD,,,
,Wacker Neuson,1101CP (Compact Track Loader),Wacker Neuson 1101CP (Compact Track Loader),,,
,Wacker Neuson,1200,Wacker Neuson 1200,,,
,Wacker Neuson,12002,Wacker Neuson 12002,,,
,Wacker Neuson,12002RD,Wacker Neuson 12002RD,,,
,Wacker Neuson,12002RD Vario,Wacker Neuson 12002RD Vario,,,
,Wacker Neuson,1200RD,Wacker Neuson 1200RD,,,
,Wacker Neuson,1202,Wacker Neuson 1202,,,
,Wacker Neuson,1302,Wacker Neuson 1302,,,
,Wacker Neuson,1302RD,Wacker Neuson 1302RD,,,
,Wacker Neuson,1302RD SLR,Wacker Neuson 1302RD SLR,,,
,Wacker Neuson,1400RD,Wacker Neuson 1400RD,,,
,Wacker Neuson,1402,Wacker Neuson 1402,,,
,Wacker Neuson,1402RD (OEM 230x72x43),Wacker Neuson 1402RD (OEM 230x72x43),,,
,Wacker Neuson,1402RD (OEM 230x96x33),Wacker Neuson 1402RD (OEM 230x96x33),,,
,Wacker Neuson,1402RD Force,Wacker Neuson 1402RD Force,,,
,Wacker Neuson,1402RD Primus,Wacker Neuson 1402RD Primus,,,
,Wacker Neuson,1402RD SLR,Wacker Neuson 1402RD SLR,,,
,Wacker Neuson,1402RD SLR Primus,Wacker Neuson 1402RD SLR Primus,,,
,Wacker Neuson,1403,Wacker Neuson 1403,,,
,Wacker Neuson,1403 ('2002),Wacker Neuson 1403 ('2002),,,
,Wacker Neuson,1403RD,Wacker Neuson 1403RD,,,
,Wacker Neuson,1404,Wacker Neuson 1404,,,
,Wacker Neuson,14504,Wacker Neuson 14504,,,
,Wacker Neuson,1500,Wacker Neuson 1500,,,
,Wacker Neuson,1500RD,Wacker Neuson 1500RD,,,
,Wacker Neuson,1500RD SLR,Wacker Neuson 1500RD SLR,,,
,Wacker Neuson,1501,Wacker Neuson 1501,,,
,Wacker Neuson,1502,Wacker Neuson 1502,,,
,Wacker Neuson,1502RD,Wacker Neuson 1502RD,,,
,Wacker Neuson,1502RD Force,Wacker Neuson 1502RD Force,,,
,Wacker Neuson,1502RD SLR,Wacker Neuson 1502RD SLR,,,
,Wacker Neuson,1503,Wacker Neuson 1503,,,
,Wacker Neuson,1503RD,Wacker Neuson 1503RD,,,
,Wacker Neuson,1503RDV,Wacker Neuson 1503RDV,,,
,Wacker Neuson,1600RD,Wacker Neuson 1600RD,,,
,Wacker Neuson,1700,Wacker Neuson 1700,,,
,Wacker Neuson,1700RB,Wacker Neuson 1700RB,,,
,Wacker Neuson,1700RD,Wacker Neuson 1700RD,,,
,Wacker Neuson,1702,Wacker Neuson 1702,,,
,Wacker Neuson,1702RD,Wacker Neuson 1702RD,,,
,Wacker Neuson,1703,Wacker Neuson 1703,,,
,Wacker Neuson,1703 RD,Wacker Neuson 1703 RD,,,
,Wacker Neuson,1703 VDS,Wacker Neuson 1703 VDS,,,
,Wacker Neuson,1900,Wacker Neuson 1900,,,
,Wacker Neuson,1900RD,Wacker Neuson 1900RD,,,
,Wacker Neuson,1902,Wacker Neuson 1902,,,
,Wacker Neuson,1902RD (New),Wacker Neuson 1902RD (New),,,
,Wacker Neuson,1902RD (old),Wacker Neuson 1902RD (old),,,
,Wacker Neuson,1902RD Force,Wacker Neuson 1902RD Force,,,
,Wacker Neuson,1902RD SLR (New),Wacker Neuson 1902RD SLR (New),,,
,Wacker Neuson,1902RD SLR (old),Wacker Neuson 1902RD SLR (old),,,
,Wacker Neuson,1903,Wacker Neuson 1903,,,
,Wacker Neuson,1903RD,Wacker Neuson 1903RD,,,
,Wacker Neuson,2000,Wacker Neuson 2000,,,
,Wacker Neuson,2000RD,Wacker Neuson 2000RD,,,
,Wacker Neuson,2002 Force,Wacker Neuson 2002 Force,,,
,Wacker Neuson,2002 RDV,Wacker Neuson 2002 RDV,,,
,Wacker Neuson,2003,Wacker Neuson 2003,,,
,Wacker Neuson,2100,Wacker Neuson 2100,,,
,Wacker Neuson,2100RD,Wacker Neuson 2100RD,,,
,Wacker Neuson,2200,Wacker Neuson 2200,,,
,Wacker Neuson,2200RD,Wacker Neuson 2200RD,,,
,Wacker Neuson,2201,Wacker Neuson 2201,,,
,Wacker Neuson,2202,Wacker Neuson 2202,,,
,Wacker Neuson,2202RD,Wacker Neuson 2202RD,,,
,Wacker Neuson,2202RD Force,Wacker Neuson 2202RD Force,,,
,Wacker Neuson,2203,Wacker Neuson 2203,,,
,Wacker Neuson,2203RD,Wacker Neuson 2203RD,,,
,Wacker Neuson,2300,Wacker Neuson 2300,,,
,Wacker Neuson,2300RD,Wacker Neuson 2300RD,,,
,Wacker Neuson,2404RD,Wacker Neuson 2404RD,,,
,Wacker Neuson,250,Wacker Neuson 250,,,
,Wacker Neuson,2500,Wacker Neuson 2500,,,
,Wacker Neuson,2500RD,Wacker Neuson 2500RD,,,
,Wacker Neuson,2503,Wacker Neuson 2503,,,
,Wacker Neuson,2503RD,Wacker Neuson 2503RD,,,
,Wacker Neuson,2503RDV,Wacker Neuson 2503RDV,,,
,Wacker Neuson,2600,Wacker Neuson 2600,,,
,Wacker Neuson,2600RD (New),Wacker Neuson 2600RD (New),,,
,Wacker Neuson,2700,Wacker Neuson 2700,,,
,Wacker Neuson,2700RD,Wacker Neuson 2700RD,,,
,Wacker Neuson,2702,Wacker Neuson 2702,,,
,Wacker Neuson,2702RD,Wacker Neuson 2702RD,,,
,Wacker Neuson,2702RD Force,Wacker Neuson 2702RD Force,,,
,Wacker Neuson,2702RD SCR,Wacker Neuson 2702RD SCR,,,
,Wacker Neuson,2702RD SLR,Wacker Neuson 2702RD SLR,,,
,Wacker Neuson,2800,Wacker Neuson 2800,,,
,Wacker Neuson,2800RD (New),Wacker Neuson 2800RD (New),,,
,Wacker Neuson,28Z-3,Wacker Neuson 28Z-3,,,
,Wacker Neuson,28Z3 RD,Wacker Neuson 28Z3 RD,,,
,Wacker Neuson,2902,Wacker Neuson 2902,,,
,Wacker Neuson,2902RD,Wacker Neuson 2902RD,,,
,Wacker Neuson,2902RD Force,Wacker Neuson 2902RD Force,,,
,Wacker Neuson,2902RD SLR,Wacker Neuson 2902RD SLR,,,
,Wacker Neuson,3000,Wacker Neuson 3000,,,
,Wacker Neuson,3000RD (New),Wacker Neuson 3000RD (New),,,
,Wacker Neuson,3000RDV,Wacker Neuson 3000RDV,,,
,Wacker Neuson,3002,Wacker Neuson 3002,,,
,Wacker Neuson,3003,Wacker Neuson 3003,,,
,Wacker Neuson,3003 RD,Wacker Neuson 3003 RD,,,
,Wacker Neuson,3003 Vario,Wacker Neuson 3003 Vario,,,
,Wacker Neuson,3003RD,Wacker Neuson 3003RD,,,
,Wacker Neuson,3200RD (New),Wacker Neuson 3200RD (New),,,
,Wacker Neuson,3402,Wacker Neuson 3402,,,
,Wacker Neuson,3402RD,Wacker Neuson 3402RD,,,
,Wacker Neuson,3402RD Force,Wacker Neuson 3402RD Force,,,
,Wacker Neuson,3402RD SLR,Wacker Neuson 3402RD SLR,,,
,Wacker Neuson,3503,Wacker Neuson 3503,,,
,Wacker Neuson,3503 VDS,Wacker Neuson 3503 VDS,,,
,Wacker Neuson,3503 Vario,Wacker Neuson 3503 Vario,,,
,Wacker Neuson,3503RD,Wacker Neuson 3503RD,,,
,Wacker Neuson,3503RD Vario,Wacker Neuson 3503RD Vario,,,
,Wacker Neuson,3602,Wacker Neuson 3602,,,
,Wacker Neuson,3602RD,Wacker Neuson 3602RD,,,
,Wacker Neuson,3602RD Force,Wacker Neuson 3602RD Force,,,
,Wacker Neuson,3602RD SLR,Wacker Neuson 3602RD SLR,,,
,Wacker Neuson,3703,Wacker Neuson 3703,,,
,Wacker Neuson,3703RD,Wacker Neuson 3703RD,,,
,Wacker Neuson,38Z-3,Wacker Neuson 38Z-3,,,
,Wacker Neuson,38Z3,Wacker Neuson 38Z3,,,
,Wacker Neuson,5000RD,Wacker Neuson 5000RD,,,
,Wacker Neuson,5001,Wacker Neuson 5001,,,
,Wacker Neuson,5001RD,Wacker Neuson 5001RD,,,
,Wacker Neuson,5001RD SLR,Wacker Neuson 5001RD SLR,,,
,Wacker Neuson,5002,Wacker Neuson 5002,,,
,Wacker Neuson,5002 Power,Wacker Neuson 5002 Power,,,
,Wacker Neuson,5002RD,Wacker Neuson 5002RD,,,
,Wacker Neuson,50Z-3,Wacker Neuson 50Z-3,,,
,Wacker Neuson,50Z-3RD,Wacker Neuson 50Z-3RD,,,
,Wacker Neuson,6002,Wacker Neuson 6002,,,
,Wacker Neuson,6002RD,Wacker Neuson 6002RD,,,
,Wacker Neuson,6002RDV,Wacker Neuson 6002RDV,,,
,Wacker Neuson,6003,Wacker Neuson 6003,,,
,Wacker Neuson,6003RD,Wacker Neuson 6003RD,,,
,Wacker Neuson,7002RD,Wacker Neuson 7002RD,,,
,Wacker Neuson,70Z-3RD,Wacker Neuson 70Z-3RD,,,
,Wacker Neuson,75Z-3,Wacker Neuson 75Z-3,,,
,Wacker Neuson,8002,Wacker Neuson 8002,,,
,Wacker Neuson,8002RD,Wacker Neuson 8002RD,,,
,Wacker Neuson,8002RDV,Wacker Neuson 8002RDV,,,
,Wacker Neuson,8003 Vario,Wacker Neuson 8003 Vario,,,
,Wacker Neuson,8003RD,Wacker Neuson 8003RD,,,
,Wacker Neuson,803RD,Wacker Neuson 803RD,,,
,Wacker Neuson,9002,Wacker Neuson 9002,,,
,Wacker Neuson,DT 08 (Dumper),Wacker Neuson DT 08 (Dumper),,,
,Wacker Neuson,DT 10 (Dumper),Wacker Neuson DT 10 (Dumper),,,
,Wacker Neuson,DT 10e (Dumper),Wacker Neuson DT 10e (Dumper),,,
,Wacker Neuson,DT 12 (Dumper),Wacker Neuson DT 12 (Dumper),,,
,Wacker Neuson,DT 15 (Duper),Wacker Neuson DT 15 (Duper),,,
,Wacker Neuson,ET145,Wacker Neuson ET145,,,
,Wacker Neuson,ET16,Wacker Neuson ET16,,,
,Wacker Neuson,ET18,Wacker Neuson ET18,,,
,Wacker Neuson,ET20,Wacker Neuson ET20,,,
,Wacker Neuson,ET24,Wacker Neuson ET24,,,
,Wacker Neuson,ET35,Wacker Neuson ET35,,,
,Wacker Neuson,ET58,Wacker Neuson ET58,,,
,Wacker Neuson,ET65,Wacker Neuson ET65,,,
,Wacker Neuson,ET90,Wacker Neuson ET90,,,
,Wacker Neuson,EZ17,Wacker Neuson EZ17,,,
,Wacker Neuson,EZ17e,Wacker Neuson EZ17e,,,
,Wacker Neuson,EZ26,Wacker Neuson EZ26,,,
,Wacker Neuson,EZ28,Wacker Neuson EZ28,,,
,Wacker Neuson,EZ36,Wacker Neuson EZ36,,,
,Wacker Neuson,EZ38,Wacker Neuson EZ38,,,
,Wacker Neuson,EZ50,Wacker Neuson EZ50,,,
,Wacker Neuson,EZ53,Wacker Neuson EZ53,,,
,Wacker Neuson,EZ80,Wacker Neuson EZ80,,,
,Wacker Neuson,RK 15 (Carrier),Wacker Neuson RK 15 (Carrier),,,
,Wacker Neuson,SM325-27T,Wacker Neuson SM325-27T,,,
,Wacker Neuson,ST 28,Wacker Neuson ST 28,,,
,Wacker Neuson,ST 31,Wacker Neuson ST 31,,,
,Wacker Neuson,ST 35,Wacker Neuson ST 35,,,
,Wacker Neuson,ST 45,Wacker Neuson ST 45,,,
,Wacker Neuson,TD 15 (Carrier),Wacker Neuson TD 15 (Carrier),,,
,Wacker Neuson,TD 9 (Dumper),Wacker Neuson TD 9 (Dumper),,,
,Wacker Neuson,Unitrac BF 250,Wacker Neuson Unitrac BF 250,,,
,Wyssen,W-10/RK700,Wyssen W-10/RK700,,,
,XCMG,XE55U,XCMG XE55U,,,
,Yamaguchi / Winbull,TXB-21,Yamaguchi / Winbull TXB-21,,,
,Yamaguchi / Winbull,WB 04,Yamaguchi / Winbull WB 04,,,
,Yamaguchi / Winbull,WB 05 (minidumper),Yamaguchi / Winbull WB 05 (minidumper),,,
,Yamaguchi / Winbull,WB 05 (minidumper) '2004,Yamaguchi / Winbull WB 05 (minidumper) '2004,,,
,Yamaguchi / Winbull,WB 06D (minidumper),Yamaguchi / Winbull WB 06D (minidumper),,,
,Yamaguchi / Winbull,WB 06D HL (Minidumper - High Lift),Yamaguchi / Winbull WB 06D HL (Minidumper - High Lift),,,
,Yamaguchi / Winbull,WB 07 (minidumper),Yamaguchi / Winbull WB 07 (minidumper),,,
,Yamaguchi / Winbull,WB 1000-3 (minidumper),Yamaguchi / Winbull WB 1000-3 (minidumper),,,
,Yamaguchi / Winbull,WB 12H (minidumper),Yamaguchi / Winbull WB 12H (minidumper),,,
,Yamaguchi / Winbull,WB 1300-3 (minidumper),Yamaguchi / Winbull WB 1300-3 (minidumper),,,
,Yamaguchi / Winbull,WB 1500-3 (minidumper),Yamaguchi / Winbull WB 1500-3 (minidumper),,,
,Yamaguchi / Winbull,WB 350FB (minidumper),Yamaguchi / Winbull WB 350FB (minidumper),,,
,Yamaguchi / Winbull,WB 350SF (minidumper),Yamaguchi / Winbull WB 350SF (minidumper),,,
,Yamaguchi / Winbull,WB 450HD (minitdumper),Yamaguchi / Winbull WB 450HD (minitdumper),,,
,Yamaguchi / Winbull,WB 450MD (minidumper),Yamaguchi / Winbull WB 450MD (minidumper),,,
,Yamaguchi / Winbull,WB 500 (minidumper),Yamaguchi / Winbull WB 500 (minidumper),,,
,Yamaguchi / Winbull,WB 510 (minidumper),Yamaguchi / Winbull WB 510 (minidumper),,,
,Yamaguchi / Winbull,WB 510B (minidumper),Yamaguchi / Winbull WB 510B (minidumper),,,
,Yamaguchi / Winbull,WB 700 (minidumper),Yamaguchi / Winbull WB 700 (minidumper),,,
,Yamaguchi / Winbull,WB 700EX (minidumper),Yamaguchi / Winbull WB 700EX (minidumper),,,
,Yamaguchi / Winbull,WB12H alpha,Yamaguchi / Winbull WB12H alpha,,,
,Yanmar,5 D-1,Yanmar 5 D-1,,,
,Yanmar,8 R,Yanmar 8 R,,,
,Yanmar,Aura 28,Yanmar Aura 28,,,
,Yanmar,B 07,Yanmar B 07,,,
,Yanmar,B 07-1,Yanmar B 07-1,,,
,Yanmar,B 08 Scopy,Yanmar B 08 Scopy,,,
,Yanmar,B 08 [OEM 180x72x32],Yanmar B 08 [OEM 180x72x32],,,
,Yanmar,B 08-3 ('2002),Yanmar B 08-3 ('2002),,,
,Yanmar,B 08-3RV,Yanmar B 08-3RV,,,
,Yanmar,B 08R Scopy,Yanmar B 08R Scopy,,,
,Yanmar,B 08RV Scopy,Yanmar B 08RV Scopy,,,
,Yanmar,B 10,Yanmar B 10,,,
,Yanmar,B 10R,Yanmar B 10R,,,
,Yanmar,B 12,Yanmar B 12,,,
,Yanmar,B 12-1,Yanmar B 12-1,,,
,Yanmar,B 12-2,Yanmar B 12-2,,,
,Yanmar,B 12-3,Yanmar B 12-3,,,
,Yanmar,B 12-3 ('2002),Yanmar B 12-3 ('2002),,,
,Yanmar,B 12-3PR,Yanmar B 12-3PR,,,
,Yanmar,B 12PR,Yanmar B 12PR,,,
,Yanmar,B 14 Check Length,Yanmar B 14 Check Length,,,
,Yanmar,B 14-1,Yanmar B 14-1,,,
,Yanmar,B 15 [OEM 230x72x43],Yanmar B 15 [OEM 230x72x43],,,
,Yanmar,B 15-3 ('2002),Yanmar B 15-3 ('2002),,,
,Yanmar,B 15-3CR,Yanmar B 15-3CR,,,
,Yanmar,B 15-3EX,Yanmar B 15-3EX,,,
,Yanmar,B 15-3PR,Yanmar B 15-3PR,,,
,Yanmar,B 15CR,Yanmar B 15CR,,,
,Yanmar,B 15EX,Yanmar B 15EX,,,
,Yanmar,B 15MC,Yanmar B 15MC,,,
,Yanmar,B 15PR,Yanmar B 15PR,,,
,Yanmar,B 17,Yanmar B 17,,,
,Yanmar,B 17-1,Yanmar B 17-1,,,
,Yanmar,B 17-2,Yanmar B 17-2,,,
,Yanmar,B 17-2 (< '2000),Yanmar B 17-2 (< '2000),,,
,Yanmar,B 17-3,Yanmar B 17-3,,,
,Yanmar,B 17-3EX,Yanmar B 17-3EX,,,
,Yanmar,B 17EX,Yanmar B 17EX,,,
,Yanmar,B 17PR,Yanmar B 17PR,,,
,Yanmar,B 18EX,Yanmar B 18EX,,,
,Yanmar,B 19,Yanmar B 19,,,
,Yanmar,B 19.2,Yanmar B 19.2,,,
,Yanmar,B 19PR,Yanmar B 19PR,,,
,Yanmar,B 1U,Yanmar B 1U,,,
,Yanmar,B 25V (Victas: offset type),Yanmar B 25V (Victas: offset type),,,
,Yanmar,B 25V (Victas: offset type) >'2006,Yanmar B 25V (Victas: offset type) >'2006,,,
,Yanmar,B 25VCR (Offset type),Yanmar B 25VCR (Offset type),,,
,Yanmar,B 25VCR (Victas: offset type) > '2006,Yanmar B 25VCR (Victas: offset type) > '2006,,,
,Yanmar,B 27-2A [OEM 300x55.5(k)x76],Yanmar B 27-2A [OEM 300x55.5(k)x76],,,
,Yanmar,B 27-2B (Offset type),Yanmar B 27-2B (Offset type),,,
,Yanmar,B 3-3,Yanmar B 3-3,,,
,Yanmar,B 30V (Victas: Offset type),Yanmar B 30V (Victas: Offset type),,,
,Yanmar,B 30VCR (Victas: Offset type),Yanmar B 30VCR (Victas: Offset type),,,
,Yanmar,B 30VPR (Victas: Offset type),Yanmar B 30VPR (Victas: Offset type),,,
,Yanmar,B 37-2B (Offset type),Yanmar B 37-2B (Offset type),,,
,Yanmar,B 37V (Victas: Offset type),Yanmar B 37V (Victas: Offset type),,,
,Yanmar,B 37VCR (Offset type),Yanmar B 37VCR (Offset type),,,
,Yanmar,B 37VPR (Offset type),Yanmar B 37VPR (Offset type),,,
,Yanmar,B 3U,Yanmar B 3U,,,
,Yanmar,B 40VIO,Yanmar B 40VIO,,,
,Yanmar,B 4U,Yanmar B 4U,,,
,Yanmar,B 50-2B (Offset type),Yanmar B 50-2B (Offset type),,,
,Yanmar,B 50V (Victas: Offset type),Yanmar B 50V (Victas: Offset type),,,
,Yanmar,B 50VCR (Victas: Offset type),Yanmar B 50VCR (Victas: Offset type),,,
,Yanmar,B 50VIO,Yanmar B 50VIO,,,
,Yanmar,B 7 Pro Sigma,Yanmar B 7 Pro Sigma,,,
,Yanmar,B 7 Sigma,Yanmar B 7 Sigma,,,
,Yanmar,B 7U,Yanmar B 7U,,,
,Yanmar,B6-3,Yanmar B6-3,,,
,Yanmar,C 08 (Carrier),Yanmar C 08 (Carrier),,,
,Yanmar,C 10R (Carrier),Yanmar C 10R (Carrier),,,
,Yanmar,C 10R-1 (Carrier),Yanmar C 10R-1 (Carrier),,,
,Yanmar,C 12R (Carrier),Yanmar C 12R (Carrier),,,
,Yanmar,C 50R-1 (carrier) [OEM 450x110x74],Yanmar C 50R-1 (carrier) [OEM 450x110x74],,,
,Yanmar,C 50R-1 (carrier) [OEM 500x90x82],Yanmar C 50R-1 (carrier) [OEM 500x90x82],,,
,Yanmar,C 8R (Carrier),Yanmar C 8R (Carrier),,,
,Yanmar,CD 7CDA,Yanmar CD 7CDA,,,
,Yanmar,CG 3 HAST (Carrier),Yanmar CG 3 HAST (Carrier),,,
,Yanmar,CG 3D (Carrier),Yanmar CG 3D (Carrier),,,
,Yanmar,CR 10,Yanmar CR 10,,,
,Yanmar,CR 12R,Yanmar CR 12R,,,
,Yanmar,DC 153,Yanmar DC 153,,,
,Yanmar,K4SC (Sky lifter),Yanmar K4SC (Sky lifter),,,
,Yanmar,MCG 100 (Carrier),Yanmar MCG 100 (Carrier),,,
,Yanmar,MCG 111F (Carrier),Yanmar MCG 111F (Carrier),,,
,Yanmar,MCG 130 (Carrier),Yanmar MCG 130 (Carrier),,,
,Yanmar,MCG 131 (Carrier),Yanmar MCG 131 (Carrier),,,
,Yanmar,MCG 150 (Carrier),Yanmar MCG 150 (Carrier),,,
,Yanmar,MCG 91 (Carrier),Yanmar MCG 91 (Carrier),,,
,Yanmar,MCG 95 (Carrier),Yanmar MCG 95 (Carrier),,,
,Yanmar,MCG 95 N-HST,Yanmar MCG 95 N-HST,,,
,Yanmar,MCG 950 (Carrier),Yanmar MCG 950 (Carrier),,,
,Yanmar,SV 08,Yanmar SV 08,,,
,Yanmar,SV 09,Yanmar SV 09,,,
,Yanmar,SV 100,Yanmar SV 100,,,
,Yanmar,SV 100VCR,Yanmar SV 100VCR,,,
,Yanmar,SV 120,Yanmar SV 120,,,
,Yanmar,SV 15,Yanmar SV 15,,,
,Yanmar,SV 15CR,Yanmar SV 15CR,,,
,Yanmar,SV 15PR,Yanmar SV 15PR,,,
,Yanmar,SV 16,Yanmar SV 16,,,
,Yanmar,SV 17,Yanmar SV 17,,,
,Yanmar,SV 17CR,Yanmar SV 17CR,,,
,Yanmar,SV 17CRE,Yanmar SV 17CRE,,,
,Yanmar,SV 17EX,Yanmar SV 17EX,,,
,Yanmar,SV 18EX,Yanmar SV 18EX,,,
,Yanmar,SV 20,Yanmar SV 20,,,
,Yanmar,SV 22,Yanmar SV 22,,,
,Yanmar,SV 26,Yanmar SV 26,,,
,Yanmar,SV 60,Yanmar SV 60,,,
,Yanmar,T175 (Compact Track Loader),Yanmar T175 (Compact Track Loader),,,
,Yanmar,T210 (Compact Track Loader),Yanmar T210 (Compact Track Loader),,,
,Yanmar,VIO 10,Yanmar VIO 10,,,
,Yanmar,VIO 100,Yanmar VIO 100,,,
,Yanmar,VIO 12,Yanmar VIO 12,,,
,Yanmar,VIO 15,Yanmar VIO 15,,,
,Yanmar,VIO 15-2,Yanmar VIO 15-2,,,
,Yanmar,VIO 17 [OEM 230x72x46],Yanmar VIO 17 [OEM 230x72x46],,,
,Yanmar,VIO 17 [OEM 230x72x47],Yanmar VIO 17 [OEM 230x72x47],,,
,Yanmar,VIO 17PR [OEM 230x72x47],Yanmar VIO 17PR [OEM 230x72x47],,,
,Yanmar,VIO 20,Yanmar VIO 20,,,
,Yanmar,VIO 20 Global,Yanmar VIO 20 Global,,,
,Yanmar,VIO 20-1,Yanmar VIO 20-1,,,
,Yanmar,VIO 20-2,Yanmar VIO 20-2,,,
,Yanmar,VIO 20-3 (offset type),Yanmar VIO 20-3 (offset type),,,
,Yanmar,VIO 20-4 (offset type),Yanmar VIO 20-4 (offset type),,,
,Yanmar,VIO 20CR,Yanmar VIO 20CR,,,
,Yanmar,VIO 20PR-1,Yanmar VIO 20PR-1,,,
,Yanmar,VIO 25 [OEM 250x55.5x79 Symetric),Yanmar VIO 25 [OEM 250x55.5x79 Symetric),,,
,Yanmar,VIO 25 [OEM 260x55.5x78 Offset),Yanmar VIO 25 [OEM 260x55.5x78 Offset),,,
,Yanmar,VIO 25-4,Yanmar VIO 25-4,,,
,Yanmar,VIO 25-6,Yanmar VIO 25-6,,,
,Yanmar,VIO 25PR,Yanmar VIO 25PR,,,
,Yanmar,VIO 26,Yanmar VIO 26,,,
,Yanmar,VIO 27,Yanmar VIO 27,,,
,Yanmar,VIO 27-2 (Offset type),Yanmar VIO 27-2 (Offset type),,,
,Yanmar,VIO 27-2 Global (Offset type),Yanmar VIO 27-2 Global (Offset type),,,
,Yanmar,VIO 27-3,Yanmar VIO 27-3,,,
,Yanmar,VIO 27-5,Yanmar VIO 27-5,,,
,Yanmar,VIO 27-6,Yanmar VIO 27-6,,,
,Yanmar,VIO 30-1,Yanmar VIO 30-1,,,
,Yanmar,VIO 30-2,Yanmar VIO 30-2,,,
,Yanmar,VIO 30-3S,Yanmar VIO 30-3S,,,
,Yanmar,VIO 30-6,Yanmar VIO 30-6,,,
,Yanmar,VIO 30V (Offset type),Yanmar VIO 30V (Offset type),,,
,Yanmar,VIO 33 (Offset type),Yanmar VIO 33 (Offset type),,,
,Yanmar,VIO 33-6,Yanmar VIO 33-6,,,
,Yanmar,VIO 35 (Offset type),Yanmar VIO 35 (Offset type),,,
,Yanmar,VIO 35 Global,Yanmar VIO 35 Global,,,
,Yanmar,VIO 35-1 (Offset type),Yanmar VIO 35-1 (Offset type),,,
,Yanmar,VIO 35-2 (Offset type),Yanmar VIO 35-2 (Offset type),,,
,Yanmar,VIO 35-3 (Offset type),Yanmar VIO 35-3 (Offset type),,,
,Yanmar,VIO 35-5 (Offset type),Yanmar VIO 35-5 (Offset type),,,
,Yanmar,VIO 35-6,Yanmar VIO 35-6,,,
,Yanmar,VIO 35CR (Offset type),Yanmar VIO 35CR (Offset type),,,
,Yanmar,VIO 38 (Offset type),Yanmar VIO 38 (Offset type),,,
,Yanmar,VIO 38-6,Yanmar VIO 38-6,,,
,Yanmar,VIO 40 (Offset type),Yanmar VIO 40 (Offset type),,,
,Yanmar,VIO 40-1 (Offset type),Yanmar VIO 40-1 (Offset type),,,
,Yanmar,VIO 40-2 (Offset type),Yanmar VIO 40-2 (Offset type),,,
,Yanmar,VIO 40-3 (Offset type),Yanmar VIO 40-3 (Offset type),,,
,Yanmar,VIO 40V (Offset type),Yanmar VIO 40V (Offset type),,,
,Yanmar,VIO 45 (Offset type),Yanmar VIO 45 (Offset type),,,
,Yanmar,VIO 45 CR,Yanmar VIO 45 CR,,,
,Yanmar,VIO 45 Global (Offset type),Yanmar VIO 45 Global (Offset type),,,
,Yanmar,VIO 45-3 (Offset type),Yanmar VIO 45-3 (Offset type),,,
,Yanmar,VIO 45-5 (Offset type),Yanmar VIO 45-5 (Offset type),,,
,Yanmar,VIO 45-6,Yanmar VIO 45-6,,,
,Yanmar,VIO 45V (Offset type),Yanmar VIO 45V (Offset type),,,
,Yanmar,VIO 50-1 (Offset type),Yanmar VIO 50-1 (Offset type),,,
,Yanmar,VIO 50-2 (Offset type),Yanmar VIO 50-2 (Offset type),,,
,Yanmar,VIO 50-2 Global,Yanmar VIO 50-2 Global,,,
,Yanmar,VIO 50-3 (Offset type),Yanmar VIO 50-3 (Offset type),,,
,Yanmar,VIO 50-6,Yanmar VIO 50-6,,,
,Yanmar,VIO 50-PR-1,Yanmar VIO 50-PR-1,,,
,Yanmar,VIO 50U (Offset type),Yanmar VIO 50U (Offset type),,,
,Yanmar,VIO 50V (Offset type),Yanmar VIO 50V (Offset type),,,
,Yanmar,VIO 55 (Offset type),Yanmar VIO 55 (Offset type),,,
,Yanmar,VIO 55 CR,Yanmar VIO 55 CR,,,
,Yanmar,VIO 55-3 (Offset type),Yanmar VIO 55-3 (Offset type),,,
,Yanmar,VIO 55-5 (Offset type),Yanmar VIO 55-5 (Offset type),,,
,Yanmar,VIO 55-6,Yanmar VIO 55-6,,,
,Yanmar,VIO 57-6,Yanmar VIO 57-6,,,
,Yanmar,VIO 57U,Yanmar VIO 57U,,,
,Yanmar,VIO 70,Yanmar VIO 70,,,
,Yanmar,VIO 70A (Offset type),Yanmar VIO 70A (Offset type),,,
,Yanmar,VIO 70CR,Yanmar VIO 70CR,,,
,Yanmar,VIO 75 (Offset type),Yanmar VIO 75 (Offset type),,,
,Yanmar,VIO 75-A (Offset type),Yanmar VIO 75-A (Offset type),,,
,Yanmar,VIO 80 (Offset type),Yanmar VIO 80 (Offset type),,,
,Yanmar,VIO 80-1,Yanmar VIO 80-1,,,
,Yanmar,VIO 82,Yanmar VIO 82,,,
,Yanmar,WB 1300,Yanmar WB 1300,,,
,Yanmar,WB 500 (minidumper),Yanmar WB 500 (minidumper),,,
,Yanmar,Y 12,Yanmar Y 12,,,
,Yanmar,Y 12B,Yanmar Y 12B,,,
,Yanmar,Y 14,Yanmar Y 14,,,
,Yanmar,YB 10,Yanmar YB 10,,,
,Yanmar,YB 10-2,Yanmar YB 10-2,,,
,Yanmar,YB 101,Yanmar YB 101,,,
,Yanmar,YB 101UZ,Yanmar YB 101UZ,,,
,Yanmar,YB 101VL,Yanmar YB 101VL,,,
,Yanmar,YB 121,Yanmar YB 121,,,
,Yanmar,YB 125,Yanmar YB 125,,,
,Yanmar,YB 151,Yanmar YB 151,,,
,Yanmar,YBT 650,Yanmar YBT 650,,,
,Yanmar,YEW 5D-1,Yanmar YEW 5D-1,,,
,Yanmar,YEW 8R,Yanmar YEW 8R,,,
,Yanmar,YFW 8R (Mini-dumper),Yanmar YFW 8R (Mini-dumper),,,
,Yanmar,YM 10,Yanmar YM 10,,,
,Yanmar,YMD 60,Yanmar YMD 60,,,
,Ygry,M 120,Ygry M 120,,,
,Ygry,SA 140,Ygry SA 140,,,
,Ygry,SA 170,Ygry SA 170,,,
,Ygry,Y 12,Ygry Y 12,,,
,Ygry,Y 12B,Ygry Y 12B,,,
,Ygry,Y 14,Ygry Y 14,,,
,Ygry,Y 14B,Ygry Y 14B,,,
,Ygry,Y 15,Ygry Y 15,,,
,Yuchai,R 103.3,Yuchai R 103.3,,,
,Yuchai,R 105.3,Yuchai R 105.3,,,
,Yuchai,WY 1.3,Yuchai WY 1.3,,,
,Yuchai,WY 2.5,Yuchai WY 2.5,,,
,Yuchai,WY 3.5,Yuchai WY 3.5,,,
,Yuchai,YC 15-7,Yuchai YC 15-7,,,
,Yuchai,YC 15-8,Yuchai YC 15-8,,,
,Yuchai,YC 25,Yuchai YC 25,,,
,Yuchai,YC 25-2,Yuchai YC 25-2,,,
,Yuchai,YC 25-8,Yuchai YC 25-8,,,
,Yuchai,YC 30-2,Yuchai YC 30-2,,,
,Yuchai,YC 35 SR,Yuchai YC 35 SR,,,
,Yuchai,YC 35-7,Yuchai YC 35-7,,,
,Yuchai,YC 35-8,Yuchai YC 35-8,,,
,Yuchai,YC 45 [OEM 300x55x86],Yuchai YC 45 [OEM 300x55x86],,,
,Yuchai,YC 45-6 [OEM 300x55x94],Yuchai YC 45-6 [OEM 300x55x94],,,
,Yuchai,YC 55-2,Yuchai YC 55-2,,,
,Yuchai,YC 85,Yuchai YC 85,,,
,Yuchai,YC 85-7,Yuchai YC 85-7,,,
,Yutani,B 53,Yutani B 53,,,
,Yutani,B 76,Yutani B 76,,,
,Yutani,Z 53,Yutani Z 53,,,
,Yutani,Z 54,Yutani Z 54,,,
,Yutani,Z 55,Yutani Z 55,,,
,Zavattini,E19P/9SC,Zavattini E19P/9SC,,,
,Zeppelin,ZR 02,Zeppelin ZR 02,,,
,Zeppelin,ZR 14,Zeppelin ZR 14,,,
,Zeppelin,ZR 15,Zeppelin ZR 15,,,
,Zeppelin,ZR 25,Zeppelin ZR 25,,,
,Zeppelin,ZR 35,Zeppelin ZR 35,,,
,Zeppelin,ZR 45,Zeppelin ZR 45,,,
,Zeppelin,ZR 55,Zeppelin ZR 55,,,
,Zeppelin,ZRH 02,Zeppelin ZRH 02,,,
,Zeppelin,ZRH 04,Zeppelin ZRH 04,,,
,Zeppelin,ZRH 12,Zeppelin ZRH 12,,,
,Zeppelin,ZRH 14,Zeppelin ZRH 14,,,
,Zeppelin,ZRH 16,Zeppelin ZRH 16,,,
,Zeppelin,ZRH 8,Zeppelin ZRH 8,,,
,Zhenyu,ZY 55,Zhenyu ZY 55,,,
,Zntsis Brzesko,RT-10,Zntsis Brzesko RT-10,,,
