ID,Brand,Model Name,Full Name,Equipment Type,Description,Image URL,is_keep_brand
697586ef20f6373f230307cc,Manitou,1.16S,Manitou 1.16S,,,,True
697586ef20f6373f23030bcb,Vermeer,1.2 ton,Vermeer 1.2 ton,,,,True
697586ef20f6373f2302fcaa,Atlas,100,Atlas 100,,,,False
697586ef20f6373f2302fdc5,Brokk,100,Brokk 100,,,,False
697586ef20f6373f2303085d,Mustang,1000M,Mustang 1000M,,,,False
697586ef20f6373f2302fcab,Atlas,100B,Atlas 100B,,,,False
697586ef20f6373f23030447,JCB,100C-1,JCB 100C-1,,,,True
697586ef20f6373f2302fcac,Atlas,100CT,Atlas 100CT,,,,False
697586ef20f6373f23030353,IHI,102 (dumper) ('2002),IHI 102 (dumper) ('2002),,,,True
697586ef20f6373f23030589,Komatsu,1020 Turbo,Komatsu 1020 Turbo,,,,True
697586ef20f6373f23030354,IHI,102R (dumper) ('2002),IHI 102R (dumper) ('2002),,,,True
697586ef20f6373f23030355,IHI,103 (dumper) ('2002),IHI 103 (dumper) ('2002),,,,True
697586ef20f6373f23030356,IHI,103E (dumper) ('2002),IHI 103E (dumper) ('2002),,,,True
697586ef20f6373f23030357,IHI,107 (Carrier),IHI 107 (Carrier),,,,True
697586ef20f6373f23030358,IHI,10Z,IHI 10Z,,,,True
697586ef20f6373f2302fcad,Atlas,110,Atlas 110,,,,False
697586ef20f6373f2302fdc6,Brokk,110,Brokk 110,,,,False
697586ef20f6373f23030c3b,Wacker Neuson,11002HV,Wacker Neuson 11002HV,,,,True
697586ef20f6373f23030c3c,Wacker Neuson,11002RD,Wacker Neuson 11002RD,,,,True
697586ef20f6373f23030c3d,Wacker Neuson,1101CP (Compact Track Loader),Wacker Neuson 1101CP (Compact Track Loader),,,,True
697586ef20f6373f2302fcae,Atlas,1104,Atlas 1104,,,,False
697586ef20f6373f23030506,Kobelco,115,Kobelco 115,,,,True
697586ef20f6373f2302fcaf,Atlas,120,Atlas 120,,,,False
697586ef20f6373f230304ba,John Deere,120 (US Market),John Deere 120 (US Market),,,,True
697586ef20f6373f23030c3e,Wacker Neuson,1200,Wacker Neuson 1200,,,,True
697586ef20f6373f230300e7,Gehl,12002,Gehl 12002,,,,True
697586ef20f6373f23030c3f,Wacker Neuson,12002,Wacker Neuson 12002,,,,True
697586ef20f6373f23030c40,Wacker Neuson,12002RD,Wacker Neuson 12002RD,,,,True
697586ef20f6373f23030c41,Wacker Neuson,12002RD Vario,Wacker Neuson 12002RD Vario,,,,True
697586ef20f6373f23030c42,Wacker Neuson,1200RD,Wacker Neuson 1200RD,,,,True
697586ef20f6373f23030c43,Wacker Neuson,1202,Wacker Neuson 1202,,,,True
697586ef20f6373f2302fcb0,Atlas,120AB,Atlas 120AB,,,,False
697586ef20f6373f230304bb,John Deere,120C (US Market),John Deere 120C (US Market),,,,True
697586ef20f6373f2302fdc7,Brokk,120D,Brokk 120D,,,,False
697586ef20f6373f2302fcb1,Atlas,120RF,Atlas 120RF,,,,False
697586ef20f6373f23030359,IHI,12J,IHI 12J,,,,True
697586ef20f6373f2303035a,IHI,12JX,IHI 12JX,,,,True
697586ef20f6373f2303035b,IHI,12NX,IHI 12NX,,,,True
697586ef20f6373f2303035c,IHI,12VXE,IHI 12VXE,,,,True
697586ef20f6373f23030c44,Wacker Neuson,1302,Wacker Neuson 1302,,,,True
697586ef20f6373f23030c45,Wacker Neuson,1302RD,Wacker Neuson 1302RD,,,,True
697586ef20f6373f23030c46,Wacker Neuson,1302RD SLR,Wacker Neuson 1302RD SLR,,,,True
697586ef20f6373f23030c47,Wacker Neuson,1400RD,Wacker Neuson 1400RD,,,,True
697586ef20f6373f23030c48,Wacker Neuson,1402,Wacker Neuson 1402,,,,True
697586ef20f6373f23030c49,Wacker Neuson,1402RD (OEM 230x72x43),Wacker Neuson 1402RD (OEM 230x72x43),,,,True
697586ef20f6373f23030c4a,Wacker Neuson,1402RD (OEM 230x96x33),Wacker Neuson 1402RD (OEM 230x96x33),,,,True
697586ef20f6373f23030c4b,Wacker Neuson,1402RD Force,Wacker Neuson 1402RD Force,,,,True
697586ef20f6373f23030c4c,Wacker Neuson,1402RD Primus,Wacker Neuson 1402RD Primus,,,,True
697586ef20f6373f23030c4d,Wacker Neuson,1402RD SLR,Wacker Neuson 1402RD SLR,,,,True
697586ef20f6373f23030c4e,Wacker Neuson,1402RD SLR Primus,Wacker Neuson 1402RD SLR Primus,,,,True
697586ef20f6373f23030c4f,Wacker Neuson,1403,Wacker Neuson 1403,,,,True
697586ef20f6373f23030c50,Wacker Neuson,1403 ('2002),Wacker Neuson 1403 ('2002),,,,True
697586ef20f6373f23030c51,Wacker Neuson,1403RD,Wacker Neuson 1403RD,,,,True
697586ef20f6373f23030c52,Wacker Neuson,1404,Wacker Neuson 1404,,,,True
697586ef20f6373f23030c53,Wacker Neuson,14504,Wacker Neuson 14504,,,,True
697586ef20f6373f2303035d,IHI,14NXT,IHI 14NXT,,,,True
697586ef20f6373f2302fddf,CASE,15,CASE 15,,,,True
697586ef20f6373f230304bc,John Deere,15,John Deere 15,,,,True
697586ef20f6373f2302fde0,CASE,15 Maxi (rental),CASE 15 Maxi (rental),,,,True
697586ef20f6373f2302fdc8,Brokk,150,Brokk 150,,,,False
697586ef20f6373f2303091d,Nissan,150/N,Nissan 150/N,,,,True
697586ef20f6373f23030c54,Wacker Neuson,1500,Wacker Neuson 1500,,,,True
697586ef20f6373f23030c55,Wacker Neuson,1500RD,Wacker Neuson 1500RD,,,,True
697586ef20f6373f23030c56,Wacker Neuson,1500RD SLR,Wacker Neuson 1500RD SLR,,,,True
697586ef20f6373f23030c57,Wacker Neuson,1501,Wacker Neuson 1501,,,,True
697586ef20f6373f23030c58,Wacker Neuson,1502,Wacker Neuson 1502,,,,True
697586ef20f6373f23030c59,Wacker Neuson,1502RD,Wacker Neuson 1502RD,,,,True
697586ef20f6373f23030c5a,Wacker Neuson,1502RD Force,Wacker Neuson 1502RD Force,,,,True
697586ef20f6373f23030c5b,Wacker Neuson,1502RD SLR,Wacker Neuson 1502RD SLR,,,,True
697586ef20f6373f23030c5c,Wacker Neuson,1503,Wacker Neuson 1503,,,,True
697586ef20f6373f23030c5d,Wacker Neuson,1503RD,Wacker Neuson 1503RD,,,,True
697586ef20f6373f23030c5e,Wacker Neuson,1503RDV,Wacker Neuson 1503RDV,,,,True
697586ef20f6373f230300e8,Gehl,153,Gehl 153,,,,True
697586ef20f6373f2303035e,IHI,15J,IHI 15J,,,,True
697586ef20f6373f2303035f,IHI,15NX,IHI 15NX,,,,True
697586ef20f6373f2302fde1,CASE,16,CASE 16,,,,True
697586ef20f6373f23030215,Hitachi,16,Hitachi 16,,,,True
697586ef20f6373f2302fde2,CASE,16 Maxi,CASE 16 Maxi,,,,True
697586ef20f6373f2302fde3,CASE,16 RTN,CASE 16 RTN,,,,True
697586ef20f6373f2302fdc9,Brokk,160,Brokk 160,,,,False
697586ef20f6373f23030c5f,Wacker Neuson,1600RD,Wacker Neuson 1600RD,,,,True
697586ef20f6373f2303085e,Mustang,1650 RT,Mustang 1650 RT,,,,False
697586ef20f6373f230307cd,Manitou,1650RT,Manitou 1650RT,,,,True
697586ef20f6373f23030448,JCB,16C-1,JCB 16C-1,,,,True
697586ef20f6373f23030360,IHI,16N,IHI 16N,,,,True
697586ef20f6373f23030361,IHI,16NXT,IHI 16NXT,,,,True
697586ef20f6373f2302fde4,CASE,17 RTN Maxi,CASE 17 RTN Maxi,,,,True
697586ef20f6373f230304bd,John Deere,17 ZTS (US Market),John Deere 17 ZTS (US Market),,,,True
697586ef20f6373f23030c60,Wacker Neuson,1700,Wacker Neuson 1700,,,,True
697586ef20f6373f23030c61,Wacker Neuson,1700RB,Wacker Neuson 1700RB,,,,True
697586ef20f6373f23030c62,Wacker Neuson,1700RD,Wacker Neuson 1700RD,,,,True
697586ef20f6373f23030c63,Wacker Neuson,1702,Wacker Neuson 1702,,,,True
697586ef20f6373f23030c64,Wacker Neuson,1702RD,Wacker Neuson 1702RD,,,,True
697586ef20f6373f23030c65,Wacker Neuson,1703,Wacker Neuson 1703,,,,True
697586ef20f6373f23030c66,Wacker Neuson,1703 RD,Wacker Neuson 1703 RD,,,,True
697586ef20f6373f23030c67,Wacker Neuson,1703 VDS,Wacker Neuson 1703 VDS,,,,True
697586ef20f6373f2303085f,Mustang,170Z,Mustang 170Z,,,,False
697586ef20f6373f23030b8d,Thomas,175 (VTS System for Skidsteer Loader),Thomas 175 (VTS System for Skidsteer Loader),,,,False
697586ef20f6373f23030860,Mustang,1750 RT,Mustang 1750 RT,,,,False
697586ef20f6373f230304be,John Deere,17D,John Deere 17D,,,,True
697586ef20f6373f230304bf,John Deere,17G,John Deere 17G,,,,True
697586ef20f6373f23030362,IHI,17J,IHI 17J,,,,True
697586ef20f6373f23030363,IHI,17NE('2002),IHI 17NE('2002),,,,True
697586ef20f6373f23030364,IHI,17VXE,IHI 17VXE,,,,True
697586ef20f6373f23030216,Hitachi,18,Hitachi 18,,,,True
697586ef20f6373f2302fdca,Brokk,180,Brokk 180,,,,False
697586ef20f6373f2302fdcb,Brokk,180 <<2004,Brokk 180 <<2004,,,,False
697586ef20f6373f2302fdcc,Brokk,180 >>2005,Brokk 180 >>2005,,,,False
697586ef20f6373f23030861,Mustang,1850 RT,Mustang 1850 RT,,,,False
697586ef20f6373f230307ce,Manitou,1850RT,Manitou 1850RT,,,,True
697586ef20f6373f2302fde5,CASE,1854C,CASE 1854C,,,,True
697586ef20f6373f23030365,IHI,18J,IHI 18J,,,,True
697586ef20f6373f23030366,IHI,18N,IHI 18N,,,,True
697586ef20f6373f23030367,IHI,18NXT,IHI 18NXT,,,,True
697586ef20f6373f23030449,JCB,18Z-1,JCB 18Z-1,,,,True
697586ef20f6373f23030c68,Wacker Neuson,1900,Wacker Neuson 1900,,,,True
697586ef20f6373f23030c69,Wacker Neuson,1900RD,Wacker Neuson 1900RD,,,,True
697586ef20f6373f23030c6a,Wacker Neuson,1902,Wacker Neuson 1902,,,,True
697586ef20f6373f23030c6b,Wacker Neuson,1902RD (New),Wacker Neuson 1902RD (New),,,,True
697586ef20f6373f23030c6c,Wacker Neuson,1902RD (old),Wacker Neuson 1902RD (old),,,,True
697586ef20f6373f23030c6d,Wacker Neuson,1902RD Force,Wacker Neuson 1902RD Force,,,,True
697586ef20f6373f23030c6e,Wacker Neuson,1902RD SLR (New),Wacker Neuson 1902RD SLR (New),,,,True
697586ef20f6373f23030c6f,Wacker Neuson,1902RD SLR (old),Wacker Neuson 1902RD SLR (old),,,,True
697586ef20f6373f23030c70,Wacker Neuson,1903,Wacker Neuson 1903,,,,True
697586ef20f6373f23030c71,Wacker Neuson,1903RD,Wacker Neuson 1903RD,,,,True
697586ef20f6373f230300e9,Gehl,193,Gehl 193,,,,True
697586ef20f6373f2303044a,JCB,19C-1,JCB 19C-1,,,,True
697586ef20f6373f23030368,IHI,19VXT,IHI 19VXT,,,,True
697586ef20f6373f2302fcdc,Bandit,19XP,Bandit 19XP,,,,True
697586ef20f6373f23030c72,Wacker Neuson,2000,Wacker Neuson 2000,,,,True
697586ef20f6373f23030c73,Wacker Neuson,2000RD,Wacker Neuson 2000RD,,,,True
697586ef20f6373f23030c74,Wacker Neuson,2002 Force,Wacker Neuson 2002 Force,,,,True
697586ef20f6373f23030c75,Wacker Neuson,2002 RDV,Wacker Neuson 2002 RDV,,,,True
697586ef20f6373f23030c76,Wacker Neuson,2003,Wacker Neuson 2003,,,,True
697586ef20f6373f23030862,Mustang,2040,Mustang 2040,,,,False
697586ef20f6373f23030863,Mustang,2042,Mustang 2042,,,,False
697586ef20f6373f23030864,Mustang,2044,Mustang 2044,,,,False
697586ef20f6373f23030865,Mustang,2050,Mustang 2050,,,,False
697586ef20f6373f23030866,Mustang,2054,Mustang 2054,,,,False
697586ef20f6373f23030867,Mustang,2060,Mustang 2060,,,,False
697586ef20f6373f23030868,Mustang,2066,Mustang 2066,,,,False
697586ef20f6373f23030869,Mustang,2070,Mustang 2070,,,,False
697586ef20f6373f2303086a,Mustang,2076,Mustang 2076,,,,False
697586ef20f6373f2303086b,Mustang,2086,Mustang 2086,,,,False
697586ef20f6373f2303086c,Mustang,2095,Mustang 2095,,,,False
697586ef20f6373f2303086d,Mustang,2099,Mustang 2099,,,,False
697586ef20f6373f23030369,IHI,20JX,IHI 20JX,,,,True
697586ef20f6373f2303036a,IHI,20NX,IHI 20NX,,,,True
697586ef20f6373f2303036b,IHI,20NX-2,IHI 20NX-2,,,,True
697586ef20f6373f2303036c,IHI,20Z,IHI 20Z,,,,True
697586ef20f6373f23030c77,Wacker Neuson,2100,Wacker Neuson 2100,,,,True
697586ef20f6373f23030c78,Wacker Neuson,2100RD,Wacker Neuson 2100RD,,,,True
697586ef20f6373f230307cf,Manitou,2100RT,Manitou 2100RT,,,,True
697586ef20f6373f2303086e,Mustang,2100RT,Mustang 2100RT,,,,False
697586ef20f6373f2303086f,Mustang,2105,Mustang 2105,,,,False
697586ef20f6373f23030870,Mustang,2109,Mustang 2109,,,,False
697586ef20f6373f230307d0,Manitou,2150RT,Manitou 2150RT,,,,True
697586ef20f6373f2302fe65,CAT,216,CAT 216,,,,True
697586ef20f6373f2302fd14,Bobcat,220,Bobcat 220,,,,True
697586ef20f6373f23030c79,Wacker Neuson,2200,Wacker Neuson 2200,,,,True
697586ef20f6373f23030c7a,Wacker Neuson,2200RD,Wacker Neuson 2200RD,,,,True
697586ef20f6373f23030c7b,Wacker Neuson,2201,Wacker Neuson 2201,,,,True
697586ef20f6373f23030c7c,Wacker Neuson,2202,Wacker Neuson 2202,,,,True
697586ef20f6373f23030c7d,Wacker Neuson,2202RD,Wacker Neuson 2202RD,,,,True
697586ef20f6373f23030c7e,Wacker Neuson,2202RD Force,Wacker Neuson 2202RD Force,,,,True
697586ef20f6373f23030c7f,Wacker Neuson,2203,Wacker Neuson 2203,,,,True
697586ef20f6373f23030c80,Wacker Neuson,2203RD,Wacker Neuson 2203RD,,,,True
697586ef20f6373f230300ea,Gehl,223,Gehl 223,,,,True
697586ef20f6373f23030b8e,Thomas,225 TURBO (VTS System for Skidsteer Loader),Thomas 225 TURBO (VTS System for Skidsteer Loader),,,,False
697586ef20f6373f2302fe66,CAT,226,CAT 226,,,,True
697586ef20f6373f2302fe67,CAT,228,CAT 228,,,,True
697586ef20f6373f2303036d,IHI,22UX,IHI 22UX,,,,True
697586ef20f6373f2302fde6,CASE,23,CASE 23,,,,True
697586ef20f6373f2302fde7,CASE,23 Maxi,CASE 23 Maxi,,,,True
697586ef20f6373f23030c81,Wacker Neuson,2300,Wacker Neuson 2300,,,,True
697586ef20f6373f23030c82,Wacker Neuson,2300RD,Wacker Neuson 2300RD,,,,True
697586ef20f6373f2302fe68,CAT,232,CAT 232,,,,True
697586ef20f6373f2302fe69,CAT,236,CAT 236,,,,True
697586ef20f6373f2302fe6a,CAT,239D,CAT 239D,,,,True
697586ef20f6373f2302fe6b,CAT,239D3,CAT 239D3,,,,True
697586ef20f6373f230304c0,John Deere,240,John Deere 240,,,,True
697586ef20f6373f23030c83,Wacker Neuson,2404RD,Wacker Neuson 2404RD,,,,True
697586ef20f6373f2302fe6c,CAT,242,CAT 242,,,,True
697586ef20f6373f23030b8f,Thomas,245 TURBO (VTS System for Skidsteer Loader),Thomas 245 TURBO (VTS System for Skidsteer Loader),,,,False
697586ef20f6373f2302fe6d,CAT,246,CAT 246,,,,True
697586ef20f6373f2302fe6e,CAT,246C,CAT 246C,,,,True
697586ef20f6373f2302fe6f,CAT,247,CAT 247,,,,True
697586ef20f6373f2302fe70,CAT,247A,CAT 247A,,,,True
697586ef20f6373f2302fe71,CAT,247B,CAT 247B,,,,True
697586ef20f6373f2302fe72,CAT,247B2,CAT 247B2,,,,True
697586ef20f6373f2302fe73,CAT,247B3,CAT 247B3,,,,True
697586ef20f6373f2302fe74,CAT,248,CAT 248,,,,True
697586ef20f6373f2302fe75,CAT,249D,CAT 249D,,,,True
697586ef20f6373f2302fe76,CAT,249D3,CAT 249D3,,,,True
697586ef20f6373f23030217,Hitachi,25,Hitachi 25,,,,True
697586ef20f6373f230304c1,John Deere,250,John Deere 250,,,,True
697586ef20f6373f23030c84,Wacker Neuson,250,Wacker Neuson 250,,,,True
697586ef20f6373f23030c85,Wacker Neuson,2500,Wacker Neuson 2500,,,,True
697586ef20f6373f23030c86,Wacker Neuson,2500RD,Wacker Neuson 2500RD,,,,True
697586ef20f6373f23030871,Mustang,2500RT,Mustang 2500RT,,,,False
697586ef20f6373f23030c87,Wacker Neuson,2503,Wacker Neuson 2503,,,,True
697586ef20f6373f23030c88,Wacker Neuson,2503RD,Wacker Neuson 2503RD,,,,True
697586ef20f6373f23030c89,Wacker Neuson,2503RDV,Wacker Neuson 2503RDV,,,,True
697586ef20f6373f23030872,Mustang,250Z,Mustang 250Z,,,,False
697586ef20f6373f230300eb,Gehl,253,Gehl 253,,,,True
697586ef20f6373f2302fe77,CAT,256C,CAT 256C,,,,True
697586ef20f6373f2302fe78,CAT,257,CAT 257,,,,True
697586ef20f6373f2302fe79,CAT,257A,CAT 257A,,,,True
697586ef20f6373f2302fe7a,CAT,257B,CAT 257B,,,,True
697586ef20f6373f2302fe7b,CAT,257B2,CAT 257B2,,,,True
697586ef20f6373f2302fe7c,CAT,257B3,CAT 257B3,,,,True
697586ef20f6373f2302fe7d,CAT,257D,CAT 257D,,,,True
697586ef20f6373f2302fe7e,CAT,257D3,CAT 257D3,,,,True
697586ef20f6373f2302fe7f,CAT,259,CAT 259,,,,True
697586ef20f6373f2302fe80,CAT,259B,CAT 259B,,,,True
697586ef20f6373f2302fe81,CAT,259B3,CAT 259B3,,,,True
697586ef20f6373f2302fe82,CAT,259C,CAT 259C,,,,True
697586ef20f6373f2302fe83,CAT,259D,CAT 259D,,,,True
697586ef20f6373f2302fe84,CAT,259D3,CAT 259D3,,,,True
697586ef20f6373f2302fccb,Ausa,25CM,Ausa 25CM,,,,True
697586ef20f6373f23030b90,Thomas,25G (Skid steer loader),Thomas 25G (Skid steer loader),,,,False
697586ef20f6373f23030b91,Thomas,25GT (Skid steer loader),Thomas 25GT (Skid steer loader),,,,False
697586ef20f6373f2303036e,IHI,25J,IHI 25J,,,,True
697586ef20f6373f2303036f,IHI,25JX,IHI 25JX,,,,True
697586ef20f6373f23030370,IHI,25NX,IHI 25NX,,,,True
697586ef20f6373f23030371,IHI,25VX,IHI 25VX,,,,True
697586ef20f6373f2302fdcd,Brokk,260,Brokk 260,,,,False
697586ef20f6373f230304c2,John Deere,260,John Deere 260,,,,True
697586ef20f6373f23030c8a,Wacker Neuson,2600,Wacker Neuson 2600,,,,True
697586ef20f6373f23030c8b,Wacker Neuson,2600RD (New),Wacker Neuson 2600RD (New),,,,True
697586ef20f6373f2302fe85,CAT,262C,CAT 262C,,,,True
697586ef20f6373f2302fe86,CAT,267,CAT 267,,,,True
697586ef20f6373f2302fe87,CAT,267A,CAT 267A,,,,True
697586ef20f6373f2302fe88,CAT,267B,CAT 267B,,,,True
697586ef20f6373f2302fe89,CAT,267B2,CAT 267B2,,,,True
697586ef20f6373f2302fe8a,CAT,269C,CAT 269C,,,,True
697586ef20f6373f2302fe8b,CAT,269D,CAT 269D,,,,True
697586ef20f6373f2302fe8c,CAT,269D3,CAT 269D3,,,,True
697586ef20f6373f230304c3,John Deere,26D,John Deere 26D,,,,True
697586ef20f6373f230304c4,John Deere,26G,John Deere 26G,,,,True
697586ef20f6373f230304c5,John Deere,27 ZTS (US Market),John Deere 27 ZTS (US Market),,,,True
697586ef20f6373f230304c6,John Deere,270,John Deere 270,,,,True
697586ef20f6373f23030c8c,Wacker Neuson,2700,Wacker Neuson 2700,,,,True
697586ef20f6373f23030c8d,Wacker Neuson,2700RD,Wacker Neuson 2700RD,,,,True
697586ef20f6373f23030c8e,Wacker Neuson,2702,Wacker Neuson 2702,,,,True
697586ef20f6373f23030c8f,Wacker Neuson,2702RD,Wacker Neuson 2702RD,,,,True
697586ef20f6373f23030c90,Wacker Neuson,2702RD Force,Wacker Neuson 2702RD Force,,,,True
697586ef20f6373f23030c91,Wacker Neuson,2702RD SCR,Wacker Neuson 2702RD SCR,,,,True
697586ef20f6373f23030c92,Wacker Neuson,2702RD SLR,Wacker Neuson 2702RD SLR,,,,True
697586ef20f6373f2302fe8d,CAT,272C,CAT 272C,,,,True
697586ef20f6373f2302fe8e,CAT,277,CAT 277,,,,True
697586ef20f6373f2302fe8f,CAT,277A,CAT 277A,,,,True
697586ef20f6373f2302fe90,CAT,277B,CAT 277B,,,,True
697586ef20f6373f2302fe91,CAT,277C,CAT 277C,,,,True
697586ef20f6373f2302fe92,CAT,277C2,CAT 277C2,,,,True
697586ef20f6373f2302fe93,CAT,277D,CAT 277D,,,,True
697586ef20f6373f2302fe94,CAT,279C,CAT 279C,,,,True
697586ef20f6373f2302fe95,CAT,279C2,CAT 279C2,,,,True
697586ef20f6373f2302fe96,CAT,279D,CAT 279D,,,,True
697586ef20f6373f2302fe97,CAT,279D2,CAT 279D2,,,,True
697586ef20f6373f2302fe98,CAT,279D3,CAT 279D3,,,,True
697586ef20f6373f230304c7,John Deere,27C ZTS (US Market),John Deere 27C ZTS (US Market),,,,True
697586ef20f6373f230304c8,John Deere,27D,John Deere 27D,,,,True
697586ef20f6373f23030372,IHI,27V4,IHI 27V4,,,,True
697586ef20f6373f2302fde8,CASE,28,CASE 28,,,,True
697586ef20f6373f2302fde9,CASE,28 Maxi,CASE 28 Maxi,,,,True
697586ef20f6373f2302fdce,Brokk,280,Brokk 280,,,,False
697586ef20f6373f230304c9,John Deere,280,John Deere 280,,,,True
697586ef20f6373f23030c93,Wacker Neuson,2800,Wacker Neuson 2800,,,,True
697586ef20f6373f23030c94,Wacker Neuson,2800RD (New),Wacker Neuson 2800RD (New),,,,True
697586ef20f6373f2302fe99,CAT,287,CAT 287,,,,True
697586ef20f6373f2302fe9a,CAT,287A,CAT 287A,,,,True
697586ef20f6373f2302fe9b,CAT,287B,CAT 287B,,,,True
697586ef20f6373f2302fe9c,CAT,287C,CAT 287C,,,,True
697586ef20f6373f2302fe9d,CAT,287C2,CAT 287C2,,,,True
697586ef20f6373f2302fe9e,CAT,287D,CAT 287D,,,,True
697586ef20f6373f2302fe9f,CAT,289C,CAT 289C,,,,True
697586ef20f6373f2302fea0,CAT,289C2,CAT 289C2,,,,True
697586ef20f6373f2302fea1,CAT,289D,CAT 289D,,,,True
697586ef20f6373f2302fea2,CAT,289D2,CAT 289D2,,,,True
697586ef20f6373f2302fea3,CAT,289D3,CAT 289D3,,,,True
697586ef20f6373f23030373,IHI,28J,IHI 28J,,,,True
697586ef20f6373f23030374,IHI,28N,IHI 28N,,,,True
697586ef20f6373f23030375,IHI,28N-2,IHI 28N-2,,,,True
697586ef20f6373f23030376,IHI,28N-3,IHI 28N-3,,,,True
697586ef20f6373f23030377,IHI,28UX,IHI 28UX,,,,True
697586ef20f6373f23030c95,Wacker Neuson,28Z-3,Wacker Neuson 28Z-3,,,,True
697586ef20f6373f23030c96,Wacker Neuson,28Z3 RD,Wacker Neuson 28Z3 RD,,,,True
697586ef20f6373f23030c97,Wacker Neuson,2902,Wacker Neuson 2902,,,,True
697586ef20f6373f23030c98,Wacker Neuson,2902RD,Wacker Neuson 2902RD,,,,True
697586ef20f6373f23030c99,Wacker Neuson,2902RD Force,Wacker Neuson 2902RD Force,,,,True
697586ef20f6373f23030c9a,Wacker Neuson,2902RD SLR,Wacker Neuson 2902RD SLR,,,,True
697586ef20f6373f23030bb2,Unic,295,Unic 295,,,,False
697586ef20f6373f2302fea4,CAT,297C,CAT 297C,,,,True
697586ef20f6373f2302fea5,CAT,297D,CAT 297D,,,,True
697586ef20f6373f2302fea6,CAT,297D2,CAT 297D2,,,,True
697586ef20f6373f2302fea7,CAT,297D2 XHP,CAT 297D2 XHP,,,,True
697586ef20f6373f2302fea8,CAT,297D2XHP,CAT 297D2XHP,,,,True
697586ef20f6373f2302fea9,CAT,299C,CAT 299C,,,,True
697586ef20f6373f2302feaa,CAT,299C2,CAT 299C2,,,,True
697586ef20f6373f2302feab,CAT,299D,CAT 299D,,,,True
697586ef20f6373f2302feac,CAT,299D XHP,CAT 299D XHP,,,,True
697586ef20f6373f2302fead,CAT,299D2,CAT 299D2,,,,True
697586ef20f6373f2302feae,CAT,299D2 XHP,CAT 299D2 XHP,,,,True
697586ef20f6373f2302feaf,CAT,299D2XHP,CAT 299D2XHP,,,,True
697586ef20f6373f2302feb0,CAT,299D3,CAT 299D3,,,,True
697586ef20f6373f2302feb1,CAT,299D3XE,CAT 299D3XE,,,,True
697586ef20f6373f23030218,Hitachi,30,Hitachi 30,,,,True
697586ef20f6373f2302fdcf,Brokk,300,Brokk 300,,,,False
697586ef20f6373f2302feb2,CAT,300.9D,CAT 300.9D,,,,True
697586ef20f6373f23030c9b,Wacker Neuson,3000,Wacker Neuson 3000,,,,True
697586ef20f6373f23030c9c,Wacker Neuson,3000RD (New),Wacker Neuson 3000RD (New),,,,True
697586ef20f6373f23030c9d,Wacker Neuson,3000RDV,Wacker Neuson 3000RDV,,,,True
697586ef20f6373f23030c9e,Wacker Neuson,3002,Wacker Neuson 3002,,,,True
697586ef20f6373f23030c9f,Wacker Neuson,3003,Wacker Neuson 3003,,,,True
697586ef20f6373f23030ca0,Wacker Neuson,3003 RD,Wacker Neuson 3003 RD,,,,True
697586ef20f6373f23030ca1,Wacker Neuson,3003 Vario,Wacker Neuson 3003 Vario,,,,True
697586ef20f6373f23030ca2,Wacker Neuson,3003RD,Wacker Neuson 3003RD,,,,True
697586ef20f6373f2302feb3,CAT,301.4C,CAT 301.4C,,,,True
697586ef20f6373f2302feb4,CAT,301.5,CAT 301.5,,,,True
697586ef20f6373f2302feb5,CAT,301.5CR,CAT 301.5CR,,,,True
697586ef20f6373f2302feb6,CAT,301.6,CAT 301.6,,,,True
697586ef20f6373f2302feb7,CAT,301.6C,CAT 301.6C,,,,True
697586ef20f6373f2302feb8,CAT,301.7CR,CAT 301.7CR,,,,True
697586ef20f6373f2302feb9,CAT,301.7D,CAT 301.7D,,,,True
697586ef20f6373f2302feba,CAT,301.7DCR,CAT 301.7DCR,,,,True
697586ef20f6373f2302febb,CAT,301.8,CAT 301.8,,,,True
697586ef20f6373f2302febc,CAT,301.8C,CAT 301.8C,,,,True
697586ef20f6373f2302febd,CAT,301.8CR,CAT 301.8CR,,,,True
697586ef20f6373f2302febe,CAT,302.2D,CAT 302.2D,,,,True
697586ef20f6373f2302febf,CAT,302.5,CAT 302.5,,,,True
697586ef20f6373f2302fec0,CAT,302.5C,CAT 302.5C,,,,True
697586ef20f6373f2302fec1,CAT,302.7DCR,CAT 302.7DCR,,,,True
697586ef20f6373f2302fec2,CAT,302CR,CAT 302CR,,,,True
697586ef20f6373f230300ec,Gehl,303,Gehl 303,,,,True
697586ef20f6373f2302fec3,CAT,303.5,CAT 303.5,,,,True
697586ef20f6373f2302fec4,CAT,303.5CCR,CAT 303.5CCR,,,,True
697586ef20f6373f2302fec5,CAT,303.5DCR,CAT 303.5DCR,,,,True
697586ef20f6373f2302fec6,CAT,303.5E2CR,CAT 303.5E2CR,,,,True
697586ef20f6373f2302fec7,CAT,303.5ECR,CAT 303.5ECR,,,,True
697586ef20f6373f2302fec8,CAT,303CCR,CAT 303CCR,,,,True
697586ef20f6373f2302fec9,CAT,303CR,CAT 303CR,,,,True
697586ef20f6373f2302feca,CAT,303CR 2007,CAT 303CR 2007,,,,True
697586ef20f6373f2302fecb,CAT,303ECR,CAT 303ECR,,,,True
697586ef20f6373f2302fecc,CAT,304.5,CAT 304.5,,,,True
697586ef20f6373f2302fecd,CAT,304.5E2XTC,CAT 304.5E2XTC,,,,True
697586ef20f6373f2302fece,CAT,304C,CAT 304C,,,,True
697586ef20f6373f2302fecf,CAT,304CCR,CAT 304CCR,,,,True
697586ef20f6373f2302fed0,CAT,304CR,CAT 304CR,,,,True
697586ef20f6373f2302fed1,CAT,304DCR,CAT 304DCR,,,,True
697586ef20f6373f2302fed2,CAT,304E2CR,CAT 304E2CR,,,,True
697586ef20f6373f2302fed3,CAT,304ECR,CAT 304ECR,,,,True
697586ef20f6373f2302fed4,CAT,305.5DCR,CAT 305.5DCR,,,,True
697586ef20f6373f2302fed5,CAT,305.5E2CR,CAT 305.5E2CR,,,,True
697586ef20f6373f2302fed6,CAT,305.5ECR,CAT 305.5ECR,,,,True
697586ef20f6373f2302fed7,CAT,305CCR,CAT 305CCR,,,,True
697586ef20f6373f2302fed8,CAT,306CR,CAT 306CR,,,,True
697586ef20f6373f2302fed9,CAT,307,CAT 307,,,,True
697586ef20f6373f2302feda,CAT,307A (Japan E70B),CAT 307A (Japan E70B),,,,True
697586ef20f6373f2302fedb,CAT,307B,CAT 307B,,,,True
697586ef20f6373f2302fedc,CAT,307C,CAT 307C,,,,True
697586ef20f6373f2302fedd,CAT,307CAC,CAT 307CAC,,,,True
697586ef20f6373f2302fede,CAT,307CCC,CAT 307CCC,,,,True
697586ef20f6373f2302fedf,CAT,307CSB,CAT 307CSB,,,,True
697586ef20f6373f2302fee0,CAT,307HD,CAT 307HD,,,,True
697586ef20f6373f2302fee1,CAT,307SSR,CAT 307SSR,,,,True
697586ef20f6373f2302fee2,CAT,308,CAT 308,,,,True
697586ef20f6373f2302fee3,CAT,308BSR,CAT 308BSR,,,,True
697586ef20f6373f2302fee4,CAT,308CCR,CAT 308CCR,,,,True
697586ef20f6373f2302fee5,CAT,308CSR,CAT 308CSR,,,,True
697586ef20f6373f2302fee6,CAT,308DCRSB,CAT 308DCRSB,,,,True
697586ef20f6373f2302fee7,CAT,308E2CR,CAT 308E2CR,,,,True
697586ef20f6373f2302fee8,CAT,308ECRSB,CAT 308ECRSB,,,,True
697586ef20f6373f230304ca,John Deere,30G,John Deere 30G,,,,True
697586ef20f6373f23030378,IHI,30J,IHI 30J,,,,True
697586ef20f6373f23030379,IHI,30JX,IHI 30JX,,,,True
697586ef20f6373f2303037a,IHI,30NX,IHI 30NX,,,,True
697586ef20f6373f2303037b,IHI,30NX-2,IHI 30NX-2,,,,True
697586ef20f6373f23030219,Hitachi,30U,Hitachi 30U,,,,True
697586ef20f6373f2303037c,IHI,30UJ,IHI 30UJ,,,,True
697586ef20f6373f2303037d,IHI,30UX,IHI 30UX,,,,True
697586ef20f6373f2303037e,IHI,30V4,IHI 30V4,,,,True
697586ef20f6373f2303037f,IHI,30VX,IHI 30VX,,,,True
697586ef20f6373f23030380,IHI,30Z,IHI 30Z,,,,True
697586ef20f6373f2302fdea,CASE,31,CASE 31,,,,True
697586ef20f6373f2302fdeb,CASE,31 Maxi,CASE 31 Maxi,,,,True
697586ef20f6373f2302fee9,CAT,311B,CAT 311B,,,,True
697586ef20f6373f2302feea,CAT,311BSR,CAT 311BSR,,,,True
697586ef20f6373f2302feeb,CAT,311C Utility,CAT 311C Utility,,,,True
697586ef20f6373f2302fd15,Bobcat,316,Bobcat 316,,,,True
697586ef20f6373f230304cb,John Deere,317,John Deere 317,,,,True
697586ef20f6373f230304cc,John Deere,317G,John Deere 317G,,,,True
697586ef20f6373f2302fd16,Bobcat,319,Bobcat 319,,,,True
697586ef20f6373f230304cd,John Deere,320,John Deere 320,,,,True
697586ef20f6373f2302fd17,Bobcat,320 (562320000 and higher),Bobcat 320 (562320000 and higher),,,,True
697586ef20f6373f2302fd18,Bobcat,320 (562320000 and lower),Bobcat 320 (562320000 and lower),,,,True
697586ef20f6373f2302fd19,Bobcat,320 L,Bobcat 320 L,,,,True
697586ef20f6373f2302fcdd,Bandit,3200,Bandit 3200,,,,True
697586ef20f6373f23030ca3,Wacker Neuson,3200RD (New),Wacker Neuson 3200RD (New),,,,True
697586ef20f6373f230307d1,Manitou,3200VT,Manitou 3200VT,,,,True
697586ef20f6373f23030873,Mustang,3200VT,Mustang 3200VT,,,,False
697586ef20f6373f2302fd1a,Bobcat,321,Bobcat 321,,,,True
697586ef20f6373f2302fd1b,Bobcat,322,Bobcat 322,,,,True
697586ef20f6373f2302fd1c,Bobcat,322G,Bobcat 322G,,,,True
697586ef20f6373f2302fd1d,Bobcat,323,Bobcat 323,,,,True
697586ef20f6373f2302fd1e,Bobcat,324,Bobcat 324,,,,True
697586ef20f6373f2302fd1f,Bobcat,325,Bobcat 325,,,,True
697586ef20f6373f230304ce,John Deere,325,John Deere 325,,,,True
697586ef20f6373f230304cf,John Deere,325G,John Deere 325G,,,,True
697586ef20f6373f2302fd20,Bobcat,328,Bobcat 328,,,,True
697586ef20f6373f230304d0,John Deere,328,John Deere 328,,,,True
697586ef20f6373f2302fd21,Bobcat,328G,Bobcat 328G,,,,True
697586ef20f6373f2302fd22,Bobcat,329,Bobcat 329,,,,True
697586ef20f6373f23030381,IHI,32J,IHI 32J,,,,True
697586ef20f6373f2302fdd0,Brokk,330,Brokk 330,,,,False
697586ef20f6373f2302fd23,Bobcat,331,Bobcat 331,,,,True
697586ef20f6373f2302fd24,Bobcat,331D,Bobcat 331D,,,,True
697586ef20f6373f2302fd25,Bobcat,331E,Bobcat 331E,,,,True
697586ef20f6373f2302fd26,Bobcat,331G,Bobcat 331G,,,,True
697586ef20f6373f230304d1,John Deere,332,John Deere 332,,,,True
697586ef20f6373f2302fd27,Bobcat,334,Bobcat 334,,,,True
697586ef20f6373f2302fd28,Bobcat,334D,Bobcat 334D,,,,True
697586ef20f6373f2302fd29,Bobcat,335,Bobcat 335,,,,True
697586ef20f6373f2302fd2a,Bobcat,337,Bobcat 337,,,,True
697586ef20f6373f2302fd2b,Bobcat,337G,Bobcat 337G,,,,True
697586ef20f6373f23030ca4,Wacker Neuson,3402,Wacker Neuson 3402,,,,True
697586ef20f6373f23030ca5,Wacker Neuson,3402RD,Wacker Neuson 3402RD,,,,True
697586ef20f6373f23030ca6,Wacker Neuson,3402RD Force,Wacker Neuson 3402RD Force,,,,True
697586ef20f6373f23030ca7,Wacker Neuson,3402RD SLR,Wacker Neuson 3402RD SLR,,,,True
697586ef20f6373f2302fd2c,Bobcat,341,Bobcat 341,,,,True
697586ef20f6373f2302fd2d,Bobcat,341D,Bobcat 341D,,,,True
697586ef20f6373f2302fd2e,Bobcat,341G,Bobcat 341G,,,,True
697586ef20f6373f2302fdec,CASE,35,CASE 35,,,,True
697586ef20f6373f2303021a,Hitachi,35,Hitachi 35,,,,True
697586ef20f6373f2302fded,CASE,35 Maxi,CASE 35 Maxi,,,,True
697586ef20f6373f2302fdee,CASE,35 STB,CASE 35 STB,,,,True
697586ef20f6373f230304d2,John Deere,35 ZTS (US Market),John Deere 35 ZTS (US Market),,,,True
697586ef20f6373f23030ca8,Wacker Neuson,3503,Wacker Neuson 3503,,,,True
697586ef20f6373f23030ca9,Wacker Neuson,3503 VDS,Wacker Neuson 3503 VDS,,,,True
697586ef20f6373f23030caa,Wacker Neuson,3503 Vario,Wacker Neuson 3503 Vario,,,,True
697586ef20f6373f23030cab,Wacker Neuson,3503RD,Wacker Neuson 3503RD,,,,True
697586ef20f6373f23030cac,Wacker Neuson,3503RD Vario,Wacker Neuson 3503RD Vario,,,,True
697586ef20f6373f23030874,Mustang,350ZNXT2,Mustang 350ZNXT2,,,,False
697586ef20f6373f230300ed,Gehl,353,Gehl 353,,,,True
697586ef20f6373f230304d3,John Deere,35C ZTS (US Market),John Deere 35C ZTS (US Market),,,,True
697586ef20f6373f230304d4,John Deere,35D,John Deere 35D,,,,True
697586ef20f6373f23030b92,Thomas,35DT (Skid steer loader),Thomas 35DT (Skid steer loader),,,,False
697586ef20f6373f23030382,IHI,35FX,IHI 35FX,,,,True
697586ef20f6373f230304d5,John Deere,35G,John Deere 35G,,,,True
697586ef20f6373f23030383,IHI,35J,IHI 35J,,,,True
697586ef20f6373f23030384,IHI,35JX,IHI 35JX,,,,True
697586ef20f6373f23030385,IHI,35N,IHI 35N,,,,True
697586ef20f6373f23030386,IHI,35NX,IHI 35NX,,,,True
697586ef20f6373f23030387,IHI,35NX-2,IHI 35NX-2,,,,True
697586ef20f6373f2303021b,Hitachi,35U,Hitachi 35U,,,,True
697586ef20f6373f23030388,IHI,35UJ,IHI 35UJ,,,,True
697586ef20f6373f23030389,IHI,35VX,IHI 35VX,,,,True
697586ef20f6373f2303044b,JCB,35Z-1,JCB 35Z-1,,,,True
697586ef20f6373f23030cad,Wacker Neuson,3602,Wacker Neuson 3602,,,,True
697586ef20f6373f23030cae,Wacker Neuson,3602RD,Wacker Neuson 3602RD,,,,True
697586ef20f6373f23030caf,Wacker Neuson,3602RD Force,Wacker Neuson 3602RD Force,,,,True
697586ef20f6373f23030cb0,Wacker Neuson,3602RD SLR,Wacker Neuson 3602RD SLR,,,,True
697586ef20f6373f230300ee,Gehl,363,Gehl 363,,,,True
697586ef20f6373f23030cb1,Wacker Neuson,3703,Wacker Neuson 3703,,,,True
697586ef20f6373f23030cb2,Wacker Neuson,3703RD,Wacker Neuson 3703RD,,,,True
697586ef20f6373f230300ef,Gehl,373,Gehl 373,,,,True
697586ef20f6373f23030875,Mustang,3803ZT,Mustang 3803ZT,,,,False
697586ef20f6373f230300f0,Gehl,383Z,Gehl 383Z,,,,True
697586ef20f6373f2303038a,IHI,38N,IHI 38N,,,,True
697586ef20f6373f2303038b,IHI,38UJ,IHI 38UJ,,,,True
697586ef20f6373f23030cb3,Wacker Neuson,38Z-3,Wacker Neuson 38Z-3,,,,True
697586ef20f6373f23030cb4,Wacker Neuson,38Z3,Wacker Neuson 38Z3,,,,True
697586ef20f6373f2302fdd1,Brokk,40,Brokk 40,,,,False
697586ef20f6373f2303021c,Hitachi,40,Hitachi 40,,,,True
697586ef20f6373f2302fdd2,Brokk,400,Brokk 400,,,,False
697586ef20f6373f2302fcb2,Atlas,404,Atlas 404,,,,False
697586ef20f6373f2302fcb3,Atlas,404R,Atlas 404R,,,,False
697586ef20f6373f2303038c,IHI,40G-1,IHI 40G-1,,,,True
697586ef20f6373f2303038d,IHI,40GX-2,IHI 40GX-2,,,,True
697586ef20f6373f2303038e,IHI,40J,IHI 40J,,,,True
697586ef20f6373f2303038f,IHI,40JX,IHI 40JX,,,,True
697586ef20f6373f23030390,IHI,40NX,IHI 40NX,,,,True
697586ef20f6373f2303021d,Hitachi,40U,Hitachi 40U,,,,True
697586ef20f6373f2302fdef,CASE,40XT,CASE 40XT,,,,True
697586ef20f6373f23030391,IHI,40Z,IHI 40Z,,,,True
697586ef20f6373f2302fdf0,CASE,410,CASE 410,,,,True
697586ef20f6373f2302fd2f,Bobcat,418,Bobcat 418,,,,True
697586ef20f6373f2302fd30,Bobcat,418A,Bobcat 418A,,,,True
697586ef20f6373f2302fdf1,CASE,420,CASE 420,,,,True
697586ef20f6373f2302fdf2,CASE,420CT,CASE 420CT,,,,True
697586ef20f6373f2302fd31,Bobcat,425,Bobcat 425,,,,True
697586ef20f6373f2302fd32,Bobcat,428,Bobcat 428,,,,True
697586ef20f6373f2302fdf3,CASE,430,CASE 430,,,,True
697586ef20f6373f2302fd33,Bobcat,430D(Fast TRACK),Bobcat 430D(Fast TRACK),,,,True
697586ef20f6373f2302fd34,Bobcat,430G,Bobcat 430G,,,,True
697586ef20f6373f2302fd35,Bobcat,430ZHS,Bobcat 430ZHS,,,,True
697586ef20f6373f2302fd36,Bobcat,430ZTS,Bobcat 430ZTS,,,,True
697586ef20f6373f2302fdf4,CASE,435,CASE 435,,,,True
697586ef20f6373f2302fd37,Bobcat,435 (Fast TRACK),Bobcat 435 (Fast TRACK),,,,True
697586ef20f6373f2302fdf5,CASE,440,CASE 440,,,,True
697586ef20f6373f2302fdf6,CASE,440CT,CASE 440CT,,,,True
697586ef20f6373f2302fd38,Bobcat,442,Bobcat 442,,,,True
697586ef20f6373f2302fd39,Bobcat,444,Bobcat 444,,,,True
697586ef20f6373f2302fdf7,CASE,445,CASE 445,,,,True
697586ef20f6373f2302fdf8,CASE,445CT,CASE 445CT,,,,True
697586ef20f6373f2302fdf9,CASE,450,CASE 450,,,,True
697586ef20f6373f2302ffbf,Daewoo,450 Plus,Daewoo 450 Plus,,,,False
697586ef20f6373f2302fdfa,CASE,450CT,CASE 450CT,,,,True
697586ef20f6373f23030876,Mustang,450ZNXT2,Mustang 450ZNXT2,,,,False
697586ef20f6373f23030392,IHI,45J,IHI 45J,,,,True
697586ef20f6373f23030393,IHI,45J-2,IHI 45J-2,,,,True
697586ef20f6373f23030394,IHI,45N,IHI 45N,,,,True
697586ef20f6373f23030395,IHI,45NX,IHI 45NX,,,,True
697586ef20f6373f23030396,IHI,45UJ,IHI 45UJ,,,,True
697586ef20f6373f23030397,IHI,45UJ-2,IHI 45UJ-2,,,,True
697586ef20f6373f23030398,IHI,45V4,IHI 45V4,,,,True
697586ef20f6373f2303044c,JCB,45Z-1,JCB 45Z-1,,,,True
697586ef20f6373f2302ffc0,Daewoo,460 Plus,Daewoo 460 Plus,,,,False
697586ef20f6373f2302fdfb,CASE,465,CASE 465,,,,True
697586ef20f6373f2303044d,JCB,48Z-1,JCB 48Z-1,,,,True
697586ef20f6373f23030d04,Yanmar,5 D-1,Yanmar 5 D-1,,,,True
697586ef20f6373f2302fdd3,Brokk,50,Brokk 50,,,,False
697586ef20f6373f2302fdfc,CASE,50,CASE 50,,,,True
697586ef20f6373f2303021e,Hitachi,50,Hitachi 50,,,,True
697586ef20f6373f2302fdfd,CASE,50 Maxi,CASE 50 Maxi,,,,True
697586ef20f6373f2302fdfe,CASE,50 RTB,CASE 50 RTB,,,,True
697586ef20f6373f230304d6,John Deere,50 ZTS (US Market),John Deere 50 ZTS (US Market),,,,True
697586ef20f6373f23030cb5,Wacker Neuson,5000RD,Wacker Neuson 5000RD,,,,True
697586ef20f6373f23030cb6,Wacker Neuson,5001,Wacker Neuson 5001,,,,True
697586ef20f6373f23030cb7,Wacker Neuson,5001RD,Wacker Neuson 5001RD,,,,True
697586ef20f6373f23030cb8,Wacker Neuson,5001RD SLR,Wacker Neuson 5001RD SLR,,,,True
697586ef20f6373f23030cb9,Wacker Neuson,5002,Wacker Neuson 5002,,,,True
697586ef20f6373f23030cba,Wacker Neuson,5002 Power,Wacker Neuson 5002 Power,,,,True
697586ef20f6373f23030cbb,Wacker Neuson,5002RD,Wacker Neuson 5002RD,,,,True
697586ef20f6373f23030877,Mustang,5003Z,Mustang 5003Z,,,,False
697586ef20f6373f23030878,Mustang,5003ZT,Mustang 5003ZT,,,,False
697586ef20f6373f230300f1,Gehl,502,Gehl 502,,,,True
697586ef20f6373f23030bcc,Vermeer,502 SP (Stump Cutter),Vermeer 502 SP (Stump Cutter),,,,True
697586ef20f6373f230300f2,Gehl,503,Gehl 503,,,,True
697586ef20f6373f230300f3,Gehl,503Z,Gehl 503Z,,,,True
697586ef20f6373f23030bb3,Unic,506,Unic 506,,,,False
697586ef20f6373f230304d7,John Deere,50C ZTS (US Market),John Deere 50C ZTS (US Market),,,,True
697586ef20f6373f230304d8,John Deere,50D,John Deere 50D,,,,True
697586ef20f6373f230304d9,John Deere,50G (Verify Spocket Width),John Deere 50G (Verify Spocket Width),,,,True
697586ef20f6373f23030399,IHI,50J,IHI 50J,,,,True
697586ef20f6373f2303039a,IHI,50NX,IHI 50NX,,,,True
697586ef20f6373f2303021f,Hitachi,50U,Hitachi 50U,,,,True
697586ef20f6373f23030220,Hitachi,50U-2,Hitachi 50U-2,,,,True
697586ef20f6373f2303039b,IHI,50UX,IHI 50UX,,,,True
697586ef20f6373f2303039c,IHI,50VX,IHI 50VX,,,,True
697586ef20f6373f2303039d,IHI,50Z,IHI 50Z,,,,True
697586ef20f6373f23030cbc,Wacker Neuson,50Z-3,Wacker Neuson 50Z-3,,,,True
697586ef20f6373f23030cbd,Wacker Neuson,50Z-3RD,Wacker Neuson 50Z-3RD,,,,True
697586ef20f6373f2303044e,JCB,51R-1,JCB 51R-1,,,,True
697586ef20f6373f2303039e,IHI,55J,IHI 55J,,,,True
697586ef20f6373f2303039f,IHI,55J-2,IHI 55J-2,,,,True
697586ef20f6373f230303a0,IHI,55N,IHI 55N,,,,True
697586ef20f6373f23030221,Hitachi,55U,Hitachi 55U,,,,True
697586ef20f6373f230303a1,IHI,55UJ,IHI 55UJ,,,,True
697586ef20f6373f230303a2,IHI,55UX,IHI 55UX,,,,True
697586ef20f6373f230303a3,IHI,55V4,IHI 55V4,,,,True
697586ef20f6373f230303a4,IHI,55VX,IHI 55VX,,,,True
697586ef20f6373f230303a5,IHI,55VX-3,IHI 55VX-3,,,,True
697586ef20f6373f2303044f,JCB,55Z-1,JCB 55Z-1,,,,True
697586ef20f6373f23030450,JCB,57C-1,JCB 57C-1,,,,True
697586ef20f6373f2302fdd4,Brokk,60,Brokk 60,,,,False
697586ef20f6373f23030cbe,Wacker Neuson,6002,Wacker Neuson 6002,,,,True
697586ef20f6373f23030cbf,Wacker Neuson,6002RD,Wacker Neuson 6002RD,,,,True
697586ef20f6373f23030cc0,Wacker Neuson,6002RDV,Wacker Neuson 6002RDV,,,,True
697586ef20f6373f23030cc1,Wacker Neuson,6003,Wacker Neuson 6003,,,,True
697586ef20f6373f23030cc2,Wacker Neuson,6003RD,Wacker Neuson 6003RD,,,,True
697586ef20f6373f2302fdff,CASE,6010 Turbo,CASE 6010 Turbo,,,,True
697586ef20f6373f230300f4,Gehl,603,Gehl 603,,,,True
697586ef20f6373f2302fe00,CASE,6030 Turbo,CASE 6030 Turbo,,,,True
697586ef20f6373f2302fcb4,Atlas,604,Atlas 604,,,,False
697586ef20f6373f2302fcb5,Atlas,604.2,Atlas 604.2,,,,False
697586ef20f6373f2302fcb6,Atlas,604.2 (96),Atlas 604.2 (96),,,,False
697586ef20f6373f2302fcb7,Atlas,604R,Atlas 604R,,,,False
697586ef20f6373f2302fcb8,Atlas,605R,Atlas 605R,,,,False
697586ef20f6373f2302fe01,CASE,6060 Turbo,CASE 6060 Turbo,,,,True
697586ef20f6373f230304da,John Deere,60D,John Deere 60D,,,,True
697586ef20f6373f230304db,John Deere,60G [I Guiding],John Deere 60G [I Guiding],,,,True
697586ef20f6373f230304dc,John Deere,60G [J Guiding],John Deere 60G [J Guiding],,,,True
697586ef20f6373f230303a6,IHI,60V4,IHI 60V4,,,,True
697586ef20f6373f2302fe02,CASE,60XT,CASE 60XT,,,,True
697586ef20f6373f230303a7,IHI,65NX,IHI 65NX,,,,True
697586ef20f6373f23030451,JCB,65R,JCB 65R,,,,True
697586ef20f6373f230303a8,IHI,65UJ,IHI 65UJ,,,,True
697586ef20f6373f230303a9,IHI,65UX,IHI 65UX,,,,True
697586ef20f6373f230303aa,IHI,65VX,IHI 65VX,,,,True
697586ef20f6373f230303ab,IHI,65VX-2,IHI 65VX-2,,,,True
697586ef20f6373f23030452,JCB,67C,JCB 67C,,,,True
697586ef20f6373f23030222,Hitachi,70,Hitachi 70,,,,True
697586ef20f6373f23030cc3,Wacker Neuson,7002RD,Wacker Neuson 7002RD,,,,True
697586ef20f6373f2302fe03,CASE,70XT,CASE 70XT,,,,True
697586ef20f6373f230303ac,IHI,70Z,IHI 70Z,,,,True
697586ef20f6373f23030cc4,Wacker Neuson,70Z-3RD,Wacker Neuson 70Z-3RD,,,,True
697586ef20f6373f2302fccc,Ausa,75,Ausa 75,,,,True
697586ef20f6373f23030879,Mustang,7503,Mustang 7503,,,,False
697586ef20f6373f2303087a,Mustang,7503ZT,Mustang 7503ZT,,,,False
697586ef20f6373f230300f5,Gehl,753,Gehl 753,,,,True
697586ef20f6373f230300f6,Gehl,753Z,Gehl 753Z,,,,True
697586ef20f6373f230304dd,John Deere,75C,John Deere 75C,,,,True
697586ef20f6373f230304de,John Deere,75D,John Deere 75D,,,,True
697586ef20f6373f230304df,John Deere,75G,John Deere 75G,,,,True
697586ef20f6373f230303ad,IHI,75NX,IHI 75NX,,,,True
697586ef20f6373f230303ae,IHI,75UJ,IHI 75UJ,,,,True
697586ef20f6373f2302fe04,CASE,75XT,CASE 75XT,,,,True
697586ef20f6373f23030cc5,Wacker Neuson,75Z-3,Wacker Neuson 75Z-3,,,,True
697586ef20f6373f230300f7,Gehl,75Z3,Gehl 75Z3,,,,True
697586ef20f6373f230303af,IHI,7GX,IHI 7GX,,,,True
697586ef20f6373f230303b0,IHI,7J,IHI 7J,,,,True
697586ef20f6373f230303b1,IHI,7JE,IHI 7JE,,,,True
697586ef20f6373f23030d05,Yanmar,8 R,Yanmar 8 R,,,,True
697586ef20f6373f23030223,Hitachi,80,Hitachi 80,,,,True
697586ef20f6373f23030cc6,Wacker Neuson,8002,Wacker Neuson 8002,,,,True
697586ef20f6373f23030cc7,Wacker Neuson,8002RD,Wacker Neuson 8002RD,,,,True
697586ef20f6373f23030cc8,Wacker Neuson,8002RDV,Wacker Neuson 8002RDV,,,,True
697586ef20f6373f230300f8,Gehl,8003,Gehl 8003,,,,True
697586ef20f6373f23030cc9,Wacker Neuson,8003 Vario,Wacker Neuson 8003 Vario,,,,True
697586ef20f6373f23030cca,Wacker Neuson,8003RD,Wacker Neuson 8003RD,,,,True
697586ef20f6373f23030453,JCB,8008 'Micro 800',JCB 8008 'Micro 800',,,,True
697586ef20f6373f23030454,JCB,8008CTS,JCB 8008CTS,,,,True
697586ef20f6373f23030455,JCB,801 (S/N<649729),JCB 801 (S/N<649729),,,,True
697586ef20f6373f23030456,JCB,801 (S/N>649730),JCB 801 (S/N>649730),,,,True
697586ef20f6373f23030457,JCB,"801,2ZTS","JCB 801,2ZTS",,,,True
697586ef20f6373f23030458,JCB,"801,7 (S/N > 649730)","JCB 801,7 (S/N > 649730)",,,,True
697586ef20f6373f23030459,JCB,801.4,JCB 801.4,,,,True
697586ef20f6373f2303045a,JCB,801.5,JCB 801.5,,,,True
697586ef20f6373f2303045b,JCB,801.6,JCB 801.6,,,,True
697586ef20f6373f2303045c,JCB,801.8,JCB 801.8,,,,True
697586ef20f6373f2303045d,JCB,8010 'Micro 1000',JCB 8010 'Micro 1000',,,,True
697586ef20f6373f2303045e,JCB,8012 'Micro 1000',JCB 8012 'Micro 1000',,,,True
697586ef20f6373f2303045f,JCB,8013,JCB 8013,,,,True
697586ef20f6373f23030460,JCB,8014,JCB 8014,,,,True
697586ef20f6373f23030461,JCB,8014 ('05/2005 - SN: 1156000),JCB 8014 ('05/2005 - SN: 1156000),,,,True
697586ef20f6373f23030462,JCB,8014 CTS,JCB 8014 CTS,,,,True
697586ef20f6373f23030463,JCB,8014 Super,JCB 8014 Super,,,,True
697586ef20f6373f23030464,JCB,8015,JCB 8015,,,,True
697586ef20f6373f23030465,JCB,8015-2,JCB 8015-2,,,,True
697586ef20f6373f23030466,JCB,8016,JCB 8016,,,,True
697586ef20f6373f23030467,JCB,8016 ('05/2005 - SN: 1155000 - 115 5334),JCB 8016 ('05/2005 - SN: 1155000 - 115 5334),,,,True
697586ef20f6373f23030468,JCB,8016 Super,JCB 8016 Super,,,,True
697586ef20f6373f23030469,JCB,8017,JCB 8017,,,,True
697586ef20f6373f2303046a,JCB,8018,JCB 8018,,,,True
697586ef20f6373f2303046b,JCB,8018 CTS,JCB 8018 CTS,,,,True
697586ef20f6373f2303046c,JCB,8018 Super,JCB 8018 Super,,,,True
697586ef20f6373f2303046d,JCB,8018 TG,JCB 8018 TG,,,,True
697586ef20f6373f2303046e,JCB,8018 ZTS,JCB 8018 ZTS,,,,True
697586ef20f6373f2303046f,JCB,8018X ('05/2005 - SN 1046000),JCB 8018X ('05/2005 - SN 1046000),,,,True
697586ef20f6373f23030470,JCB,801FDI,JCB 801FDI,,,,True
697586ef20f6373f23030471,JCB,801R (models &gt; 02/'93),JCB 801R (models &gt; 02/'93),,,,True
697586ef20f6373f23030472,JCB,801R (models &lt; 02/'93),JCB 801R (models &lt; 02/'93),,,,True
697586ef20f6373f230300f9,Gehl,802,Gehl 802,,,,True
697586ef20f6373f23030473,JCB,802,JCB 802,,,,True
697586ef20f6373f23030474,JCB,802 Plus,JCB 802 Plus,,,,True
697586ef20f6373f23030475,JCB,802 Super,JCB 802 Super,,,,True
697586ef20f6373f23030476,JCB,"802,7 ZTS","JCB 802,7 ZTS",,,,True
697586ef20f6373f23030477,JCB,802.4,JCB 802.4,,,,True
697586ef20f6373f23030478,JCB,802.7,JCB 802.7,,,,True
697586ef20f6373f23030479,JCB,802.7 Plus,JCB 802.7 Plus,,,,True
697586ef20f6373f2303047a,JCB,8020,JCB 8020,,,,True
697586ef20f6373f2303047b,JCB,8020CTS,JCB 8020CTS,,,,True
697586ef20f6373f2303047c,JCB,8025ZTS,JCB 8025ZTS,,,,True
697586ef20f6373f2303047d,JCB,8025ZTS(Long),JCB 8025ZTS(Long),,,,True
697586ef20f6373f2303047e,JCB,8026,JCB 8026,,,,True
697586ef20f6373f2303047f,JCB,8026CTS,JCB 8026CTS,,,,True
697586ef20f6373f23030480,JCB,8027Z('2002),JCB 8027Z('2002),,,,True
697586ef20f6373f23030481,JCB,8027ZTS,JCB 8027ZTS,,,,True
697586ef20f6373f23030482,JCB,8029CTS,JCB 8029CTS,,,,True
697586ef20f6373f230300fa,Gehl,803,Gehl 803,,,,True
697586ef20f6373f23030483,JCB,803,JCB 803,,,,True
697586ef20f6373f23030484,JCB,803 Magnum,JCB 803 Magnum,,,,True
697586ef20f6373f23030485,JCB,803 Plus,JCB 803 Plus,,,,True
697586ef20f6373f23030486,JCB,803 Super,JCB 803 Super,,,,True
697586ef20f6373f23030487,JCB,"803,2ZTS","JCB 803,2ZTS",,,,True
697586ef20f6373f23030488,JCB,8030ZTS,JCB 8030ZTS,,,,True
697586ef20f6373f23030489,JCB,8032Z('2002),JCB 8032Z('2002),,,,True
697586ef20f6373f2303048a,JCB,8032ZTS,JCB 8032ZTS,,,,True
697586ef20f6373f2303048b,JCB,8035Z,JCB 8035Z,,,,True
697586ef20f6373f2303048c,JCB,803E,JCB 803E,,,,True
697586ef20f6373f23030ccb,Wacker Neuson,803RD,Wacker Neuson 803RD,,,,True
697586ef20f6373f2303048d,JCB,804,JCB 804,,,,True
697586ef20f6373f2303048e,JCB,804 Plus,JCB 804 Plus,,,,True
697586ef20f6373f2303048f,JCB,804 Super,JCB 804 Super,,,,True
697586ef20f6373f23030490,JCB,8040ZTS,JCB 8040ZTS,,,,True
697586ef20f6373f23030491,JCB,8045ZTS,JCB 8045ZTS,,,,True
697586ef20f6373f23030492,JCB,805,JCB 805,,,,True
697586ef20f6373f23030493,JCB,805.2,JCB 805.2,,,,True
697586ef20f6373f23030494,JCB,8050ZTS,JCB 8050ZTS,,,,True
697586ef20f6373f23030495,JCB,8052,JCB 8052,,,,True
697586ef20f6373f23030496,JCB,8055RTS,JCB 8055RTS,,,,True
697586ef20f6373f23030497,JCB,8055Z,JCB 8055Z,,,,True
697586ef20f6373f23030498,JCB,8055ZTS,JCB 8055ZTS,,,,True
697586ef20f6373f23030499,JCB,8056,JCB 8056,,,,True
697586ef20f6373f2302fcb9,Atlas,805R,Atlas 805R,,,,False
697586ef20f6373f2303049a,JCB,806,JCB 806,,,,True
697586ef20f6373f2303049b,JCB,8060,JCB 8060,,,,True
697586ef20f6373f2303049c,JCB,8065RTS,JCB 8065RTS,,,,True
697586ef20f6373f2303049d,JCB,8080ZTS,JCB 8080ZTS,,,,True
697586ef20f6373f2303049e,JCB,8085ZTS,JCB 8085ZTS,,,,True
697586ef20f6373f2302fccd,Ausa,80CMA,Ausa 80CMA,,,,True
697586ef20f6373f230303b2,IHI,80NX,IHI 80NX,,,,True
697586ef20f6373f230303b3,IHI,80NX-3,IHI 80NX-3,,,,True
697586ef20f6373f230303b4,IHI,80VX,IHI 80VX,,,,True
697586ef20f6373f230303b5,IHI,80VX-3,IHI 80VX-3,,,,True
697586ef20f6373f2303058a,Komatsu,820 Turbo,Komatsu 820 Turbo,,,,True
697586ef20f6373f23030224,Hitachi,85,Hitachi 85,,,,True
697586ef20f6373f230304e0,John Deere,85D,John Deere 85D,,,,True
697586ef20f6373f230304e1,John Deere,85G,John Deere 85G,,,,True
697586ef20f6373f230303b6,IHI,85V-4,IHI 85V-4,,,,True
697586ef20f6373f2302fe05,CASE,85XT,CASE 85XT,,,,True
697586ef20f6373f2303049f,JCB,85Z-1,JCB 85Z-1,,,,True
697586ef20f6373f2302fd3a,Bobcat,863(VTS System for Skidsteer Loader),Bobcat 863(VTS System for Skidsteer Loader),,,,True
697586ef20f6373f2302fd3b,Bobcat,864,Bobcat 864,,,,True
697586ef20f6373f2302fd3c,Bobcat,864H,Bobcat 864H,,,,True
697586ef20f6373f230304a0,JCB,86C-1,JCB 86C-1,,,,True
697586ef20f6373f2302fd3d,Bobcat,873,Bobcat 873,,,,True
697586ef20f6373f2302fd3e,Bobcat,883,Bobcat 883,,,,True
697586ef20f6373f230304e2,John Deere,8875,John Deere 8875,,,,True
697586ef20f6373f2302fdd5,Brokk,90,Brokk 90,,,,False
697586ef20f6373f23030ccc,Wacker Neuson,9002,Wacker Neuson 9002,,,,True
697586ef20f6373f2302fe06,CASE,9007 Alliance,CASE 9007 Alliance,,,,True
697586ef20f6373f2302fe07,CASE,90XT,CASE 90XT,,,,True
697586ef20f6373f230304a1,JCB,90Z-1,JCB 90Z-1,,,,True
697586ef20f6373f2302fe08,CASE,95XT,CASE 95XT,,,,True
697586ef20f6373f230303b7,IHI,9NX,IHI 9NX,,,,True
697586ef20f6373f230303b8,IHI,9VX,IHI 9VX,,,,True
697586ef20f6373f23030aed,Tadano,AC 40,Tadano AC 40,,,,True
697586ef20f6373f23030aee,Tadano,AC 45SG (Lifter platform),Tadano AC 45SG (Lifter platform),,,,True
697586ef20f6373f2302ffc1,Daewoo,AH30,Daewoo AH30,,,,False
697586ef20f6373f23030b65,Terex,AM 29R,Terex AM 29R,,,,True
697586ef20f6373f23030b66,Terex,AM 35R,Terex AM 35R,,,,True
697586ef20f6373f23030b67,Terex,AM 37R,Terex AM 37R,,,,True
697586ef20f6373f2302fcba,Atlas,AM29R,Atlas AM29R,,,,False
697586ef20f6373f2302fcbb,Atlas,AM37R,Atlas AM37R,,,,False
697586ef20f6373f2302fc99,Ammann,AMX 65,Ammann AMX 65,,,,True
697586ef20f6373f2302fc9a,Ammann,AMX85ZT,Ammann AMX85ZT,,,,True
697586ef20f6373f2302fcbc,Atlas,AP604,Atlas AP604,,,,False
697586ef20f6373f2303069a,Kubota,AR 30,Kubota AR 30,,,,True
697586ef20f6373f23030b68,Terex,AR 35,Terex AR 35,,,,True
697586ef20f6373f2302fcbd,Atlas,AR100,Atlas AR100,,,,False
697586ef20f6373f2302fcbe,Atlas,AR120,Atlas AR120,,,,False
697586ef20f6373f2302ffdf,Ditch-Witch,AT 40,Ditch-Witch AT 40,,,,True
697586ef20f6373f2302fc20,Airman,AX 17,Airman AX 17,,,,False
697586ef20f6373f2302fc21,Airman,AX 17 - 2,Airman AX 17 - 2,,,,False
697586ef20f6373f2302fc22,Airman,AX 17 - 2N,Airman AX 17 - 2N,,,,False
697586ef20f6373f2302fc23,Airman,AX 17CGL-2N,Airman AX 17CGL-2N,,,,False
697586ef20f6373f2302fc24,Airman,AX 17U,Airman AX 17U,,,,False
697586ef20f6373f2302fc25,Airman,AX08,Airman AX08,,,,False
697586ef20f6373f2302fc26,Airman,AX08-02,Airman AX08-02,,,,False
697586ef20f6373f2302fc27,Airman,AX08-2KT,Airman AX08-2KT,,,,False
697586ef20f6373f2302fc28,Airman,AX08GL-2,Airman AX08GL-2,,,,False
697586ef20f6373f2302fc29,Airman,AX10U,Airman AX10U,,,,False
697586ef20f6373f2302fc2a,Airman,AX12,Airman AX12,,,,False
697586ef20f6373f2302fc2b,Airman,AX12-2,Airman AX12-2,,,,False
697586ef20f6373f2302fc2c,Airman,AX15,Airman AX15,,,,False
697586ef20f6373f2302fc2d,Airman,AX15 U,Airman AX15 U,,,,False
697586ef20f6373f2302fc2e,Airman,AX15-2,Airman AX15-2,,,,False
697586ef20f6373f2302fc2f,Airman,AX16,Airman AX16,,,,False
697586ef20f6373f2302fc30,Airman,AX16-2,Airman AX16-2,,,,False
697586ef20f6373f23030225,Hitachi,AX16-2N (2002),Hitachi AX16-2N (2002),,,,True
697586ef20f6373f2302fc31,Airman,AX16-3,Airman AX16-3,,,,False
697586ef20f6373f2302fc32,Airman,AX16CBL-3,Airman AX16CBL-3,,,,False
697586ef20f6373f2302fc33,Airman,AX18-2,Airman AX18-2,,,,False
697586ef20f6373f2302fc34,Airman,AX19U,Airman AX19U,,,,False
697586ef20f6373f2302fc35,Airman,AX20-3,Airman AX20-3,,,,False
697586ef20f6373f2302fc36,Airman,AX20U,Airman AX20U,,,,False
697586ef20f6373f2302fc37,Airman,AX20UR,Airman AX20UR,,,,False
697586ef20f6373f2302fc38,Airman,AX22,Airman AX22,,,,False
697586ef20f6373f2302fc39,Airman,AX22-1,Airman AX22-1,,,,False
697586ef20f6373f2302fc3a,Airman,AX22-2,Airman AX22-2,,,,False
697586ef20f6373f2302fc3b,Airman,AX22CGL,Airman AX22CGL,,,,False
697586ef20f6373f2302fc3c,Airman,AX22UCGL,Airman AX22UCGL,,,,False
697586ef20f6373f2302fc3d,Airman,AX22UCGL4,Airman AX22UCGL4,,,,False
697586ef20f6373f2302fc3e,Airman,AX25,Airman AX25,,,,False
697586ef20f6373f2302fc3f,Airman,AX25-1,Airman AX25-1,,,,False
697586ef20f6373f2302fc40,Airman,AX25-2,Airman AX25-2,,,,False
697586ef20f6373f2302fc41,Airman,AX25-3,Airman AX25-3,,,,False
697586ef20f6373f2302fc42,Airman,AX26U-6,Airman AX26U-6,,,,False
697586ef20f6373f2302fc43,Airman,AX27,Airman AX27,,,,False
697586ef20f6373f2302fc44,Airman,AX27U,Airman AX27U,,,,False
697586ef20f6373f2302fc45,Airman,AX27U-4,Airman AX27U-4,,,,False
697586ef20f6373f2302fc46,Airman,AX29UCGL,Airman AX29UCGL,,,,False
697586ef20f6373f2302fc47,Airman,AX30,Airman AX30,,,,False
697586ef20f6373f2302fc48,Airman,AX30-1,Airman AX30-1,,,,False
697586ef20f6373f2302fc49,Airman,AX30-2,Airman AX30-2,,,,False
697586ef20f6373f2302fc4a,Airman,AX30-3,Airman AX30-3,,,,False
697586ef20f6373f2302fc4b,Airman,AX30U-4,Airman AX30U-4,,,,False
697586ef20f6373f2302fc4c,Airman,AX30UR,Airman AX30UR,,,,False
697586ef20f6373f2302fc4d,Airman,AX30UR-1,Airman AX30UR-1,,,,False
697586ef20f6373f2302fc4e,Airman,AX30UR-2,Airman AX30UR-2,,,,False
697586ef20f6373f2302fc4f,Airman,AX30UR-3,Airman AX30UR-3,,,,False
697586ef20f6373f2302fc50,Airman,AX32U,Airman AX32U,,,,False
697586ef20f6373f2302fc51,Airman,AX33MU,Airman AX33MU,,,,False
697586ef20f6373f2302fc52,Airman,AX33U,Airman AX33U,,,,False
697586ef20f6373f2302fc53,Airman,AX33U-6,Airman AX33U-6,,,,False
697586ef20f6373f2302fc54,Airman,AX35,Airman AX35,,,,False
697586ef20f6373f2302fc55,Airman,AX35-1,Airman AX35-1,,,,False
697586ef20f6373f2302fc56,Airman,AX35-2,Airman AX35-2,,,,False
697586ef20f6373f2302fc57,Airman,AX35CGL-3,Airman AX35CGL-3,,,,False
697586ef20f6373f2302fc58,Airman,AX35U,Airman AX35U,,,,False
697586ef20f6373f2302fc59,Airman,AX35U-4,Airman AX35U-4,,,,False
697586ef20f6373f2302fc5a,Airman,AX36U,Airman AX36U,,,,False
697586ef20f6373f2302fc5b,Airman,AX36UCGL,Airman AX36UCGL,,,,False
697586ef20f6373f2302fc5c,Airman,AX38UCGL,Airman AX38UCGL,,,,False
697586ef20f6373f2302fc5d,Airman,AX40,Airman AX40,,,,False
697586ef20f6373f2302fc5e,Airman,AX40-2,Airman AX40-2,,,,False
697586ef20f6373f2302fc5f,Airman,AX40U,Airman AX40U,,,,False
697586ef20f6373f2302fc60,Airman,AX40U-4,Airman AX40U-4,,,,False
697586ef20f6373f2302fc61,Airman,AX40UR-1,Airman AX40UR-1,,,,False
697586ef20f6373f2302fc62,Airman,AX40UR-2,Airman AX40UR-2,,,,False
697586ef20f6373f2302fc63,Airman,AX45,Airman AX45,,,,False
697586ef20f6373f2302fc64,Airman,AX45-2,Airman AX45-2,,,,False
697586ef20f6373f2302fc65,Airman,AX45CGL-2,Airman AX45CGL-2,,,,False
697586ef20f6373f2302fc66,Airman,AX50,Airman AX50,,,,False
697586ef20f6373f2302fc67,Airman,AX50-2,Airman AX50-2,,,,False
697586ef20f6373f2302fc68,Airman,AX50-3,Airman AX50-3,,,,False
697586ef20f6373f2302fc69,Airman,AX50U,Airman AX50U,,,,False
697586ef20f6373f2302fc6a,Airman,AX50U-4,Airman AX50U-4,,,,False
697586ef20f6373f2302fc6b,Airman,AX50UCGL,Airman AX50UCGL,,,,False
697586ef20f6373f2302fc6c,Airman,AX52UCGL-5,Airman AX52UCGL-5,,,,False
697586ef20f6373f2302fc6d,Airman,AX55U-6A,Airman AX55U-6A,,,,False
697586ef20f6373f2302fc6e,Airman,AX55UR,Airman AX55UR,,,,False
697586ef20f6373f2302fc6f,Airman,AX55UR-3,Airman AX55UR-3,,,,False
697586ef20f6373f2302fc70,Airman,AX58,Airman AX58,,,,False
697586ef20f6373f2302fc71,Airman,AX58MU,Airman AX58MU,,,,False
697586ef20f6373f2302fc72,Airman,AXC12,Airman AXC12,,,,False
697586ef20f6373f2302fc73,Airman,AXC15,Airman AXC15,,,,False
697586ef20f6373f2302fdd6,Brokk,Aquacutter,Brokk Aquacutter,,,,False
697586ef20f6373f23030d06,Yanmar,Aura 28,Yanmar Aura 28,,,,True
697586ef20f6373f23030d07,Yanmar,B 07,Yanmar B 07,,,,True
697586ef20f6373f23030d08,Yanmar,B 07-1,Yanmar B 07-1,,,,True
697586ef20f6373f23030d09,Yanmar,B 08 Scopy,Yanmar B 08 Scopy,,,,True
697586ef20f6373f23030d0a,Yanmar,B 08 [OEM 180x72x32],Yanmar B 08 [OEM 180x72x32],,,,True
697586ef20f6373f23030d0b,Yanmar,B 08-3 ('2002),Yanmar B 08-3 ('2002),,,,True
697586ef20f6373f23030d0c,Yanmar,B 08-3RV,Yanmar B 08-3RV,,,,True
697586ef20f6373f23030d0d,Yanmar,B 08R Scopy,Yanmar B 08R Scopy,,,,True
697586ef20f6373f23030d0e,Yanmar,B 08RV Scopy,Yanmar B 08RV Scopy,,,,True
697586ef20f6373f23030d0f,Yanmar,B 10,Yanmar B 10,,,,True
697586ef20f6373f23030d10,Yanmar,B 10R,Yanmar B 10R,,,,True
697586ef20f6373f23030d11,Yanmar,B 12,Yanmar B 12,,,,True
697586ef20f6373f23030d12,Yanmar,B 12-1,Yanmar B 12-1,,,,True
697586ef20f6373f23030d13,Yanmar,B 12-2,Yanmar B 12-2,,,,True
697586ef20f6373f23030d14,Yanmar,B 12-3,Yanmar B 12-3,,,,True
697586ef20f6373f23030d15,Yanmar,B 12-3 ('2002),Yanmar B 12-3 ('2002),,,,True
697586ef20f6373f23030d16,Yanmar,B 12-3PR,Yanmar B 12-3PR,,,,True
697586ef20f6373f23030d17,Yanmar,B 12PR,Yanmar B 12PR,,,,True
697586ef20f6373f23030d18,Yanmar,B 14 Check Length,Yanmar B 14 Check Length,,,,True
697586ef20f6373f23030d19,Yanmar,B 14-1,Yanmar B 14-1,,,,True
697586ef20f6373f23030d1a,Yanmar,B 15 [OEM 230x72x43],Yanmar B 15 [OEM 230x72x43],,,,True
697586ef20f6373f23030d1b,Yanmar,B 15-3 ('2002),Yanmar B 15-3 ('2002),,,,True
697586ef20f6373f23030d1c,Yanmar,B 15-3CR,Yanmar B 15-3CR,,,,True
697586ef20f6373f23030d1d,Yanmar,B 15-3EX,Yanmar B 15-3EX,,,,True
697586ef20f6373f23030d1e,Yanmar,B 15-3PR,Yanmar B 15-3PR,,,,True
697586ef20f6373f23030d1f,Yanmar,B 15CR,Yanmar B 15CR,,,,True
697586ef20f6373f23030d20,Yanmar,B 15EX,Yanmar B 15EX,,,,True
697586ef20f6373f23030d21,Yanmar,B 15MC,Yanmar B 15MC,,,,True
697586ef20f6373f23030d22,Yanmar,B 15PR,Yanmar B 15PR,,,,True
697586ef20f6373f23030d23,Yanmar,B 17,Yanmar B 17,,,,True
697586ef20f6373f23030d24,Yanmar,B 17-1,Yanmar B 17-1,,,,True
697586ef20f6373f23030d25,Yanmar,B 17-2,Yanmar B 17-2,,,,True
697586ef20f6373f23030d26,Yanmar,B 17-2 (< '2000),Yanmar B 17-2 (< '2000),,,,True
697586ef20f6373f23030d27,Yanmar,B 17-3,Yanmar B 17-3,,,,True
697586ef20f6373f23030d28,Yanmar,B 17-3EX,Yanmar B 17-3EX,,,,True
697586ef20f6373f23030d29,Yanmar,B 17EX,Yanmar B 17EX,,,,True
697586ef20f6373f23030d2a,Yanmar,B 17PR,Yanmar B 17PR,,,,True
697586ef20f6373f23030d2b,Yanmar,B 18EX,Yanmar B 18EX,,,,True
697586ef20f6373f23030d2c,Yanmar,B 19,Yanmar B 19,,,,True
697586ef20f6373f23030d2d,Yanmar,B 19.2,Yanmar B 19.2,,,,True
697586ef20f6373f23030d2e,Yanmar,B 19PR,Yanmar B 19PR,,,,True
697586ef20f6373f23030d2f,Yanmar,B 1U,Yanmar B 1U,,,,True
697586ef20f6373f23030d30,Yanmar,B 25V (Victas: offset type),Yanmar B 25V (Victas: offset type),,,,True
697586ef20f6373f23030d31,Yanmar,B 25V (Victas: offset type) >'2006,Yanmar B 25V (Victas: offset type) >'2006,,,,True
697586ef20f6373f23030d32,Yanmar,B 25VCR (Offset type),Yanmar B 25VCR (Offset type),,,,True
697586ef20f6373f23030d33,Yanmar,B 25VCR (Victas: offset type) > '2006,Yanmar B 25VCR (Victas: offset type) > '2006,,,,True
697586ef20f6373f23030d34,Yanmar,B 27-2A [OEM 300x55.5(k)x76],Yanmar B 27-2A [OEM 300x55.5(k)x76],,,,True
697586ef20f6373f23030d35,Yanmar,B 27-2B (Offset type),Yanmar B 27-2B (Offset type),,,,True
697586ef20f6373f23030d36,Yanmar,B 3-3,Yanmar B 3-3,,,,True
697586ef20f6373f23030d37,Yanmar,B 30V (Victas: Offset type),Yanmar B 30V (Victas: Offset type),,,,True
697586ef20f6373f23030d38,Yanmar,B 30VCR (Victas: Offset type),Yanmar B 30VCR (Victas: Offset type),,,,True
697586ef20f6373f23030d39,Yanmar,B 30VPR (Victas: Offset type),Yanmar B 30VPR (Victas: Offset type),,,,True
697586ef20f6373f23030d3a,Yanmar,B 37-2B (Offset type),Yanmar B 37-2B (Offset type),,,,True
697586ef20f6373f23030d3b,Yanmar,B 37V (Victas: Offset type),Yanmar B 37V (Victas: Offset type),,,,True
697586ef20f6373f23030d3c,Yanmar,B 37VCR (Offset type),Yanmar B 37VCR (Offset type),,,,True
697586ef20f6373f23030d3d,Yanmar,B 37VPR (Offset type),Yanmar B 37VPR (Offset type),,,,True
697586ef20f6373f23030d3e,Yanmar,B 3U,Yanmar B 3U,,,,True
697586ef20f6373f23030d3f,Yanmar,B 40VIO,Yanmar B 40VIO,,,,True
697586ef20f6373f23030d40,Yanmar,B 4U,Yanmar B 4U,,,,True
697586ef20f6373f23030d41,Yanmar,B 50-2B (Offset type),Yanmar B 50-2B (Offset type),,,,True
697586ef20f6373f23030d42,Yanmar,B 50V (Victas: Offset type),Yanmar B 50V (Victas: Offset type),,,,True
697586ef20f6373f23030d43,Yanmar,B 50VCR (Victas: Offset type),Yanmar B 50VCR (Victas: Offset type),,,,True
697586ef20f6373f23030d44,Yanmar,B 50VIO,Yanmar B 50VIO,,,,True
697586ef20f6373f23030507,Kobelco,B 53,Kobelco B 53,,,,True
697586ef20f6373f23030508,Kobelco,B 61,Kobelco B 61,,,,True
697586ef20f6373f23030509,Kobelco,B 69,Kobelco B 69,,,,True
697586ef20f6373f23030d45,Yanmar,B 7 Pro Sigma,Yanmar B 7 Pro Sigma,,,,True
697586ef20f6373f23030d46,Yanmar,B 7 Sigma,Yanmar B 7 Sigma,,,,True
697586ef20f6373f23030d47,Yanmar,B 7U,Yanmar B 7U,,,,True
697586ef20f6373f23030bb4,Unic,B-345 (Crane),Unic B-345 (Crane),,,,False
697586ef20f6373f23030bb5,Unic,B-506 (Crane),Unic B-506 (Crane),,,,False
697586ef20f6373f23030bb6,Unic,B-506-5.1 (Crane),Unic B-506-5.1 (Crane),,,,False
697586ef20f6373f23030bb7,Unic,B-775 (Crane),Unic B-775 (Crane),,,,False
697586ef20f6373f23030d48,Yanmar,B6-3,Yanmar B6-3,,,,True
697586ef20f6373f23030bcd,Vermeer,BC1400TX,Vermeer BC1400TX,,,,True
697586ef20f6373f23030bce,Vermeer,BC150TX,Vermeer BC150TX,,,,True
697586ef20f6373f2302fdd7,Brokk,BM 110,Brokk BM 110,,,,False
697586ef20f6373f2302fdd8,Brokk,BM 150,Brokk BM 150,,,,False
697586ef20f6373f2302fdd9,Brokk,BM 150C,Brokk BM 150C,,,,False
697586ef20f6373f2302fdda,Brokk,BM 150P,Brokk BM 150P,,,,False
697586ef20f6373f23030d49,Yanmar,C 08 (Carrier),Yanmar C 08 (Carrier),,,,True
697586ef20f6373f23030d4a,Yanmar,C 10R (Carrier),Yanmar C 10R (Carrier),,,,True
697586ef20f6373f23030d4b,Yanmar,C 10R-1 (Carrier),Yanmar C 10R-1 (Carrier),,,,True
697586ef20f6373f23030d4c,Yanmar,C 12R (Carrier),Yanmar C 12R (Carrier),,,,True
697586ef20f6373f230308b4,New Holland,C 175,New Holland C 175,,,,True
697586ef20f6373f230308b5,New Holland,C 180,New Holland C 180,,,,True
697586ef20f6373f230308b6,New Holland,C 185,New Holland C 185,,,,True
697586ef20f6373f230308b7,New Holland,C 190,New Holland C 190,,,,True
697586ef20f6373f230308b8,New Holland,C 227,New Holland C 227,,,,True
697586ef20f6373f230308b9,New Holland,C 232,New Holland C 232,,,,True
697586ef20f6373f230308ba,New Holland,C 234,New Holland C 234,,,,True
697586ef20f6373f230308bb,New Holland,C 237,New Holland C 237,,,,True
697586ef20f6373f230308bc,New Holland,C 238,New Holland C 238,,,,True
697586ef20f6373f230308bd,New Holland,C 245,New Holland C 245,,,,True
697586ef20f6373f230308be,New Holland,C 327,New Holland C 327,,,,True
697586ef20f6373f230308bf,New Holland,C 332,New Holland C 332,,,,True
697586ef20f6373f230308c0,New Holland,C 334,New Holland C 334,,,,True
697586ef20f6373f230308c1,New Holland,C 337,New Holland C 337,,,,True
697586ef20f6373f230308c2,New Holland,C 345,New Holland C 345,,,,True
697586ef20f6373f23030d4d,Yanmar,C 50R-1 (carrier) [OEM 450x110x74],Yanmar C 50R-1 (carrier) [OEM 450x110x74],,,,True
697586ef20f6373f23030d4e,Yanmar,C 50R-1 (carrier) [OEM 500x90x82],Yanmar C 50R-1 (carrier) [OEM 500x90x82],,,,True
697586ef20f6373f230309d5,Rayco,C 85L,Rayco C 85L,,,,True
697586ef20f6373f23030d4f,Yanmar,C 8R (Carrier),Yanmar C 8R (Carrier),,,,True
697586ef20f6373f230303b9,IHI,CARRY 105,IHI CARRY 105,,,,True
697586ef20f6373f230303ba,IHI,CARRY 107,IHI CARRY 107,,,,True
697586ef20f6373f230303bb,IHI,CARRY 110,IHI CARRY 110,,,,True
697586ef20f6373f230303bc,IHI,CCH 30T(Minicare),IHI CCH 30T(Minicare),,,,True
697586ef20f6373f230303bd,IHI,CCH 30T(pick ace crane),IHI CCH 30T(pick ace crane),,,,True
697586ef20f6373f23030d50,Yanmar,CD 7CDA,Yanmar CD 7CDA,,,,True
697586ef20f6373f23030226,Hitachi,CG 100 (Dumper),Hitachi CG 100 (Dumper),,,,True
697586ef20f6373f23030227,Hitachi,CG 110 (Dumper),Hitachi CG 110 (Dumper),,,,True
697586ef20f6373f23030d51,Yanmar,CG 3 HAST (Carrier),Yanmar CG 3 HAST (Carrier),,,,True
697586ef20f6373f23030d52,Yanmar,CG 3D (Carrier),Yanmar CG 3D (Carrier),,,,True
697586ef20f6373f23030848,Morooka,CG 65,Morooka CG 65,,,,False
697586ef20f6373f23030228,Hitachi,CG 65 (Dumper),Hitachi CG 65 (Dumper),,,,True
697586ef20f6373f2303058b,Komatsu,CK 1122,Komatsu CK 1122,,,,True
697586ef20f6373f2303058c,Komatsu,CK 1122-5,Komatsu CK 1122-5,,,,True
697586ef20f6373f2303058d,Komatsu,CK 16,Komatsu CK 16,,,,True
697586ef20f6373f2303058e,Komatsu,CK 20,Komatsu CK 20,,,,True
697586ef20f6373f2303058f,Komatsu,CK 20-1,Komatsu CK 20-1,,,,True
697586ef20f6373f23030590,Komatsu,CK 25,Komatsu CK 25,,,,True
697586ef20f6373f23030591,Komatsu,CK 25-1,Komatsu CK 25-1,,,,True
697586ef20f6373f23030592,Komatsu,CK 30,Komatsu CK 30,,,,True
697586ef20f6373f23030593,Komatsu,CK 30-1,Komatsu CK 30-1,,,,True
697586ef20f6373f23030594,Komatsu,CK 35,Komatsu CK 35,,,,True
697586ef20f6373f23030595,Komatsu,CK 35-1,Komatsu CK 35-1,,,,True
697586ef20f6373f2302fe09,CASE,CK08,CASE CK08,,,,True
697586ef20f6373f2302fe0a,CASE,CK13,CASE CK13,,,,True
697586ef20f6373f2302fe0b,CASE,CK15,CASE CK15,,,,True
697586ef20f6373f2302fe0c,CASE,CK16,CASE CK16,,,,True
697586ef20f6373f2302fe0d,CASE,CK23,CASE CK23,,,,True
697586ef20f6373f2302fe0e,CASE,CK25,CASE CK25,,,,True
697586ef20f6373f2302fe0f,CASE,CK28,CASE CK28,,,,True
697586ef20f6373f2302fe10,CASE,CK28 (1997),CASE CK28 (1997),,,,True
697586ef20f6373f2302fe11,CASE,CK31,CASE CK31,,,,True
697586ef20f6373f2302fe12,CASE,CK32,CASE CK32,,,,True
697586ef20f6373f2302fe13,CASE,CK35,CASE CK35,,,,True
697586ef20f6373f2302fe14,CASE,CK36,CASE CK36,,,,True
697586ef20f6373f2302fe15,CASE,CK38,CASE CK38,,,,True
697586ef20f6373f2302fe16,CASE,CK50,CASE CK50,,,,True
697586ef20f6373f2302fe17,CASE,CK52,CASE CK52,,,,True
697586ef20f6373f23030d53,Yanmar,CR 10,Yanmar CR 10,,,,True
697586ef20f6373f23030d54,Yanmar,CR 12R,Yanmar CR 12R,,,,True
697586ef20f6373f230304e3,John Deere,CT 319 D,John Deere CT 319 D,,,,True
697586ef20f6373f230304e4,John Deere,CT 319 E,John Deere CT 319 E,,,,True
697586ef20f6373f230304e5,John Deere,CT 322,John Deere CT 322,,,,True
697586ef20f6373f230304e6,John Deere,CT 323D,John Deere CT 323D,,,,True
697586ef20f6373f230304e7,John Deere,CT 323E,John Deere CT 323E,,,,True
697586ef20f6373f2302fcbf,Atlas,CT045,Atlas CT045,,,,False
697586ef20f6373f2302fcc0,Atlas,CT100,Atlas CT100,,,,False
697586ef20f6373f2302fcc1,Atlas,CT100R,Atlas CT100R,,,,False
697586ef20f6373f2302fcc2,Atlas,CT10N,Atlas CT10N,,,,False
697586ef20f6373f2302fcc3,Atlas,CT120,Atlas CT120,,,,False
697586ef20f6373f2302fcc4,Atlas,CT12N,Atlas CT12N,,,,False
697586ef20f6373f2302fcc5,Atlas,CT27N,Atlas CT27N,,,,False
697586ef20f6373f2302fcc6,Atlas,CT30N,Atlas CT30N,,,,False
697586ef20f6373f230304e8,John Deere,CT329D,John Deere CT329D,,,,True
697586ef20f6373f230304e9,John Deere,CT329E,John Deere CT329E,,,,True
697586ef20f6373f230304ea,John Deere,CT331G,John Deere CT331G,,,,True
697586ef20f6373f230304eb,John Deere,CT332,John Deere CT332,,,,True
697586ef20f6373f230304ec,John Deere,CT333D,John Deere CT333D,,,,True
697586ef20f6373f230304ed,John Deere,CT333E,John Deere CT333E,,,,True
697586ef20f6373f230304ee,John Deere,CT333G,John Deere CT333G,,,,True
697586ef20f6373f2302fcc7,Atlas,CT35N,Atlas CT35N,,,,False
697586ef20f6373f2302fcc8,Atlas,CT50N,Atlas CT50N,,,,False
697586ef20f6373f2302fcc9,Atlas,CT7NX,Atlas CT7NX,,,,False
697586ef20f6373f23030bcf,Vermeer,CTX 100,Vermeer CTX 100,,,,True
697586ef20f6373f23030bd0,Vermeer,CTX 160,Vermeer CTX 160,,,,True
697586ef20f6373f23030bd1,Vermeer,CTX 50,Vermeer CTX 50,,,,True
697586ef20f6373f23030bd2,Vermeer,CX 216 (mini-excavator),Vermeer CX 216 (mini-excavator),,,,True
697586ef20f6373f23030bd3,Vermeer,CX 218 (mini-excavator),Vermeer CX 218 (mini-excavator),,,,True
697586ef20f6373f23030bd4,Vermeer,CX 219 (mini-excavator),Vermeer CX 219 (mini-excavator),,,,True
697586ef20f6373f23030bd5,Vermeer,CX 224 (mini-excavator),Vermeer CX 224 (mini-excavator),,,,True
697586ef20f6373f23030bd6,Vermeer,CX 229 (mini-excavator),Vermeer CX 229 (mini-excavator),,,,True
697586ef20f6373f23030bd7,Vermeer,CX 234 (mini-excavator),Vermeer CX 234 (mini-excavator),,,,True
697586ef20f6373f23030bd8,Vermeer,CX 254 (mini-excavator),Vermeer CX 254 (mini-excavator),,,,True
697586ef20f6373f2302fe18,CASE,CX 26C,CASE CX 26C,,,,True
697586ef20f6373f2302fe19,CASE,CX 27B,CASE CX 27B,,,,True
697586ef20f6373f2302fe1a,CASE,CX 27BMC,CASE CX 27BMC,,,,True
697586ef20f6373f2302fe1b,CASE,CX 27BMR,CASE CX 27BMR,,,,True
697586ef20f6373f2302fe1c,CASE,CX 27BZTS,CASE CX 27BZTS,,,,True
697586ef20f6373f2302fe1d,CASE,CX 28,CASE CX 28,,,,True
697586ef20f6373f2302fe1e,CASE,CX 30B,CASE CX 30B,,,,True
697586ef20f6373f2302fe1f,CASE,CX 30C,CASE CX 30C,,,,True
697586ef20f6373f2302fe20,CASE,CX 31,CASE CX 31,,,,True
697586ef20f6373f2302fe21,CASE,CX 31B,CASE CX 31B,,,,True
697586ef20f6373f2302fe22,CASE,CX 31BMC,CASE CX 31BMC,,,,True
697586ef20f6373f2302fe23,CASE,CX 31BMR,CASE CX 31BMR,,,,True
697586ef20f6373f2302fe24,CASE,CX 33C,CASE CX 33C,,,,True
697586ef20f6373f2302fe25,CASE,CX 35,CASE CX 35,,,,True
697586ef20f6373f2302fe26,CASE,CX 35B,CASE CX 35B,,,,True
697586ef20f6373f2302fe27,CASE,CX 36,CASE CX 36,,,,True
697586ef20f6373f2302fe28,CASE,CX 36BMC[I guiding],CASE CX 36BMC[I guiding],,,,True
697586ef20f6373f2302fe29,CASE,CX 36BMC[J guiding],CASE CX 36BMC[J guiding],,,,True
697586ef20f6373f2302fe2a,CASE,CX 36BMR[I guiding],CASE CX 36BMR[I guiding],,,,True
697586ef20f6373f2302fe2b,CASE,CX 36BMR[J guiding],CASE CX 36BMR[J guiding],,,,True
697586ef20f6373f2302fe2c,CASE,CX 36BZTS[I guiding],CASE CX 36BZTS[I guiding],,,,True
697586ef20f6373f2302fe2d,CASE,CX 36BZTS[J guiding],CASE CX 36BZTS[J guiding],,,,True
697586ef20f6373f2302fe2e,CASE,CX 36B[I guiding],CASE CX 36B[I guiding],,,,True
697586ef20f6373f2302fe2f,CASE,CX 36B[J guiding],CASE CX 36B[J guiding],,,,True
697586ef20f6373f2302fe30,CASE,CX 37C,CASE CX 37C,,,,True
697586ef20f6373f2302fe31,CASE,CX 39B,CASE CX 39B,,,,True
697586ef20f6373f2302fe32,CASE,CX 40B,CASE CX 40B,,,,True
697586ef20f6373f2302fe33,CASE,CX 40BMC,CASE CX 40BMC,,,,True
697586ef20f6373f2302fe34,CASE,CX 40BMR,CASE CX 40BMR,,,,True
697586ef20f6373f2302fe35,CASE,CX 45B,CASE CX 45B,,,,True
697586ef20f6373f2302fe36,CASE,CX 47,CASE CX 47,,,,True
697586ef20f6373f2302fe37,CASE,CX 50,CASE CX 50,,,,True
697586ef20f6373f2302fe38,CASE,CX 50B,CASE CX 50B,,,,True
697586ef20f6373f2302fe39,CASE,CX 50BMC,CASE CX 50BMC,,,,True
697586ef20f6373f2302fe3a,CASE,CX 50BMR,CASE CX 50BMR,,,,True
697586ef20f6373f2302fe3b,CASE,CX 50BZTS,CASE CX 50BZTS,,,,True
697586ef20f6373f2302fe3c,CASE,CX 55B,CASE CX 55B,,,,True
697586ef20f6373f2302fe3d,CASE,CX 57C,CASE CX 57C,,,,True
697586ef20f6373f2302fe3e,CASE,CX 60C,CASE CX 60C,,,,True
697586ef20f6373f2302fe3f,CASE,CX 75SR,CASE CX 75SR,,,,True
697586ef20f6373f2302fe40,CASE,CX 80,CASE CX 80,,,,True
697586ef20f6373f2302fe41,CASE,CX 80C,CASE CX 80C,,,,True
697586ef20f6373f2302fe42,CASE,CX 90D,CASE CX 90D,,,,True
697586ef20f6373f2302fe43,CASE,CX14,CASE CX14,,,,True
697586ef20f6373f2302fe44,CASE,CX14ZTS,CASE CX14ZTS,,,,True
697586ef20f6373f2302fe45,CASE,CX15,CASE CX15,,,,True
697586ef20f6373f2302fe46,CASE,CX15STC,CASE CX15STC,,,,True
697586ef20f6373f2302fe47,CASE,CX15STR,CASE CX15STR,,,,True
697586ef20f6373f2302fe48,CASE,CX16(2001),CASE CX16(2001),,,,True
697586ef20f6373f2302fe49,CASE,CX16B,CASE CX16B,,,,True
697586ef20f6373f2302fe4a,CASE,CX16SVC,CASE CX16SVC,,,,True
697586ef20f6373f2302fe4b,CASE,CX16SVR,CASE CX16SVR,,,,True
697586ef20f6373f2302fe4c,CASE,CX17BZTS,CASE CX17BZTS,,,,True
697586ef20f6373f2302fe4d,CASE,CX17C,CASE CX17C,,,,True
697586ef20f6373f2302fe4e,CASE,CX18B,CASE CX18B,,,,True
697586ef20f6373f2302fe4f,CASE,CX18C,CASE CX18C,,,,True
697586ef20f6373f2302fe50,CASE,CX20 BMR,CASE CX20 BMR,,,,True
697586ef20f6373f2302fe51,CASE,CX20B,CASE CX20B,,,,True
697586ef20f6373f2302fe52,CASE,CX22 B,CASE CX22 B,,,,True
697586ef20f6373f2302fe53,CASE,CX22 BMC,CASE CX22 BMC,,,,True
697586ef20f6373f2302fe54,CASE,CX22 BZTS,CASE CX22 BZTS,,,,True
697586ef20f6373f2302fe55,CASE,CX23,CASE CX23,,,,True
697586ef20f6373f2302fe56,CASE,CX25,CASE CX25,,,,True
697586ef20f6373f2302fe57,CASE,CX26 BZTS,CASE CX26 BZTS,,,,True
697586ef20f6373f2302fe58,CASE,CX26B,CASE CX26B,,,,True
697586ef20f6373f23030bd9,Vermeer,D10a Navigator (H.D. Drilling machine),Vermeer D10a Navigator (H.D. Drilling machine),,,,True
697586ef20f6373f23030bda,Vermeer,D10x15 Navigator (H.D. Drilling machine),Vermeer D10x15 Navigator (H.D. Drilling machine),,,,True
697586ef20f6373f23030bdb,Vermeer,D16x20 Navigator (H.D. Drilling machine) [OEM 230x72x54],Vermeer D16x20 Navigator (H.D. Drilling machine) [OEM 230x72x54],,,,True
697586ef20f6373f23030bdc,Vermeer,D16x20a Navigator (H.D. Drilling machine) [OEM 230x72x54],Vermeer D16x20a Navigator (H.D. Drilling machine) [OEM 230x72x54],,,,True
697586ef20f6373f23030bdd,Vermeer,D20X22 series 2 (Directional drill),Vermeer D20X22 series 2 (Directional drill),,,,True
697586ef20f6373f23030bde,Vermeer,D23X30 series 3 (Directional drill),Vermeer D23X30 series 3 (Directional drill),,,,True
697586ef20f6373f23030596,Komatsu,D27R-8,Komatsu D27R-8,,,,True
697586ef20f6373f23030bdf,Vermeer,D4,Vermeer D4,,,,True
697586ef20f6373f23030be0,Vermeer,D6x6 Navigator (H.D. Drilling machine),Vermeer D6x6 Navigator (H.D. Drilling machine),,,,True
697586ef20f6373f23030be1,Vermeer,D7,Vermeer D7,,,,True
697586ef20f6373f23030be2,Vermeer,D7x11 Navigator (H.D. Drilling machine),Vermeer D7x11 Navigator (H.D. Drilling machine),,,,True
697586ef20f6373f23030be3,Vermeer,D7x11a Navigator (H.D. Drilling machine),Vermeer D7x11a Navigator (H.D. Drilling machine),,,,True
697586ef20f6373f23030be4,Vermeer,D8x10 (H.D. Drilling machine),Vermeer D8x10 (H.D. Drilling machine),,,,True
697586ef20f6373f2303069b,Kubota,D902,Kubota D902,,,,True
697586ef20f6373f23030be5,Vermeer,D9x13 Navigator (H.D. Drilling machine),Vermeer D9x13 Navigator (H.D. Drilling machine),,,,True
697586ef20f6373f230301a7,Hinowa,DB 10.13,Hinowa DB 10.13,,,,False
697586ef20f6373f230301a8,Hinowa,DB 14.7,Hinowa DB 14.7,,,,False
697586ef20f6373f230301a9,Hinowa,DB 8.35,Hinowa DB 8.35,,,,False
697586ef20f6373f230301aa,Hinowa,DB 9.11,Hinowa DB 9.11,,,,False
697586ef20f6373f23030d55,Yanmar,DC 153,Yanmar DC 153,,,,True
697586ef20f6373f2302ffc2,Daewoo,DH30,Daewoo DH30,,,,False
697586ef20f6373f2302ffc3,Daewoo,DH35,Daewoo DH35,,,,False
697586ef20f6373f2302ffc4,Daewoo,DH50,Daewoo DH50,,,,False
697586ef20f6373f230301ab,Hinowa,DM 09,Hinowa DM 09,,,,False
697586ef20f6373f230301ac,Hinowa,DM 10,Hinowa DM 10,,,,False
697586ef20f6373f230301ad,Hinowa,DM 10A 2V,Hinowa DM 10A 2V,,,,False
697586ef20f6373f230301ae,Hinowa,DM 10M,Hinowa DM 10M,,,,False
697586ef20f6373f230301af,Hinowa,DM 11KA,Hinowa DM 11KA,,,,False
697586ef20f6373f230301b0,Hinowa,DM 13,Hinowa DM 13,,,,False
697586ef20f6373f230301b1,Hinowa,DM 13A 2V,Hinowa DM 13A 2V,,,,False
697586ef20f6373f230301b2,Hinowa,DM 15,Hinowa DM 15,,,,False
697586ef20f6373f230301b3,Hinowa,DM 15M,Hinowa DM 15M,,,,False
697586ef20f6373f230301b4,Hinowa,DM 15S,Hinowa DM 15S,,,,False
697586ef20f6373f230301b5,Hinowa,DM 20,Hinowa DM 20,,,,False
697586ef20f6373f230301b6,Hinowa,DM 20S,Hinowa DM 20S,,,,False
697586ef20f6373f230301b7,Hinowa,DM 30,Hinowa DM 30,,,,False
697586ef20f6373f230301b8,Hinowa,DM 30C,Hinowa DM 30C,,,,False
697586ef20f6373f230301b9,Hinowa,DM 30S,Hinowa DM 30S,,,,False
697586ef20f6373f230301ba,Hinowa,DM 40,Hinowa DM 40,,,,False
697586ef20f6373f230301bb,Hinowa,DM 40L,Hinowa DM 40L,,,,False
697586ef20f6373f230301bc,Hinowa,DM 40L2V,Hinowa DM 40L2V,,,,False
697586ef20f6373f230301bd,Hinowa,DM 8,Hinowa DM 8,,,,False
697586ef20f6373f230301be,Hinowa,DM 8A,Hinowa DM 8A,,,,False
697586ef20f6373f230301bf,Hinowa,DM 8M,Hinowa DM 8M,,,,False
697586ef20f6373f23030ccd,Wacker Neuson,DT 08 (Dumper),Wacker Neuson DT 08 (Dumper),,,,True
697586ef20f6373f23030cce,Wacker Neuson,DT 10 (Dumper),Wacker Neuson DT 10 (Dumper),,,,True
697586ef20f6373f23030ccf,Wacker Neuson,DT 10e (Dumper),Wacker Neuson DT 10e (Dumper),,,,True
697586ef20f6373f23030cd0,Wacker Neuson,DT 12 (Dumper),Wacker Neuson DT 12 (Dumper),,,,True
697586ef20f6373f23030cd1,Wacker Neuson,DT 15 (Duper),Wacker Neuson DT 15 (Duper),,,,True
697586ef20f6373f2303000f,Doosan,DX80,Doosan DX80,,,,True
697586ef20f6373f23030010,Doosan,DX80R,Doosan DX80R,,,,True
697586ef20f6373f23030011,Doosan,DX85R,Doosan DX85R,,,,True
697586ef20f6373f230304a2,JCB,Dumpster,JCB Dumpster,,,,True
697586ef20f6373f230301c0,Hinowa,Dumpy (minidumper),Hinowa Dumpy (minidumper),,,,False
697586ef20f6373f23030012,Doosan,Dx10z,Doosan Dx10z,,,,True
697586ef20f6373f23030013,Doosan,Dx19,Doosan Dx19,,,,True
697586ef20f6373f23030014,Doosan,Dx27,Doosan Dx27,,,,True
697586ef20f6373f23030015,Doosan,Dx27Z,Doosan Dx27Z,,,,True
697586ef20f6373f23030016,Doosan,Dx30,Doosan Dx30,,,,True
697586ef20f6373f23030017,Doosan,Dx30Z,Doosan Dx30Z,,,,True
697586ef20f6373f23030018,Doosan,Dx35,Doosan Dx35,,,,True
697586ef20f6373f23030019,Doosan,Dx35Z,Doosan Dx35Z,,,,True
697586ef20f6373f2303001a,Doosan,Dx35Z-7,Doosan Dx35Z-7,,,,True
697586ef20f6373f2303001b,Doosan,Dx50Z-7,Doosan Dx50Z-7,,,,True
697586ef20f6373f2303001c,Doosan,Dx55,Doosan Dx55,,,,True
697586ef20f6373f2303001d,Doosan,Dx60,Doosan Dx60,,,,True
697586ef20f6373f2303001e,Doosan,Dx60R,Doosan Dx60R,,,,True
697586ef20f6373f2303001f,Doosan,Dx62R,Doosan Dx62R,,,,True
697586ef20f6373f23030020,Doosan,Dx63R,Doosan Dx63R,,,,True
697586ef20f6373f230308c3,New Holland,E 115,New Holland E 115,,,,True
697586ef20f6373f230308c4,New Holland,E 16,New Holland E 16,,,,True
697586ef20f6373f230308c5,New Holland,E 17,New Holland E 17,,,,True
697586ef20f6373f230308c6,New Holland,E 17C,New Holland E 17C,,,,True
697586ef20f6373f230308c7,New Holland,E 18,New Holland E 18,,,,True
697586ef20f6373f230308c8,New Holland,E 18C,New Holland E 18C,,,,True
697586ef20f6373f230308c9,New Holland,E 18SR,New Holland E 18SR,,,,True
697586ef20f6373f230308ca,New Holland,E 20.2SR,New Holland E 20.2SR,,,,True
697586ef20f6373f230308cb,New Holland,E 20SR,New Holland E 20SR,,,,True
697586ef20f6373f230308cc,New Holland,E 22.2SR,New Holland E 22.2SR,,,,True
697586ef20f6373f230308cd,New Holland,E 25SR,New Holland E 25SR,,,,True
697586ef20f6373f230308ce,New Holland,E 26BSR,New Holland E 26BSR,,,,True
697586ef20f6373f230308cf,New Holland,E 26C,New Holland E 26C,,,,True
697586ef20f6373f230308d0,New Holland,E 27.2SR,New Holland E 27.2SR,,,,True
697586ef20f6373f230308d1,New Holland,E 29 BSR,New Holland E 29 BSR,,,,True
697586ef20f6373f230308d2,New Holland,E 30.2SR,New Holland E 30.2SR,,,,True
697586ef20f6373f230308d3,New Holland,E 30C,New Holland E 30C,,,,True
697586ef20f6373f230308d4,New Holland,E 30SR,New Holland E 30SR,,,,True
697586ef20f6373f230308d5,New Holland,E 33C,New Holland E 33C,,,,True
697586ef20f6373f230308d6,New Holland,E 35.2C,New Holland E 35.2C,,,,True
697586ef20f6373f230308d7,New Holland,E 35.2SR,New Holland E 35.2SR,,,,True
697586ef20f6373f230308d8,New Holland,E 35BSR,New Holland E 35BSR,,,,True
697586ef20f6373f230308d9,New Holland,E 35SR,New Holland E 35SR,,,,True
697586ef20f6373f230308da,New Holland,E 37C,New Holland E 37C,,,,True
697586ef20f6373f230308db,New Holland,E 39BSR,New Holland E 39BSR,,,,True
697586ef20f6373f230308dc,New Holland,E 40.2SR,New Holland E 40.2SR,,,,True
697586ef20f6373f230308dd,New Holland,E 40SR,New Holland E 40SR,,,,True
697586ef20f6373f230308de,New Holland,E 45.2SR,New Holland E 45.2SR,,,,True
697586ef20f6373f230308df,New Holland,E 45SR,New Holland E 45SR,,,,True
697586ef20f6373f230308e0,New Holland,E 50.2SR,New Holland E 50.2SR,,,,True
697586ef20f6373f230308e1,New Holland,E 50B,New Holland E 50B,,,,True
697586ef20f6373f230308e2,New Holland,E 55BX,New Holland E 55BX,,,,True
697586ef20f6373f230308e3,New Holland,E 70BSR,New Holland E 70BSR,,,,True
697586ef20f6373f230308e4,New Holland,E 70SR,New Holland E 70SR,,,,True
697586ef20f6373f230308e5,New Holland,E 75CSR,New Holland E 75CSR,,,,True
697586ef20f6373f230308e6,New Holland,E 80,New Holland E 80,,,,True
697586ef20f6373f230308e7,New Holland,E 80BMSR,New Holland E 80BMSR,,,,True
697586ef20f6373f230308e8,New Holland,E 80CS,New Holland E 80CS,,,,True
697586ef20f6373f230308e9,New Holland,E 80MSR,New Holland E 80MSR,,,,True
697586ef20f6373f2302fd3f,Bobcat,E08,Bobcat E08,,,,True
697586ef20f6373f2302fd40,Bobcat,E10,Bobcat E10,,,,True
697586ef20f6373f2302fd41,Bobcat,E10Z,Bobcat E10Z,,,,True
697586ef20f6373f2302fd42,Bobcat,E10e,Bobcat E10e,,,,True
697586ef20f6373f2302feec,CAT,E110B,CAT E110B,,,,True
697586ef20f6373f2302fd43,Bobcat,E14,Bobcat E14,,,,True
697586ef20f6373f2302fd44,Bobcat,E16,Bobcat E16,,,,True
697586ef20f6373f2302fd45,Bobcat,E17,Bobcat E17,,,,True
697586ef20f6373f2302fd46,Bobcat,E17Z,Bobcat E17Z,,,,True
697586ef20f6373f2302fd47,Bobcat,E19,Bobcat E19,,,,True
697586ef20f6373f2302fd48,Bobcat,E20,Bobcat E20,,,,True
697586ef20f6373f2302fd49,Bobcat,E20Z,Bobcat E20Z,,,,True
697586ef20f6373f2302fd4a,Bobcat,E26,Bobcat E26,,,,True
697586ef20f6373f2302fd4b,Bobcat,E27,Bobcat E27,,,,True
697586ef20f6373f2302fd4c,Bobcat,E27z,Bobcat E27z,,,,True
697586ef20f6373f2302fd4d,Bobcat,E32 [I guiding | M-series],Bobcat E32 [I guiding | M-series],,,,True
697586ef20f6373f2302fd4e,Bobcat,E32 [J guiding | R-series],Bobcat E32 [J guiding | R-series],,,,True
697586ef20f6373f2302fd4f,Bobcat,E32C,Bobcat E32C,,,,True
697586ef20f6373f2302fd50,Bobcat,E34,Bobcat E34,,,,True
697586ef20f6373f2302fd51,Bobcat,E35 [I guiding | M-series],Bobcat E35 [I guiding | M-series],,,,True
697586ef20f6373f2302fd52,Bobcat,E35I [J guiding | R-series],Bobcat E35I [J guiding | R-series],,,,True
697586ef20f6373f2302fd53,Bobcat,E35M,Bobcat E35M,,,,True
697586ef20f6373f2302fd54,Bobcat,E35Z,Bobcat E35Z,,,,True
697586ef20f6373f2302fd55,Bobcat,E41,Bobcat E41,,,,True
697586ef20f6373f2302fd56,Bobcat,E42,Bobcat E42,,,,True
697586ef20f6373f2302fd57,Bobcat,E45,Bobcat E45,,,,True
697586ef20f6373f2302fd58,Bobcat,E50,Bobcat E50,,,,True
697586ef20f6373f2302fd59,Bobcat,E55,Bobcat E55,,,,True
697586ef20f6373f2302fd5a,Bobcat,E60 [I guiding],Bobcat E60 [I guiding],,,,True
697586ef20f6373f2302fd5b,Bobcat,E62,Bobcat E62,,,,True
697586ef20f6373f2302fd5c,Bobcat,E63,Bobcat E63,,,,True
697586ef20f6373f2302feed,CAT,E70,CAT E70,,,,True
697586ef20f6373f2302feee,CAT,E70B,CAT E70B,,,,True
697586ef20f6373f2302fd5d,Bobcat,E80,Bobcat E80,,,,True
697586ef20f6373f2302fd5e,Bobcat,E85,Bobcat E85,,,,True
697586ef20f6373f23030bf9,Volvo,EC 13,Volvo EC 13,,,,True
697586ef20f6373f23030bfa,Volvo,EC 13XR,Volvo EC 13XR,,,,True
697586ef20f6373f23030bfb,Volvo,EC 13XTV,Volvo EC 13XTV,,,,True
697586ef20f6373f23030bfc,Volvo,EC 14,Volvo EC 14,,,,True
697586ef20f6373f230308ea,New Holland,EC 15,New Holland EC 15,,,,True
697586ef20f6373f23030bfd,Volvo,EC 15,Volvo EC 15,,,,True
697586ef20f6373f23030bfe,Volvo,EC 15 (bi-speed / adj. Width),Volvo EC 15 (bi-speed / adj. Width),,,,True
697586ef20f6373f23030bff,Volvo,EC 15 (bi-speed),Volvo EC 15 (bi-speed),,,,True
697586ef20f6373f23030c00,Volvo,EC 15B,Volvo EC 15B,,,,True
697586ef20f6373f23030c01,Volvo,EC 15B XR,Volvo EC 15B XR,,,,True
697586ef20f6373f23030c02,Volvo,EC 15B XTV,Volvo EC 15B XTV,,,,True
697586ef20f6373f23030c03,Volvo,EC 15D,Volvo EC 15D,,,,True
697586ef20f6373f23030c04,Volvo,EC 15R,Volvo EC 15R,,,,True
697586ef20f6373f23030c05,Volvo,EC 15RB,Volvo EC 15RB,,,,True
697586ef20f6373f23030c06,Volvo,EC 15T,Volvo EC 15T,,,,True
697586ef20f6373f23030c07,Volvo,EC 15TB,Volvo EC 15TB,,,,True
697586ef20f6373f23030c08,Volvo,EC 15V,Volvo EC 15V,,,,True
697586ef20f6373f23030c09,Volvo,EC 15VB,Volvo EC 15VB,,,,True
697586ef20f6373f23030c0a,Volvo,EC 15XR,Volvo EC 15XR,,,,True
697586ef20f6373f23030c0b,Volvo,EC 15XT,Volvo EC 15XT,,,,True
697586ef20f6373f23030c0c,Volvo,EC 15XTV,Volvo EC 15XTV,,,,True
697586ef20f6373f23030c0d,Volvo,EC 17,Volvo EC 17,,,,True
697586ef20f6373f23030c0e,Volvo,EC 18,Volvo EC 18,,,,True
697586ef20f6373f23030c0f,Volvo,EC 18D,Volvo EC 18D,,,,True
697586ef20f6373f230308eb,New Holland,EC 25,New Holland EC 25,,,,True
697586ef20f6373f23030c10,Volvo,EC 25,Volvo EC 25,,,,True
697586ef20f6373f23030c11,Volvo,EC 25-281,Volvo EC 25-281,,,,True
697586ef20f6373f230308ec,New Holland,EC 25SR,New Holland EC 25SR,,,,True
697586ef20f6373f23030c12,Volvo,EC 25X,Volvo EC 25X,,,,True
697586ef20f6373f23030c13,Volvo,EC 25XT,Volvo EC 25XT,,,,True
697586ef20f6373f23030c14,Volvo,EC 27C,Volvo EC 27C,,,,True
697586ef20f6373f23030c15,Volvo,EC 30,Volvo EC 30,,,,True
697586ef20f6373f23030c16,Volvo,EC 30B,Volvo EC 30B,,,,True
697586ef20f6373f23030c17,Volvo,EC 30X,Volvo EC 30X,,,,True
697586ef20f6373f23030c18,Volvo,EC 35,Volvo EC 35,,,,True
697586ef20f6373f23030c19,Volvo,EC 35C,Volvo EC 35C,,,,True
697586ef20f6373f23030c1a,Volvo,EC 35D,Volvo EC 35D,,,,True
697586ef20f6373f230308ed,New Holland,EC 35SR,New Holland EC 35SR,,,,True
697586ef20f6373f230308ee,New Holland,EC 45,New Holland EC 45,,,,True
697586ef20f6373f23030c1b,Volvo,EC 45,Volvo EC 45,,,,True
697586ef20f6373f23030c1c,Volvo,EC 45Pro,Volvo EC 45Pro,,,,True
697586ef20f6373f230308ef,New Holland,EC 45SR,New Holland EC 45SR,,,,True
697586ef20f6373f23030c1d,Volvo,EC 55,Volvo EC 55,,,,True
697586ef20f6373f23030c1e,Volvo,EC 55B,Volvo EC 55B,,,,True
697586ef20f6373f23030c1f,Volvo,EC 55C,Volvo EC 55C,,,,True
697586ef20f6373f230308f0,New Holland,EC 60,New Holland EC 60,,,,True
697586ef20f6373f23030c20,Volvo,EC 60E,Volvo EC 60E,,,,True
697586ef20f6373f23030c21,Volvo,ECR 25D,Volvo ECR 25D,,,,True
697586ef20f6373f23030c22,Volvo,ECR 28,Volvo ECR 28,,,,True
697586ef20f6373f23030c23,Volvo,ECR 35D,Volvo ECR 35D,,,,True
697586ef20f6373f23030c24,Volvo,ECR 38,Volvo ECR 38,,,,True
697586ef20f6373f23030c25,Volvo,ECR 40D,Volvo ECR 40D,,,,True
697586ef20f6373f23030c26,Volvo,ECR 48C,Volvo ECR 48C,,,,True
697586ef20f6373f23030c27,Volvo,ECR 50D,Volvo ECR 50D,,,,True
697586ef20f6373f23030c28,Volvo,ECR 58,Volvo ECR 58,,,,True
697586ef20f6373f23030c29,Volvo,ECR 58D,Volvo ECR 58D,,,,True
697586ef20f6373f23030c2a,Volvo,ECR 88,Volvo ECR 88,,,,True
697586ef20f6373f23030c2b,Volvo,ECR 88D,Volvo ECR 88D,,,,True
697586ef20f6373f230308f1,New Holland,EH 15B,New Holland EH 15B,,,,True
697586ef20f6373f230308f2,New Holland,EH 16,New Holland EH 16,,,,True
697586ef20f6373f230308f3,New Holland,EH 18,New Holland EH 18,,,,True
697586ef20f6373f230308f4,New Holland,EH 25,New Holland EH 25,,,,True
697586ef20f6373f230308f5,New Holland,EH 27B,New Holland EH 27B,,,,True
697586ef20f6373f230308f6,New Holland,EH 30B,New Holland EH 30B,,,,True
697586ef20f6373f230308f7,New Holland,EH 35,New Holland EH 35,,,,True
697586ef20f6373f230308f8,New Holland,EH 35B,New Holland EH 35B,,,,True
697586ef20f6373f230308f9,New Holland,EH 45,New Holland EH 45,,,,True
697586ef20f6373f230308fa,New Holland,EH 50B,New Holland EH 50B,,,,True
697586ef20f6373f230308fb,New Holland,EH 80,New Holland EH 80,,,,True
697586ef20f6373f23030cd2,Wacker Neuson,ET145,Wacker Neuson ET145,,,,True
697586ef20f6373f23030cd3,Wacker Neuson,ET16,Wacker Neuson ET16,,,,True
697586ef20f6373f23030cd4,Wacker Neuson,ET18,Wacker Neuson ET18,,,,True
697586ef20f6373f23030cd5,Wacker Neuson,ET20,Wacker Neuson ET20,,,,True
697586ef20f6373f23030cd6,Wacker Neuson,ET24,Wacker Neuson ET24,,,,True
697586ef20f6373f23030cd7,Wacker Neuson,ET35,Wacker Neuson ET35,,,,True
697586ef20f6373f23030cd8,Wacker Neuson,ET58,Wacker Neuson ET58,,,,True
697586ef20f6373f23030cd9,Wacker Neuson,ET65,Wacker Neuson ET65,,,,True
697586ef20f6373f23030cda,Wacker Neuson,ET90,Wacker Neuson ET90,,,,True
697586ef20f6373f23030229,Hitachi,EX 08,Hitachi EX 08,,,,True
697586ef20f6373f2303022a,Hitachi,EX 100,Hitachi EX 100,,,,True
697586ef20f6373f2303022b,Hitachi,EX 100-1,Hitachi EX 100-1,,,,True
697586ef20f6373f2303022c,Hitachi,EX 100-2,Hitachi EX 100-2,,,,True
697586ef20f6373f2303022d,Hitachi,EX 100-3,Hitachi EX 100-3,,,,True
697586ef20f6373f2303022e,Hitachi,EX 100-5,Hitachi EX 100-5,,,,True
697586ef20f6373f2303022f,Hitachi,EX 105,Hitachi EX 105,,,,True
697586ef20f6373f23030230,Hitachi,EX 10U,Hitachi EX 10U,,,,True
697586ef20f6373f23030231,Hitachi,EX 10UX,Hitachi EX 10UX,,,,True
697586ef20f6373f23030232,Hitachi,EX 12 (New),Hitachi EX 12 (New),,,,True
697586ef20f6373f23030233,Hitachi,EX 12 (old),Hitachi EX 12 (old),,,,True
697586ef20f6373f23030234,Hitachi,EX 12-1,Hitachi EX 12-1,,,,True
697586ef20f6373f23030235,Hitachi,EX 12-2,Hitachi EX 12-2,,,,True
697586ef20f6373f23030236,Hitachi,EX 120 (not on new sprocket),Hitachi EX 120 (not on new sprocket),,,,True
697586ef20f6373f23030237,Hitachi,EX 120-2,Hitachi EX 120-2,,,,True
697586ef20f6373f23030238,Hitachi,EX 120-5,Hitachi EX 120-5,,,,True
697586ef20f6373f23030239,Hitachi,EX 135U,Hitachi EX 135U,,,,True
697586ef20f6373f2303023a,Hitachi,EX 135UR,Hitachi EX 135UR,,,,True
697586ef20f6373f2303023b,Hitachi,EX 135VR,Hitachi EX 135VR,,,,True
697586ef20f6373f2303023c,Hitachi,EX 138UU,Hitachi EX 138UU,,,,True
697586ef20f6373f2303023d,Hitachi,EX 14,Hitachi EX 14,,,,True
697586ef20f6373f2303023e,Hitachi,EX 14SR,Hitachi EX 14SR,,,,True
697586ef20f6373f2303023f,Hitachi,EX 15,Hitachi EX 15,,,,True
697586ef20f6373f23030240,Hitachi,EX 15 (Lotus root),Hitachi EX 15 (Lotus root),,,,True
697586ef20f6373f23030241,Hitachi,EX 15-1,Hitachi EX 15-1,,,,True
697586ef20f6373f23030242,Hitachi,EX 15-2,Hitachi EX 15-2,,,,True
697586ef20f6373f23030243,Hitachi,EX 15SR,Hitachi EX 15SR,,,,True
697586ef20f6373f23030244,Hitachi,EX 15U,Hitachi EX 15U,,,,True
697586ef20f6373f23030245,Hitachi,EX 15UR,Hitachi EX 15UR,,,,True
697586ef20f6373f23030246,Hitachi,EX 16,Hitachi EX 16,,,,True
697586ef20f6373f23030247,Hitachi,EX 16-2,Hitachi EX 16-2,,,,True
697586ef20f6373f23030248,Hitachi,EX 17,Hitachi EX 17,,,,True
697586ef20f6373f23030249,Hitachi,EX 17-2,Hitachi EX 17-2,,,,True
697586ef20f6373f2303024a,Hitachi,EX 17-2B,Hitachi EX 17-2B,,,,True
697586ef20f6373f2303024b,Hitachi,EX 17U,Hitachi EX 17U,,,,True
697586ef20f6373f2303024c,Hitachi,EX 20-2,Hitachi EX 20-2,,,,True
697586ef20f6373f2303024d,Hitachi,EX 20U,Hitachi EX 20U,,,,True
697586ef20f6373f2303024e,Hitachi,EX 20U-1,Hitachi EX 20U-1,,,,True
697586ef20f6373f2303024f,Hitachi,EX 20U-3,Hitachi EX 20U-3,,,,True
697586ef20f6373f23030250,Hitachi,EX 20UR,Hitachi EX 20UR,,,,True
697586ef20f6373f23030251,Hitachi,EX 20UR-1,Hitachi EX 20UR-1,,,,True
697586ef20f6373f23030252,Hitachi,EX 20UR-3,Hitachi EX 20UR-3,,,,True
697586ef20f6373f23030253,Hitachi,EX 21,Hitachi EX 21,,,,True
697586ef20f6373f23030254,Hitachi,EX 22,Hitachi EX 22,,,,True
697586ef20f6373f23030255,Hitachi,EX 22-1,Hitachi EX 22-1,,,,True
697586ef20f6373f23030256,Hitachi,EX 22-2,Hitachi EX 22-2,,,,True
697586ef20f6373f23030257,Hitachi,EX 24,Hitachi EX 24,,,,True
697586ef20f6373f23030258,Hitachi,EX 24U,Hitachi EX 24U,,,,True
697586ef20f6373f23030259,Hitachi,EX 25,Hitachi EX 25,,,,True
697586ef20f6373f2303025a,Hitachi,EX 25-1,Hitachi EX 25-1,,,,True
697586ef20f6373f2303025b,Hitachi,EX 25-2,Hitachi EX 25-2,,,,True
697586ef20f6373f2303025c,Hitachi,EX 25U,Hitachi EX 25U,,,,True
697586ef20f6373f2303025d,Hitachi,EX 26,Hitachi EX 26,,,,True
697586ef20f6373f2303025e,Hitachi,EX 27,Hitachi EX 27,,,,True
697586ef20f6373f2303025f,Hitachi,EX 27U,Hitachi EX 27U,,,,True
697586ef20f6373f23030260,Hitachi,EX 29U,Hitachi EX 29U,,,,True
697586ef20f6373f23030261,Hitachi,EX 29UR,Hitachi EX 29UR,,,,True
697586ef20f6373f23030262,Hitachi,EX 30,Hitachi EX 30,,,,True
697586ef20f6373f23030263,Hitachi,EX 30-1,Hitachi EX 30-1,,,,True
697586ef20f6373f23030264,Hitachi,EX 30-2,Hitachi EX 30-2,,,,True
697586ef20f6373f23030265,Hitachi,EX 30U Lotus root,Hitachi EX 30U Lotus root,,,,True
697586ef20f6373f23030266,Hitachi,EX 30UR,Hitachi EX 30UR,,,,True
697586ef20f6373f23030267,Hitachi,EX 30UR-1,Hitachi EX 30UR-1,,,,True
697586ef20f6373f23030268,Hitachi,EX 30UR-2,Hitachi EX 30UR-2,,,,True
697586ef20f6373f23030269,Hitachi,EX 30UR-3,Hitachi EX 30UR-3,,,,True
697586ef20f6373f2303026a,Hitachi,EX 32U,Hitachi EX 32U,,,,True
697586ef20f6373f2303026b,Hitachi,EX 33,Hitachi EX 33,,,,True
697586ef20f6373f2303026c,Hitachi,EX 33Mu,Hitachi EX 33Mu,,,,True
697586ef20f6373f2303026d,Hitachi,EX 33U,Hitachi EX 33U,,,,True
697586ef20f6373f2303026e,Hitachi,EX 33U-3,Hitachi EX 33U-3,,,,True
697586ef20f6373f2303026f,Hitachi,EX 35,Hitachi EX 35,,,,True
697586ef20f6373f23030270,Hitachi,EX 35-1,Hitachi EX 35-1,,,,True
697586ef20f6373f23030271,Hitachi,EX 35-2,Hitachi EX 35-2,,,,True
697586ef20f6373f23030272,Hitachi,EX 35U,Hitachi EX 35U,,,,True
697586ef20f6373f23030273,Hitachi,EX 36U,Hitachi EX 36U,,,,True
697586ef20f6373f23030274,Hitachi,EX 40,Hitachi EX 40,,,,True
697586ef20f6373f23030275,Hitachi,EX 40-2,Hitachi EX 40-2,,,,True
697586ef20f6373f23030276,Hitachi,EX 40U,Hitachi EX 40U,,,,True
697586ef20f6373f23030277,Hitachi,EX 40UR,Hitachi EX 40UR,,,,True
697586ef20f6373f23030278,Hitachi,EX 40UR-1,Hitachi EX 40UR-1,,,,True
697586ef20f6373f23030279,Hitachi,EX 40UR-2,Hitachi EX 40UR-2,,,,True
697586ef20f6373f2303027a,Hitachi,EX 40URG,Hitachi EX 40URG,,,,True
697586ef20f6373f2303027b,Hitachi,EX 45,Hitachi EX 45,,,,True
697586ef20f6373f2303027c,Hitachi,EX 45-2,Hitachi EX 45-2,,,,True
697586ef20f6373f2303027d,Hitachi,EX 50,Hitachi EX 50,,,,True
697586ef20f6373f2303027e,Hitachi,EX 50-1,Hitachi EX 50-1,,,,True
697586ef20f6373f2303027f,Hitachi,EX 50-2,Hitachi EX 50-2,,,,True
697586ef20f6373f23030280,Hitachi,EX 50U,Hitachi EX 50U,,,,True
697586ef20f6373f23030281,Hitachi,EX 50UR,Hitachi EX 50UR,,,,True
697586ef20f6373f23030282,Hitachi,EX 50UR-2,Hitachi EX 50UR-2,,,,True
697586ef20f6373f23030283,Hitachi,EX 50URG,Hitachi EX 50URG,,,,True
697586ef20f6373f23030284,Hitachi,EX 55,Hitachi EX 55,,,,True
697586ef20f6373f23030285,Hitachi,EX 55UR,Hitachi EX 55UR,,,,True
697586ef20f6373f23030286,Hitachi,EX 55UR-2,Hitachi EX 55UR-2,,,,True
697586ef20f6373f23030287,Hitachi,EX 55UR-3,Hitachi EX 55UR-3,,,,True
697586ef20f6373f23030288,Hitachi,EX 55URG,Hitachi EX 55URG,,,,True
697586ef20f6373f23030289,Hitachi,EX 58,Hitachi EX 58,,,,True
697586ef20f6373f2303028a,Hitachi,EX 58Mu,Hitachi EX 58Mu,,,,True
697586ef20f6373f2303028b,Hitachi,EX 60 LC,Hitachi EX 60 LC,,,,True
697586ef20f6373f2303028c,Hitachi,EX 60 LC-2,Hitachi EX 60 LC-2,,,,True
697586ef20f6373f2303028d,Hitachi,EX 60 LC-3,Hitachi EX 60 LC-3,,,,True
697586ef20f6373f2303028e,Hitachi,EX 60 LC-5,Hitachi EX 60 LC-5,,,,True
697586ef20f6373f2303028f,Hitachi,EX 60 URG-2,Hitachi EX 60 URG-2,,,,True
697586ef20f6373f23030290,Hitachi,EX 7,Hitachi EX 7,,,,True
697586ef20f6373f23030291,Hitachi,EX 70U,Hitachi EX 70U,,,,True
697586ef20f6373f23030292,Hitachi,EX 75-2,Hitachi EX 75-2,,,,True
697586ef20f6373f23030293,Hitachi,EX 75UR,Hitachi EX 75UR,,,,True
697586ef20f6373f23030294,Hitachi,EX 75UR-2,Hitachi EX 75UR-2,,,,True
697586ef20f6373f23030295,Hitachi,EX 75UR-3 (SN < 1530),Hitachi EX 75UR-3 (SN < 1530),,,,True
697586ef20f6373f23030296,Hitachi,EX 75UR-3 (SN > 1529),Hitachi EX 75UR-3 (SN > 1529),,,,True
697586ef20f6373f23030297,Hitachi,EX 75UR-5,Hitachi EX 75UR-5,,,,True
697586ef20f6373f23030298,Hitachi,EX 75US,Hitachi EX 75US,,,,True
697586ef20f6373f23030299,Hitachi,EX 75US-7 ('2001),Hitachi EX 75US-7 ('2001),,,,True
697586ef20f6373f2303029a,Hitachi,EX 8,Hitachi EX 8,,,,True
697586ef20f6373f2303029b,Hitachi,EX 8-1,Hitachi EX 8-1,,,,True
697586ef20f6373f2303029c,Hitachi,EX 8-2,Hitachi EX 8-2,,,,True
697586ef20f6373f2303029d,Hitachi,EX 8-2B,Hitachi EX 8-2B,,,,True
697586ef20f6373f2303029e,Hitachi,EX 80U,Hitachi EX 80U,,,,True
697586ef20f6373f23030cdb,Wacker Neuson,EZ17,Wacker Neuson EZ17,,,,True
697586ef20f6373f23030cdc,Wacker Neuson,EZ17e,Wacker Neuson EZ17e,,,,True
697586ef20f6373f23030cdd,Wacker Neuson,EZ26,Wacker Neuson EZ26,,,,True
697586ef20f6373f23030cde,Wacker Neuson,EZ28,Wacker Neuson EZ28,,,,True
697586ef20f6373f23030cdf,Wacker Neuson,EZ36,Wacker Neuson EZ36,,,,True
697586ef20f6373f23030ce0,Wacker Neuson,EZ38,Wacker Neuson EZ38,,,,True
697586ef20f6373f23030ce1,Wacker Neuson,EZ50,Wacker Neuson EZ50,,,,True
697586ef20f6373f23030ce2,Wacker Neuson,EZ53,Wacker Neuson EZ53,,,,True
697586ef20f6373f23030ce3,Wacker Neuson,EZ80,Wacker Neuson EZ80,,,,True
697586ef20f6373f2303029f,Hitachi,Ex 18-2,Hitachi Ex 18-2,,,,True
697586ef20f6373f23030034,Dynapac,FC 15,Dynapac FC 15,,,,True
697586ef20f6373f2303050a,Kobelco,FC 50,Kobelco FC 50,,,,True
697586ef20f6373f2303069c,Kubota,FH 007,Kubota FH 007,,,,True
697586ef20f6373f23030be6,Vermeer,G10x15,Vermeer G10x15,,,,True
697586ef20f6373f230300fb,Gehl,GE 12002,Gehl GE 12002,,,,True
697586ef20f6373f230300fc,Gehl,GE 142 (US Market),Gehl GE 142 (US Market),,,,True
697586ef20f6373f230300fd,Gehl,GE 152 (US Market),Gehl GE 152 (US Market),,,,True
697586ef20f6373f230300fe,Gehl,GE 153,Gehl GE 153,,,,True
697586ef20f6373f230300ff,Gehl,GE 192 (US Market),Gehl GE 192 (US Market),,,,True
697586ef20f6373f23030100,Gehl,GE 193,Gehl GE 193,,,,True
697586ef20f6373f23030101,Gehl,GE 222 (US Market),Gehl GE 222 (US Market),,,,True
697586ef20f6373f23030102,Gehl,GE 223,Gehl GE 223,,,,True
697586ef20f6373f23030103,Gehl,GE 253,Gehl GE 253,,,,True
697586ef20f6373f23030104,Gehl,GE 272 (US Market),Gehl GE 272 (US Market),,,,True
697586ef20f6373f23030105,Gehl,GE 292 (US Market),Gehl GE 292 (US Market),,,,True
697586ef20f6373f23030106,Gehl,GE 303,Gehl GE 303,,,,True
697586ef20f6373f23030107,Gehl,GE 342 (US Market),Gehl GE 342 (US Market),,,,True
697586ef20f6373f23030108,Gehl,GE 353,Gehl GE 353,,,,True
697586ef20f6373f23030109,Gehl,GE 362 (US Market),Gehl GE 362 (US Market),,,,True
697586ef20f6373f2303010a,Gehl,GE 373,Gehl GE 373,,,,True
697586ef20f6373f2303010b,Gehl,GE 502 (US Market),Gehl GE 502 (US Market),,,,True
697586ef20f6373f2303010c,Gehl,GE 602 (US Market),Gehl GE 602 (US Market),,,,True
697586ef20f6373f2303010d,Gehl,GE 802 (US Market),Gehl GE 802 (US Market),,,,True
697586ef20f6373f2303010e,Gehl,GE503Z,Gehl GE503Z,,,,True
697586ef20f6373f230301c1,Hinowa,GL 1255 (Lifting Platform),Hinowa GL 1255 (Lifting Platform),,,,False
697586ef20f6373f230301c2,Hinowa,GL 1470 (Lifting Platform),Hinowa GL 1470 (Lifting Platform),,,,False
697586ef20f6373f230301c3,Hinowa,Gold lift 12.55 (Lifting Platform),Hinowa Gold lift 12.55 (Lifting Platform),,,,False
697586ef20f6373f230301c4,Hinowa,Gold lift 14.70 (Lifting Platform),Hinowa Gold lift 14.70 (Lifting Platform),,,,False
697586ef20f6373f230301c5,Hinowa,Gold lift 17.80XL (Lifting Platform),Hinowa Gold lift 17.80XL (Lifting Platform),,,,False
697586ef20f6373f2303014e,Hanix,H 08,Hanix H 08,,,,False
697586ef20f6373f2303014f,Hanix,H 08-1,Hanix H 08-1,,,,False
697586ef20f6373f23030150,Hanix,H 08-2,Hanix H 08-2,,,,False
697586ef20f6373f23030151,Hanix,H 08A,Hanix H 08A,,,,False
697586ef20f6373f23030152,Hanix,H 08B,Hanix H 08B,,,,False
697586ef20f6373f23030153,Hanix,H 09D,Hanix H 09D,,,,False
697586ef20f6373f23030154,Hanix,H 12A,Hanix H 12A,,,,False
697586ef20f6373f23030155,Hanix,H 15,Hanix H 15,,,,False
697586ef20f6373f23030156,Hanix,H 15 B,Hanix H 15 B,,,,False
697586ef20f6373f23030157,Hanix,H 15 B-2,Hanix H 15 B-2,,,,False
697586ef20f6373f23030158,Hanix,H 15 Bplus,Hanix H 15 Bplus,,,,False
697586ef20f6373f23030159,Hanix,H 15 Bplus-2,Hanix H 15 Bplus-2,,,,False
697586ef20f6373f2303015a,Hanix,H 151,Hanix H 151,,,,False
697586ef20f6373f2303015b,Hanix,H 15A (<1996),Hanix H 15A (<1996),,,,False
697586ef20f6373f2303015c,Hanix,H 15A (>1996),Hanix H 15A (>1996),,,,False
697586ef20f6373f2303015d,Hanix,H 22,Hanix H 22,,,,False
697586ef20f6373f2303015e,Hanix,H 22A,Hanix H 22A,,,,False
697586ef20f6373f2303015f,Hanix,H 24,Hanix H 24,,,,False
697586ef20f6373f23030160,Hanix,H 24A,Hanix H 24A,,,,False
697586ef20f6373f23030161,Hanix,H 26B,Hanix H 26B,,,,False
697586ef20f6373f23030162,Hanix,H 26C,Hanix H 26C,,,,False
697586ef20f6373f23030163,Hanix,H 27,Hanix H 27,,,,False
697586ef20f6373f23030164,Hanix,H 27-2,Hanix H 27-2,,,,False
697586ef20f6373f23030165,Hanix,H 29A,Hanix H 29A,,,,False
697586ef20f6373f23030166,Hanix,H 30,Hanix H 30,,,,False
697586ef20f6373f23030167,Hanix,H 30-2,Hanix H 30-2,,,,False
697586ef20f6373f23030168,Hanix,H 30A,Hanix H 30A,,,,False
697586ef20f6373f23030169,Hanix,H 35,Hanix H 35,,,,False
697586ef20f6373f2303016a,Hanix,H 35A,Hanix H 35A,,,,False
697586ef20f6373f2303016b,Hanix,H 36A,Hanix H 36A,,,,False
697586ef20f6373f2303016c,Hanix,H 36B,Hanix H 36B,,,,False
697586ef20f6373f2303016d,Hanix,H 36C,Hanix H 36C,,,,False
697586ef20f6373f2303016e,Hanix,H 36CR,Hanix H 36CR,,,,False
697586ef20f6373f2303016f,Hanix,H 36R,Hanix H 36R,,,,False
697586ef20f6373f23030170,Hanix,H 50B,Hanix H 50B,,,,False
697586ef20f6373f23030171,Hanix,H 50C,Hanix H 50C,,,,False
697586ef20f6373f23030172,Hanix,H 55DR,Hanix H 55DR,,,,False
697586ef20f6373f23030173,Hanix,H 56C,Hanix H 56C,,,,False
697586ef20f6373f23030174,Hanix,H 75B,Hanix H 75B,,,,False
697586ef20f6373f23030175,Hanix,H 75C,Hanix H 75C,,,,False
697586ef20f6373f23030176,Hanix,H 80,Hanix H 80,,,,False
697586ef20f6373f23030177,Hanix,H 80-2,Hanix H 80-2,,,,False
697586ef20f6373f230302a0,Hitachi,HE 10,Hitachi HE 10,,,,True
697586ef20f6373f230302a1,Hitachi,HE 15,Hitachi HE 15,,,,True
697586ef20f6373f2303069d,Kubota,HG,Kubota HG,,,,True
697586ef20f6373f2302fc74,Airman,HM07S,Airman HM07S,,,,False
697586ef20f6373f2302fc75,Airman,HM10,Airman HM10,,,,False
697586ef20f6373f2302fc76,Airman,HM10 NEW,Airman HM10 NEW,,,,False
697586ef20f6373f2302fc77,Airman,HM10G,Airman HM10G,,,,False
697586ef20f6373f2302fc78,Airman,HM10SG,Airman HM10SG,,,,False
697586ef20f6373f2302fc79,Airman,HM15,Airman HM15,,,,False
697586ef20f6373f2302fc7a,Airman,HM15 NEW,Airman HM15 NEW,,,,False
697586ef20f6373f2302fc7b,Airman,HM15S,Airman HM15S,,,,False
697586ef20f6373f2302fc7c,Airman,HM30SGZ,Airman HM30SGZ,,,,False
697586ef20f6373f2302fc7d,Airman,HM35,Airman HM35,,,,False
697586ef20f6373f2302fc7e,Airman,HM45,Airman HM45,,,,False
697586ef20f6373f2302fc7f,Airman,HM45-2,Airman HM45-2,,,,False
697586ef20f6373f2302fc80,Airman,HM45SG-2,Airman HM45SG-2,,,,False
697586ef20f6373f2302fc81,Airman,HM50,Airman HM50,,,,False
697586ef20f6373f2302fc82,Airman,HM55,Airman HM55,,,,False
697586ef20f6373f230301c6,Hinowa,HP 1000 (Mini Dumper),Hinowa HP 1000 (Mini Dumper),,,,False
697586ef20f6373f230301c7,Hinowa,HP 1000E (Mini Dumper),Hinowa HP 1000E (Mini Dumper),,,,False
697586ef20f6373f230301c8,Hinowa,HP 1100 (Mini Dumper),Hinowa HP 1100 (Mini Dumper),,,,False
697586ef20f6373f230301c9,Hinowa,HP 1100A (Mini Dumper),Hinowa HP 1100A (Mini Dumper),,,,False
697586ef20f6373f230301ca,Hinowa,HP 1100D (Mini Dumper),Hinowa HP 1100D (Mini Dumper),,,,False
697586ef20f6373f230301cb,Hinowa,HP 1150 (Mini Dumper),Hinowa HP 1150 (Mini Dumper),,,,False
697586ef20f6373f230301cc,Hinowa,HP 1200 (Mini Dumper),Hinowa HP 1200 (Mini Dumper),,,,False
697586ef20f6373f230301cd,Hinowa,HP 1200E,Hinowa HP 1200E,,,,False
697586ef20f6373f230301ce,Hinowa,HP 1500 (Mini Dumper),Hinowa HP 1500 (Mini Dumper),,,,False
697586ef20f6373f230301cf,Hinowa,HP 1500/2,Hinowa HP 1500/2,,,,False
697586ef20f6373f230301d0,Hinowa,HP 800 (Mini-Excavator),Hinowa HP 800 (Mini-Excavator),,,,False
697586ef20f6373f230301d1,Hinowa,HP 800A (Mini Dumper),Hinowa HP 800A (Mini Dumper),,,,False
697586ef20f6373f230301d2,Hinowa,HP 800E (Mini Dumper),Hinowa HP 800E (Mini Dumper),,,,False
697586ef20f6373f230301d3,Hinowa,HP 850B/A,Hinowa HP 850B/A,,,,False
697586ef20f6373f23030b69,Terex,HR 14 (< '1995),Terex HR 14 (< '1995),,,,True
697586ef20f6373f23030b6a,Terex,HR 14 (> '1995),Terex HR 14 (> '1995),,,,True
697586ef20f6373f230301d4,Hinowa,HR 15.1,Hinowa HR 15.1,,,,False
697586ef20f6373f23030b6b,Terex,HR 16 (< '1995),Terex HR 16 (< '1995),,,,True
697586ef20f6373f23030b6c,Terex,HR 16 (> '1995),Terex HR 16 (> '1995),,,,True
697586ef20f6373f230301d5,Hinowa,HS 1100,Hinowa HS 1100,,,,False
697586ef20f6373f230301d6,Hinowa,HS 1150,Hinowa HS 1150,,,,False
697586ef20f6373f230301d7,Hinowa,HS 1200E,Hinowa HS 1200E,,,,False
697586ef20f6373f230301d8,Hinowa,HS 701,Hinowa HS 701,,,,False
697586ef20f6373f230301d9,Hinowa,HS 850,Hinowa HS 850,,,,False
697586ef20f6373f2302ffe0,Ditch-Witch,HT 25,Ditch-Witch HT 25,,,,True
697586ef20f6373f2302ffe1,Ditch-Witch,HT 25K,Ditch-Witch HT 25K,,,,True
697586ef20f6373f2302ffe2,Ditch-Witch,HT 25K (2000 Model),Ditch-Witch HT 25K (2000 Model),,,,True
697586ef20f6373f2302ffe3,Ditch-Witch,HT 25K (2001 Model),Ditch-Witch HT 25K (2001 Model),,,,True
697586ef20f6373f230302a2,Hitachi,HX 140B (Crane) (OEM400x72.5x72),Hitachi HX 140B (Crane) (OEM400x72.5x72),,,,True
697586ef20f6373f230302a3,Hitachi,HX 64B (Lifting platform),Hitachi HX 64B (Lifting platform),,,,True
697586ef20f6373f230302a4,Hitachi,HX 99B (Crane),Hitachi HX 99B (Crane),,,,True
697586ef20f6373f230302a5,Hitachi,HX 99B (Lifting platform),Hitachi HX 99B (Lifting platform),,,,True
697586ef20f6373f230302a6,Hitachi,HX 99B-2 (Lifting platform),Hitachi HX 99B-2 (Lifting platform),,,,True
697586ef20f6373f23030337,Hyundai,HX10A,Hyundai HX10A,,,,True
697586ef20f6373f23030aef,Takeuchi,Huppi 403,Takeuchi Huppi 403,,,,True
697586ef20f6373f230303be,IHI,IM R15,IHI IM R15,,,,True
697586ef20f6373f230303bf,IHI,IS 07,IHI IS 07,,,,True
697586ef20f6373f230303c0,IHI,IS 10,IHI IS 10,,,,True
697586ef20f6373f230303c1,IHI,IS 10C,IHI IS 10C,,,,True
697586ef20f6373f230303c2,IHI,IS 10F,IHI IS 10F,,,,True
697586ef20f6373f230303c3,IHI,IS 10FX,IHI IS 10FX,,,,True
697586ef20f6373f230303c4,IHI,IS 10G,IHI IS 10G,,,,True
697586ef20f6373f230303c5,IHI,IS 10GX,IHI IS 10GX,,,,True
697586ef20f6373f230303c6,IHI,IS 10S,IHI IS 10S,,,,True
697586ef20f6373f230303c7,IHI,IS 10Z,IHI IS 10Z,,,,True
697586ef20f6373f230303c8,IHI,IS 11X,IHI IS 11X,,,,True
697586ef20f6373f230303c9,IHI,IS 12,IHI IS 12,,,,True
697586ef20f6373f230303ca,IHI,IS 12C,IHI IS 12C,,,,True
697586ef20f6373f230303cb,IHI,IS 12G,IHI IS 12G,,,,True
697586ef20f6373f230303cc,IHI,IS 12GX,IHI IS 12GX,,,,True
697586ef20f6373f230303cd,IHI,IS 12JX,IHI IS 12JX,,,,True
697586ef20f6373f230303ce,IHI,IS 12NX,IHI IS 12NX,,,,True
697586ef20f6373f230303cf,IHI,IS 12S,IHI IS 12S,,,,True
697586ef20f6373f230303d0,IHI,IS 14,IHI IS 14,,,,True
697586ef20f6373f230303d1,IHI,IS 14G,IHI IS 14G,,,,True
697586ef20f6373f230303d2,IHI,IS 14GX,IHI IS 14GX,,,,True
697586ef20f6373f230303d3,IHI,IS 14GX-2,IHI IS 14GX-2,,,,True
697586ef20f6373f230303d4,IHI,IS 14GX-3,IHI IS 14GX-3,,,,True
697586ef20f6373f230303d5,IHI,IS 14PX,IHI IS 14PX,,,,True
697586ef20f6373f230303d6,IHI,IS 15J,IHI IS 15J,,,,True
697586ef20f6373f230303d7,IHI,IS 17J,IHI IS 17J,,,,True
697586ef20f6373f230303d8,IHI,IS 17JE,IHI IS 17JE,,,,True
697586ef20f6373f230303d9,IHI,IS 18J,IHI IS 18J,,,,True
697586ef20f6373f230303da,IHI,IS 18UJ,IHI IS 18UJ,,,,True
697586ef20f6373f230303db,IHI,IS 20JX,IHI IS 20JX,,,,True
697586ef20f6373f230303dc,IHI,IS 20LX,IHI IS 20LX,,,,True
697586ef20f6373f230303dd,IHI,IS 22UX,IHI IS 22UX,,,,True
697586ef20f6373f230303de,IHI,IS 25G,IHI IS 25G,,,,True
697586ef20f6373f230303df,IHI,IS 25GX,IHI IS 25GX,,,,True
697586ef20f6373f230303e0,IHI,IS 25J,IHI IS 25J,,,,True
697586ef20f6373f230303e1,IHI,IS 25JX,IHI IS 25JX,,,,True
697586ef20f6373f230303e2,IHI,IS 25NX,IHI IS 25NX,,,,True
697586ef20f6373f230303e3,IHI,IS 27,IHI IS 27,,,,True
697586ef20f6373f230303e4,IHI,IS 27G,IHI IS 27G,,,,True
697586ef20f6373f230303e5,IHI,IS 27GX,IHI IS 27GX,,,,True
697586ef20f6373f230303e6,IHI,IS 28,IHI IS 28,,,,True
697586ef20f6373f230303e7,IHI,IS 28G,IHI IS 28G,,,,True
697586ef20f6373f230303e8,IHI,IS 28G3,IHI IS 28G3,,,,True
697586ef20f6373f230303e9,IHI,IS 28GX,IHI IS 28GX,,,,True
697586ef20f6373f230303ea,IHI,IS 28J,IHI IS 28J,,,,True
697586ef20f6373f230303eb,IHI,IS 28JX,IHI IS 28JX,,,,True
697586ef20f6373f230303ec,IHI,IS 28LX,IHI IS 28LX,,,,True
697586ef20f6373f230303ed,IHI,IS 28PX,IHI IS 28PX,,,,True
697586ef20f6373f230303ee,IHI,IS 28UX,IHI IS 28UX,,,,True
697586ef20f6373f230303ef,IHI,IS 28UX-2,IHI IS 28UX-2,,,,True
697586ef20f6373f230303f0,IHI,IS 30G,IHI IS 30G,,,,True
697586ef20f6373f230303f1,IHI,IS 30GX,IHI IS 30GX,,,,True
697586ef20f6373f230303f2,IHI,IS 30GX-2,IHI IS 30GX-2,,,,True
697586ef20f6373f230303f3,IHI,IS 30GX-3,IHI IS 30GX-3,,,,True
697586ef20f6373f230303f4,IHI,IS 30J,IHI IS 30J,,,,True
697586ef20f6373f230303f5,IHI,IS 30JX,IHI IS 30JX,,,,True
697586ef20f6373f230303f6,IHI,IS 30NX,IHI IS 30NX,,,,True
697586ef20f6373f230303f7,IHI,IS 30NX-2,IHI IS 30NX-2,,,,True
697586ef20f6373f230303f8,IHI,IS 30UJ,IHI IS 30UJ,,,,True
697586ef20f6373f230303f9,IHI,IS 30UJ-2,IHI IS 30UJ-2,,,,True
697586ef20f6373f230303fa,IHI,IS 30Z,IHI IS 30Z,,,,True
697586ef20f6373f230303fb,IHI,IS 32J,IHI IS 32J,,,,True
697586ef20f6373f230303fc,IHI,IS 35G,IHI IS 35G,,,,True
697586ef20f6373f230303fd,IHI,IS 35G-1,IHI IS 35G-1,,,,True
697586ef20f6373f230303fe,IHI,IS 35G-2,IHI IS 35G-2,,,,True
697586ef20f6373f230303ff,IHI,IS 35GX,IHI IS 35GX,,,,True
697586ef20f6373f23030400,IHI,IS 35GX-1,IHI IS 35GX-1,,,,True
697586ef20f6373f23030401,IHI,IS 35GX-2,IHI IS 35GX-2,,,,True
697586ef20f6373f23030402,IHI,IS 35GX-3,IHI IS 35GX-3,,,,True
697586ef20f6373f23030403,IHI,IS 35J,IHI IS 35J,,,,True
697586ef20f6373f23030404,IHI,IS 35JX,IHI IS 35JX,,,,True
697586ef20f6373f23030405,IHI,IS 35NX,IHI IS 35NX,,,,True
697586ef20f6373f23030406,IHI,IS 35UJ,IHI IS 35UJ,,,,True
697586ef20f6373f23030407,IHI,IS 38UJ,IHI IS 38UJ,,,,True
697586ef20f6373f23030408,IHI,IS 38UX,IHI IS 38UX,,,,True
697586ef20f6373f23030409,IHI,IS 40J,IHI IS 40J,,,,True
697586ef20f6373f2303040a,IHI,IS 40JX,IHI IS 40JX,,,,True
697586ef20f6373f2303040b,IHI,IS 40NX,IHI IS 40NX,,,,True
697586ef20f6373f2303040c,IHI,IS 40UJ,IHI IS 40UJ,,,,True
697586ef20f6373f2303040d,IHI,IS 40Z,IHI IS 40Z,,,,True
697586ef20f6373f2303040e,IHI,IS 45J,IHI IS 45J,,,,True
697586ef20f6373f2303040f,IHI,IS 45NX,IHI IS 45NX,,,,True
697586ef20f6373f23030410,IHI,IS 45UJ,IHI IS 45UJ,,,,True
697586ef20f6373f23030411,IHI,IS 50G,IHI IS 50G,,,,True
697586ef20f6373f23030412,IHI,IS 50G3,IHI IS 50G3,,,,True
697586ef20f6373f23030413,IHI,IS 50GX,IHI IS 50GX,,,,True
697586ef20f6373f23030414,IHI,IS 50UJ,IHI IS 50UJ,,,,True
697586ef20f6373f23030415,IHI,IS 50UX,IHI IS 50UX,,,,True
697586ef20f6373f23030416,IHI,IS 50Z,IHI IS 50Z,,,,True
697586ef20f6373f23030417,IHI,IS 55,IHI IS 55,,,,True
697586ef20f6373f23030418,IHI,IS 55G,IHI IS 55G,,,,True
697586ef20f6373f23030419,IHI,IS 55G-3,IHI IS 55G-3,,,,True
697586ef20f6373f2303041a,IHI,IS 55J,IHI IS 55J,,,,True
697586ef20f6373f2303041b,IHI,IS 55LX,IHI IS 55LX,,,,True
697586ef20f6373f2303041c,IHI,IS 55N,IHI IS 55N,,,,True
697586ef20f6373f2303041d,IHI,IS 55U-1,IHI IS 55U-1,,,,True
697586ef20f6373f2303041e,IHI,IS 55U-2,IHI IS 55U-2,,,,True
697586ef20f6373f2303041f,IHI,IS 55UJ,IHI IS 55UJ,,,,True
697586ef20f6373f23030420,IHI,IS 55UX,IHI IS 55UX,,,,True
697586ef20f6373f23030421,IHI,IS 65UJ,IHI IS 65UJ,,,,True
697586ef20f6373f23030422,IHI,IS 65UJ3,IHI IS 65UJ3,,,,True
697586ef20f6373f23030423,IHI,IS 70Z,IHI IS 70Z,,,,True
697586ef20f6373f23030424,IHI,IS 75F,IHI IS 75F,,,,True
697586ef20f6373f23030425,IHI,IS 75F UJ,IHI IS 75F UJ,,,,True
697586ef20f6373f23030426,IHI,IS 7FX,IHI IS 7FX,,,,True
697586ef20f6373f23030427,IHI,IS 7GX,IHI IS 7GX,,,,True
697586ef20f6373f23030428,IHI,IS 7GX-2,IHI IS 7GX-2,,,,True
697586ef20f6373f23030429,IHI,IS 7GX-3,IHI IS 7GX-3,,,,True
697586ef20f6373f2303042a,IHI,IS 7J,IHI IS 7J,,,,True
697586ef20f6373f2303042b,IHI,IS 7P,IHI IS 7P,,,,True
697586ef20f6373f2303042c,IHI,IS 80NX,IHI IS 80NX,,,,True
697586ef20f6373f2303042d,IHI,IS9UX-2 (S/N > 1592000),IHI IS9UX-2 (S/N > 1592000),,,,True
697586ef20f6373f2303042e,IHI,IS9UX-3,IHI IS9UX-3,,,,True
697586ef20f6373f2302fcca,Atlas,ISO7,Atlas ISO7,,,,False
697586ef20f6373f23030af0,Takeuchi,J-4,Takeuchi J-4,,,,True
697586ef20f6373f230304a3,JCB,JS 70,JCB JS 70,,,,True
697586ef20f6373f2302ffe4,Ditch-Witch,JT 10,Ditch-Witch JT 10,,,,True
697586ef20f6373f2302ffe5,Ditch-Witch,JT 1200,Ditch-Witch JT 1200,,,,True
697586ef20f6373f2302ffe6,Ditch-Witch,JT 2320,Ditch-Witch JT 2320,,,,True
697586ef20f6373f2302ffe7,Ditch-Witch,JT 2321,Ditch-Witch JT 2321,,,,True
697586ef20f6373f2302ffe8,Ditch-Witch,JT 25,Ditch-Witch JT 25,,,,True
697586ef20f6373f2302ffe9,Ditch-Witch,JT 2511,Ditch-Witch JT 2511,,,,True
697586ef20f6373f2302ffea,Ditch-Witch,JT 2520,Ditch-Witch JT 2520,,,,True
697586ef20f6373f2302ffeb,Ditch-Witch,JT 2720 (2000),Ditch-Witch JT 2720 (2000),,,,True
697586ef20f6373f2302ffec,Ditch-Witch,JT 2720 (2003),Ditch-Witch JT 2720 (2003),,,,True
697586ef20f6373f2302ffed,Ditch-Witch,JT 30,Ditch-Witch JT 30,,,,True
697586ef20f6373f2302ffee,Ditch-Witch,JT 3020,Ditch-Witch JT 3020,,,,True
697586ef20f6373f2302ffef,Ditch-Witch,JT 3020 Mach 1,Ditch-Witch JT 3020 Mach 1,,,,True
697586ef20f6373f2302fff0,Ditch-Witch,JT 3510,Ditch-Witch JT 3510,,,,True
697586ef20f6373f2302fff1,Ditch-Witch,JT 40,Ditch-Witch JT 40,,,,True
697586ef20f6373f2302fff2,Ditch-Witch,JT 4020,Ditch-Witch JT 4020,,,,True
697586ef20f6373f2302fff3,Ditch-Witch,JT 4020 (Drilling Machine),Ditch-Witch JT 4020 (Drilling Machine),,,,True
697586ef20f6373f2302fff4,Ditch-Witch,JT 4020 Mach 1,Ditch-Witch JT 4020 Mach 1,,,,True
697586ef20f6373f2302fff5,Ditch-Witch,JT 5,Ditch-Witch JT 5,,,,True
697586ef20f6373f2302fff6,Ditch-Witch,JT 520,Ditch-Witch JT 520,,,,True
697586ef20f6373f2302fff7,Ditch-Witch,JT 820,Ditch-Witch JT 820,,,,True
697586ef20f6373f2302fff8,Ditch-Witch,JT 860,Ditch-Witch JT 860,,,,True
697586ef20f6373f2302fff9,Ditch-Witch,JT 9 (Drilling Machine),Ditch-Witch JT 9 (Drilling Machine),,,,True
697586ef20f6373f2302fffa,Ditch-Witch,JT 920 (Drilling Machine),Ditch-Witch JT 920 (Drilling Machine),,,,True
697586ef20f6373f2302fffb,Ditch-Witch,JT 920L (Drilling Machine),Ditch-Witch JT 920L (Drilling Machine),,,,True
697586ef20f6373f2302fffc,Ditch-Witch,JT 922,Ditch-Witch JT 922,,,,True
697586ef20f6373f230304a4,JCB,JZ 70,JCB JZ 70,,,,True
697586ef20f6373f2303069e,Kubota,K 007,Kubota K 007,,,,True
697586ef20f6373f2303069f,Kubota,K 008,Kubota K 008,,,,True
697586ef20f6373f230306a0,Kubota,K 008-2,Kubota K 008-2,,,,True
697586ef20f6373f230306a1,Kubota,K 008-3,Kubota K 008-3,,,,True
697586ef20f6373f230306a2,Kubota,K 008-3G,Kubota K 008-3G,,,,True
697586ef20f6373f230306a3,Kubota,K 008DH,Kubota K 008DH,,,,True
697586ef20f6373f230306a4,Kubota,K 013,Kubota K 013,,,,True
697586ef20f6373f230306a5,Kubota,K 015,Kubota K 015,,,,True
697586ef20f6373f230306a6,Kubota,K 020,Kubota K 020,,,,True
697586ef20f6373f230306a7,Kubota,K 022,Kubota K 022,,,,True
697586ef20f6373f230306a8,Kubota,K 025,Kubota K 025,,,,True
697586ef20f6373f230306a9,Kubota,K 028,Kubota K 028,,,,True
697586ef20f6373f230306aa,Kubota,K 030,Kubota K 030,,,,True
697586ef20f6373f230306ab,Kubota,K 030 (Lotus root),Kubota K 030 (Lotus root),,,,True
697586ef20f6373f230306ac,Kubota,K 030-3,Kubota K 030-3,,,,True
697586ef20f6373f230306ad,Kubota,K 035,Kubota K 035,,,,True
697586ef20f6373f230306ae,Kubota,K 035-3,Kubota K 035-3,,,,True
697586ef20f6373f230306af,Kubota,K 038,Kubota K 038,,,,True
697586ef20f6373f230306b0,Kubota,K 040,Kubota K 040,,,,True
697586ef20f6373f230306b1,Kubota,K 045,Kubota K 045,,,,True
697586ef20f6373f230306b2,Kubota,K 080,Kubota K 080,,,,True
697586ef20f6373f230306b3,Kubota,K 151,Kubota K 151,,,,True
697586ef20f6373f2302fddb,Brokk,K330,Brokk K330,,,,False
697586ef20f6373f23030d56,Yanmar,K4SC (Sky lifter),Yanmar K4SC (Sky lifter),,,,True
697586ef20f6373f230306b4,Kubota,KC 110H (dumper),Kubota KC 110H (dumper),,,,True
697586ef20f6373f230306b5,Kubota,KC 110HR (dumper),Kubota KC 110HR (dumper),,,,True
697586ef20f6373f230306b6,Kubota,KC 110HR-4 (dumper),Kubota KC 110HR-4 (dumper),,,,True
697586ef20f6373f230306b7,Kubota,KC 120 (dumper),Kubota KC 120 (dumper),,,,True
697586ef20f6373f230306b8,Kubota,KC 121 (dumper),Kubota KC 121 (dumper),,,,True
697586ef20f6373f230306b9,Kubota,KC 140,Kubota KC 140,,,,True
697586ef20f6373f230306ba,Kubota,KC 40 (dumper),Kubota KC 40 (dumper),,,,True
697586ef20f6373f230306bb,Kubota,KC 50 (dumper) [OEM 200x72x34],Kubota KC 50 (dumper) [OEM 200x72x34],,,,True
697586ef20f6373f230306bc,Kubota,KC 50 new (dumper) [OEM 250x72x46],Kubota KC 50 new (dumper) [OEM 250x72x46],,,,True
697586ef20f6373f230306bd,Kubota,KC 50LZ (dumper),Kubota KC 50LZ (dumper),,,,True
697586ef20f6373f230306be,Kubota,KC 51,Kubota KC 51,,,,True
697586ef20f6373f230306bf,Kubota,KC 70 (dumper),Kubota KC 70 (dumper),,,,True
697586ef20f6373f230306c0,Kubota,KH 007,Kubota KH 007,,,,True
697586ef20f6373f230306c1,Kubota,KH 008,Kubota KH 008,,,,True
697586ef20f6373f230306c2,Kubota,KH 012 (new),Kubota KH 012 (new),,,,True
697586ef20f6373f230306c3,Kubota,KH 012 (old),Kubota KH 012 (old),,,,True
697586ef20f6373f230306c4,Kubota,KH 012G,Kubota KH 012G,,,,True
697586ef20f6373f230306c5,Kubota,KH 012HG,Kubota KH 012HG,,,,True
697586ef20f6373f230306c6,Kubota,KH 014,Kubota KH 014,,,,True
697586ef20f6373f230306c7,Kubota,KH 014G,Kubota KH 014G,,,,True
697586ef20f6373f230306c8,Kubota,KH 014HG,Kubota KH 014HG,,,,True
697586ef20f6373f230306c9,Kubota,KH 02,Kubota KH 02,,,,True
697586ef20f6373f230306ca,Kubota,KH 021,Kubota KH 021,,,,True
697586ef20f6373f230306cb,Kubota,KH 021HG,Kubota KH 021HG,,,,True
697586ef20f6373f230306cc,Kubota,KH 024,Kubota KH 024,,,,True
697586ef20f6373f230306cd,Kubota,KH 026,Kubota KH 026,,,,True
697586ef20f6373f230306ce,Kubota,KH 026G,Kubota KH 026G,,,,True
697586ef20f6373f230306cf,Kubota,KH 027,Kubota KH 027,,,,True
697586ef20f6373f230306d0,Kubota,KH 027G,Kubota KH 027G,,,,True
697586ef20f6373f230306d1,Kubota,KH 02HG,Kubota KH 02HG,,,,True
697586ef20f6373f230306d2,Kubota,KH 030,Kubota KH 030,,,,True
697586ef20f6373f230306d3,Kubota,KH 030G,Kubota KH 030G,,,,True
697586ef20f6373f230306d4,Kubota,KH 030HG,Kubota KH 030HG,,,,True
697586ef20f6373f230306d5,Kubota,KH 033 [OEM 300x109x39],Kubota KH 033 [OEM 300x109x39],,,,True
697586ef20f6373f230306d6,Kubota,KH 033HG [OEM 300x109x39],Kubota KH 033HG [OEM 300x109x39],,,,True
697586ef20f6373f230306d7,Kubota,KH 040,Kubota KH 040,,,,True
697586ef20f6373f230306d8,Kubota,KH 041,Kubota KH 041,,,,True
697586ef20f6373f230306d9,Kubota,KH 045,Kubota KH 045,,,,True
697586ef20f6373f230306da,Kubota,KH 05,Kubota KH 05,,,,True
697586ef20f6373f230306db,Kubota,KH 055,Kubota KH 055,,,,True
697586ef20f6373f230306dc,Kubota,KH 055N,Kubota KH 055N,,,,True
697586ef20f6373f230306dd,Kubota,KH 060,Kubota KH 060,,,,True
697586ef20f6373f230306de,Kubota,KH 07,Kubota KH 07,,,,True
697586ef20f6373f230306df,Kubota,KH 090,Kubota KH 090,,,,True
697586ef20f6373f230306e0,Kubota,KH 101,Kubota KH 101,,,,True
697586ef20f6373f230306e1,Kubota,KH 12,Kubota KH 12,,,,True
697586ef20f6373f230306e2,Kubota,KH 120,Kubota KH 120,,,,True
697586ef20f6373f230306e3,Kubota,KH 121,Kubota KH 121,,,,True
697586ef20f6373f230306e4,Kubota,KH 130,Kubota KH 130,,,,True
697586ef20f6373f230306e5,Kubota,KH 14,Kubota KH 14,,,,True
697586ef20f6373f230306e6,Kubota,KH 14G,Kubota KH 14G,,,,True
697586ef20f6373f230306e7,Kubota,KH 14HG,Kubota KH 14HG,,,,True
697586ef20f6373f230306e8,Kubota,KH 151,Kubota KH 151,,,,True
697586ef20f6373f230306e9,Kubota,KH 191 [OEM 450x71x78],Kubota KH 191 [OEM 450x71x78],,,,True
697586ef20f6373f230306ea,Kubota,KH 21,Kubota KH 21,,,,True
697586ef20f6373f230306eb,Kubota,KH 24,Kubota KH 24,,,,True
697586ef20f6373f230306ec,Kubota,KH 24HG,Kubota KH 24HG,,,,True
697586ef20f6373f230306ed,Kubota,KH 26HG,Kubota KH 26HG,,,,True
697586ef20f6373f230306ee,Kubota,KH 26SR [OEM 320x100x40],Kubota KH 26SR [OEM 320x100x40],,,,True
697586ef20f6373f230306ef,Kubota,KH 28,Kubota KH 28,,,,True
697586ef20f6373f230306f0,Kubota,KH 30SR [OEM 320x100x40],Kubota KH 30SR [OEM 320x100x40],,,,True
697586ef20f6373f230306f1,Kubota,KH 30SRG [OEM 320x100x40],Kubota KH 30SRG [OEM 320x100x40],,,,True
697586ef20f6373f230306f2,Kubota,KH 31,Kubota KH 31,,,,True
697586ef20f6373f230306f3,Kubota,KH 35,Kubota KH 35,,,,True
697586ef20f6373f230306f4,Kubota,KH 36,Kubota KH 36,,,,True
697586ef20f6373f230306f5,Kubota,KH 37,Kubota KH 37,,,,True
697586ef20f6373f230306f6,Kubota,KH 38,Kubota KH 38,,,,True
697586ef20f6373f230306f7,Kubota,KH 41 [OEM 230x72x42],Kubota KH 41 [OEM 230x72x42],,,,True
697586ef20f6373f230306f8,Kubota,KH 41R,Kubota KH 41R,,,,True
697586ef20f6373f230306f9,Kubota,KH 5,Kubota KH 5,,,,True
697586ef20f6373f230306fa,Kubota,KH 50 [OEM 230x72x42],Kubota KH 50 [OEM 230x72x42],,,,True
697586ef20f6373f230306fb,Kubota,KH 50SR [OEM 420x100x52],Kubota KH 50SR [OEM 420x100x52],,,,True
697586ef20f6373f230306fc,Kubota,KH 51,Kubota KH 51,,,,True
697586ef20f6373f230306fd,Kubota,KH 51SR [OEM 420x100x52],Kubota KH 51SR [OEM 420x100x52],,,,True
697586ef20f6373f230306fe,Kubota,KH 52,Kubota KH 52,,,,True
697586ef20f6373f230306ff,Kubota,KH 52SR [OEM 400x146x36],Kubota KH 52SR [OEM 400x146x36],,,,True
697586ef20f6373f23030700,Kubota,KH 55 [OEM 230x72x42],Kubota KH 55 [OEM 230x72x42],,,,True
697586ef20f6373f23030701,Kubota,KH 55G,Kubota KH 55G,,,,True
697586ef20f6373f23030702,Kubota,KH 55R,Kubota KH 55R,,,,True
697586ef20f6373f23030703,Kubota,KH 55S,Kubota KH 55S,,,,True
697586ef20f6373f23030704,Kubota,KH 55X,Kubota KH 55X,,,,True
697586ef20f6373f23030705,Kubota,KH 5HC,Kubota KH 5HC,,,,True
697586ef20f6373f23030706,Kubota,KH 60 [OEM 300x109x35],Kubota KH 60 [OEM 300x109x35],,,,True
697586ef20f6373f23030707,Kubota,KH 61,Kubota KH 61,,,,True
697586ef20f6373f23030708,Kubota,KH 65,Kubota KH 65,,,,True
697586ef20f6373f23030709,Kubota,KH 66 [OEM 300x109x35],Kubota KH 66 [OEM 300x109x35],,,,True
697586ef20f6373f2303070a,Kubota,KH 70 [OEM 300x109x37],Kubota KH 70 [OEM 300x109x37],,,,True
697586ef20f6373f2303070b,Kubota,KH 71 [OEM 300x109x35],Kubota KH 71 [OEM 300x109x35],,,,True
697586ef20f6373f2303070c,Kubota,KH 90,Kubota KH 90,,,,True
697586ef20f6373f2303070d,Kubota,KH 91,Kubota KH 91,,,,True
697586ef20f6373f2303070e,Kubota,KN 36,Kubota KN 36,,,,True
697586ef20f6373f2303070f,Kubota,KN 51,Kubota KN 51,,,,True
697586ef20f6373f23030710,Kubota,KX 007,Kubota KX 007,,,,True
697586ef20f6373f23030711,Kubota,KX 008,Kubota KX 008,,,,True
697586ef20f6373f23030712,Kubota,KX 012,Kubota KX 012,,,,True
697586ef20f6373f23030713,Kubota,KX 014,Kubota KX 014,,,,True
697586ef20f6373f23030714,Kubota,KX 015-4,Kubota KX 015-4,,,,True
697586ef20f6373f23030715,Kubota,KX 016-4,Kubota KX 016-4,,,,True
697586ef20f6373f23030716,Kubota,KX 018-4,Kubota KX 018-4,,,,True
697586ef20f6373f23030717,Kubota,KX 019-4,Kubota KX 019-4,,,,True
697586ef20f6373f23030718,Kubota,KX 021 [OEM 250x109x35],Kubota KX 021 [OEM 250x109x35],,,,True
697586ef20f6373f23030719,Kubota,KX 021UR,Kubota KX 021UR,,,,True
697586ef20f6373f2303071a,Kubota,KX 024,Kubota KX 024,,,,True
697586ef20f6373f2303071b,Kubota,KX 026,Kubota KX 026,,,,True
697586ef20f6373f2303071c,Kubota,KX 027,Kubota KX 027,,,,True
697586ef20f6373f2303071d,Kubota,KX 027-4,Kubota KX 027-4,,,,True
697586ef20f6373f2303071e,Kubota,KX 030 [OEM 300x109x39],Kubota KX 030 [OEM 300x109x39],,,,True
697586ef20f6373f2303071f,Kubota,KX 030-4,Kubota KX 030-4,,,,True
697586ef20f6373f23030720,Kubota,KX 033 [OEM 300x109x39],Kubota KX 033 [OEM 300x109x39],,,,True
697586ef20f6373f23030721,Kubota,KX 033-4,Kubota KX 033-4,,,,True
697586ef20f6373f23030722,Kubota,KX 037-4,Kubota KX 037-4,,,,True
697586ef20f6373f23030723,Kubota,KX 040,Kubota KX 040,,,,True
697586ef20f6373f23030724,Kubota,KX 040-4,Kubota KX 040-4,,,,True
697586ef20f6373f23030725,Kubota,KX 040-4HGA,Kubota KX 040-4HGA,,,,True
697586ef20f6373f23030726,Kubota,KX 041,Kubota KX 041,,,,True
697586ef20f6373f23030727,Kubota,KX 042-4,Kubota KX 042-4,,,,True
697586ef20f6373f23030728,Kubota,KX 045,Kubota KX 045,,,,True
697586ef20f6373f23030729,Kubota,KX 057-4,Kubota KX 057-4,,,,True
697586ef20f6373f2303072a,Kubota,KX 057-5,Kubota KX 057-5,,,,True
697586ef20f6373f2303072b,Kubota,KX 060-5,Kubota KX 060-5,,,,True
697586ef20f6373f2303072c,Kubota,KX 080,Kubota KX 080,,,,True
697586ef20f6373f2303072d,Kubota,KX 080-3,Kubota KX 080-3,,,,True
697586ef20f6373f2303072e,Kubota,KX 080-4,Kubota KX 080-4,,,,True
697586ef20f6373f2303072f,Kubota,KX 100-5,Kubota KX 100-5,,,,True
697586ef20f6373f23030730,Kubota,KX 101,Kubota KX 101,,,,True
697586ef20f6373f23030731,Kubota,KX 101-3,Kubota KX 101-3,,,,True
697586ef20f6373f23030732,Kubota,KX 101-3&2,Kubota KX 101-3&2,,,,True
697586ef20f6373f23030733,Kubota,KX 101-3&3,Kubota KX 101-3&3,,,,True
697586ef20f6373f23030734,Kubota,KX 101-3&4,Kubota KX 101-3&4,,,,True
697586ef20f6373f23030735,Kubota,KX 12,Kubota KX 12,,,,True
697586ef20f6373f23030736,Kubota,KX 120-5,Kubota KX 120-5,,,,True
697586ef20f6373f23030737,Kubota,KX 121-2,Kubota KX 121-2,,,,True
697586ef20f6373f23030738,Kubota,KX 121-2S,Kubota KX 121-2S,,,,True
697586ef20f6373f23030739,Kubota,KX 121-3,Kubota KX 121-3,,,,True
697586ef20f6373f2303073a,Kubota,KX 121-3&,Kubota KX 121-3&,,,,True
697586ef20f6373f2303073b,Kubota,KX 151,Kubota KX 151,,,,True
697586ef20f6373f2303073c,Kubota,KX 161-2,Kubota KX 161-2,,,,True
697586ef20f6373f2303073d,Kubota,KX 161-2S,Kubota KX 161-2S,,,,True
697586ef20f6373f2303073e,Kubota,KX 161-2SR,Kubota KX 161-2SR,,,,True
697586ef20f6373f2303073f,Kubota,KX 161-3,Kubota KX 161-3,,,,True
697586ef20f6373f23030740,Kubota,KX 161-3&,Kubota KX 161-3&,,,,True
697586ef20f6373f23030741,Kubota,KX 161-3CX,Kubota KX 161-3CX,,,,True
697586ef20f6373f23030742,Kubota,KX 21,Kubota KX 21,,,,True
697586ef20f6373f23030743,Kubota,KX 251,Kubota KX 251,,,,True
697586ef20f6373f23030744,Kubota,KX 251N2PG,Kubota KX 251N2PG,,,,True
697586ef20f6373f23030745,Kubota,KX 28,Kubota KX 28,,,,True
697586ef20f6373f23030746,Kubota,KX 36,Kubota KX 36,,,,True
697586ef20f6373f23030747,Kubota,KX 36-2,Kubota KX 36-2,,,,True
697586ef20f6373f23030748,Kubota,KX 36-3,Kubota KX 36-3,,,,True
697586ef20f6373f23030749,Kubota,KX 36-3GL,Kubota KX 36-3GL,,,,True
697586ef20f6373f2303074a,Kubota,KX 36-3HGL,Kubota KX 36-3HGL,,,,True
697586ef20f6373f2303074b,Kubota,KX 36HG,Kubota KX 36HG,,,,True
697586ef20f6373f2303074c,Kubota,KX 41,Kubota KX 41,,,,True
697586ef20f6373f2303074d,Kubota,KX 41-2,Kubota KX 41-2,,,,True
697586ef20f6373f2303074e,Kubota,KX 41-2S,Kubota KX 41-2S,,,,True
697586ef20f6373f2303074f,Kubota,KX 41-2SC,Kubota KX 41-2SC,,,,True
697586ef20f6373f23030750,Kubota,KX 41-2SV,Kubota KX 41-2SV,,,,True
697586ef20f6373f23030751,Kubota,KX 41-2V,Kubota KX 41-2V,,,,True
697586ef20f6373f23030752,Kubota,KX 41-2VC,Kubota KX 41-2VC,,,,True
697586ef20f6373f23030753,Kubota,KX 41-3 [S/N < 20972],Kubota KX 41-3 [S/N < 20972],,,,True
697586ef20f6373f23030754,Kubota,KX 41-3 [S/N > 30001],Kubota KX 41-3 [S/N > 30001],,,,True
697586ef20f6373f23030755,Kubota,KX 41-3S,Kubota KX 41-3S,,,,True
697586ef20f6373f23030756,Kubota,KX 41-3SGL,Kubota KX 41-3SGL,,,,True
697586ef20f6373f23030757,Kubota,KX 41-3V(2009),Kubota KX 41-3V(2009),,,,True
697586ef20f6373f23030758,Kubota,KX 41-3V(2010 & UP),Kubota KX 41-3V(2010 & UP),,,,True
697586ef20f6373f23030759,Kubota,KX 41-3VGL,Kubota KX 41-3VGL,,,,True
697586ef20f6373f2303075a,Kubota,KX 41HG,Kubota KX 41HG,,,,True
697586ef20f6373f2303075b,Kubota,KX 41L,Kubota KX 41L,,,,True
697586ef20f6373f2303075c,Kubota,KX 51,Kubota KX 51,,,,True
697586ef20f6373f2303075d,Kubota,KX 61,Kubota KX 61,,,,True
697586ef20f6373f2303075e,Kubota,KX 61-2,Kubota KX 61-2,,,,True
697586ef20f6373f2303075f,Kubota,KX 61-2&,Kubota KX 61-2&,,,,True
697586ef20f6373f23030760,Kubota,KX 61-2S,Kubota KX 61-2S,,,,True
697586ef20f6373f23030761,Kubota,KX 61-3,Kubota KX 61-3,,,,True
697586ef20f6373f23030762,Kubota,KX 71,Kubota KX 71,,,,True
697586ef20f6373f23030763,Kubota,KX 71-2,Kubota KX 71-2,,,,True
697586ef20f6373f23030764,Kubota,KX 71-2&,Kubota KX 71-2&,,,,True
697586ef20f6373f23030765,Kubota,KX 71-3,Kubota KX 71-3,,,,True
697586ef20f6373f23030766,Kubota,KX 71-3GL,Kubota KX 71-3GL,,,,True
697586ef20f6373f23030767,Kubota,KX 75UR,Kubota KX 75UR,,,,True
697586ef20f6373f23030768,Kubota,KX 80,Kubota KX 80,,,,True
697586ef20f6373f23030769,Kubota,KX 90,Kubota KX 90,,,,True
697586ef20f6373f2303076a,Kubota,KX 91-2,Kubota KX 91-2,,,,True
697586ef20f6373f2303076b,Kubota,KX 91-2S,Kubota KX 91-2S,,,,True
697586ef20f6373f2303076c,Kubota,KX 91-2SR,Kubota KX 91-2SR,,,,True
697586ef20f6373f2303076d,Kubota,KX 91-3,Kubota KX 91-3,,,,True
697586ef20f6373f2303076e,Kubota,KX 91-3&,Kubota KX 91-3&,,,,True
697586ef20f6373f2303076f,Kubota,KX 91-3&-2,Kubota KX 91-3&-2,,,,True
697586ef20f6373f23030770,Kubota,KXB 300,Kubota KXB 300,,,,True
697586ef20f6373f230301da,Hinowa,LL 14.72 (Lifter),Hinowa LL 14.72 (Lifter),,,,False
697586ef20f6373f230301db,Hinowa,LL 15.70 (Lifter),Hinowa LL 15.70 (Lifter),,,,False
697586ef20f6373f230301dc,Hinowa,LL 19.65 (Lifter),Hinowa LL 19.65 (Lifter),,,,False
697586ef20f6373f230301dd,Hinowa,LL 23.12 (Lifter),Hinowa LL 23.12 (Lifter),,,,False
697586ef20f6373f230301de,Hinowa,LL 33.17 (Lifter),Hinowa LL 33.17 (Lifter),,,,False
697586ef20f6373f23030a71,Sumitomo,LS 1000FXJ2,Sumitomo LS 1000FXJ2,,,,True
697586ef20f6373f23030a72,Sumitomo,LS 1000FXJ3,Sumitomo LS 1000FXJ3,,,,True
697586ef20f6373f23030a73,Sumitomo,LS 1200FXJ2,Sumitomo LS 1200FXJ2,,,,True
697586ef20f6373f23030a74,Sumitomo,LS 1200FXJ3,Sumitomo LS 1200FXJ3,,,,True
697586ef20f6373f23030a75,Sumitomo,LS 1300FXJ2,Sumitomo LS 1300FXJ2,,,,True
697586ef20f6373f23030a76,Sumitomo,LS 1300FXJ3,Sumitomo LS 1300FXJ3,,,,True
697586ef20f6373f23030a77,Sumitomo,LS 1350UXJ,Sumitomo LS 1350UXJ,,,,True
697586ef20f6373f230308fc,New Holland,LS 160,New Holland LS 160,,,,True
697586ef20f6373f23030a78,Sumitomo,LS 160,Sumitomo LS 160,,,,True
697586ef20f6373f230307ba,Link-Belt,LS 1600C,Link-Belt LS 1600C,,,,True
697586ef20f6373f230308fd,New Holland,LS 170,New Holland LS 170,,,,True
697586ef20f6373f230308fe,New Holland,LS 180,New Holland LS 180,,,,True
697586ef20f6373f230308ff,New Holland,LS 185 B,New Holland LS 185 B,,,,True
697586ef20f6373f23030900,New Holland,LS 190,New Holland LS 190,,,,True
697586ef20f6373f23030a79,Sumitomo,LS 300FXJ,Sumitomo LS 300FXJ,,,,True
697586ef20f6373f23030a7a,Sumitomo,LS 500FXJ,Sumitomo LS 500FXJ,,,,True
697586ef20f6373f23030a7b,Sumitomo,LS 600FXJ,Sumitomo LS 600FXJ,,,,True
697586ef20f6373f23030a7c,Sumitomo,LS 600FXJ3,Sumitomo LS 600FXJ3,,,,True
697586ef20f6373f23030a7d,Sumitomo,LS 600PXJ3,Sumitomo LS 600PXJ3,,,,True
697586ef20f6373f23030a7e,Sumitomo,LS 700FXJ2,Sumitomo LS 700FXJ2,,,,True
697586ef20f6373f23030a7f,Sumitomo,LS 700FXJ3,Sumitomo LS 700FXJ3,,,,True
697586ef20f6373f23030a80,Sumitomo,LS 800FXJ2,Sumitomo LS 800FXJ2,,,,True
697586ef20f6373f23030a81,Sumitomo,LS 800FXJ3,Sumitomo LS 800FXJ3,,,,True
697586ef20f6373f23030a82,Sumitomo,LS 850UXJ,Sumitomo LS 850UXJ,,,,True
697586ef20f6373f23030a83,Sumitomo,LS 850UXJ2,Sumitomo LS 850UXJ2,,,,True
697586ef20f6373f23030a84,Sumitomo,LS 900FXJ2,Sumitomo LS 900FXJ2,,,,True
697586ef20f6373f23030a85,Sumitomo,LS 900FXJ3,Sumitomo LS 900FXJ3,,,,True
697586ef20f6373f23030901,New Holland,LT 175B,New Holland LT 175B,,,,True
697586ef20f6373f23030902,New Holland,LT 185B,New Holland LT 185B,,,,True
697586ef20f6373f23030903,New Holland,LT 190B,New Holland LT 190B,,,,True
697586ef20f6373f23030904,New Holland,LX 865,New Holland LX 865,,,,True
697586ef20f6373f23030905,New Holland,LX 885,New Holland LX 885,,,,True
697586ef20f6373f2302fe59,CASE,LX 92,CASE LX 92,,,,True
697586ef20f6373f23030906,New Holland,LX 985,New Holland LX 985,,,,True
697586ef20f6373f23030c2c,Volvo,MC 110 (VTS System for Skidsteer Loader),Volvo MC 110 (VTS System for Skidsteer Loader),,,,True
697586ef20f6373f2303042f,IHI,MC 15,IHI MC 15,,,,True
697586ef20f6373f23030c2d,Volvo,MC 70 (Compact Track Loader),Volvo MC 70 (Compact Track Loader),,,,True
697586ef20f6373f23030c2e,Volvo,MC 70 (VTS System for Skidsteer Loader),Volvo MC 70 (VTS System for Skidsteer Loader),,,,True
697586ef20f6373f23030c2f,Volvo,MC 80 (VTS System for Skidsteer Loader,Volvo MC 80 (VTS System for Skidsteer Loader,,,,True
697586ef20f6373f23030c30,Volvo,MC 80 (VTS System for Skidsteer Loader),Volvo MC 80 (VTS System for Skidsteer Loader),,,,True
697586ef20f6373f23030c31,Volvo,MC 90 (VTS System for Skidsteer Loader),Volvo MC 90 (VTS System for Skidsteer Loader),,,,True
697586ef20f6373f23030d57,Yanmar,MCG 100 (Carrier),Yanmar MCG 100 (Carrier),,,,True
697586ef20f6373f23030d58,Yanmar,MCG 111F (Carrier),Yanmar MCG 111F (Carrier),,,,True
697586ef20f6373f23030d59,Yanmar,MCG 130 (Carrier),Yanmar MCG 130 (Carrier),,,,True
697586ef20f6373f23030d5a,Yanmar,MCG 131 (Carrier),Yanmar MCG 131 (Carrier),,,,True
697586ef20f6373f23030d5b,Yanmar,MCG 150 (Carrier),Yanmar MCG 150 (Carrier),,,,True
697586ef20f6373f23030d5c,Yanmar,MCG 91 (Carrier),Yanmar MCG 91 (Carrier),,,,True
697586ef20f6373f23030d5d,Yanmar,MCG 95 (Carrier),Yanmar MCG 95 (Carrier),,,,True
697586ef20f6373f23030d5e,Yanmar,MCG 95 N-HST,Yanmar MCG 95 N-HST,,,,True
697586ef20f6373f23030d5f,Yanmar,MCG 950 (Carrier),Yanmar MCG 950 (Carrier),,,,True
697586ef20f6373f23030c32,Volvo,MCT 110C (Compact Track Loader),Volvo MCT 110C (Compact Track Loader),,,,True
697586ef20f6373f23030c33,Volvo,MCT 125C (Compact Track Loader),Volvo MCT 125C (Compact Track Loader),,,,True
697586ef20f6373f23030c34,Volvo,MCT 135C (Compact Track Loader),Volvo MCT 135C (Compact Track Loader),,,,True
697586ef20f6373f23030c35,Volvo,MCT 145C (Compact Track Loader),Volvo MCT 145C (Compact Track Loader),,,,True
697586ef20f6373f23030c36,Volvo,MCT 85C (Compact Track Loader),Volvo MCT 85C (Compact Track Loader),,,,True
697586ef20f6373f2302fbf5,ASV,MD-70,ASV MD-70,,,,True
697586ef20f6373f2303087b,Mustang,ME 1402,Mustang ME 1402,,,,False
697586ef20f6373f230302a7,Hitachi,ME 15,Hitachi ME 15,,,,True
697586ef20f6373f23030834,Mitsubishi,ME 15,Mitsubishi ME 15,,,,False
697586ef20f6373f2303087c,Mustang,ME 1502,Mustang ME 1502,,,,False
697586ef20f6373f2303087d,Mustang,ME 1503,Mustang ME 1503,,,,False
697586ef20f6373f230302a8,Hitachi,ME 15S,Hitachi ME 15S,,,,True
697586ef20f6373f2303087e,Mustang,ME 1902,Mustang ME 1902,,,,False
697586ef20f6373f2303087f,Mustang,ME 1903,Mustang ME 1903,,,,False
697586ef20f6373f23030880,Mustang,ME 2202,Mustang ME 2202,,,,False
697586ef20f6373f23030881,Mustang,ME 2203,Mustang ME 2203,,,,False
697586ef20f6373f23030882,Mustang,ME 2503,Mustang ME 2503,,,,False
697586ef20f6373f23030883,Mustang,ME 2702,Mustang ME 2702,,,,False
697586ef20f6373f23030884,Mustang,ME 2902,Mustang ME 2902,,,,False
697586ef20f6373f23030835,Mitsubishi,ME 30,Mitsubishi ME 30,,,,False
697586ef20f6373f23030885,Mustang,ME 3003,Mustang ME 3003,,,,False
697586ef20f6373f23030886,Mustang,ME 3402,Mustang ME 3402,,,,False
697586ef20f6373f23030887,Mustang,ME 3503,Mustang ME 3503,,,,False
697586ef20f6373f23030888,Mustang,ME 3602,Mustang ME 3602,,,,False
697586ef20f6373f23030889,Mustang,ME 3703,Mustang ME 3703,,,,False
697586ef20f6373f2303088a,Mustang,ME 5002,Mustang ME 5002,,,,False
697586ef20f6373f2303088b,Mustang,ME 5003,Mustang ME 5003,,,,False
697586ef20f6373f2303088c,Mustang,ME 6002,Mustang ME 6002,,,,False
697586ef20f6373f2303088d,Mustang,ME 6003,Mustang ME 6003,,,,False
697586ef20f6373f2303088e,Mustang,ME 6502,Mustang ME 6502,,,,False
697586ef20f6373f2303088f,Mustang,ME 8002,Mustang ME 8002,,,,False
697586ef20f6373f2302feef,CAT,ME08,CAT ME08,,,,True
697586ef20f6373f2302fef0,CAT,ME08B,CAT ME08B,,,,True
697586ef20f6373f2302fef1,CAT,ME15,CAT ME15,,,,True
697586ef20f6373f2302fef2,CAT,ME20,CAT ME20,,,,True
697586ef20f6373f2302fef3,CAT,ME25,CAT ME25,,,,True
697586ef20f6373f2302fef4,CAT,ME30,CAT ME30,,,,True
697586ef20f6373f2302fef5,CAT,ME30B,CAT ME30B,,,,True
697586ef20f6373f2302fef6,CAT,ME30T,CAT ME30T,,,,True
697586ef20f6373f2302fef7,CAT,ME35,CAT ME35,,,,True
697586ef20f6373f2302fef8,CAT,ME40,CAT ME40,,,,True
697586ef20f6373f2302fef9,CAT,ME40R,CAT ME40R,,,,True
697586ef20f6373f2302fefa,CAT,ME45,CAT ME45,,,,True
697586ef20f6373f2302fcce,Ausa,MH08,Ausa MH08,,,,True
697586ef20f6373f2302fccf,Ausa,MH15,Ausa MH15,,,,True
697586ef20f6373f2302fefb,CAT,MH15,CAT MH15,,,,True
697586ef20f6373f2302fcd0,Ausa,MH25,Ausa MH25,,,,True
697586ef20f6373f2302fcd1,Ausa,MH35,Ausa MH35,,,,True
697586ef20f6373f2302fcd2,Ausa,MH35R,Ausa MH35R,,,,True
697586ef20f6373f2302fcd3,Ausa,MH55,Ausa MH55,,,,True
697586ef20f6373f2302fcd4,Ausa,MH75,Ausa MH75,,,,True
697586ef20f6373f23030836,Mitsubishi,MM 20,Mitsubishi MM 20,,,,False
697586ef20f6373f23030837,Mitsubishi,MM 25,Mitsubishi MM 25,,,,False
697586ef20f6373f23030838,Mitsubishi,MM 30CR,Mitsubishi MM 30CR,,,,False
697586ef20f6373f23030839,Mitsubishi,MM 35,Mitsubishi MM 35,,,,False
697586ef20f6373f2303083a,Mitsubishi,MM 35A,Mitsubishi MM 35A,,,,False
697586ef20f6373f2303083b,Mitsubishi,MM 35B,Mitsubishi MM 35B,,,,False
697586ef20f6373f2303083c,Mitsubishi,MM 35T,Mitsubishi MM 35T,,,,False
697586ef20f6373f2303083d,Mitsubishi,MM 40,Mitsubishi MM 40,,,,False
697586ef20f6373f2303083e,Mitsubishi,MM 40SR,Mitsubishi MM 40SR,,,,False
697586ef20f6373f2303083f,Mitsubishi,MM 45B,Mitsubishi MM 45B,,,,False
697586ef20f6373f23030840,Mitsubishi,MM 55SR,Mitsubishi MM 55SR,,,,False
697586ef20f6373f2302fefc,CAT,MM08B,CAT MM08B,,,,True
697586ef20f6373f2302fefd,CAT,MM15,CAT MM15,,,,True
697586ef20f6373f2302fefe,CAT,MM15-7,CAT MM15-7,,,,True
697586ef20f6373f2302feff,CAT,MM15T,CAT MM15T,,,,True
697586ef20f6373f2302ff00,CAT,MM20,CAT MM20,,,,True
697586ef20f6373f2302ff01,CAT,MM20CR (Corner Rad),CAT MM20CR (Corner Rad),,,,True
697586ef20f6373f2302ff02,CAT,MM20SR (short Rad),CAT MM20SR (short Rad),,,,True
697586ef20f6373f2302ff03,CAT,MM20T,CAT MM20T,,,,True
697586ef20f6373f2302ff04,CAT,MM25,CAT MM25,,,,True
697586ef20f6373f2302ff05,CAT,MM25T,CAT MM25T,,,,True
697586ef20f6373f2302ff06,CAT,MM30,CAT MM30,,,,True
697586ef20f6373f2302ff07,CAT,MM30B,CAT MM30B,,,,True
697586ef20f6373f2302ff08,CAT,MM30CR,CAT MM30CR,,,,True
697586ef20f6373f2302ff09,CAT,MM30CR-2 (corner rad),CAT MM30CR-2 (corner rad),,,,True
697586ef20f6373f2302ff0a,CAT,MM30SR (short rad),CAT MM30SR (short rad),,,,True
697586ef20f6373f2302ff0b,CAT,MM30T,CAT MM30T,,,,True
697586ef20f6373f2302ff0c,CAT,MM35,CAT MM35,,,,True
697586ef20f6373f2302ff0d,CAT,MM35B,CAT MM35B,,,,True
697586ef20f6373f2302ff0e,CAT,MM35T,CAT MM35T,,,,True
697586ef20f6373f2302ff0f,CAT,MM40B,CAT MM40B,,,,True
697586ef20f6373f2302ff10,CAT,MM40CR,CAT MM40CR,,,,True
697586ef20f6373f2302ff11,CAT,MM40CR-2 (corner rad),CAT MM40CR-2 (corner rad),,,,True
697586ef20f6373f2302ff12,CAT,MM40SR (short rad),CAT MM40SR (short rad),,,,True
697586ef20f6373f2302ff13,CAT,MM40SR-2 (short rad),CAT MM40SR-2 (short rad),,,,True
697586ef20f6373f2302ff14,CAT,MM40T,CAT MM40T,,,,True
697586ef20f6373f2302ff15,CAT,MM45,CAT MM45,,,,True
697586ef20f6373f2302ff16,CAT,MM45B,CAT MM45B,,,,True
697586ef20f6373f2302ff17,CAT,MM45T,CAT MM45T,,,,True
697586ef20f6373f2302ff18,CAT,MM55SR,CAT MM55SR,,,,True
697586ef20f6373f2302ff19,CAT,MM57SR (short rad),CAT MM57SR (short rad),,,,True
697586ef20f6373f2302ff1a,CAT,MMCR,CAT MMCR,,,,True
697586ef20f6373f23030841,Mitsubishi,MS 010,Mitsubishi MS 010,,,,False
697586ef20f6373f23030b93,Thomas,MS 25G (Skid steer loader),Thomas MS 25G (Skid steer loader),,,,False
697586ef20f6373f2302ff1b,CAT,MS010,CAT MS010,,,,True
697586ef20f6373f23030849,Morooka,MST 1500,Morooka MST 1500,,,,False
697586ef20f6373f2303084a,Morooka,MST 1500-P,Morooka MST 1500-P,,,,False
697586ef20f6373f2303084b,Morooka,MST 1500E,Morooka MST 1500E,,,,False
697586ef20f6373f2303084c,Morooka,MST 1500V,Morooka MST 1500V,,,,False
697586ef20f6373f2303084d,Morooka,MST 1500VD,Morooka MST 1500VD,,,,False
697586ef20f6373f2303084e,Morooka,MST 1700,Morooka MST 1700,,,,False
697586ef20f6373f2303084f,Morooka,MST 1900,Morooka MST 1900,,,,False
697586ef20f6373f23030850,Morooka,MST 2200,Morooka MST 2200,,,,False
697586ef20f6373f23030851,Morooka,MST 2200V,Morooka MST 2200V,,,,False
697586ef20f6373f23030852,Morooka,MST 2200VD,Morooka MST 2200VD,,,,False
697586ef20f6373f23030853,Morooka,MST 2300,Morooka MST 2300,,,,False
697586ef20f6373f23030854,Morooka,MST 600V,Morooka MST 600V,,,,False
697586ef20f6373f23030855,Morooka,MST 600VD,Morooka MST 600VD,,,,False
697586ef20f6373f2302fd5f,Bobcat,MT 100,Bobcat MT 100,,,,True
697586ef20f6373f2302fd60,Bobcat,MT100,Bobcat MT100,,,,True
697586ef20f6373f2302fd61,Bobcat,MT120,Bobcat MT120,,,,True
697586ef20f6373f2302fd62,Bobcat,MT50,Bobcat MT50,,,,True
697586ef20f6373f2302fd63,Bobcat,MT52,Bobcat MT52,,,,True
697586ef20f6373f2302fd64,Bobcat,MT55,Bobcat MT55,,,,True
697586ef20f6373f2302fd65,Bobcat,MT85,Bobcat MT85,,,,True
697586ef20f6373f23030890,Mustang,MTL 16,Mustang MTL 16,,,,False
697586ef20f6373f23030891,Mustang,MTL 20,Mustang MTL 20,,,,False
697586ef20f6373f23030892,Mustang,MTL 25,Mustang MTL 25,,,,False
697586ef20f6373f23030893,Mustang,MTL 312,Mustang MTL 312,,,,False
697586ef20f6373f23030894,Mustang,MTL 316,Mustang MTL 316,,,,False
697586ef20f6373f23030895,Mustang,MTL 320,Mustang MTL 320,,,,False
697586ef20f6373f23030896,Mustang,MTL 325,Mustang MTL 325,,,,False
697586ef20f6373f230304a5,JCB,MTl 200,JCB MTl 200,,,,True
697586ef20f6373f2302fffd,Ditch-Witch,MX 15,Ditch-Witch MX 15,,,,True
697586ef20f6373f2302fffe,Ditch-Witch,MX 182,Ditch-Witch MX 182,,,,True
697586ef20f6373f2302ffff,Ditch-Witch,MX 202,Ditch-Witch MX 202,,,,True
697586ef20f6373f23030000,Ditch-Witch,MX 27,Ditch-Witch MX 27,,,,True
697586ef20f6373f23030001,Ditch-Witch,MX 27-2,Ditch-Witch MX 27-2,,,,True
697586ef20f6373f23030002,Ditch-Witch,MX 35,Ditch-Witch MX 35,,,,True
697586ef20f6373f23030842,Mitsubishi,MX 35,Mitsubishi MX 35,,,,False
697586ef20f6373f23030003,Ditch-Witch,MX 352,Ditch-Witch MX 352,,,,True
697586ef20f6373f23030004,Ditch-Witch,MX 45,Ditch-Witch MX 45,,,,True
697586ef20f6373f23030843,Mitsubishi,MX 45,Mitsubishi MX 45,,,,False
697586ef20f6373f23030005,Ditch-Witch,MX 45 CA,Ditch-Witch MX 45 CA,,,,True
697586ef20f6373f23030006,Ditch-Witch,MX 502,Ditch-Witch MX 502,,,,True
697586ef20f6373f2302ff1c,CAT,MX35,CAT MX35,,,,True
697586ef20f6373f2302ff1d,CAT,MX45,CAT MX45,,,,True
697586ef20f6373f23030007,Ditch-Witch,MX9,Ditch-Witch MX9,,,,True
697586ef20f6373f230304a6,JCB,Micro,JCB Micro,,,,True
697586ef20f6373f230304a7,JCB,Micro 8008,JCB Micro 8008,,,,True
697586ef20f6373f230304a8,JCB,Micro Light,JCB Micro Light,,,,True
697586ef20f6373f230304a9,JCB,Micro Plus,JCB Micro Plus,,,,True
697586ef20f6373f2302fca6,Astec,Mini-Excavator,Astec Mini-Excavator,,,,True
697586ef20f6373f230301a2,Haulotte,Mygalift19 (Lifting Platform),Haulotte Mygalift19 (Lifting Platform),,,,False
697586ef20f6373f23030178,Hanix,N 050,Hanix N 050,,,,False
697586ef20f6373f2303091e,Nissan,N 050,Nissan N 050,,,,True
697586ef20f6373f23030179,Hanix,N 06,Hanix N 06,,,,False
697586ef20f6373f2303091f,Nissan,N 06,Nissan N 06,,,,True
697586ef20f6373f2303017a,Hanix,N 060,Hanix N 060,,,,False
697586ef20f6373f23030920,Nissan,N 060,Nissan N 060,,,,True
697586ef20f6373f2303017b,Hanix,N 080,Hanix N 080,,,,False
697586ef20f6373f23030921,Nissan,N 080,Nissan N 080,,,,True
697586ef20f6373f23030922,Nissan,N 080 3LR,Nissan N 080 3LR,,,,True
697586ef20f6373f2303017c,Hanix,N 080-1,Hanix N 080-1,,,,False
697586ef20f6373f2303017d,Hanix,N 080-2,Hanix N 080-2,,,,False
697586ef20f6373f23030923,Nissan,N 080-2,Nissan N 080-2,,,,True
697586ef20f6373f2303017e,Hanix,N 080-2LR,Hanix N 080-2LR,,,,False
697586ef20f6373f23030924,Nissan,N 080-2LR,Nissan N 080-2LR,,,,True
697586ef20f6373f2303017f,Hanix,N 080-3LR,Hanix N 080-3LR,,,,False
697586ef20f6373f23030180,Hanix,N 120,Hanix N 120,,,,False
697586ef20f6373f23030925,Nissan,N 120,Nissan N 120,,,,True
697586ef20f6373f23030181,Hanix,N 120-2,Hanix N 120-2,,,,False
697586ef20f6373f23030926,Nissan,N 120-2,Nissan N 120-2,,,,True
697586ef20f6373f23030182,Hanix,N 120R,Hanix N 120R,,,,False
697586ef20f6373f23030927,Nissan,N 120R,Nissan N 120R,,,,True
697586ef20f6373f23030183,Hanix,N 150,Hanix N 150,,,,False
697586ef20f6373f23030928,Nissan,N 150,Nissan N 150,,,,True
697586ef20f6373f23030184,Hanix,N 150-2,Hanix N 150-2,,,,False
697586ef20f6373f23030929,Nissan,N 150-2,Nissan N 150-2,,,,True
697586ef20f6373f2303092a,Nissan,N 150-2R,Nissan N 150-2R,,,,True
697586ef20f6373f23030185,Hanix,N 150R,Hanix N 150R,,,,False
697586ef20f6373f2303092b,Nissan,N 150R,Nissan N 150R,,,,True
697586ef20f6373f23030186,Hanix,N 220-2,Hanix N 220-2,,,,False
697586ef20f6373f2303092c,Nissan,N 220-2,Nissan N 220-2,,,,True
697586ef20f6373f23030187,Hanix,N 230-2,Hanix N 230-2,,,,False
697586ef20f6373f2303092d,Nissan,N 230-2,Nissan N 230-2,,,,True
697586ef20f6373f2303092e,Nissan,N 230-2R,Nissan N 230-2R,,,,True
697586ef20f6373f23030188,Hanix,N 250-2,Hanix N 250-2,,,,False
697586ef20f6373f2303092f,Nissan,N 250-2,Nissan N 250-2,,,,True
697586ef20f6373f23030189,Hanix,N 260-2,Hanix N 260-2,,,,False
697586ef20f6373f23030930,Nissan,N 260-2,Nissan N 260-2,,,,True
697586ef20f6373f23030931,Nissan,N 260-2R,Nissan N 260-2R,,,,True
697586ef20f6373f2303018a,Hanix,N 300-2,Hanix N 300-2,,,,False
697586ef20f6373f23030932,Nissan,N 300-2,Nissan N 300-2,,,,True
697586ef20f6373f23030933,Nissan,N 300-2R,Nissan N 300-2R,,,,True
697586ef20f6373f2303018b,Hanix,N 35,Hanix N 35,,,,False
697586ef20f6373f23030934,Nissan,N 35,Nissan N 35,,,,True
697586ef20f6373f2303018c,Hanix,N 350-2,Hanix N 350-2,,,,False
697586ef20f6373f23030935,Nissan,N 350-2,Nissan N 350-2,,,,True
697586ef20f6373f23030936,Nissan,N 350-2R,Nissan N 350-2R,,,,True
697586ef20f6373f2303018d,Hanix,N 80,Hanix N 80,,,,False
697586ef20f6373f23030937,Nissan,N 80,Nissan N 80,,,,True
697586ef20f6373f2303018e,Hanix,N 80-2,Hanix N 80-2,,,,False
697586ef20f6373f23030938,Nissan,N 80-2,Nissan N 80-2,,,,True
697586ef20f6373f2303018f,Hanix,N 80-2R,Hanix N 80-2R,,,,False
697586ef20f6373f23030939,Nissan,N 80-2R,Nissan N 80-2R,,,,True
697586ef20f6373f23030898,Nagano,NB 30,Nagano NB 30,,,,False
697586ef20f6373f23030190,Hanix,NH 070,Hanix NH 070,,,,False
697586ef20f6373f23030899,Nagano,NS 08-2,Nagano NS 08-2,,,,False
697586ef20f6373f2303089a,Nagano,NS 15,Nagano NS 15,,,,False
697586ef20f6373f2303089b,Nagano,NS 15-2,Nagano NS 15-2,,,,False
697586ef20f6373f2303089c,Nagano,NS 15-3,Nagano NS 15-3,,,,False
697586ef20f6373f2303089d,Nagano,NS 16-3,Nagano NS 16-3,,,,False
697586ef20f6373f23030191,Hanix,NS 25,Hanix NS 25,,,,False
697586ef20f6373f2303089e,Nagano,NS 25,Nagano NS 25,,,,False
697586ef20f6373f2303089f,Nagano,NS 30,Nagano NS 30,,,,False
697586ef20f6373f230308a0,Nagano,NS 35,Nagano NS 35,,,,False
697586ef20f6373f230308a1,Nagano,NS 35-2,Nagano NS 35-2,,,,False
697586ef20f6373f230308a2,Nagano,NS 35-2A,Nagano NS 35-2A,,,,False
697586ef20f6373f230308a3,Nagano,NS 35-2B,Nagano NS 35-2B,,,,False
697586ef20f6373f230308a4,Nagano,NS 75-2,Nagano NS 75-2,,,,False
697586ef20f6373f23030597,Komatsu,PC 03,Komatsu PC 03,,,,True
697586ef20f6373f23030598,Komatsu,PC 03 avance,Komatsu PC 03 avance,,,,True
697586ef20f6373f23030599,Komatsu,PC 03-1 (SN>1001),Komatsu PC 03-1 (SN>1001),,,,True
697586ef20f6373f2303059a,Komatsu,PC 03-2,Komatsu PC 03-2,,,,True
697586ef20f6373f2303059b,Komatsu,PC 03-2 avance (SN>15001),Komatsu PC 03-2 avance (SN>15001),,,,True
697586ef20f6373f2303059c,Komatsu,PC 05,Komatsu PC 05,,,,True
697586ef20f6373f2303059d,Komatsu,PC 05 avance R (8000<Sn&lt; 10619),Komatsu PC 05 avance R (8000<Sn&lt; 10619),,,,True
697586ef20f6373f2303059e,Komatsu,PC 05 avance R (SN>10616),Komatsu PC 05 avance R (SN>10616),,,,True
697586ef20f6373f2303059f,Komatsu,PC 05-1(SN>1001),Komatsu PC 05-1(SN>1001),,,,True
697586ef20f6373f230305a0,Komatsu,PC 05-2,Komatsu PC 05-2,,,,True
697586ef20f6373f230305a1,Komatsu,PC 05-5(SN>2501),Komatsu PC 05-5(SN>2501),,,,True
697586ef20f6373f230305a2,Komatsu,PC 05-6(SN<5001),Komatsu PC 05-6(SN<5001),,,,True
697586ef20f6373f230305a3,Komatsu,PC 05-6(SN>5001),Komatsu PC 05-6(SN>5001),,,,True
697586ef20f6373f230305a4,Komatsu,PC 05-7,Komatsu PC 05-7,,,,True
697586ef20f6373f230305a5,Komatsu,PC 05-8,Komatsu PC 05-8,,,,True
697586ef20f6373f230305a6,Komatsu,PC 05-R(S/N 8001-10618),Komatsu PC 05-R(S/N 8001-10618),,,,True
697586ef20f6373f230305a7,Komatsu,PC 05-R(SN>10618),Komatsu PC 05-R(SN>10618),,,,True
697586ef20f6373f230305a8,Komatsu,PC 07,Komatsu PC 07,,,,True
697586ef20f6373f230305a9,Komatsu,PC 07 avance R (S/N 3001-5460),Komatsu PC 07 avance R (S/N 3001-5460),,,,True
697586ef20f6373f230305aa,Komatsu,PC 07-1(S/N>1001),Komatsu PC 07-1(S/N>1001),,,,True
697586ef20f6373f230305ab,Komatsu,PC 07-2,Komatsu PC 07-2,,,,True
697586ef20f6373f230305ac,Komatsu,PC 07-2E(SN F11149),Komatsu PC 07-2E(SN F11149),,,,True
697586ef20f6373f230305ad,Komatsu,PC 07-6,Komatsu PC 07-6,,,,True
697586ef20f6373f230305ae,Komatsu,PC 07-7,Komatsu PC 07-7,,,,True
697586ef20f6373f230305af,Komatsu,PC 07FR-1,Komatsu PC 07FR-1,,,,True
697586ef20f6373f230305b0,Komatsu,PC 07R,Komatsu PC 07R,,,,True
697586ef20f6373f230305b1,Komatsu,PC 08,Komatsu PC 08,,,,True
697586ef20f6373f230305b2,Komatsu,PC 08 avance (SN>1000),Komatsu PC 08 avance (SN>1000),,,,True
697586ef20f6373f230305b3,Komatsu,PC 08U,Komatsu PC 08U,,,,True
697586ef20f6373f230305b4,Komatsu,PC 08UU,Komatsu PC 08UU,,,,True
697586ef20f6373f230305b5,Komatsu,PC 08UU-1,Komatsu PC 08UU-1,,,,True
697586ef20f6373f230305b6,Komatsu,PC 09,Komatsu PC 09,,,,True
697586ef20f6373f230305b7,Komatsu,PC 09-1 (2006),Komatsu PC 09-1 (2006),,,,True
697586ef20f6373f230305b8,Komatsu,PC 09FR,Komatsu PC 09FR,,,,True
697586ef20f6373f230305b9,Komatsu,PC 09FR-1,Komatsu PC 09FR-1,,,,True
697586ef20f6373f230305ba,Komatsu,PC 10-6 (SN>20001),Komatsu PC 10-6 (SN>20001),,,,True
697586ef20f6373f230305bb,Komatsu,PC 10FR,Komatsu PC 10FR,,,,True
697586ef20f6373f230305bc,Komatsu,PC 10MR,Komatsu PC 10MR,,,,True
697586ef20f6373f230305bd,Komatsu,PC 10MR-1 avance (SN>30001),Komatsu PC 10MR-1 avance (SN>30001),,,,True
697586ef20f6373f230305be,Komatsu,PC 10UU,Komatsu PC 10UU,,,,True
697586ef20f6373f230305bf,Komatsu,PC 10UU-3 avance (SN>10001),Komatsu PC 10UU-3 avance (SN>10001),,,,True
697586ef20f6373f230305c0,Komatsu,PC 20 MR ('2006),Komatsu PC 20 MR ('2006),,,,True
697586ef20f6373f230305c1,Komatsu,PC 20-2,Komatsu PC 20-2,,,,True
697586ef20f6373f230305c2,Komatsu,PC 20-6,Komatsu PC 20-6,,,,True
697586ef20f6373f230305c3,Komatsu,PC 20-7 (S/N < F20419),Komatsu PC 20-7 (S/N < F20419),,,,True
697586ef20f6373f230305c4,Komatsu,PC 20-7 (S/N > F20419),Komatsu PC 20-7 (S/N > F20419),,,,True
697586ef20f6373f230305c5,Komatsu,PC 20FR-1,Komatsu PC 20FR-1,,,,True
697586ef20f6373f230305c6,Komatsu,PC 20FR-2,Komatsu PC 20FR-2,,,,True
697586ef20f6373f230305c7,Komatsu,PC 20MR-1 avance (SN > 10001),Komatsu PC 20MR-1 avance (SN > 10001),,,,True
697586ef20f6373f230305c8,Komatsu,PC 20MRX,Komatsu PC 20MRX,,,,True
697586ef20f6373f230305c9,Komatsu,PC 20MRX Utility,Komatsu PC 20MRX Utility,,,,True
697586ef20f6373f230305ca,Komatsu,PC 20R,Komatsu PC 20R,,,,True
697586ef20f6373f230305cb,Komatsu,PC 20R Utility,Komatsu PC 20R Utility,,,,True
697586ef20f6373f230305cc,Komatsu,PC 20R-8 (SN > 10000) [OEM 260x52.5x76],Komatsu PC 20R-8 (SN > 10000) [OEM 260x52.5x76],,,,True
697586ef20f6373f230305cd,Komatsu,PC 20R-8 [OEM 260x109x37],Komatsu PC 20R-8 [OEM 260x109x37],,,,True
697586ef20f6373f230305ce,Komatsu,PC 20UU,Komatsu PC 20UU,,,,True
697586ef20f6373f230305cf,Komatsu,PC 20UU-3 avance (SN > 10001),Komatsu PC 20UU-3 avance (SN > 10001),,,,True
697586ef20f6373f230305d0,Komatsu,PC 22MR-3,Komatsu PC 22MR-3,,,,True
697586ef20f6373f230305d1,Komatsu,PC 24MR-5,Komatsu PC 24MR-5,,,,True
697586ef20f6373f230305d2,Komatsu,PC 25,Komatsu PC 25,,,,True
697586ef20f6373f230305d3,Komatsu,PC 25 avance R (1001 < SN &lt; 6470),Komatsu PC 25 avance R (1001 < SN &lt; 6470),,,,True
697586ef20f6373f230305d4,Komatsu,PC 25 avance R (SN > 6471),Komatsu PC 25 avance R (SN > 6471),,,,True
697586ef20f6373f230305d5,Komatsu,PC 25-1 (SN > 6470),Komatsu PC 25-1 (SN > 6470),,,,True
697586ef20f6373f230305d6,Komatsu,PC 25-2,Komatsu PC 25-2,,,,True
697586ef20f6373f230305d7,Komatsu,PC 25-7,Komatsu PC 25-7,,,,True
697586ef20f6373f230305d8,Komatsu,PC 25E-1 (SN > 6470),Komatsu PC 25E-1 (SN > 6470),,,,True
697586ef20f6373f230305d9,Komatsu,PC 25R,Komatsu PC 25R,,,,True
697586ef20f6373f230305da,Komatsu,PC 25R-8,Komatsu PC 25R-8,,,,True
697586ef20f6373f230305db,Komatsu,PC 26MR,Komatsu PC 26MR,,,,True
697586ef20f6373f230305dc,Komatsu,PC 26MR-5,Komatsu PC 26MR-5,,,,True
697586ef20f6373f230305dd,Komatsu,PC 27,Komatsu PC 27,,,,True
697586ef20f6373f230305de,Komatsu,PC 27MR,Komatsu PC 27MR,,,,True
697586ef20f6373f230305df,Komatsu,PC 27MR-1 avance (SN > 10001),Komatsu PC 27MR-1 avance (SN > 10001),,,,True
697586ef20f6373f230305e0,Komatsu,PC 27MR-2,Komatsu PC 27MR-2,,,,True
697586ef20f6373f230305e1,Komatsu,PC 27MR-3,Komatsu PC 27MR-3,,,,True
697586ef20f6373f230305e2,Komatsu,PC 27MRX,Komatsu PC 27MRX,,,,True
697586ef20f6373f230305e3,Komatsu,PC 27R,Komatsu PC 27R,,,,True
697586ef20f6373f230305e4,Komatsu,PC 27R Utility,Komatsu PC 27R Utility,,,,True
697586ef20f6373f230305e5,Komatsu,PC 27R-8,Komatsu PC 27R-8,,,,True
697586ef20f6373f230305e6,Komatsu,PC 27R-8E Deluxe,Komatsu PC 27R-8E Deluxe,,,,True
697586ef20f6373f230305e7,Komatsu,PC 28,Komatsu PC 28,,,,True
697586ef20f6373f230305e8,Komatsu,PC 28 UU-3 avance (SN > 30001),Komatsu PC 28 UU-3 avance (SN > 30001),,,,True
697586ef20f6373f230305e9,Komatsu,PC 28-1 (S/N > 2358),Komatsu PC 28-1 (S/N > 2358),,,,True
697586ef20f6373f230305ea,Komatsu,PC 28-2,Komatsu PC 28-2,,,,True
697586ef20f6373f230305eb,Komatsu,PC 28-2 avance (7001 < SN &lt; 10800),Komatsu PC 28-2 avance (7001 < SN &lt; 10800),,,,True
697586ef20f6373f230305ec,Komatsu,PC 28-2 avance (SN > 10801),Komatsu PC 28-2 avance (SN > 10801),,,,True
697586ef20f6373f230305ed,Komatsu,PC 28R,Komatsu PC 28R,,,,True
697586ef20f6373f230305ee,Komatsu,PC 28uu,Komatsu PC 28uu,,,,True
697586ef20f6373f230305ef,Komatsu,PC 28uu-1,Komatsu PC 28uu-1,,,,True
697586ef20f6373f230305f0,Komatsu,PC 28uu-2,Komatsu PC 28uu-2,,,,True
697586ef20f6373f230305f1,Komatsu,PC 28uu-3,Komatsu PC 28uu-3,,,,True
697586ef20f6373f230305f2,Komatsu,PC 30,Komatsu PC 30,,,,True
697586ef20f6373f230305f3,Komatsu,PC 30 avance R,Komatsu PC 30 avance R,,,,True
697586ef20f6373f230305f4,Komatsu,PC 30 avance R (SN > 26423),Komatsu PC 30 avance R (SN > 26423),,,,True
697586ef20f6373f230305f5,Komatsu,PC 30-5,Komatsu PC 30-5,,,,True
697586ef20f6373f230305f6,Komatsu,PC 30-6,Komatsu PC 30-6,,,,True
697586ef20f6373f230305f7,Komatsu,PC 30-7 (S/N < F18384),Komatsu PC 30-7 (S/N < F18384),,,,True
697586ef20f6373f230305f8,Komatsu,PC 30-7 (S/N > F18384),Komatsu PC 30-7 (S/N > F18384),,,,True
697586ef20f6373f230305f9,Komatsu,PC 30-7E,Komatsu PC 30-7E,,,,True
697586ef20f6373f230305fa,Komatsu,PC 30-8,Komatsu PC 30-8,,,,True
697586ef20f6373f230305fb,Komatsu,PC 30FR-1,Komatsu PC 30FR-1,,,,True
697586ef20f6373f230305fc,Komatsu,PC 30FR-2,Komatsu PC 30FR-2,,,,True
697586ef20f6373f230305fd,Komatsu,PC 30MR,Komatsu PC 30MR,,,,True
697586ef20f6373f230305fe,Komatsu,PC 30MR-1,Komatsu PC 30MR-1,,,,True
697586ef20f6373f230305ff,Komatsu,PC 30MR-1 (> 05/04 mfg),Komatsu PC 30MR-1 (> 05/04 mfg),,,,True
697586ef20f6373f23030600,Komatsu,PC 30MR-2,Komatsu PC 30MR-2,,,,True
697586ef20f6373f23030601,Komatsu,PC 30MR-3,Komatsu PC 30MR-3,,,,True
697586ef20f6373f23030602,Komatsu,PC 30MRX,Komatsu PC 30MRX,,,,True
697586ef20f6373f23030603,Komatsu,PC 30R,Komatsu PC 30R,,,,True
697586ef20f6373f23030604,Komatsu,PC 30R-8,Komatsu PC 30R-8,,,,True
697586ef20f6373f23030605,Komatsu,PC 30R-8 avance (SN > 10001),Komatsu PC 30R-8 avance (SN > 10001),,,,True
697586ef20f6373f23030606,Komatsu,PC 30uu-2,Komatsu PC 30uu-2,,,,True
697586ef20f6373f23030607,Komatsu,PC 30uu-3,Komatsu PC 30uu-3,,,,True
697586ef20f6373f23030608,Komatsu,PC 35,Komatsu PC 35,,,,True
697586ef20f6373f23030609,Komatsu,PC 35-8,Komatsu PC 35-8,,,,True
697586ef20f6373f2303060a,Komatsu,PC 35MR,Komatsu PC 35MR,,,,True
697586ef20f6373f2303060b,Komatsu,PC 35MR-1,Komatsu PC 35MR-1,,,,True
697586ef20f6373f2303060c,Komatsu,PC 35MR-1 (> 05/04 mfg),Komatsu PC 35MR-1 (> 05/04 mfg),,,,True
697586ef20f6373f2303060d,Komatsu,PC 35MR-2,Komatsu PC 35MR-2,,,,True
697586ef20f6373f2303060e,Komatsu,PC 35MR-3,Komatsu PC 35MR-3,,,,True
697586ef20f6373f2303060f,Komatsu,PC 35MR-5,Komatsu PC 35MR-5,,,,True
697586ef20f6373f23030610,Komatsu,PC 35MRX,Komatsu PC 35MRX,,,,True
697586ef20f6373f23030611,Komatsu,PC 35R,Komatsu PC 35R,,,,True
697586ef20f6373f23030612,Komatsu,PC 35R Utility,Komatsu PC 35R Utility,,,,True
697586ef20f6373f23030613,Komatsu,PC 35R-8 Deluxe,Komatsu PC 35R-8 Deluxe,,,,True
697586ef20f6373f23030614,Komatsu,PC 35R-8 [OEM 300x109x41],Komatsu PC 35R-8 [OEM 300x109x41],,,,True
697586ef20f6373f23030615,Komatsu,PC 35R-8 [OEM 300x55x82],Komatsu PC 35R-8 [OEM 300x55x82],,,,True
697586ef20f6373f23030616,Komatsu,PC 35R-8 avance (SN > 35001),Komatsu PC 35R-8 avance (SN > 35001),,,,True
697586ef20f6373f23030617,Komatsu,PC 38,Komatsu PC 38,,,,True
697586ef20f6373f23030618,Komatsu,PC 38-2,Komatsu PC 38-2,,,,True
697586ef20f6373f23030619,Komatsu,PC 38-2 avance R,Komatsu PC 38-2 avance R,,,,True
697586ef20f6373f2303061a,Komatsu,PC 38uu-2,Komatsu PC 38uu-2,,,,True
697586ef20f6373f2303061b,Komatsu,PC 38uu-2 avance (3001 < SN &lt; 4482),Komatsu PC 38uu-2 avance (3001 < SN &lt; 4482),,,,True
697586ef20f6373f2303061c,Komatsu,PC 38uu-2 avance (SN > 4483),Komatsu PC 38uu-2 avance (SN > 4483),,,,True
697586ef20f6373f2303061d,Komatsu,PC 38uu-3,Komatsu PC 38uu-3,,,,True
697586ef20f6373f2303061e,Komatsu,PC 38uuM-2,Komatsu PC 38uuM-2,,,,True
697586ef20f6373f2303061f,Komatsu,PC 38uuM-2 avance (SN > 1001),Komatsu PC 38uuM-2 avance (SN > 1001),,,,True
697586ef20f6373f23030620,Komatsu,PC 40 avance R (> 24521),Komatsu PC 40 avance R (> 24521),,,,True
697586ef20f6373f23030621,Komatsu,PC 40-7 (SN > 24521),Komatsu PC 40-7 (SN > 24521),,,,True
697586ef20f6373f23030622,Komatsu,PC 40FR-2 ('Victas assymetric'),Komatsu PC 40FR-2 ('Victas assymetric'),,,,True
697586ef20f6373f23030623,Komatsu,PC 40MR,Komatsu PC 40MR,,,,True
697586ef20f6373f23030624,Komatsu,PC 40MR-1 (SN > 1001),Komatsu PC 40MR-1 (SN > 1001),,,,True
697586ef20f6373f23030625,Komatsu,PC 40MR-2,Komatsu PC 40MR-2,,,,True
697586ef20f6373f23030626,Komatsu,PC 40MRX,Komatsu PC 40MRX,,,,True
697586ef20f6373f23030627,Komatsu,PC 40R (S/N > 24522),Komatsu PC 40R (S/N > 24522),,,,True
697586ef20f6373f23030628,Komatsu,PC 40R-8,Komatsu PC 40R-8,,,,True
697586ef20f6373f23030629,Komatsu,PC 40R-8 avance (SN > 30001),Komatsu PC 40R-8 avance (SN > 30001),,,,True
697586ef20f6373f2303062a,Komatsu,PC 40T,Komatsu PC 40T,,,,True
697586ef20f6373f2303062b,Komatsu,PC 45,Komatsu PC 45,,,,True
697586ef20f6373f2303062c,Komatsu,PC 45 avance R (S/N > 3505),Komatsu PC 45 avance R (S/N > 3505),,,,True
697586ef20f6373f2303062d,Komatsu,PC 45-1 (F1492),Komatsu PC 45-1 (F1492),,,,True
697586ef20f6373f2303062e,Komatsu,PC 45-1E,Komatsu PC 45-1E,,,,True
697586ef20f6373f2303062f,Komatsu,PC 45-8,Komatsu PC 45-8,,,,True
697586ef20f6373f23030630,Komatsu,PC 45MR,Komatsu PC 45MR,,,,True
697586ef20f6373f23030631,Komatsu,PC 45MR-1,Komatsu PC 45MR-1,,,,True
697586ef20f6373f23030632,Komatsu,PC 45MR-3,Komatsu PC 45MR-3,,,,True
697586ef20f6373f23030633,Komatsu,PC 45MR-5,Komatsu PC 45MR-5,,,,True
697586ef20f6373f23030634,Komatsu,PC 45MRX,Komatsu PC 45MRX,,,,True
697586ef20f6373f23030635,Komatsu,PC 45R (> 3506),Komatsu PC 45R (> 3506),,,,True
697586ef20f6373f23030636,Komatsu,PC 45R Utility,Komatsu PC 45R Utility,,,,True
697586ef20f6373f23030637,Komatsu,PC 45R-8,Komatsu PC 45R-8,,,,True
697586ef20f6373f23030638,Komatsu,PC 45R-8 avance (SN > 5001),Komatsu PC 45R-8 avance (SN > 5001),,,,True
697586ef20f6373f23030639,Komatsu,PC 50-2 (> 12772),Komatsu PC 50-2 (> 12772),,,,True
697586ef20f6373f2303063a,Komatsu,PC 50-2 avance R (S/N > 12771),Komatsu PC 50-2 avance R (S/N > 12771),,,,True
697586ef20f6373f2303063b,Komatsu,PC 50-3,Komatsu PC 50-3,,,,True
697586ef20f6373f2303063c,Komatsu,PC 50FR-1,Komatsu PC 50FR-1,,,,True
697586ef20f6373f2303063d,Komatsu,"PC 50FR-2 (Victas assymetric)""""","Komatsu PC 50FR-2 (Victas assymetric)""""",,,,True
697586ef20f6373f2303063e,Komatsu,PC 50M-2,Komatsu PC 50M-2,,,,True
697586ef20f6373f2303063f,Komatsu,PC 50MR,Komatsu PC 50MR,,,,True
697586ef20f6373f23030640,Komatsu,PC 50MR-1 (>05/04 mfg),Komatsu PC 50MR-1 (>05/04 mfg),,,,True
697586ef20f6373f23030641,Komatsu,PC 50MR-2 ('2006),Komatsu PC 50MR-2 ('2006),,,,True
697586ef20f6373f23030642,Komatsu,PC 50UD UG-2 (SN > 12750),Komatsu PC 50UD UG-2 (SN > 12750),,,,True
697586ef20f6373f23030643,Komatsu,PC 50uu-2 (New),Komatsu PC 50uu-2 (New),,,,True
697586ef20f6373f23030644,Komatsu,PC 50uu-2 avance (SN > 12772),Komatsu PC 50uu-2 avance (SN > 12772),,,,True
697586ef20f6373f23030645,Komatsu,PC 50uu-2E (SN > 12760),Komatsu PC 50uu-2E (SN > 12760),,,,True
697586ef20f6373f23030646,Komatsu,PC 50uuM-2,Komatsu PC 50uuM-2,,,,True
697586ef20f6373f23030647,Komatsu,PC 50uuM-2 avance (SN > 10001),Komatsu PC 50uuM-2 avance (SN > 10001),,,,True
697586ef20f6373f23030648,Komatsu,PC 55MR,Komatsu PC 55MR,,,,True
697586ef20f6373f23030649,Komatsu,PC 55MR-3,Komatsu PC 55MR-3,,,,True
697586ef20f6373f2303064a,Komatsu,PC 58SF-1 (SN > 1001),Komatsu PC 58SF-1 (SN > 1001),,,,True
697586ef20f6373f2303064b,Komatsu,PC 58uu-3,Komatsu PC 58uu-3,,,,True
697586ef20f6373f2303064c,Komatsu,PC 58uu-X,Komatsu PC 58uu-X,,,,True
697586ef20f6373f2303064d,Komatsu,PC 60-6 (type 2),Komatsu PC 60-6 (type 2),,,,True
697586ef20f6373f2303064e,Komatsu,PC 60-6 (type 3),Komatsu PC 60-6 (type 3),,,,True
697586ef20f6373f2303064f,Komatsu,PC 75,Komatsu PC 75,,,,True
697586ef20f6373f23030650,Komatsu,PC 75-1 (S/N 1175 - 5001),Komatsu PC 75-1 (S/N 1175 - 5001),,,,True
697586ef20f6373f23030651,Komatsu,PC 75-2 (S/N 5001 - 7927),Komatsu PC 75-2 (S/N 5001 - 7927),,,,True
697586ef20f6373f23030652,Komatsu,PC 75-2 (S/N > 7928),Komatsu PC 75-2 (S/N > 7928),,,,True
697586ef20f6373f23030653,Komatsu,PC 75R-2,Komatsu PC 75R-2,,,,True
697586ef20f6373f23030654,Komatsu,PC 75R-8,Komatsu PC 75R-8,,,,True
697586ef20f6373f23030655,Komatsu,PC 75uu-1 (SN > 1175),Komatsu PC 75uu-1 (SN > 1175),,,,True
697586ef20f6373f23030656,Komatsu,PC 75uu-2 (SN > 7927),Komatsu PC 75uu-2 (SN > 7927),,,,True
697586ef20f6373f23030657,Komatsu,PC 75uu-2A,Komatsu PC 75uu-2A,,,,True
697586ef20f6373f23030658,Komatsu,PC 75uu-2AR,Komatsu PC 75uu-2AR,,,,True
697586ef20f6373f23030659,Komatsu,PC 75uu-2DQ,Komatsu PC 75uu-2DQ,,,,True
697586ef20f6373f2303065a,Komatsu,PC 75uu-2R,Komatsu PC 75uu-2R,,,,True
697586ef20f6373f2303065b,Komatsu,PC 75uu-3,Komatsu PC 75uu-3,,,,True
697586ef20f6373f2303065c,Komatsu,PC 75uu-3A,Komatsu PC 75uu-3A,,,,True
697586ef20f6373f2303065d,Komatsu,PC 75uu-3T,Komatsu PC 75uu-3T,,,,True
697586ef20f6373f2303065e,Komatsu,PC 75uuT-6,Komatsu PC 75uuT-6,,,,True
697586ef20f6373f2303065f,Komatsu,PC 78MR-6 (verify links! May be 74 link count),Komatsu PC 78MR-6 (verify links! May be 74 link count),,,,True
697586ef20f6373f23030660,Komatsu,PC 78N,Komatsu PC 78N,,,,True
697586ef20f6373f23030661,Komatsu,PC 80MR,Komatsu PC 80MR,,,,True
697586ef20f6373f23030662,Komatsu,PC 80MR-5,Komatsu PC 80MR-5,,,,True
697586ef20f6373f23030663,Komatsu,PC 88MR,Komatsu PC 88MR,,,,True
697586ef20f6373f23030664,Komatsu,PC 88MR-10,Komatsu PC 88MR-10,,,,True
697586ef20f6373f23030665,Komatsu,PC 88MR-6,Komatsu PC 88MR-6,,,,True
697586ef20f6373f23030666,Komatsu,PC 88MR-8,Komatsu PC 88MR-8,,,,True
697586ef20f6373f23030667,Komatsu,PC 95,Komatsu PC 95,,,,True
697586ef20f6373f23030668,Komatsu,PC 95-1,Komatsu PC 95-1,,,,True
697586ef20f6373f23030669,Komatsu,PC 95R-2,Komatsu PC 95R-2,,,,True
697586ef20f6373f2303066a,Komatsu,PC12R-8,Komatsu PC12R-8,,,,True
697586ef20f6373f2303066b,Komatsu,PC12R-8 Mistral HS,Komatsu PC12R-8 Mistral HS,,,,True
697586ef20f6373f2303066c,Komatsu,PC12R-8 avance,Komatsu PC12R-8 avance,,,,True
697586ef20f6373f2303066d,Komatsu,PC14R HS,Komatsu PC14R HS,,,,True
697586ef20f6373f2303066e,Komatsu,PC14R-2,Komatsu PC14R-2,,,,True
697586ef20f6373f2303066f,Komatsu,PC14R-2 HS,Komatsu PC14R-2 HS,,,,True
697586ef20f6373f23030670,Komatsu,PC14R-3,Komatsu PC14R-3,,,,True
697586ef20f6373f23030671,Komatsu,PC14R-3 HS,Komatsu PC14R-3 HS,,,,True
697586ef20f6373f23030672,Komatsu,PC15,Komatsu PC15,,,,True
697586ef20f6373f23030673,Komatsu,PC15 FR-1,Komatsu PC15 FR-1,,,,True
697586ef20f6373f23030674,Komatsu,PC15 MR,Komatsu PC15 MR,,,,True
697586ef20f6373f23030675,Komatsu,PC15 MR-1,Komatsu PC15 MR-1,,,,True
697586ef20f6373f23030676,Komatsu,PC15 MRX,Komatsu PC15 MRX,,,,True
697586ef20f6373f23030677,Komatsu,PC15 MRX-1,Komatsu PC15 MRX-1,,,,True
697586ef20f6373f23030678,Komatsu,PC15 P,Komatsu PC15 P,,,,True
697586ef20f6373f23030679,Komatsu,PC15 R,Komatsu PC15 R,,,,True
697586ef20f6373f2303067a,Komatsu,PC15 R HS,Komatsu PC15 R HS,,,,True
697586ef20f6373f2303067b,Komatsu,PC15 R Mistral,Komatsu PC15 R Mistral,,,,True
697586ef20f6373f2303067c,Komatsu,PC15 R-8E Deluxe,Komatsu PC15 R-8E Deluxe,,,,True
697586ef20f6373f2303067d,Komatsu,PC15 avance R(5001<SN&lt;6221),Komatsu PC15 avance R(5001<SN&lt;6221),,,,True
697586ef20f6373f2303067e,Komatsu,PC15 avance R(SN>6222),Komatsu PC15 avance R(SN>6222),,,,True
697586ef20f6373f2303067f,Komatsu,PC15-1 (SN>1001),Komatsu PC15-1 (SN>1001),,,,True
697586ef20f6373f23030680,Komatsu,PC15-2 (Not on new rollers),Komatsu PC15-2 (Not on new rollers),,,,True
697586ef20f6373f23030681,Komatsu,PC15-2 (SN>2001),Komatsu PC15-2 (SN>2001),,,,True
697586ef20f6373f23030682,Komatsu,PC15-3,Komatsu PC15-3,,,,True
697586ef20f6373f23030683,Komatsu,PC15-6,Komatsu PC15-6,,,,True
697586ef20f6373f23030684,Komatsu,PC15-6 (Not on new rollers),Komatsu PC15-6 (Not on new rollers),,,,True
697586ef20f6373f23030685,Komatsu,PC15-7,Komatsu PC15-7,,,,True
697586ef20f6373f23030686,Komatsu,PC16 R HS,Komatsu PC16 R HS,,,,True
697586ef20f6373f23030687,Komatsu,PC16 R-2,Komatsu PC16 R-2,,,,True
697586ef20f6373f23030688,Komatsu,PC16 R-2HS,Komatsu PC16 R-2HS,,,,True
697586ef20f6373f23030689,Komatsu,PC16 R-3,Komatsu PC16 R-3,,,,True
697586ef20f6373f2303068a,Komatsu,PC16R-3HS,Komatsu PC16R-3HS,,,,True
697586ef20f6373f2303068b,Komatsu,PC18MR('2006),Komatsu PC18MR('2006),,,,True
697586ef20f6373f2303068c,Komatsu,PC18MR-2('2006),Komatsu PC18MR-2('2006),,,,True
697586ef20f6373f2303068d,Komatsu,PC18MR-3,Komatsu PC18MR-3,,,,True
697586ef20f6373f2303068e,Komatsu,PC18MR-5,Komatsu PC18MR-5,,,,True
697586ef20f6373f2303068f,Komatsu,PC20,Komatsu PC20,,,,True
697586ef20f6373f23030690,Komatsu,PC20 MR-2,Komatsu PC20 MR-2,,,,True
697586ef20f6373f23030691,Komatsu,PC20 avance R (35001<SN&lt;42354),Komatsu PC20 avance R (35001<SN&lt;42354),,,,True
697586ef20f6373f23030692,Komatsu,PC20 avance R (SN>42355),Komatsu PC20 avance R (SN>42355),,,,True
697586ef20f6373f23030693,Komatsu,PC20(F10038),Komatsu PC20(F10038),,,,True
697586ef20f6373f23030694,Komatsu,PC20-8,Komatsu PC20-8,,,,True
697586ef20f6373f23030695,Komatsu,PC75R,Komatsu PC75R,,,,True
697586ef20f6373f2302fbf6,ASV,POSI-TRAC 2800,ASV POSI-TRAC 2800,,,,True
697586ef20f6373f2302fbf7,ASV,POSI-TRAC 2810,ASV POSI-TRAC 2810,,,,True
697586ef20f6373f2302fbf8,ASV,POSI-TRAC 4800,ASV POSI-TRAC 4800,,,,True
697586ef20f6373f2302fbf9,ASV,POSI-TRAC 4810,ASV POSI-TRAC 4810,,,,True
697586ef20f6373f2302fbfa,ASV,POSI-TRAC HD4500,ASV POSI-TRAC HD4500,,,,True
697586ef20f6373f2302fbfb,ASV,POSI-TRAC HD4520,ASV POSI-TRAC HD4520,,,,True
697586ef20f6373f230301df,Hinowa,PT 10 (Undercarriage),Hinowa PT 10 (Undercarriage),,,,False
697586ef20f6373f2302fbfc,ASV,PT 100,ASV PT 100,,,,True
697586ef20f6373f230301e0,Hinowa,PT 100 (Undercarriage),Hinowa PT 100 (Undercarriage),,,,False
697586ef20f6373f230301e1,Hinowa,PT 10G (Undercarriage),Hinowa PT 10G (Undercarriage),,,,False
697586ef20f6373f230301e2,Hinowa,PT 10G/300 (Undercarriage),Hinowa PT 10G/300 (Undercarriage),,,,False
697586ef20f6373f23030b94,Thomas,PT 15,Thomas PT 15,,,,False
697586ef20f6373f230301e3,Hinowa,PT 30G (Undercarriage),Hinowa PT 30G (Undercarriage),,,,False
697586ef20f6373f230301e4,Hinowa,PT 30G/200 (Undercarriage),Hinowa PT 30G/200 (Undercarriage),,,,False
697586ef20f6373f230301e5,Hinowa,PT 35GL (undercarriage),Hinowa PT 35GL (undercarriage),,,,False
697586ef20f6373f230301e6,Hinowa,PT 35GL/300 (undercarriage),Hinowa PT 35GL/300 (undercarriage),,,,False
697586ef20f6373f230301e7,Hinowa,PT 4000 (undercarriage),Hinowa PT 4000 (undercarriage),,,,False
697586ef20f6373f230301e8,Hinowa,PT 4000G/100 (undercarriage),Hinowa PT 4000G/100 (undercarriage),,,,False
697586ef20f6373f2302fbfd,ASV,PT 50,ASV PT 50,,,,True
697586ef20f6373f2302fbfe,ASV,PT 60,ASV PT 60,,,,True
697586ef20f6373f230301e9,Hinowa,PT 70 (undercarriage),Hinowa PT 70 (undercarriage),,,,False
697586ef20f6373f230301ea,Hinowa,PT 70G/100 (undercarriage),Hinowa PT 70G/100 (undercarriage),,,,False
697586ef20f6373f230301eb,Hinowa,PT 70GL (undercarriage),Hinowa PT 70GL (undercarriage),,,,False
697586ef20f6373f230301ec,Hinowa,PT 8 (undercarriage),Hinowa PT 8 (undercarriage),,,,False
697586ef20f6373f2302fbff,ASV,PT 80,ASV PT 80,,,,True
697586ef20f6373f230301ed,Hinowa,PT 8G/300 (undercarriage),Hinowa PT 8G/300 (undercarriage),,,,False
697586ef20f6373f230301ee,Hinowa,PT 9 (undercarriage),Hinowa PT 9 (undercarriage),,,,False
697586ef20f6373f230301ef,Hinowa,PT 9C (undercarriage),Hinowa PT 9C (undercarriage),,,,False
697586ef20f6373f23030b6d,Terex,PT-100,Terex PT-100,,,,True
697586ef20f6373f23030b6e,Terex,PT-100F,Terex PT-100F,,,,True
697586ef20f6373f23030b6f,Terex,PT-100G,Terex PT-100G,,,,True
697586ef20f6373f23030b70,Terex,PT-110,Terex PT-110,,,,True
697586ef20f6373f23030b71,Terex,PT-110G,Terex PT-110G,,,,True
697586ef20f6373f23030b72,Terex,PT-50,Terex PT-50,,,,True
697586ef20f6373f23030b73,Terex,PT-60,Terex PT-60,,,,True
697586ef20f6373f23030b74,Terex,PT-75,Terex PT-75,,,,True
697586ef20f6373f23030b75,Terex,PT-80,Terex PT-80,,,,True
697586ef20f6373f230301f0,Hinowa,PT13 (Undercarriage),Hinowa PT13 (Undercarriage),,,,False
697586ef20f6373f230301f1,Hinowa,PT13/300 (Undercarriage),Hinowa PT13/300 (Undercarriage),,,,False
697586ef20f6373f230301f2,Hinowa,PT15 (Undercarriage),Hinowa PT15 (Undercarriage),,,,False
697586ef20f6373f230301f3,Hinowa,PT150 (Undercarriage),Hinowa PT150 (Undercarriage),,,,False
697586ef20f6373f230301f4,Hinowa,PT15G (Undercarriage),Hinowa PT15G (Undercarriage),,,,False
697586ef20f6373f230301f5,Hinowa,PT15G/400 (Undercarriage),Hinowa PT15G/400 (Undercarriage),,,,False
697586ef20f6373f230301f6,Hinowa,PT15G/4001 (Undercarriage),Hinowa PT15G/4001 (Undercarriage),,,,False
697586ef20f6373f230301f7,Hinowa,PT1700 (Undercarriage),Hinowa PT1700 (Undercarriage),,,,False
697586ef20f6373f230301f8,Hinowa,PT20 (Undercarriage),Hinowa PT20 (Undercarriage),,,,False
697586ef20f6373f230301f9,Hinowa,PT2000 (Undercarriage),Hinowa PT2000 (Undercarriage),,,,False
697586ef20f6373f230301fa,Hinowa,PT2000G/100 (Undercarriage),Hinowa PT2000G/100 (Undercarriage),,,,False
697586ef20f6373f230301fb,Hinowa,PT200P (Undercarriage),Hinowa PT200P (Undercarriage),,,,False
697586ef20f6373f230301fc,Hinowa,PT20G (Undercarriage),Hinowa PT20G (Undercarriage),,,,False
697586ef20f6373f230301fd,Hinowa,PT20G/301 (Undercarriage),Hinowa PT20G/301 (Undercarriage),,,,False
697586ef20f6373f230301fe,Hinowa,PT20G/3011 (Undercarriage),Hinowa PT20G/3011 (Undercarriage),,,,False
697586ef20f6373f230301ff,Hinowa,PT20GL (Undercarriage),Hinowa PT20GL (Undercarriage),,,,False
697586ef20f6373f23030200,Hinowa,PT20GL/301 (Undercarriage),Hinowa PT20GL/301 (Undercarriage),,,,False
697586ef20f6373f23030201,Hinowa,PT3000 (Undercarriage),Hinowa PT3000 (Undercarriage),,,,False
697586ef20f6373f23030202,Hinowa,PT3000G/100 (Undercarriage),Hinowa PT3000G/100 (Undercarriage),,,,False
697586ef20f6373f230307bb,Link-Belt,Quantum 1600,Link-Belt Quantum 1600,,,,True
697586ef20f6373f23030338,Hyundai,R 35 Z-9,Hyundai R 35 Z-9,,,,True
697586ef20f6373f23030b76,Terex,R160T,Terex R160T,,,,True
697586ef20f6373f23030b77,Terex,R190T,Terex R190T,,,,True
697586ef20f6373f23030b78,Terex,R350T,Terex R350T,,,,True
697586ef20f6373f2302fc00,ASV,RC 100,ASV RC 100,,,,True
697586ef20f6373f2302fc01,ASV,RC 50,ASV RC 50,,,,True
697586ef20f6373f2302fc02,ASV,RC 60,ASV RC 60,,,,True
697586ef20f6373f2302fc03,ASV,RC 85,ASV RC 85,,,,True
697586ef20f6373f2302fc04,ASV,RCV,ASV RCV,,,,True
697586ef20f6373f23030897,Mustang,RD 15,Mustang RD 15,,,,False
697586ef20f6373f230309d6,Rayco,RG 35T,Rayco RG 35T,,,,True
697586ef20f6373f230309d7,Rayco,RG 37T,Rayco RG 37T,,,,True
697586ef20f6373f230309d8,Rayco,RG 40T,Rayco RG 40T,,,,True
697586ef20f6373f230309d9,Rayco,RG 45T-R,Rayco RG 45T-R,,,,True
697586ef20f6373f230309da,Rayco,RG 55T,Rayco RG 55T,,,,True
697586ef20f6373f23030ce4,Wacker Neuson,RK 15 (Carrier),Wacker Neuson RK 15 (Carrier),,,,True
697586ef20f6373f23030192,Hanix,RT 30 (Dumper),Hanix RT 30 (Dumper),,,,False
697586ef20f6373f2302fc05,ASV,RT 50,ASV RT 50,,,,True
697586ef20f6373f23030193,Hanix,RT 50D (Dumper),Hanix RT 50D (Dumper),,,,False
697586ef20f6373f2302fc06,ASV,RT 65,ASV RT 65,,,,True
697586ef20f6373f2302fc07,ASV,RT 75,ASV RT 75,,,,True
697586ef20f6373f230307d2,Manitou,RT105,Manitou RT105,,,,True
697586ef20f6373f230307d3,Manitou,RT135,Manitou RT135,,,,True
697586ef20f6373f23030be7,Vermeer,RTX 100 (Stump cutter),Vermeer RTX 100 (Stump cutter),,,,True
697586ef20f6373f23030be8,Vermeer,RTX 1250 (Quad),Vermeer RTX 1250 (Quad),,,,True
697586ef20f6373f23030be9,Vermeer,RTX 150,Vermeer RTX 150,,,,True
697586ef20f6373f23030bea,Vermeer,RTX 250,Vermeer RTX 250,,,,True
697586ef20f6373f23030beb,Vermeer,RTX 450,Vermeer RTX 450,,,,True
697586ef20f6373f23030771,Kubota,RX 141,Kubota RX 141,,,,True
697586ef20f6373f23030772,Kubota,RX 201,Kubota RX 201,,,,True
697586ef20f6373f23030773,Kubota,RX 202,Kubota RX 202,,,,True
697586ef20f6373f23030774,Kubota,RX 301,Kubota RX 301,,,,True
697586ef20f6373f23030775,Kubota,RX 301UR,Kubota RX 301UR,,,,True
697586ef20f6373f23030776,Kubota,RX 302,Kubota RX 302,,,,True
697586ef20f6373f23030777,Kubota,RX 303,Kubota RX 303,,,,True
697586ef20f6373f23030778,Kubota,RX 501,Kubota RX 501,,,,True
697586ef20f6373f23030779,Kubota,RX 502,Kubota RX 502,,,,True
697586ef20f6373f2303077a,Kubota,RX 502VA,Kubota RX 502VA,,,,True
697586ef20f6373f23030339,Hyundai,Robex 15-5,Hyundai Robex 15-5,,,,True
697586ef20f6373f2303033a,Hyundai,Robex 15-7,Hyundai Robex 15-7,,,,True
697586ef20f6373f2303033b,Hyundai,Robex 16-7,Hyundai Robex 16-7,,,,True
697586ef20f6373f2303033c,Hyundai,Robex 16-9,Hyundai Robex 16-9,,,,True
697586ef20f6373f2303033d,Hyundai,Robex 17z-9a,Hyundai Robex 17z-9a,,,,True
697586ef20f6373f2303033e,Hyundai,Robex 18-9,Hyundai Robex 18-9,,,,True
697586ef20f6373f2303033f,Hyundai,Robex 25z-9ak,Hyundai Robex 25z-9ak,,,,True
697586ef20f6373f23030340,Hyundai,Robex 27Z-9,Hyundai Robex 27Z-9,,,,True
697586ef20f6373f23030341,Hyundai,Robex 28-5,Hyundai Robex 28-5,,,,True
697586ef20f6373f23030342,Hyundai,Robex 30,Hyundai Robex 30,,,,True
697586ef20f6373f23030343,Hyundai,Robex 30z-9a,Hyundai Robex 30z-9a,,,,True
697586ef20f6373f23030344,Hyundai,Robex 30z-9ak,Hyundai Robex 30z-9ak,,,,True
697586ef20f6373f23030345,Hyundai,Robex 35-9,Hyundai Robex 35-9,,,,True
697586ef20f6373f23030346,Hyundai,Robex 35Z-7A,Hyundai Robex 35Z-7A,,,,True
697586ef20f6373f23030347,Hyundai,Robex 35z-9a,Hyundai Robex 35z-9a,,,,True
697586ef20f6373f23030348,Hyundai,Robex 35z-9ak,Hyundai Robex 35z-9ak,,,,True
697586ef20f6373f23030349,Hyundai,Robex 36-7,Hyundai Robex 36-7,,,,True
697586ef20f6373f2303034a,Hyundai,Robex 55-3,Hyundai Robex 55-3,,,,True
697586ef20f6373f2303034b,Hyundai,Robex 55-7,Hyundai Robex 55-7,,,,True
697586ef20f6373f2303034c,Hyundai,Robex 55-9,Hyundai Robex 55-9,,,,True
697586ef20f6373f2303034d,Hyundai,Robex 55-9a,Hyundai Robex 55-9a,,,,True
697586ef20f6373f2303034e,Hyundai,Robex 60cr-9a,Hyundai Robex 60cr-9a,,,,True
697586ef20f6373f2303034f,Hyundai,Robex 75-7,Hyundai Robex 75-7,,,,True
697586ef20f6373f23030350,Hyundai,Robex 80CR-9,Hyundai Robex 80CR-9,,,,True
697586ef20f6373f23030351,Hyundai,Robex R60 CR-9,Hyundai Robex R60 CR-9,,,,True
697586ef20f6373f23030a86,Sumitomo,S 100,Sumitomo S 100,,,,True
697586ef20f6373f23030a87,Sumitomo,S 100F2,Sumitomo S 100F2,,,,True
697586ef20f6373f23030a88,Sumitomo,S 100FJ3,Sumitomo S 100FJ3,,,,True
697586ef20f6373f23030a89,Sumitomo,S 120,Sumitomo S 120,,,,True
697586ef20f6373f23030a8a,Sumitomo,S 120F2,Sumitomo S 120F2,,,,True
697586ef20f6373f23030a8b,Sumitomo,S 130,Sumitomo S 130,,,,True
697586ef20f6373f23030a8c,Sumitomo,S 130F2,Sumitomo S 130F2,,,,True
697586ef20f6373f23030a8d,Sumitomo,S 160B,Sumitomo S 160B,,,,True
697586ef20f6373f23030a8e,Sumitomo,S 160B2,Sumitomo S 160B2,,,,True
697586ef20f6373f23030a8f,Sumitomo,S 160FJ2,Sumitomo S 160FJ2,,,,True
697586ef20f6373f23030af1,Takeuchi,S 2430LC,Takeuchi S 2430LC,,,,True
697586ef20f6373f23030a90,Sumitomo,S 30FX,Sumitomo S 30FX,,,,True
697586ef20f6373f23030a91,Sumitomo,S 30UX-1,Sumitomo S 30UX-1,,,,True
697586ef20f6373f23030a92,Sumitomo,S 50F2,Sumitomo S 50F2,,,,True
697586ef20f6373f23030a93,Sumitomo,S 50K,Sumitomo S 50K,,,,True
697586ef20f6373f23030a94,Sumitomo,S 60F2,Sumitomo S 60F2,,,,True
697586ef20f6373f23030a95,Sumitomo,S 70FX2,Sumitomo S 70FX2,,,,True
697586ef20f6373f23030a96,Sumitomo,S 80F2,Sumitomo S 80F2,,,,True
697586ef20f6373f23030a97,Sumitomo,S 80FX2,Sumitomo S 80FX2,,,,True
697586ef20f6373f23030a98,Sumitomo,S 90,Sumitomo S 90,,,,True
697586ef20f6373f23030a99,Sumitomo,S 90F2,Sumitomo S 90F2,,,,True
697586ef20f6373f23030a9a,Sumitomo,S 90FX3,Sumitomo S 90FX3,,,,True
697586ef20f6373f23030a9b,Sumitomo,S 90FXJ3,Sumitomo S 90FXJ3,,,,True
697586ef20f6373f2303093a,Nissan,S&B 08,Nissan S&B 08,,,,True
697586ef20f6373f2303093b,Nissan,S&B 25-1,Nissan S&B 25-1,,,,True
697586ef20f6373f2303093c,Nissan,S&B 25-2,Nissan S&B 25-2,,,,True
697586ef20f6373f2303093d,Nissan,S&B 300,Nissan S&B 300,,,,True
697586ef20f6373f2303093e,Nissan,S&B 300-2,Nissan S&B 300-2,,,,True
697586ef20f6373f2303093f,Nissan,S&B X 1,Nissan S&B X 1,,,,True
697586ef20f6373f23030194,Hanix,S&B15,Hanix S&B15,,,,False
697586ef20f6373f23030195,Hanix,S&B15R,Hanix S&B15R,,,,False
697586ef20f6373f23030196,Hanix,S&B15S,Hanix S&B15S,,,,False
697586ef20f6373f23030197,Hanix,S&B15SR,Hanix S&B15SR,,,,False
697586ef20f6373f23030198,Hanix,S&B25-1,Hanix S&B25-1,,,,False
697586ef20f6373f23030199,Hanix,S&B25-2,Hanix S&B25-2,,,,False
697586ef20f6373f2303019a,Hanix,S&B300,Hanix S&B300,,,,False
697586ef20f6373f2303019b,Hanix,S&B300-2,Hanix S&B300-2,,,,False
697586ef20f6373f2303019c,Hanix,S&BX-1,Hanix S&BX-1,,,,False
697586ef20f6373f23030134,Genie,S-60 Trax (Quad),Genie S-60 Trax (Quad),,,,True
697586ef20f6373f23030135,Genie,S-65 Trax (Quad) 400 Wide,Genie S-65 Trax (Quad) 400 Wide,,,,True
697586ef20f6373f23030136,Genie,S-65 Trax (Quad) 450 Wide,Genie S-65 Trax (Quad) 450 Wide,,,,True
697586ef20f6373f2302fd66,Bobcat,S130,Bobcat S130,,,,True
697586ef20f6373f2302fd67,Bobcat,S150,Bobcat S150,,,,True
697586ef20f6373f2302fd68,Bobcat,S160,Bobcat S160,,,,True
697586ef20f6373f2302fd69,Bobcat,S175,Bobcat S175,,,,True
697586ef20f6373f2302fd6a,Bobcat,S185,Bobcat S185,,,,True
697586ef20f6373f2302fd6b,Bobcat,S205,Bobcat S205,,,,True
697586ef20f6373f2302fd6c,Bobcat,S220,Bobcat S220,,,,True
697586ef20f6373f2302fd6d,Bobcat,S250,Bobcat S250,,,,True
697586ef20f6373f2302fd6e,Bobcat,S300,Bobcat S300,,,,True
697586ef20f6373f23030bec,Vermeer,S400TX (Mini Compact Track Loader),Vermeer S400TX (Mini Compact Track Loader),,,,True
697586ef20f6373f23030bed,Vermeer,S450TX (Mini Compact Track Loader),Vermeer S450TX (Mini Compact Track Loader),,,,True
697586ef20f6373f23030bee,Vermeer,S600TX (Mini Compact Track Loader),Vermeer S600TX (Mini Compact Track Loader),,,,True
697586ef20f6373f23030bef,Vermeer,S650TX (Mini Compact Track Loader),Vermeer S650TX (Mini Compact Track Loader),,,,True
697586ef20f6373f23030bf0,Vermeer,S725TX (Mini Compact Track Loader),Vermeer S725TX (Mini Compact Track Loader),,,,True
697586ef20f6373f23030bf1,Vermeer,S800TX (Mini Compact Track Loader),Vermeer S800TX (Mini Compact Track Loader),,,,True
697586ef20f6373f23030bf2,Vermeer,S925TX (Mini Compact Track Loader),Vermeer S925TX (Mini Compact Track Loader),,,,True
697586ef20f6373f23030bf3,Vermeer,SC 30TX (Stump cutter),Vermeer SC 30TX (Stump cutter),,,,True
697586ef20f6373f23030bf4,Vermeer,SC 502SP (Stump cutter),Vermeer SC 502SP (Stump cutter),,,,True
697586ef20f6373f23030bf5,Vermeer,SC 505 (Stump cutter),Vermeer SC 505 (Stump cutter),,,,True
697586ef20f6373f23030bf6,Vermeer,SC 60TX (Stump cutter),Vermeer SC 60TX (Stump cutter),,,,True
697586ef20f6373f23030bf7,Vermeer,SC 70TX (Stump cutter),Vermeer SC 70TX (Stump cutter),,,,True
697586ef20f6373f2302fc08,ASV,SC-50,ASV SC-50,,,,True
697586ef20f6373f23030a9c,Sumitomo,SH 10UJ3,Sumitomo SH 10UJ3,,,,True
697586ef20f6373f23030a9d,Sumitomo,SH 12JX,Sumitomo SH 12JX,,,,True
697586ef20f6373f23030a9e,Sumitomo,SH 135-2,Sumitomo SH 135-2,,,,True
697586ef20f6373f23030a9f,Sumitomo,SH 145,Sumitomo SH 145,,,,True
697586ef20f6373f230302a9,Hitachi,SH 15-2,Hitachi SH 15-2,,,,True
697586ef20f6373f23030aa0,Sumitomo,SH 15J,Sumitomo SH 15J,,,,True
697586ef20f6373f23030aa1,Sumitomo,SH 18J,Sumitomo SH 18J,,,,True
697586ef20f6373f23030aa2,Sumitomo,SH 18UJ,Sumitomo SH 18UJ,,,,True
697586ef20f6373f23030aa3,Sumitomo,SH 18UJ2,Sumitomo SH 18UJ2,,,,True
697586ef20f6373f23030aa4,Sumitomo,SH 20JX,Sumitomo SH 20JX,,,,True
697586ef20f6373f23030aa5,Sumitomo,SH 25J,Sumitomo SH 25J,,,,True
697586ef20f6373f23030aa6,Sumitomo,SH 25JX,Sumitomo SH 25JX,,,,True
697586ef20f6373f23030aa7,Sumitomo,SH 28J,Sumitomo SH 28J,,,,True
697586ef20f6373f230302aa,Hitachi,SH 30-2,Hitachi SH 30-2,,,,True
697586ef20f6373f23030aa8,Sumitomo,SH 30J,Sumitomo SH 30J,,,,True
697586ef20f6373f23030aa9,Sumitomo,SH 30JX,Sumitomo SH 30JX,,,,True
697586ef20f6373f23030aaa,Sumitomo,SH 30JX2,Sumitomo SH 30JX2,,,,True
697586ef20f6373f23030aab,Sumitomo,SH 30U,Sumitomo SH 30U,,,,True
697586ef20f6373f23030aac,Sumitomo,SH 30UJ,Sumitomo SH 30UJ,,,,True
697586ef20f6373f23030aad,Sumitomo,SH 30UJ2,Sumitomo SH 30UJ2,,,,True
697586ef20f6373f23030aae,Sumitomo,SH 30UJ3,Sumitomo SH 30UJ3,,,,True
697586ef20f6373f23030aaf,Sumitomo,SH 32J,Sumitomo SH 32J,,,,True
697586ef20f6373f23030ab0,Sumitomo,SH 35J,Sumitomo SH 35J,,,,True
697586ef20f6373f23030ab1,Sumitomo,SH 35JX,Sumitomo SH 35JX,,,,True
697586ef20f6373f23030ab2,Sumitomo,SH 35JX2,Sumitomo SH 35JX2,,,,True
697586ef20f6373f23030ab3,Sumitomo,SH 35UJ,Sumitomo SH 35UJ,,,,True
697586ef20f6373f23030ab4,Sumitomo,SH 38UJ,Sumitomo SH 38UJ,,,,True
697586ef20f6373f23030ab5,Sumitomo,SH 38UJ2,Sumitomo SH 38UJ2,,,,True
697586ef20f6373f230302ab,Hitachi,SH 40-2,Hitachi SH 40-2,,,,True
697586ef20f6373f23030ab6,Sumitomo,SH 40JX,Sumitomo SH 40JX,,,,True
697586ef20f6373f23030ab7,Sumitomo,SH 40JX2,Sumitomo SH 40JX2,,,,True
697586ef20f6373f23030ab8,Sumitomo,SH 40UJ2,Sumitomo SH 40UJ2,,,,True
697586ef20f6373f230302ac,Hitachi,SH 45-2,Hitachi SH 45-2,,,,True
697586ef20f6373f23030ab9,Sumitomo,SH 45J,Sumitomo SH 45J,,,,True
697586ef20f6373f23030aba,Sumitomo,SH 45J2,Sumitomo SH 45J2,,,,True
697586ef20f6373f23030abb,Sumitomo,SH 45JX,Sumitomo SH 45JX,,,,True
697586ef20f6373f23030abc,Sumitomo,SH 45UJ,Sumitomo SH 45UJ,,,,True
697586ef20f6373f23030abd,Sumitomo,SH 55J,Sumitomo SH 55J,,,,True
697586ef20f6373f23030abe,Sumitomo,SH 55U-2,Sumitomo SH 55U-2,,,,True
697586ef20f6373f23030abf,Sumitomo,SH 55UJ,Sumitomo SH 55UJ,,,,True
697586ef20f6373f23030ac0,Sumitomo,SH 60,Sumitomo SH 60,,,,True
697586ef20f6373f23030ac1,Sumitomo,SH 60-2,Sumitomo SH 60-2,,,,True
697586ef20f6373f23030ac2,Sumitomo,SH 65U,Sumitomo SH 65U,,,,True
697586ef20f6373f23030ac3,Sumitomo,SH 65U-1,Sumitomo SH 65U-1,,,,True
697586ef20f6373f23030ac4,Sumitomo,SH 65UJ,Sumitomo SH 65UJ,,,,True
697586ef20f6373f23030ac5,Sumitomo,SH 7GX3,Sumitomo SH 7GX3,,,,True
697586ef20f6373f23030ac6,Sumitomo,SH 7J,Sumitomo SH 7J,,,,True
697586ef20f6373f23030ac7,Sumitomo,SH 9UX,Sumitomo SH 9UX,,,,True
697586ef20f6373f23030ac8,Sumitomo,SH 9UX2,Sumitomo SH 9UX2,,,,True
697586ef20f6373f23030ac9,Sumitomo,SH 9UX3,Sumitomo SH 9UX3,,,,True
697586ef20f6373f2303050b,Kobelco,SK 002,Kobelco SK 002,,,,True
697586ef20f6373f2303050c,Kobelco,SK 005,Kobelco SK 005,,,,True
697586ef20f6373f2303050d,Kobelco,SK 007,Kobelco SK 007,,,,True
697586ef20f6373f2303050e,Kobelco,SK 007-1,Kobelco SK 007-1,,,,True
697586ef20f6373f2303050f,Kobelco,SK 007-2,Kobelco SK 007-2,,,,True
697586ef20f6373f23030510,Kobelco,SK 007-3,Kobelco SK 007-3,,,,True
697586ef20f6373f23030511,Kobelco,SK 008,Kobelco SK 008,,,,True
697586ef20f6373f23030512,Kobelco,SK 009,Kobelco SK 009,,,,True
697586ef20f6373f23030513,Kobelco,SK 013,Kobelco SK 013,,,,True
697586ef20f6373f23030514,Kobelco,SK 013-1,Kobelco SK 013-1,,,,True
697586ef20f6373f23030515,Kobelco,SK 014(New),Kobelco SK 014(New),,,,True
697586ef20f6373f23030516,Kobelco,SK 014(Old),Kobelco SK 014(Old),,,,True
697586ef20f6373f23030517,Kobelco,SK 020,Kobelco SK 020,,,,True
697586ef20f6373f23030518,Kobelco,SK 020 Coupe,Kobelco SK 020 Coupe,,,,True
697586ef20f6373f23030519,Kobelco,SK 025 Coupe,Kobelco SK 025 Coupe,,,,True
697586ef20f6373f2303051a,Kobelco,SK 030 Coupe,Kobelco SK 030 Coupe,,,,True
697586ef20f6373f2303051b,Kobelco,SK 035 Coupe,Kobelco SK 035 Coupe,,,,True
697586ef20f6373f2303051c,Kobelco,SK 045 Coupe,Kobelco SK 045 Coupe,,,,True
697586ef20f6373f23030008,Ditch-Witch,SK 300,Ditch-Witch SK 300,,,,True
697586ef20f6373f23030009,Ditch-Witch,SK 350,Ditch-Witch SK 350,,,,True
697586ef20f6373f2303051d,Kobelco,SK 35SR,Kobelco SK 35SR,,,,True
697586ef20f6373f2303051e,Kobelco,SK 35SR-2,Kobelco SK 35SR-2,,,,True
697586ef20f6373f2303051f,Kobelco,SK 35SR-2E,Kobelco SK 35SR-2E,,,,True
697586ef20f6373f23030520,Kobelco,SK 35SR-3,Kobelco SK 35SR-3,,,,True
697586ef20f6373f23030521,Kobelco,SK 35SR-5,Kobelco SK 35SR-5,,,,True
697586ef20f6373f23030522,Kobelco,SK 35SR-6,Kobelco SK 35SR-6,,,,True
697586ef20f6373f2303000a,Ditch-Witch,SK 600,Ditch-Witch SK 600,,,,True
697586ef20f6373f23030696,Komatsu,SK1020 (VTS System for Skidsteer Loader),Komatsu SK1020 (VTS System for Skidsteer Loader),,,,True
697586ef20f6373f23030697,Komatsu,SK815 (VTS System for Skidsteer Loader),Komatsu SK815 (VTS System for Skidsteer Loader),,,,True
697586ef20f6373f23030698,Komatsu,SK818 (VTS System for Skidsteer Loader),Komatsu SK818 (VTS System for Skidsteer Loader),,,,True
697586ef20f6373f23030699,Komatsu,SK820 (VTS System for Skidsteer Loader),Komatsu SK820 (VTS System for Skidsteer Loader),,,,True
697586ef20f6373f23030523,Kobelco,SL 16MST,Kobelco SL 16MST,,,,True
697586ef20f6373f2302ffc5,Daewoo,SL035,Daewoo SL035,,,,False
697586ef20f6373f23030ce5,Wacker Neuson,SM325-27T,Wacker Neuson SM325-27T,,,,True
697586ef20f6373f23030bb8,Unic,SMK 320.67 (Crane),Unic SMK 320.67 (Crane),,,,False
697586ef20f6373f2302fc09,ASV,SR-80,ASV SR-80,,,,True
697586ef20f6373f23030524,Kobelco,SS 60,Kobelco SS 60,,,,True
697586ef20f6373f23030525,Kobelco,SS1,Kobelco SS1,,,,True
697586ef20f6373f23030ce6,Wacker Neuson,ST 28,Wacker Neuson ST 28,,,,True
697586ef20f6373f23030ce7,Wacker Neuson,ST 31,Wacker Neuson ST 31,,,,True
697586ef20f6373f23030ce8,Wacker Neuson,ST 35,Wacker Neuson ST 35,,,,True
697586ef20f6373f23030ce9,Wacker Neuson,ST 45,Wacker Neuson ST 45,,,,True
697586ef20f6373f2302fc0a,ASV,ST-50,ASV ST-50,,,,True
697586ef20f6373f23030d60,Yanmar,SV 08,Yanmar SV 08,,,,True
697586ef20f6373f23030d61,Yanmar,SV 09,Yanmar SV 09,,,,True
697586ef20f6373f23030d62,Yanmar,SV 100,Yanmar SV 100,,,,True
697586ef20f6373f23030d63,Yanmar,SV 100VCR,Yanmar SV 100VCR,,,,True
697586ef20f6373f23030d64,Yanmar,SV 120,Yanmar SV 120,,,,True
697586ef20f6373f23030d65,Yanmar,SV 15,Yanmar SV 15,,,,True
697586ef20f6373f23030d66,Yanmar,SV 15CR,Yanmar SV 15CR,,,,True
697586ef20f6373f23030d67,Yanmar,SV 15PR,Yanmar SV 15PR,,,,True
697586ef20f6373f23030d68,Yanmar,SV 16,Yanmar SV 16,,,,True
697586ef20f6373f23030d69,Yanmar,SV 17,Yanmar SV 17,,,,True
697586ef20f6373f23030d6a,Yanmar,SV 17CR,Yanmar SV 17CR,,,,True
697586ef20f6373f23030d6b,Yanmar,SV 17CRE,Yanmar SV 17CRE,,,,True
697586ef20f6373f23030d6c,Yanmar,SV 17EX,Yanmar SV 17EX,,,,True
697586ef20f6373f23030d6d,Yanmar,SV 18EX,Yanmar SV 18EX,,,,True
697586ef20f6373f23030d6e,Yanmar,SV 20,Yanmar SV 20,,,,True
697586ef20f6373f23030d6f,Yanmar,SV 22,Yanmar SV 22,,,,True
697586ef20f6373f23030d70,Yanmar,SV 26,Yanmar SV 26,,,,True
697586ef20f6373f23030d71,Yanmar,SV 60,Yanmar SV 60,,,,True
697586ef20f6373f2303077b,Kubota,SVL 65-2 (Compact Track Loader),Kubota SVL 65-2 (Compact Track Loader),,,,True
697586ef20f6373f2303077c,Kubota,SVL 75 (Compact Track Loader),Kubota SVL 75 (Compact Track Loader),,,,True
697586ef20f6373f2303077d,Kubota,SVL 75-2 (Compact Track Loader),Kubota SVL 75-2 (Compact Track Loader),,,,True
697586ef20f6373f2303077e,Kubota,SVL 75-3 (Compact Track Loader),Kubota SVL 75-3 (Compact Track Loader),,,,True
697586ef20f6373f2303077f,Kubota,SVL 90 (Compact Track Loader),Kubota SVL 90 (Compact Track Loader),,,,True
697586ef20f6373f23030780,Kubota,SVL 90-2 (Compact Track Loader),Kubota SVL 90-2 (Compact Track Loader),,,,True
697586ef20f6373f23030781,Kubota,SVL 95 (Compact Track Loader),Kubota SVL 95 (Compact Track Loader),,,,True
697586ef20f6373f23030782,Kubota,SVL 95-2 (Compact Track Loader),Kubota SVL 95-2 (Compact Track Loader),,,,True
697586ef20f6373f23030783,Kubota,SVL 95-2s (Compact Track Loader),Kubota SVL 95-2s (Compact Track Loader),,,,True
697586ef20f6373f23030784,Kubota,SVL 97-2 (Compact Track Loader),Kubota SVL 97-2 (Compact Track Loader),,,,True
697586ef20f6373f23030a00,Sany,SY16C,Sany SY16C,,,,True
697586ef20f6373f23030a01,Sany,SY26C,Sany SY26C,,,,True
697586ef20f6373f23030a02,Sany,SY26U,Sany SY26U,,,,True
697586ef20f6373f23030a03,Sany,SY35U,Sany SY35U,,,,True
697586ef20f6373f23030a04,Sany,SY50U,Sany SY50U,,,,True
697586ef20f6373f23030a05,Sany,SY75C,Sany SY75C,,,,True
697586ef20f6373f23030a06,Sany,SY80U,Sany SY80U,,,,True
697586ef20f6373f23030526,Kobelco,Sk 014-1,Kobelco Sk 014-1,,,,True
697586ef20f6373f23030527,Kobelco,Sk 015,Kobelco Sk 015,,,,True
697586ef20f6373f23030528,Kobelco,Sk 015-1,Kobelco Sk 015-1,,,,True
697586ef20f6373f23030529,Kobelco,Sk 024,Kobelco Sk 024,,,,True
697586ef20f6373f2303052a,Kobelco,Sk 024-1,Kobelco Sk 024-1,,,,True
697586ef20f6373f2303052b,Kobelco,Sk 025,Kobelco Sk 025,,,,True
697586ef20f6373f2303052c,Kobelco,Sk 025-1,Kobelco Sk 025-1,,,,True
697586ef20f6373f2303052d,Kobelco,Sk 025-2,Kobelco Sk 025-2,,,,True
697586ef20f6373f2303052e,Kobelco,Sk 025SR,Kobelco Sk 025SR,,,,True
697586ef20f6373f2303052f,Kobelco,Sk 027,Kobelco Sk 027,,,,True
697586ef20f6373f23030530,Kobelco,Sk 027-1,Kobelco Sk 027-1,,,,True
697586ef20f6373f23030531,Kobelco,Sk 030,Kobelco Sk 030,,,,True
697586ef20f6373f23030532,Kobelco,Sk 030-1,Kobelco Sk 030-1,,,,True
697586ef20f6373f23030533,Kobelco,Sk 030-2,Kobelco Sk 030-2,,,,True
697586ef20f6373f23030534,Kobelco,Sk 030SR,Kobelco Sk 030SR,,,,True
697586ef20f6373f23030535,Kobelco,Sk 030UR,Kobelco Sk 030UR,,,,True
697586ef20f6373f23030536,Kobelco,Sk 030UR-1,Kobelco Sk 030UR-1,,,,True
697586ef20f6373f23030537,Kobelco,Sk 030UR-2,Kobelco Sk 030UR-2,,,,True
697586ef20f6373f23030538,Kobelco,Sk 031,Kobelco Sk 031,,,,True
697586ef20f6373f23030539,Kobelco,Sk 032,Kobelco Sk 032,,,,True
697586ef20f6373f2303053a,Kobelco,Sk 035,Kobelco Sk 035,,,,True
697586ef20f6373f2303053b,Kobelco,Sk 035-1,Kobelco Sk 035-1,,,,True
697586ef20f6373f2303053c,Kobelco,Sk 035-2,Kobelco Sk 035-2,,,,True
697586ef20f6373f2303053d,Kobelco,Sk 035SR,Kobelco Sk 035SR,,,,True
697586ef20f6373f2303053e,Kobelco,Sk 042,Kobelco Sk 042,,,,True
697586ef20f6373f2303053f,Kobelco,Sk 042-1,Kobelco Sk 042-1,,,,True
697586ef20f6373f23030540,Kobelco,Sk 045,Kobelco Sk 045,,,,True
697586ef20f6373f23030541,Kobelco,Sk 045-1,Kobelco Sk 045-1,,,,True
697586ef20f6373f23030542,Kobelco,Sk 045-2,Kobelco Sk 045-2,,,,True
697586ef20f6373f23030543,Kobelco,Sk 050,Kobelco Sk 050,,,,True
697586ef20f6373f23030544,Kobelco,Sk 050-1,Kobelco Sk 050-1,,,,True
697586ef20f6373f23030545,Kobelco,Sk 060,Kobelco Sk 060,,,,True
697586ef20f6373f23030546,Kobelco,Sk 13SR,Kobelco Sk 13SR,,,,True
697586ef20f6373f23030547,Kobelco,Sk 15MSR,Kobelco Sk 15MSR,,,,True
697586ef20f6373f23030548,Kobelco,Sk 15R,Kobelco Sk 15R,,,,True
697586ef20f6373f23030549,Kobelco,Sk 15SR,Kobelco Sk 15SR,,,,True
697586ef20f6373f2303054a,Kobelco,Sk 16MSR ('2001),Kobelco Sk 16MSR ('2001),,,,True
697586ef20f6373f2303054b,Kobelco,Sk 17,Kobelco Sk 17,,,,True
697586ef20f6373f2303054c,Kobelco,Sk 17 SR 3,Kobelco Sk 17 SR 3,,,,True
697586ef20f6373f2303054d,Kobelco,Sk 17 SR 5,Kobelco Sk 17 SR 5,,,,True
697586ef20f6373f2303054e,Kobelco,Sk 20SR,Kobelco Sk 20SR,,,,True
697586ef20f6373f2303054f,Kobelco,Sk 20SR-3,Kobelco Sk 20SR-3,,,,True
697586ef20f6373f23030550,Kobelco,Sk 20UR ('2000),Kobelco Sk 20UR ('2000),,,,True
697586ef20f6373f23030551,Kobelco,Sk 25SR,Kobelco Sk 25SR,,,,True
697586ef20f6373f23030552,Kobelco,Sk 25SR-2,Kobelco Sk 25SR-2,,,,True
697586ef20f6373f23030553,Kobelco,Sk 25SR-6,Kobelco Sk 25SR-6,,,,True
697586ef20f6373f23030554,Kobelco,Sk 27,Kobelco Sk 27,,,,True
697586ef20f6373f23030555,Kobelco,Sk 27SR-3,Kobelco Sk 27SR-3,,,,True
697586ef20f6373f23030556,Kobelco,Sk 27SR-5,Kobelco Sk 27SR-5,,,,True
697586ef20f6373f23030557,Kobelco,Sk 28SR-6,Kobelco Sk 28SR-6,,,,True
697586ef20f6373f23030558,Kobelco,Sk 30SR,Kobelco Sk 30SR,,,,True
697586ef20f6373f23030559,Kobelco,Sk 30SR-1,Kobelco Sk 30SR-1,,,,True
697586ef20f6373f2303055a,Kobelco,Sk 30SR-2 ('2001),Kobelco Sk 30SR-2 ('2001),,,,True
697586ef20f6373f2303055b,Kobelco,Sk 30SR-3,Kobelco Sk 30SR-3,,,,True
697586ef20f6373f2303055c,Kobelco,Sk 30SR-5,Kobelco Sk 30SR-5,,,,True
697586ef20f6373f2303055d,Kobelco,Sk 30SR-6,Kobelco Sk 30SR-6,,,,True
697586ef20f6373f2303055e,Kobelco,Sk 30UR,Kobelco Sk 30UR,,,,True
697586ef20f6373f2303055f,Kobelco,Sk 30UR-1,Kobelco Sk 30UR-1,,,,True
697586ef20f6373f23030560,Kobelco,Sk 30UR-2,Kobelco Sk 30UR-2,,,,True
697586ef20f6373f23030561,Kobelco,Sk 40SR ('96-'06),Kobelco Sk 40SR ('96-'06),,,,True
697586ef20f6373f23030562,Kobelco,Sk 40SR-ZT,Kobelco Sk 40SR-ZT,,,,True
697586ef20f6373f23030563,Kobelco,Sk 40SR3 ('96-'06),Kobelco Sk 40SR3 ('96-'06),,,,True
697586ef20f6373f23030564,Kobelco,Sk 45,Kobelco Sk 45,,,,True
697586ef20f6373f23030565,Kobelco,Sk 45-1,Kobelco Sk 45-1,,,,True
697586ef20f6373f23030566,Kobelco,Sk 45SR,Kobelco Sk 45SR,,,,True
697586ef20f6373f23030567,Kobelco,Sk 45SR-2,Kobelco Sk 45SR-2,,,,True
697586ef20f6373f23030568,Kobelco,Sk 50,Kobelco Sk 50,,,,True
697586ef20f6373f23030569,Kobelco,Sk 50-1,Kobelco Sk 50-1,,,,True
697586ef20f6373f2303056a,Kobelco,Sk 50SR,Kobelco Sk 50SR,,,,True
697586ef20f6373f2303056b,Kobelco,Sk 50SR-3,Kobelco Sk 50SR-3,,,,True
697586ef20f6373f2303056c,Kobelco,Sk 50UR,Kobelco Sk 50UR,,,,True
697586ef20f6373f2303056d,Kobelco,Sk 50UR-1,Kobelco Sk 50UR-1,,,,True
697586ef20f6373f2303056e,Kobelco,Sk 50UR-2,Kobelco Sk 50UR-2,,,,True
697586ef20f6373f2303056f,Kobelco,Sk 55SRX,Kobelco Sk 55SRX,,,,True
697586ef20f6373f23030570,Kobelco,Sk 55SRX 6E,Kobelco Sk 55SRX 6E,,,,True
697586ef20f6373f23030571,Kobelco,Sk 60,Kobelco Sk 60,,,,True
697586ef20f6373f23030572,Kobelco,Sk 60-1,Kobelco Sk 60-1,,,,True
697586ef20f6373f23030573,Kobelco,Sk 60-2,Kobelco Sk 60-2,,,,True
697586ef20f6373f23030574,Kobelco,Sk 60-3 (untill'97),Kobelco Sk 60-3 (untill'97),,,,True
697586ef20f6373f23030575,Kobelco,Sk 60UR,Kobelco Sk 60UR,,,,True
697586ef20f6373f23030576,Kobelco,Sk 70SR,Kobelco Sk 70SR,,,,True
697586ef20f6373f23030577,Kobelco,Sk 70SR-1E,Kobelco Sk 70SR-1E,,,,True
697586ef20f6373f23030578,Kobelco,Sk 70SR-2,Kobelco Sk 70SR-2,,,,True
697586ef20f6373f23030579,Kobelco,Sk 75-3,Kobelco Sk 75-3,,,,True
697586ef20f6373f2303057a,Kobelco,Sk 75SR,Kobelco Sk 75SR,,,,True
697586ef20f6373f2303057b,Kobelco,Sk 75UR,Kobelco Sk 75UR,,,,True
697586ef20f6373f2303057c,Kobelco,Sk 75UR-1,Kobelco Sk 75UR-1,,,,True
697586ef20f6373f2303057d,Kobelco,Sk 80CS,Kobelco Sk 80CS,,,,True
697586ef20f6373f2303057e,Kobelco,Sk 80MSR,Kobelco Sk 80MSR,,,,True
697586ef20f6373f2303057f,Kobelco,Sk 85CS,Kobelco Sk 85CS,,,,True
697586ef20f6373f23030580,Kobelco,Sk 85MSR,Kobelco Sk 85MSR,,,,True
697586ef20f6373f23030581,Kobelco,Sk 95UR,Kobelco Sk 95UR,,,,True
697586ef20f6373f23030582,Kobelco,Sk25SR-3,Kobelco Sk25SR-3,,,,True
697586ef20f6373f23030583,Kobelco,Sk25SR-5,Kobelco Sk25SR-5,,,,True
697586ef20f6373f2302ffc6,Daewoo,Solar007,Daewoo Solar007,,,,False
697586ef20f6373f2302ffc7,Daewoo,Solar010,Daewoo Solar010,,,,False
697586ef20f6373f2302ffc8,Daewoo,Solar015,Daewoo Solar015,,,,False
697586ef20f6373f2302ffc9,Daewoo,Solar015Plus,Daewoo Solar015Plus,,,,False
697586ef20f6373f2302ffca,Daewoo,Solar018,Daewoo Solar018,,,,False
697586ef20f6373f2302ffcb,Daewoo,Solar018VT,Daewoo Solar018VT,,,,False
697586ef20f6373f2302ffcc,Daewoo,Solar030,Daewoo Solar030,,,,False
697586ef20f6373f2302ffcd,Daewoo,Solar030Plus,Daewoo Solar030Plus,,,,False
697586ef20f6373f2302ffce,Daewoo,Solar035,Daewoo Solar035,,,,False
697586ef20f6373f2302ffcf,Daewoo,Solar035Plus,Daewoo Solar035Plus,,,,False
697586ef20f6373f2302ffd0,Daewoo,Solar10,Daewoo Solar10,,,,False
697586ef20f6373f2302ffd1,Daewoo,Solar15,Daewoo Solar15,,,,False
697586ef20f6373f2302ffd2,Daewoo,Solar25,Daewoo Solar25,,,,False
697586ef20f6373f2302ffd3,Daewoo,Solar30,Daewoo Solar30,,,,False
697586ef20f6373f2302ffd4,Daewoo,Solar35,Daewoo Solar35,,,,False
697586ef20f6373f2302ffd5,Daewoo,Solar55,Daewoo Solar55,,,,False
697586ef20f6373f2302ffd6,Daewoo,Solar55-3,Daewoo Solar55-3,,,,False
697586ef20f6373f2302ffd7,Daewoo,Solar55-5,Daewoo Solar55-5,,,,False
697586ef20f6373f2302ffd8,Daewoo,Solar55-V,Daewoo Solar55-V,,,,False
697586ef20f6373f2302ffd9,Daewoo,Solar55-VPlus,Daewoo Solar55-VPlus,,,,False
697586ef20f6373f2302ffda,Daewoo,Solar55Exv,Daewoo Solar55Exv,,,,False
697586ef20f6373f2302ffdb,Daewoo,Solar70-III,Daewoo Solar70-III,,,,False
697586ef20f6373f2302ffdc,Daewoo,Solar75V,Daewoo Solar75V,,,,False
697586ef20f6373f23030b95,Thomas,T 35DT (Skid steer loader),Thomas T 35DT (Skid steer loader),,,,False
697586ef20f6373f23030430,IHI,T 840,IHI T 840,,,,True
697586ef20f6373f23030b96,Thomas,T-15S,Thomas T-15S,,,,False
697586ef20f6373f23030b97,Thomas,T-15V,Thomas T-15V,,,,False
697586ef20f6373f23030b98,Thomas,T-25S,Thomas T-25S,,,,False
697586ef20f6373f23030b99,Thomas,T-35S,Thomas T-35S,,,,False
697586ef20f6373f23030b9a,Thomas,T-45S,Thomas T-45S,,,,False
697586ef20f6373f2302fd6f,Bobcat,T110,Bobcat T110,,,,True
697586ef20f6373f2302fd70,Bobcat,T140,Bobcat T140,,,,True
697586ef20f6373f23030d72,Yanmar,T175 (Compact Track Loader),Yanmar T175 (Compact Track Loader),,,,True
697586ef20f6373f2302fd71,Bobcat,T180,Bobcat T180,,,,True
697586ef20f6373f2302fd72,Bobcat,T180H,Bobcat T180H,,,,True
697586ef20f6373f2302fd73,Bobcat,T190,Bobcat T190,,,,True
697586ef20f6373f2302fd74,Bobcat,T190H,Bobcat T190H,,,,True
697586ef20f6373f2302fd75,Bobcat,T200,Bobcat T200,,,,True
697586ef20f6373f23030d73,Yanmar,T210 (Compact Track Loader),Yanmar T210 (Compact Track Loader),,,,True
697586ef20f6373f2302fd76,Bobcat,T250,Bobcat T250,,,,True
697586ef20f6373f2302fd77,Bobcat,T250H,Bobcat T250H,,,,True
697586ef20f6373f2302fd78,Bobcat,T300,Bobcat T300,,,,True
697586ef20f6373f2302fd79,Bobcat,T300H,Bobcat T300H,,,,True
697586ef20f6373f2302fd7a,Bobcat,T320,Bobcat T320,,,,True
697586ef20f6373f2302fd7b,Bobcat,T450,Bobcat T450,,,,True
697586ef20f6373f2302fd7c,Bobcat,T550,Bobcat T550,,,,True
697586ef20f6373f2302fd7d,Bobcat,T590,Bobcat T590,,,,True
697586ef20f6373f2302fd7e,Bobcat,T595,Bobcat T595,,,,True
697586ef20f6373f2302fd7f,Bobcat,T62,Bobcat T62,,,,True
697586ef20f6373f2302fd80,Bobcat,T630,Bobcat T630,,,,True
697586ef20f6373f2302fd81,Bobcat,T64,Bobcat T64,,,,True
697586ef20f6373f2302fd82,Bobcat,T650,Bobcat T650,,,,True
697586ef20f6373f2302fd83,Bobcat,T66,Bobcat T66,,,,True
697586ef20f6373f2302fd84,Bobcat,T72,Bobcat T72,,,,True
697586ef20f6373f2302fd85,Bobcat,T740,Bobcat T740,,,,True
697586ef20f6373f2302fd86,Bobcat,T750,Bobcat T750,,,,True
697586ef20f6373f2302fd87,Bobcat,T76,Bobcat T76,,,,True
697586ef20f6373f2302fd88,Bobcat,T770,Bobcat T770,,,,True
697586ef20f6373f2302fd89,Bobcat,T830,Bobcat T830,,,,True
697586ef20f6373f2302fd8a,Bobcat,T86,Bobcat T86,,,,True
697586ef20f6373f2302fd8b,Bobcat,T870,Bobcat T870,,,,True
697586ef20f6373f23030af2,Takeuchi,TAK 700 (mini-dumper),Takeuchi TAK 700 (mini-dumper),,,,True
697586ef20f6373f23030af3,Takeuchi,TB 007,Takeuchi TB 007,,,,True
697586ef20f6373f23030af4,Takeuchi,TB 008,Takeuchi TB 008,,,,True
697586ef20f6373f23030af5,Takeuchi,TB 014,Takeuchi TB 014,,,,True
697586ef20f6373f23030af6,Takeuchi,TB 014A/LSA,Takeuchi TB 014A/LSA,,,,True
697586ef20f6373f23030af7,Takeuchi,TB 014S/LSA,Takeuchi TB 014S/LSA,,,,True
697586ef20f6373f23030af8,Takeuchi,TB 015,Takeuchi TB 015,,,,True
697586ef20f6373f23030af9,Takeuchi,TB 015A,Takeuchi TB 015A,,,,True
697586ef20f6373f23030afa,Takeuchi,TB 016,Takeuchi TB 016,,,,True
697586ef20f6373f23030afb,Takeuchi,TB 016S/LSA,Takeuchi TB 016S/LSA,,,,True
697586ef20f6373f23030afc,Takeuchi,TB 025,Takeuchi TB 025,,,,True
697586ef20f6373f23030afd,Takeuchi,TB 030,Takeuchi TB 030,,,,True
697586ef20f6373f23030afe,Takeuchi,TB 030UR,Takeuchi TB 030UR,,,,True
697586ef20f6373f23030aff,Takeuchi,TB 035,Takeuchi TB 035,,,,True
697586ef20f6373f23030b00,Takeuchi,TB 045,Takeuchi TB 045,,,,True
697586ef20f6373f23030b01,Takeuchi,TB 07,Takeuchi TB 07,,,,True
697586ef20f6373f23030b02,Takeuchi,TB 070,Takeuchi TB 070,,,,True
697586ef20f6373f23030b03,Takeuchi,TB 08,Takeuchi TB 08,,,,True
697586ef20f6373f23030b04,Takeuchi,TB 080,Takeuchi TB 080,,,,True
697586ef20f6373f23030b05,Takeuchi,TB 105,Takeuchi TB 105,,,,True
697586ef20f6373f23030b06,Takeuchi,TB 106,Takeuchi TB 106,,,,True
697586ef20f6373f23030b07,Takeuchi,TB 108,Takeuchi TB 108,,,,True
697586ef20f6373f23030b08,Takeuchi,TB 10F,Takeuchi TB 10F,,,,True
697586ef20f6373f23030b09,Takeuchi,TB 10S,Takeuchi TB 10S,,,,True
697586ef20f6373f23030b0a,Takeuchi,TB 1135,Takeuchi TB 1135,,,,True
697586ef20f6373f23030b0b,Takeuchi,TB 1140,Takeuchi TB 1140,,,,True
697586ef20f6373f23030b0c,Takeuchi,TB 1150,Takeuchi TB 1150,,,,True
697586ef20f6373f23030b0d,Takeuchi,TB 12,Takeuchi TB 12,,,,True
697586ef20f6373f23030b0e,Takeuchi,TB 120,Takeuchi TB 120,,,,True
697586ef20f6373f23030b0f,Takeuchi,TB 120R,Takeuchi TB 120R,,,,True
697586ef20f6373f23030b10,Takeuchi,TB 125,Takeuchi TB 125,,,,True
697586ef20f6373f23030b11,Takeuchi,TB 125LSA,Takeuchi TB 125LSA,,,,True
697586ef20f6373f23030b12,Takeuchi,TB 128,Takeuchi TB 128,,,,True
697586ef20f6373f23030b13,Takeuchi,TB 135,Takeuchi TB 135,,,,True
697586ef20f6373f23030b14,Takeuchi,TB 135LSA,Takeuchi TB 135LSA,,,,True
697586ef20f6373f23030b15,Takeuchi,TB 138FR,Takeuchi TB 138FR,,,,True
697586ef20f6373f23030b16,Takeuchi,TB 14,Takeuchi TB 14,,,,True
697586ef20f6373f23030b17,Takeuchi,TB 145,Takeuchi TB 145,,,,True
697586ef20f6373f23030b18,Takeuchi,TB 15 (New),Takeuchi TB 15 (New),,,,True
697586ef20f6373f23030b19,Takeuchi,TB 15 (old),Takeuchi TB 15 (old),,,,True
697586ef20f6373f23030b1a,Takeuchi,TB 153FR,Takeuchi TB 153FR,,,,True
697586ef20f6373f23030b1b,Takeuchi,TB 15F,Takeuchi TB 15F,,,,True
697586ef20f6373f23030b1c,Takeuchi,TB 15FR,Takeuchi TB 15FR,,,,True
697586ef20f6373f23030b1d,Takeuchi,TB 16,Takeuchi TB 16,,,,True
697586ef20f6373f23030b1e,Takeuchi,TB 175,Takeuchi TB 175,,,,True
697586ef20f6373f23030b1f,Takeuchi,TB 175LSA,Takeuchi TB 175LSA,,,,True
697586ef20f6373f23030b20,Takeuchi,TB 180FR,Takeuchi TB 180FR,,,,True
697586ef20f6373f23030b21,Takeuchi,TB 20R,Takeuchi TB 20R,,,,True
697586ef20f6373f23030b22,Takeuchi,TB 210R,Takeuchi TB 210R,,,,True
697586ef20f6373f23030b23,Takeuchi,TB 2150,Takeuchi TB 2150,,,,True
697586ef20f6373f23030b24,Takeuchi,TB 2150R,Takeuchi TB 2150R,,,,True
697586ef20f6373f23030b25,Takeuchi,TB 215R,Takeuchi TB 215R,,,,True
697586ef20f6373f23030b26,Takeuchi,TB 216,Takeuchi TB 216,,,,True
697586ef20f6373f23030b27,Takeuchi,TB 217R [OEM 230x48x68],Takeuchi TB 217R [OEM 230x48x68],,,,True
697586ef20f6373f23030b28,Takeuchi,TB 225,Takeuchi TB 225,,,,True
697586ef20f6373f23030b29,Takeuchi,TB 228,Takeuchi TB 228,,,,True
697586ef20f6373f23030b2a,Takeuchi,TB 230,Takeuchi TB 230,,,,True
697586ef20f6373f23030b2b,Takeuchi,TB 235,Takeuchi TB 235,,,,True
697586ef20f6373f23030b2c,Takeuchi,TB 23R,Takeuchi TB 23R,,,,True
697586ef20f6373f23030b2d,Takeuchi,TB 240,Takeuchi TB 240,,,,True
697586ef20f6373f23030b2e,Takeuchi,TB 250 [OEM 320x100x43],Takeuchi TB 250 [OEM 320x100x43],,,,True
697586ef20f6373f23030b2f,Takeuchi,TB 250-2,Takeuchi TB 250-2,,,,True
697586ef20f6373f23030b30,Takeuchi,TB 250A,Takeuchi TB 250A,,,,True
697586ef20f6373f23030b31,Takeuchi,TB 257FR,Takeuchi TB 257FR,,,,True
697586ef20f6373f23030b32,Takeuchi,TB 25FR,Takeuchi TB 25FR,,,,True
697586ef20f6373f23030b33,Takeuchi,TB 260,Takeuchi TB 260,,,,True
697586ef20f6373f23030b34,Takeuchi,TB 280FR,Takeuchi TB 280FR,,,,True
697586ef20f6373f23030b35,Takeuchi,TB 285,Takeuchi TB 285,,,,True
697586ef20f6373f23030b36,Takeuchi,TB 28FR,Takeuchi TB 28FR,,,,True
697586ef20f6373f23030b37,Takeuchi,TB 290,Takeuchi TB 290,,,,True
697586ef20f6373f23030b38,Takeuchi,TB 30UR,Takeuchi TB 30UR,,,,True
697586ef20f6373f23030b39,Takeuchi,TB 38FR,Takeuchi TB 38FR,,,,True
697586ef20f6373f23030b3a,Takeuchi,TB 53FR,Takeuchi TB 53FR,,,,True
697586ef20f6373f23030b3b,Takeuchi,TB 55R,Takeuchi TB 55R,,,,True
697586ef20f6373f23030b3c,Takeuchi,TB 55UR,Takeuchi TB 55UR,,,,True
697586ef20f6373f23030b3d,Takeuchi,TB 650,Takeuchi TB 650,,,,True
697586ef20f6373f23030b3e,Takeuchi,TB 650S,Takeuchi TB 650S,,,,True
697586ef20f6373f23030b3f,Takeuchi,TB 80FR,Takeuchi TB 80FR,,,,True
697586ef20f6373f23030b40,Takeuchi,TB 980,Takeuchi TB 980,,,,True
697586ef20f6373f23030b79,Terex,TC 125,Terex TC 125,,,,True
697586ef20f6373f23030b7a,Terex,TC 15,Terex TC 15,,,,True
697586ef20f6373f23030b7b,Terex,TC 16,Terex TC 16,,,,True
697586ef20f6373f23030b7c,Terex,TC 19,Terex TC 19,,,,True
697586ef20f6373f23030b7d,Terex,TC 20,Terex TC 20,,,,True
697586ef20f6373f23030b7e,Terex,TC 25,Terex TC 25,,,,True
697586ef20f6373f23030b7f,Terex,TC 29,Terex TC 29,,,,True
697586ef20f6373f23030b80,Terex,TC 35,Terex TC 35,,,,True
697586ef20f6373f23030b81,Terex,TC 37,Terex TC 37,,,,True
697586ef20f6373f23030b41,Takeuchi,TC 425LD,Takeuchi TC 425LD,,,,True
697586ef20f6373f23030b82,Terex,TC 48,Terex TC 48,,,,True
697586ef20f6373f23030b83,Terex,TC 50,Terex TC 50,,,,True
697586ef20f6373f23030b84,Terex,TC 60,Terex TC 60,,,,True
697586ef20f6373f23030b85,Terex,TC 75,Terex TC 75,,,,True
697586ef20f6373f23030b42,Takeuchi,TC 850,Takeuchi TC 850,,,,True
697586ef20f6373f23030b43,Takeuchi,TC 850S,Takeuchi TC 850S,,,,True
697586ef20f6373f23030b44,Takeuchi,TCF 850,Takeuchi TCF 850,,,,True
697586ef20f6373f23030b45,Takeuchi,TCF 850S,Takeuchi TCF 850S,,,,True
697586ef20f6373f230304aa,JCB,TD 10(Dumper),JCB TD 10(Dumper),,,,True
697586ef20f6373f230304ab,JCB,TD 10SL(Dumper),JCB TD 10SL(Dumper),,,,True
697586ef20f6373f2303090c,Nifty,TD 120TN,Nifty TD 120TN,,,,False
697586ef20f6373f23030cea,Wacker Neuson,TD 15 (Carrier),Wacker Neuson TD 15 (Carrier),,,,True
697586ef20f6373f2303090d,Nifty,TD 34T,Nifty TD 34T,,,,False
697586ef20f6373f230304ac,JCB,TD 7(Dumper),JCB TD 7(Dumper),,,,True
697586ef20f6373f23030ceb,Wacker Neuson,TD 9 (Dumper),Wacker Neuson TD 9 (Dumper),,,,True
697586ef20f6373f2302fe5a,CASE,TF 300,CASE TF 300,,,,True
697586ef20f6373f2302fe5b,CASE,TF 300RT,CASE TF 300RT,,,,True
697586ef20f6373f23030b46,Takeuchi,TL 10 (Compact Track Loader),Takeuchi TL 10 (Compact Track Loader),,,,True
697586ef20f6373f23030b47,Takeuchi,TL 10V2 (Compact Track Loader),Takeuchi TL 10V2 (Compact Track Loader),,,,True
697586ef20f6373f23030b48,Takeuchi,TL 12 (Compact Track Loader),Takeuchi TL 12 (Compact Track Loader),,,,True
697586ef20f6373f23030b49,Takeuchi,TL 120 (Compact Track Loader),Takeuchi TL 120 (Compact Track Loader),,,,True
697586ef20f6373f23030b4a,Takeuchi,TL 12R2 (Compact Track Loader),Takeuchi TL 12R2 (Compact Track Loader),,,,True
697586ef20f6373f23030b4b,Takeuchi,TL 12V2 (Compact Track Loader),Takeuchi TL 12V2 (Compact Track Loader),,,,True
697586ef20f6373f23030b4c,Takeuchi,TL 130 (Compact Track Loader),Takeuchi TL 130 (Compact Track Loader),,,,True
697586ef20f6373f23030b4d,Takeuchi,TL 140 (Compact Track Loader),Takeuchi TL 140 (Compact Track Loader),,,,True
697586ef20f6373f23030b4e,Takeuchi,TL 150 (Compact Track Loader),Takeuchi TL 150 (Compact Track Loader),,,,True
697586ef20f6373f23030b4f,Takeuchi,TL 220 (Compact Track Loader),Takeuchi TL 220 (Compact Track Loader),,,,True
697586ef20f6373f23030b50,Takeuchi,TL 230 (Compact Track Loader),Takeuchi TL 230 (Compact Track Loader),,,,True
697586ef20f6373f23030b51,Takeuchi,TL 230-2 (Compact Track Loader),Takeuchi TL 230-2 (Compact Track Loader),,,,True
697586ef20f6373f23030b52,Takeuchi,TL 240 (Compact Track Loader),Takeuchi TL 240 (Compact Track Loader),,,,True
697586ef20f6373f23030b53,Takeuchi,TL 250 (Compact Track Loader),Takeuchi TL 250 (Compact Track Loader),,,,True
697586ef20f6373f23030b54,Takeuchi,TL 6R (Compact Track Loader),Takeuchi TL 6R (Compact Track Loader),,,,True
697586ef20f6373f23030b55,Takeuchi,TL 8 (Compact Track Loader),Takeuchi TL 8 (Compact Track Loader),,,,True
697586ef20f6373f23030b56,Takeuchi,TL 8R-2 (Compact Track Loader),Takeuchi TL 8R-2 (Compact Track Loader),,,,True
697586ef20f6373f2303019d,Hanix,TP50-D,Hanix TP50-D,,,,False
697586ef20f6373f2302fe5c,CASE,TR270,CASE TR270,,,,True
697586ef20f6373f2302fe5d,CASE,TR310,CASE TR310,,,,True
697586ef20f6373f2302fe5e,CASE,TR320,CASE TR320,,,,True
697586ef20f6373f2302fe5f,CASE,TR340,CASE TR340,,,,True
697586ef20f6373f23030203,Hinowa,TT 1350,Hinowa TT 1350,,,,False
697586ef20f6373f23030204,Hinowa,TT 1600,Hinowa TT 1600,,,,False
697586ef20f6373f23030205,Hinowa,TT 1700,Hinowa TT 1700,,,,False
697586ef20f6373f2302fe60,CASE,TV370,CASE TV370,,,,True
697586ef20f6373f2302fe61,CASE,TV370B,CASE TV370B,,,,True
697586ef20f6373f2302fe62,CASE,TV380,CASE TV380,,,,True
697586ef20f6373f2302fe63,CASE,TV450B,CASE TV450B,,,,True
697586ef20f6373f2302fe64,CASE,TV620B,CASE TV620B,,,,True
697586ef20f6373f23030b57,Takeuchi,TZ 10,Takeuchi TZ 10,,,,True
697586ef20f6373f23030856,Morooka,Track Carrier 1500,Morooka Track Carrier 1500,,,,False
697586ef20f6373f23030857,Morooka,Track Carrier 2200,Morooka Track Carrier 2200,,,,False
697586ef20f6373f23030785,Kubota,U-008,Kubota U-008,,,,True
697586ef20f6373f23030786,Kubota,U-10,Kubota U-10,,,,True
697586ef20f6373f23030787,Kubota,U-10-3,Kubota U-10-3,,,,True
697586ef20f6373f23030788,Kubota,U-10-5,Kubota U-10-5,,,,True
697586ef20f6373f23030789,Kubota,U-15,Kubota U-15,,,,True
697586ef20f6373f2303078a,Kubota,U-15 Lotus root,Kubota U-15 Lotus root,,,,True
697586ef20f6373f2303078b,Kubota,U-15-3,Kubota U-15-3,,,,True
697586ef20f6373f2303078c,Kubota,U-17,Kubota U-17,,,,True
697586ef20f6373f2303078d,Kubota,U-17-3,Kubota U-17-3,,,,True
697586ef20f6373f2303078e,Kubota,U-17-3&,Kubota U-17-3&,,,,True
697586ef20f6373f2303078f,Kubota,U-20,Kubota U-20,,,,True
697586ef20f6373f23030790,Kubota,U-20 (Korean model),Kubota U-20 (Korean model),,,,True
697586ef20f6373f23030791,Kubota,U-20-3,Kubota U-20-3,,,,True
697586ef20f6373f23030792,Kubota,U-20-3&,Kubota U-20-3&,,,,True
697586ef20f6373f23030793,Kubota,U-20-3V,Kubota U-20-3V,,,,True
697586ef20f6373f23030794,Kubota,U-20-3VHG,Kubota U-20-3VHG,,,,True
697586ef20f6373f23030795,Kubota,U-25-3,Kubota U-25-3,,,,True
697586ef20f6373f23030796,Kubota,U-25-3G,Kubota U-25-3G,,,,True
697586ef20f6373f23030797,Kubota,U-25-3GL,Kubota U-25-3GL,,,,True
697586ef20f6373f23030798,Kubota,U-27-4,Kubota U-27-4,,,,True
697586ef20f6373f23030799,Kubota,U-30,Kubota U-30,,,,True
697586ef20f6373f2303079a,Kubota,U-30-1,Kubota U-30-1,,,,True
697586ef20f6373f2303079b,Kubota,U-30-2,Kubota U-30-2,,,,True
697586ef20f6373f2303079c,Kubota,U-30-3,Kubota U-30-3,,,,True
697586ef20f6373f2303079d,Kubota,U-30-5S,Kubota U-30-5S,,,,True
697586ef20f6373f2303079e,Kubota,U-30-6S,Kubota U-30-6S,,,,True
697586ef20f6373f2303079f,Kubota,U-30HG,Kubota U-30HG,,,,True
697586ef20f6373f230307a0,Kubota,U-35,Kubota U-35,,,,True
697586ef20f6373f230307a1,Kubota,U-35&,Kubota U-35&,,,,True
697586ef20f6373f230307a2,Kubota,U-35-3,Kubota U-35-3,,,,True
697586ef20f6373f230307a3,Kubota,U-35-3&,Kubota U-35-3&,,,,True
697586ef20f6373f230307a4,Kubota,U-35-3&2,Kubota U-35-3&2,,,,True
697586ef20f6373f230307a5,Kubota,U-35-3G,Kubota U-35-3G,,,,True
697586ef20f6373f230307a6,Kubota,U-35-3GAI,Kubota U-35-3GAI,,,,True
697586ef20f6373f230307a7,Kubota,U-35-3HG,Kubota U-35-3HG,,,,True
697586ef20f6373f230307a8,Kubota,U-35-4,Kubota U-35-4,,,,True
697586ef20f6373f230307a9,Kubota,U-35HG,Kubota U-35HG,,,,True
697586ef20f6373f230307aa,Kubota,U-35SS (Super Series),Kubota U-35SS (Super Series),,,,True
697586ef20f6373f230307ab,Kubota,U-36-4,Kubota U-36-4,,,,True
697586ef20f6373f230307ac,Kubota,U-40,Kubota U-40,,,,True
697586ef20f6373f230307ad,Kubota,U-45,Kubota U-45,,,,True
697586ef20f6373f230307ae,Kubota,U-45-3,Kubota U-45-3,,,,True
697586ef20f6373f230307af,Kubota,U-45G,Kubota U-45G,,,,True
697586ef20f6373f230307b0,Kubota,U-45VA,Kubota U-45VA,,,,True
697586ef20f6373f230307b1,Kubota,U-48-4,Kubota U-48-4,,,,True
697586ef20f6373f230307b2,Kubota,U-50-3,Kubota U-50-3,,,,True
697586ef20f6373f230307b3,Kubota,U-50-5,Kubota U-50-5,,,,True
697586ef20f6373f230307b4,Kubota,U-55,Kubota U-55,,,,True
697586ef20f6373f230307b5,Kubota,U-55-4,Kubota U-55-4,,,,True
697586ef20f6373f230307b6,Kubota,U-55-4 S,Kubota U-55-4 S,,,,True
697586ef20f6373f230307b7,Kubota,U-55-5,Kubota U-55-5,,,,True
697586ef20f6373f230307b8,Kubota,U-56-5,Kubota U-56-5,,,,True
697586ef20f6373f230302ad,Hitachi,UE 004,Hitachi UE 004,,,,True
697586ef20f6373f230302ae,Hitachi,UE 10,Hitachi UE 10,,,,True
697586ef20f6373f230302af,Hitachi,UE 12,Hitachi UE 12,,,,True
697586ef20f6373f230302b0,Hitachi,UE 15,Hitachi UE 15,,,,True
697586ef20f6373f230302b1,Hitachi,UE 15SR,Hitachi UE 15SR,,,,True
697586ef20f6373f230302b2,Hitachi,UE 20,Hitachi UE 20,,,,True
697586ef20f6373f230302b3,Hitachi,UE 30 (OEM 300x52.5x84),Hitachi UE 30 (OEM 300x52.5x84),,,,True
697586ef20f6373f230302b4,Hitachi,UE 35,Hitachi UE 35,,,,True
697586ef20f6373f230302b5,Hitachi,UE 40,Hitachi UE 40,,,,True
697586ef20f6373f230302b6,Hitachi,UE 45,Hitachi UE 45,,,,True
697586ef20f6373f230302b7,Hitachi,UE 50,Hitachi UE 50,,,,True
697586ef20f6373f23030bb9,Unic,UR 255CA,Unic UR 255CA,,,,False
697586ef20f6373f23030bba,Unic,URA-376CL (Crane),Unic URA-376CL (Crane),,,,False
697586ef20f6373f23030bbb,Unic,URA-506CL (Crane),Unic URA-506CL (Crane),,,,False
697586ef20f6373f23030bbc,Unic,URW-094 (Crane),Unic URW-094 (Crane),,,,False
697586ef20f6373f23030bbd,Unic,URW-547 (Crane),Unic URW-547 (Crane),,,,False
697586ef20f6373f23030bbe,Unic,URW-A 095CR (Crane),Unic URW-A 095CR (Crane),,,,False
697586ef20f6373f23030bbf,Unic,URW-A 295CR (Crane),Unic URW-A 295CR (Crane),,,,False
697586ef20f6373f230307b9,Kubota,UX 30,Kubota UX 30,,,,True
697586ef20f6373f23030cec,Wacker Neuson,Unitrac BF 250,Wacker Neuson Unitrac BF 250,,,,True
697586ef20f6373f23030035,Dynapac,VC 15,Dynapac VC 15,,,,True
697586ef20f6373f23030036,Dynapac,VD 15,Dynapac VD 15,,,,True
697586ef20f6373f23030037,Dynapac,VD 151,Dynapac VD 151,,,,True
697586ef20f6373f23030038,Dynapac,VD 152,Dynapac VD 152,,,,True
697586ef20f6373f23030039,Dynapac,VD 251,Dynapac VD 251,,,,True
697586ef20f6373f2303003a,Dynapac,VD 351,Dynapac VD 351,,,,True
697586ef20f6373f23030d74,Yanmar,VIO 10,Yanmar VIO 10,,,,True
697586ef20f6373f23030d75,Yanmar,VIO 100,Yanmar VIO 100,,,,True
697586ef20f6373f23030d76,Yanmar,VIO 12,Yanmar VIO 12,,,,True
697586ef20f6373f23030d77,Yanmar,VIO 15,Yanmar VIO 15,,,,True
697586ef20f6373f23030d78,Yanmar,VIO 15-2,Yanmar VIO 15-2,,,,True
697586ef20f6373f23030d79,Yanmar,VIO 17 [OEM 230x72x46],Yanmar VIO 17 [OEM 230x72x46],,,,True
697586ef20f6373f23030d7a,Yanmar,VIO 17 [OEM 230x72x47],Yanmar VIO 17 [OEM 230x72x47],,,,True
697586ef20f6373f23030d7b,Yanmar,VIO 17PR [OEM 230x72x47],Yanmar VIO 17PR [OEM 230x72x47],,,,True
697586ef20f6373f23030d7c,Yanmar,VIO 20,Yanmar VIO 20,,,,True
697586ef20f6373f23030d7d,Yanmar,VIO 20 Global,Yanmar VIO 20 Global,,,,True
697586ef20f6373f23030d7e,Yanmar,VIO 20-1,Yanmar VIO 20-1,,,,True
697586ef20f6373f23030d7f,Yanmar,VIO 20-2,Yanmar VIO 20-2,,,,True
697586ef20f6373f23030d80,Yanmar,VIO 20-3 (offset type),Yanmar VIO 20-3 (offset type),,,,True
697586ef20f6373f23030d81,Yanmar,VIO 20-4 (offset type),Yanmar VIO 20-4 (offset type),,,,True
697586ef20f6373f23030d82,Yanmar,VIO 20CR,Yanmar VIO 20CR,,,,True
697586ef20f6373f23030d83,Yanmar,VIO 20PR-1,Yanmar VIO 20PR-1,,,,True
697586ef20f6373f23030d84,Yanmar,VIO 25 [OEM 250x55.5x79 Symetric),Yanmar VIO 25 [OEM 250x55.5x79 Symetric),,,,True
697586ef20f6373f23030d85,Yanmar,VIO 25 [OEM 260x55.5x78 Offset),Yanmar VIO 25 [OEM 260x55.5x78 Offset),,,,True
697586ef20f6373f23030d86,Yanmar,VIO 25-4,Yanmar VIO 25-4,,,,True
697586ef20f6373f23030d87,Yanmar,VIO 25-6,Yanmar VIO 25-6,,,,True
697586ef20f6373f23030d88,Yanmar,VIO 25PR,Yanmar VIO 25PR,,,,True
697586ef20f6373f23030d89,Yanmar,VIO 26,Yanmar VIO 26,,,,True
697586ef20f6373f23030d8a,Yanmar,VIO 27,Yanmar VIO 27,,,,True
697586ef20f6373f23030d8b,Yanmar,VIO 27-2 (Offset type),Yanmar VIO 27-2 (Offset type),,,,True
697586ef20f6373f23030d8c,Yanmar,VIO 27-2 Global (Offset type),Yanmar VIO 27-2 Global (Offset type),,,,True
697586ef20f6373f23030d8d,Yanmar,VIO 27-3,Yanmar VIO 27-3,,,,True
697586ef20f6373f23030d8e,Yanmar,VIO 27-5,Yanmar VIO 27-5,,,,True
697586ef20f6373f23030d8f,Yanmar,VIO 27-6,Yanmar VIO 27-6,,,,True
697586ef20f6373f23030d90,Yanmar,VIO 30-1,Yanmar VIO 30-1,,,,True
697586ef20f6373f23030d91,Yanmar,VIO 30-2,Yanmar VIO 30-2,,,,True
697586ef20f6373f23030d92,Yanmar,VIO 30-3S,Yanmar VIO 30-3S,,,,True
697586ef20f6373f23030d93,Yanmar,VIO 30-6,Yanmar VIO 30-6,,,,True
697586ef20f6373f23030d94,Yanmar,VIO 30V (Offset type),Yanmar VIO 30V (Offset type),,,,True
697586ef20f6373f23030d95,Yanmar,VIO 33 (Offset type),Yanmar VIO 33 (Offset type),,,,True
697586ef20f6373f23030d96,Yanmar,VIO 33-6,Yanmar VIO 33-6,,,,True
697586ef20f6373f23030d97,Yanmar,VIO 35 (Offset type),Yanmar VIO 35 (Offset type),,,,True
697586ef20f6373f23030d98,Yanmar,VIO 35 Global,Yanmar VIO 35 Global,,,,True
697586ef20f6373f23030d99,Yanmar,VIO 35-1 (Offset type),Yanmar VIO 35-1 (Offset type),,,,True
697586ef20f6373f23030d9a,Yanmar,VIO 35-2 (Offset type),Yanmar VIO 35-2 (Offset type),,,,True
697586ef20f6373f23030d9b,Yanmar,VIO 35-3 (Offset type),Yanmar VIO 35-3 (Offset type),,,,True
697586ef20f6373f23030d9c,Yanmar,VIO 35-5 (Offset type),Yanmar VIO 35-5 (Offset type),,,,True
697586ef20f6373f23030d9d,Yanmar,VIO 35-6,Yanmar VIO 35-6,,,,True
697586ef20f6373f23030d9e,Yanmar,VIO 35CR (Offset type),Yanmar VIO 35CR (Offset type),,,,True
697586ef20f6373f23030d9f,Yanmar,VIO 38 (Offset type),Yanmar VIO 38 (Offset type),,,,True
697586ef20f6373f23030da0,Yanmar,VIO 38-6,Yanmar VIO 38-6,,,,True
697586ef20f6373f23030da1,Yanmar,VIO 40 (Offset type),Yanmar VIO 40 (Offset type),,,,True
697586ef20f6373f23030da2,Yanmar,VIO 40-1 (Offset type),Yanmar VIO 40-1 (Offset type),,,,True
697586ef20f6373f23030da3,Yanmar,VIO 40-2 (Offset type),Yanmar VIO 40-2 (Offset type),,,,True
697586ef20f6373f23030da4,Yanmar,VIO 40-3 (Offset type),Yanmar VIO 40-3 (Offset type),,,,True
697586ef20f6373f23030da5,Yanmar,VIO 40V (Offset type),Yanmar VIO 40V (Offset type),,,,True
697586ef20f6373f23030da6,Yanmar,VIO 45 (Offset type),Yanmar VIO 45 (Offset type),,,,True
697586ef20f6373f23030da7,Yanmar,VIO 45 CR,Yanmar VIO 45 CR,,,,True
697586ef20f6373f23030da8,Yanmar,VIO 45 Global (Offset type),Yanmar VIO 45 Global (Offset type),,,,True
697586ef20f6373f23030da9,Yanmar,VIO 45-3 (Offset type),Yanmar VIO 45-3 (Offset type),,,,True
697586ef20f6373f23030daa,Yanmar,VIO 45-5 (Offset type),Yanmar VIO 45-5 (Offset type),,,,True
697586ef20f6373f23030dab,Yanmar,VIO 45-6,Yanmar VIO 45-6,,,,True
697586ef20f6373f23030dac,Yanmar,VIO 45V (Offset type),Yanmar VIO 45V (Offset type),,,,True
697586ef20f6373f23030dad,Yanmar,VIO 50-1 (Offset type),Yanmar VIO 50-1 (Offset type),,,,True
697586ef20f6373f23030dae,Yanmar,VIO 50-2 (Offset type),Yanmar VIO 50-2 (Offset type),,,,True
697586ef20f6373f23030daf,Yanmar,VIO 50-2 Global,Yanmar VIO 50-2 Global,,,,True
697586ef20f6373f23030db0,Yanmar,VIO 50-3 (Offset type),Yanmar VIO 50-3 (Offset type),,,,True
697586ef20f6373f23030db1,Yanmar,VIO 50-6,Yanmar VIO 50-6,,,,True
697586ef20f6373f23030db2,Yanmar,VIO 50-PR-1,Yanmar VIO 50-PR-1,,,,True
697586ef20f6373f23030db3,Yanmar,VIO 50U (Offset type),Yanmar VIO 50U (Offset type),,,,True
697586ef20f6373f23030db4,Yanmar,VIO 50V (Offset type),Yanmar VIO 50V (Offset type),,,,True
697586ef20f6373f23030db5,Yanmar,VIO 55 (Offset type),Yanmar VIO 55 (Offset type),,,,True
697586ef20f6373f23030db6,Yanmar,VIO 55 CR,Yanmar VIO 55 CR,,,,True
697586ef20f6373f23030db7,Yanmar,VIO 55-3 (Offset type),Yanmar VIO 55-3 (Offset type),,,,True
697586ef20f6373f23030db8,Yanmar,VIO 55-5 (Offset type),Yanmar VIO 55-5 (Offset type),,,,True
697586ef20f6373f23030db9,Yanmar,VIO 55-6,Yanmar VIO 55-6,,,,True
697586ef20f6373f23030dba,Yanmar,VIO 57-6,Yanmar VIO 57-6,,,,True
697586ef20f6373f23030dbb,Yanmar,VIO 57U,Yanmar VIO 57U,,,,True
697586ef20f6373f23030dbc,Yanmar,VIO 70,Yanmar VIO 70,,,,True
697586ef20f6373f23030dbd,Yanmar,VIO 70A (Offset type),Yanmar VIO 70A (Offset type),,,,True
697586ef20f6373f23030dbe,Yanmar,VIO 70CR,Yanmar VIO 70CR,,,,True
697586ef20f6373f23030dbf,Yanmar,VIO 75 (Offset type),Yanmar VIO 75 (Offset type),,,,True
697586ef20f6373f23030dc0,Yanmar,VIO 75-A (Offset type),Yanmar VIO 75-A (Offset type),,,,True
697586ef20f6373f23030dc1,Yanmar,VIO 80 (Offset type),Yanmar VIO 80 (Offset type),,,,True
697586ef20f6373f23030dc2,Yanmar,VIO 80-1,Yanmar VIO 80-1,,,,True
697586ef20f6373f23030dc3,Yanmar,VIO 82,Yanmar VIO 82,,,,True
697586ef20f6373f23030206,Hinowa,VT 1550,Hinowa VT 1550,,,,False
697586ef20f6373f23030207,Hinowa,VT 1550 2V,Hinowa VT 1550 2V,,,,False
697586ef20f6373f23030208,Hinowa,VT 1650,Hinowa VT 1650,,,,False
697586ef20f6373f23030209,Hinowa,VT 1650 2V,Hinowa VT 1650 2V,,,,False
697586ef20f6373f2303020a,Hinowa,VT 2000,Hinowa VT 2000,,,,False
697586ef20f6373f2303020b,Hinowa,VT 2500,Hinowa VT 2500,,,,False
697586ef20f6373f2303020c,Hinowa,VT 3000,Hinowa VT 3000,,,,False
697586ef20f6373f2303020d,Hinowa,VT 3000 2V,Hinowa VT 3000 2V,,,,False
697586ef20f6373f2303020e,Hinowa,VT 4000,Hinowa VT 4000,,,,False
697586ef20f6373f2303020f,Hinowa,VT 4000 2V,Hinowa VT 4000 2V,,,,False
697586ef20f6373f2302fc0b,ASV,VT-70,ASV VT-70,,,,True
697586ef20f6373f23030210,Hinowa,VTT 1300,Hinowa VTT 1300,,,,False
697586ef20f6373f23030211,Hinowa,VTT 1550,Hinowa VTT 1550,,,,False
697586ef20f6373f23030212,Hinowa,VTT 1650,Hinowa VTT 1650,,,,False
697586ef20f6373f23030bc0,Unic,W295 (Crane),Unic W295 (Crane),,,,False
697586ef20f6373f23030dc4,Yanmar,WB 1300,Yanmar WB 1300,,,,True
697586ef20f6373f23030dc5,Yanmar,WB 500 (minidumper),Yanmar WB 500 (minidumper),,,,True
697586ef20f6373f23030940,Nissan,X 1,Nissan X 1,,,,True
697586ef20f6373f2302fd8c,Bobcat,X119,Bobcat X119,,,,True
697586ef20f6373f2302fd8d,Bobcat,X120,Bobcat X120,,,,True
697586ef20f6373f2302fd8e,Bobcat,X122,Bobcat X122,,,,True
697586ef20f6373f2302fd8f,Bobcat,X123,Bobcat X123,,,,True
697586ef20f6373f230304ae,JLG,X14J,JLG X14J,,,,True
697586ef20f6373f230304af,JLG,X14JH,JLG X14JH,,,,True
697586ef20f6373f230304b0,JLG,X17J,JLG X17J,,,,True
697586ef20f6373f230304b1,JLG,X19J,JLG X19J,,,,True
697586ef20f6373f2302fd90,Bobcat,X220,Bobcat X220,,,,True
697586ef20f6373f2302fd91,Bobcat,X225,Bobcat X225,,,,True
697586ef20f6373f2302fd92,Bobcat,X231,Bobcat X231,,,,True
697586ef20f6373f230304b2,JLG,X23J,JLG X23J,,,,True
697586ef20f6373f2302fd93,Bobcat,X316,Bobcat X316,,,,True
697586ef20f6373f2302fd94,Bobcat,X320,Bobcat X320,,,,True
697586ef20f6373f2302fd95,Bobcat,X320 (SN<<2000),Bobcat X320 (SN<<2000),,,,True
697586ef20f6373f2302fd96,Bobcat,X320D,Bobcat X320D,,,,True
697586ef20f6373f2302fd97,Bobcat,X320E,Bobcat X320E,,,,True
697586ef20f6373f2302fd98,Bobcat,X322,Bobcat X322,,,,True
697586ef20f6373f2302fd99,Bobcat,X322 (SN<<2000),Bobcat X322 (SN<<2000),,,,True
697586ef20f6373f2302fd9a,Bobcat,X322D,Bobcat X322D,,,,True
697586ef20f6373f2302fd9b,Bobcat,X322E,Bobcat X322E,,,,True
697586ef20f6373f2302fd9c,Bobcat,X322G,Bobcat X322G,,,,True
697586ef20f6373f2302fd9d,Bobcat,X323,Bobcat X323,,,,True
697586ef20f6373f2302fd9e,Bobcat,X324,Bobcat X324,,,,True
697586ef20f6373f2302fd9f,Bobcat,X325,Bobcat X325,,,,True
697586ef20f6373f2302fda0,Bobcat,X328,Bobcat X328,,,,True
697586ef20f6373f2302fda1,Bobcat,X328E,Bobcat X328E,,,,True
697586ef20f6373f2302fda2,Bobcat,X329,Bobcat X329,,,,True
697586ef20f6373f2302fda3,Bobcat,X331,Bobcat X331,,,,True
697586ef20f6373f2302fda4,Bobcat,X331E,Bobcat X331E,,,,True
697586ef20f6373f2302fda5,Bobcat,X334,Bobcat X334,,,,True
697586ef20f6373f2302fda6,Bobcat,X334G,Bobcat X334G,,,,True
697586ef20f6373f2302fda7,Bobcat,X337,Bobcat X337,,,,True
697586ef20f6373f230304b3,JLG,X33JPlus,JLG X33JPlus,,,,True
697586ef20f6373f2302fda8,Bobcat,X341,Bobcat X341,,,,True
697586ef20f6373f230304b4,JLG,X390AJ,JLG X390AJ,,,,True
697586ef20f6373f2302fda9,Bobcat,X418,Bobcat X418,,,,True
697586ef20f6373f2302fdaa,Bobcat,X422,Bobcat X422,,,,True
697586ef20f6373f2302fdab,Bobcat,X425,Bobcat X425,,,,True
697586ef20f6373f2302fdac,Bobcat,X430,Bobcat X430,,,,True
697586ef20f6373f2302fdad,Bobcat,X435,Bobcat X435,,,,True
697586ef20f6373f2302fdae,Bobcat,X442,Bobcat X442,,,,True
697586ef20f6373f2302fdaf,Bobcat,X442B,Bobcat X442B,,,,True
697586ef20f6373f2302fdb0,Bobcat,X442ZTS,Bobcat X442ZTS,,,,True
697586ef20f6373f2302fdb1,Bobcat,X444,Bobcat X444,,,,True
697586ef20f6373f230304b5,JLG,X550AJ,JLG X550AJ,,,,True
697586ef20f6373f230304b6,JLG,X700AJ,JLG X700AJ,,,,True
697586ef20f6373f23030cee,XCMG,XE55U,XCMG XE55U,,,,True
697586ef20f6373f2303000b,Ditch-Witch,XT 850,Ditch-Witch XT 850,,,,True
697586ef20f6373f2303000c,Ditch-Witch,XT 855,Ditch-Witch XT 855,,,,True
697586ef20f6373f23030dc6,Yanmar,Y 12,Yanmar Y 12,,,,True
697586ef20f6373f23030dc7,Yanmar,Y 12B,Yanmar Y 12B,,,,True
697586ef20f6373f23030dc8,Yanmar,Y 14,Yanmar Y 14,,,,True
697586ef20f6373f2302fdb2,Bobcat,Y12,Bobcat Y12,,,,True
697586ef20f6373f2303019e,Hanix,YB 10,Hanix YB 10,,,,False
697586ef20f6373f23030213,Hinowa,YB 10,Hinowa YB 10,,,,False
697586ef20f6373f23030dc9,Yanmar,YB 10,Yanmar YB 10,,,,True
697586ef20f6373f23030dca,Yanmar,YB 10-2,Yanmar YB 10-2,,,,True
697586ef20f6373f23030dcb,Yanmar,YB 101,Yanmar YB 101,,,,True
697586ef20f6373f23030dcc,Yanmar,YB 101UZ,Yanmar YB 101UZ,,,,True
697586ef20f6373f23030dcd,Yanmar,YB 101VL,Yanmar YB 101VL,,,,True
697586ef20f6373f23030dce,Yanmar,YB 121,Yanmar YB 121,,,,True
697586ef20f6373f23030dcf,Yanmar,YB 125,Yanmar YB 125,,,,True
697586ef20f6373f23030dd0,Yanmar,YB 151,Yanmar YB 151,,,,True
697586ef20f6373f23030dd1,Yanmar,YBT 650,Yanmar YBT 650,,,,True
697586ef20f6373f23030dd2,Yanmar,YEW 5D-1,Yanmar YEW 5D-1,,,,True
697586ef20f6373f23030dd3,Yanmar,YEW 8R,Yanmar YEW 8R,,,,True
697586ef20f6373f2303019f,Hanix,YFW 5D-1,Hanix YFW 5D-1,,,,False
697586ef20f6373f23030214,Hinowa,YFW 5D-1,Hinowa YFW 5D-1,,,,False
697586ef20f6373f23030dd4,Yanmar,YFW 8R (Mini-dumper),Yanmar YFW 8R (Mini-dumper),,,,True
697586ef20f6373f23030dd5,Yanmar,YM 10,Yanmar YM 10,,,,True
697586ef20f6373f23030dd6,Yanmar,YMD 60,Yanmar YMD 60,,,,True
697586ef20f6373f23030584,Kobelco,Z11 (Crawler Crane),Kobelco Z11 (Crawler Crane),,,,True
697586ef20f6373f23030585,Kobelco,Z13 (Crawler Crane),Kobelco Z13 (Crawler Crane),,,,True
697586ef20f6373f23030586,Kobelco,Z14 (Crawler Crane),Kobelco Z14 (Crawler Crane),,,,True
697586ef20f6373f23030587,Kobelco,Z15 (Crawler Crane),Kobelco Z15 (Crawler Crane),,,,True
697586ef20f6373f23030588,Kobelco,Z16 (Crawler Crane),Kobelco Z16 (Crawler Crane),,,,True
697586ef20f6373f2303010f,Gehl,Z35,Gehl Z35,,,,True
697586ef20f6373f23030110,Gehl,Z45,Gehl Z45,,,,True
697586ef20f6373f23030111,Gehl,Z80,Gehl Z80,,,,True
697586ef20f6373f230302b8,Hitachi,ZE 19,Hitachi ZE 19,,,,True
697586ef20f6373f230302b9,Hitachi,ZX 10U,Hitachi ZX 10U,,,,True
697586ef20f6373f230302ba,Hitachi,ZX 10U-2,Hitachi ZX 10U-2,,,,True
697586ef20f6373f230302bb,Hitachi,ZX 135,Hitachi ZX 135,,,,True
697586ef20f6373f230302bc,Hitachi,ZX 14-3,Hitachi ZX 14-3,,,,True
697586ef20f6373f230302bd,Hitachi,ZX 16,Hitachi ZX 16,,,,True
697586ef20f6373f230302be,Hitachi,ZX 16-3,Hitachi ZX 16-3,,,,True
697586ef20f6373f230302bf,Hitachi,ZX 16YLR,Hitachi ZX 16YLR,,,,True
697586ef20f6373f230302c0,Hitachi,ZX 17U-2,Hitachi ZX 17U-2,,,,True
697586ef20f6373f230302c1,Hitachi,ZX 17U-2YLR,Hitachi ZX 17U-2YLR,,,,True
697586ef20f6373f230302c2,Hitachi,ZX 17U-5,Hitachi ZX 17U-5,,,,True
697586ef20f6373f230302c3,Hitachi,ZX 17U-6,Hitachi ZX 17U-6,,,,True
697586ef20f6373f230302c4,Hitachi,ZX 18,Hitachi ZX 18,,,,True
697586ef20f6373f230302c5,Hitachi,ZX 18-3,Hitachi ZX 18-3,,,,True
697586ef20f6373f230302c6,Hitachi,ZX 19U-5,Hitachi ZX 19U-5,,,,True
697586ef20f6373f230302c7,Hitachi,ZX 19U-6,Hitachi ZX 19U-6,,,,True
697586ef20f6373f230302c8,Hitachi,ZX 22U,Hitachi ZX 22U,,,,True
697586ef20f6373f230302c9,Hitachi,ZX 22U-2,Hitachi ZX 22U-2,,,,True
697586ef20f6373f230302ca,Hitachi,ZX 25,Hitachi ZX 25,,,,True
697586ef20f6373f230302cb,Hitachi,ZX 25CLR,Hitachi ZX 25CLR,,,,True
697586ef20f6373f230302cc,Hitachi,ZX 26U-5,Hitachi ZX 26U-5,,,,True
697586ef20f6373f230302cd,Hitachi,ZX 27U,Hitachi ZX 27U,,,,True
697586ef20f6373f230302ce,Hitachi,ZX 27U-2,Hitachi ZX 27U-2,,,,True
697586ef20f6373f230302cf,Hitachi,ZX 27U-3,Hitachi ZX 27U-3,,,,True
697586ef20f6373f230302d0,Hitachi,ZX 29U,Hitachi ZX 29U,,,,True
697586ef20f6373f230302d1,Hitachi,ZX 29U-3,Hitachi ZX 29U-3,,,,True
697586ef20f6373f230302d2,Hitachi,ZX 30,Hitachi ZX 30,,,,True
697586ef20f6373f230302d3,Hitachi,ZX 30U,Hitachi ZX 30U,,,,True
697586ef20f6373f230302d4,Hitachi,ZX 30U-2,Hitachi ZX 30U-2,,,,True
697586ef20f6373f230302d5,Hitachi,ZX 30U-3F,Hitachi ZX 30U-3F,,,,True
697586ef20f6373f230302d6,Hitachi,ZX 33U,Hitachi ZX 33U,,,,True
697586ef20f6373f230302d7,Hitachi,ZX 33U-3,Hitachi ZX 33U-3,,,,True
697586ef20f6373f230302d8,Hitachi,ZX 33U-5,Hitachi ZX 33U-5,,,,True
697586ef20f6373f230302d9,Hitachi,ZX 35,Hitachi ZX 35,,,,True
697586ef20f6373f230302da,Hitachi,ZX 35U-2,Hitachi ZX 35U-2,,,,True
697586ef20f6373f230302db,Hitachi,ZX 35U-3,Hitachi ZX 35U-3,,,,True
697586ef20f6373f230302dc,Hitachi,ZX 35U-5,Hitachi ZX 35U-5,,,,True
697586ef20f6373f230302dd,Hitachi,ZX 38U,Hitachi ZX 38U,,,,True
697586ef20f6373f230302de,Hitachi,ZX 38U-3,Hitachi ZX 38U-3,,,,True
697586ef20f6373f230302df,Hitachi,ZX 38U-5,Hitachi ZX 38U-5,,,,True
697586ef20f6373f230302e0,Hitachi,ZX 40,Hitachi ZX 40,,,,True
697586ef20f6373f230302e1,Hitachi,ZX 40U,Hitachi ZX 40U,,,,True
697586ef20f6373f230302e2,Hitachi,ZX 40U-2,Hitachi ZX 40U-2,,,,True
697586ef20f6373f230302e3,Hitachi,ZX 40U-3,Hitachi ZX 40U-3,,,,True
697586ef20f6373f230302e4,Hitachi,ZX 48 U-3,Hitachi ZX 48 U-3,,,,True
697586ef20f6373f230302e5,Hitachi,ZX 48 U-5,Hitachi ZX 48 U-5,,,,True
697586ef20f6373f230302e6,Hitachi,ZX 50,Hitachi ZX 50,,,,True
697586ef20f6373f230302e7,Hitachi,ZX 50U (SN < 7001 ),Hitachi ZX 50U (SN < 7001 ),,,,True
697586ef20f6373f230302e8,Hitachi,ZX 50U (SN > 7000 ),Hitachi ZX 50U (SN > 7000 ),,,,True
697586ef20f6373f230302e9,Hitachi,ZX 50U-2,Hitachi ZX 50U-2,,,,True
697586ef20f6373f230302ea,Hitachi,ZX 50U-3,Hitachi ZX 50U-3,,,,True
697586ef20f6373f230302eb,Hitachi,ZX 50U-5,Hitachi ZX 50U-5,,,,True
697586ef20f6373f230302ec,Hitachi,ZX 52U,Hitachi ZX 52U,,,,True
697586ef20f6373f230302ed,Hitachi,ZX 52U-3,Hitachi ZX 52U-3,,,,True
697586ef20f6373f230302ee,Hitachi,ZX 55U,Hitachi ZX 55U,,,,True
697586ef20f6373f230302ef,Hitachi,ZX 55U-5,Hitachi ZX 55U-5,,,,True
697586ef20f6373f230302f0,Hitachi,ZX 55U-6,Hitachi ZX 55U-6,,,,True
697586ef20f6373f230302f1,Hitachi,ZX 60U-3,Hitachi ZX 60U-3,,,,True
697586ef20f6373f230302f2,Hitachi,ZX 60U-5,Hitachi ZX 60U-5,,,,True
697586ef20f6373f230302f3,Hitachi,ZX 60USB,Hitachi ZX 60USB,,,,True
697586ef20f6373f230302f4,Hitachi,ZX 60USB-3,Hitachi ZX 60USB-3,,,,True
697586ef20f6373f230302f5,Hitachi,ZX 60USB-5N,Hitachi ZX 60USB-5N,,,,True
697586ef20f6373f230302f6,Hitachi,ZX 65U-5,Hitachi ZX 65U-5,,,,True
697586ef20f6373f230302f7,Hitachi,ZX 65USB-6,Hitachi ZX 65USB-6,,,,True
697586ef20f6373f230302f8,Hitachi,ZX 70LC,Hitachi ZX 70LC,,,,True
697586ef20f6373f230302f9,Hitachi,ZX 75US,Hitachi ZX 75US,,,,True
697586ef20f6373f230302fa,Hitachi,ZX 8-2,Hitachi ZX 8-2,,,,True
697586ef20f6373f230302fb,Hitachi,ZX 80LC,Hitachi ZX 80LC,,,,True
697586ef20f6373f230302fc,Hitachi,ZX 85,Hitachi ZX 85,,,,True
697586ef20f6373f230302fd,Hitachi,ZX 85US,Hitachi ZX 85US,,,,True
697586ef20f6373f230302fe,Hitachi,ZX 85US-3,Hitachi ZX 85US-3,,,,True
697586ef20f6373f230302ff,Hitachi,ZX 85US-5A,Hitachi ZX 85US-5A,,,,True
697586ef20f6373f2302fdb3,Bobcat,ZX125,Bobcat ZX125,,,,True
697586ef20f6373f2302fdb4,Bobcat,ZX75,Bobcat ZX75,,,,True
