brand,machine_model,component_type,primary_part_number,alternate_part_numbers,product_name,compatible_models,serial_notes,chassis_mount_notes,supersession_notes,researched_vs_verified,publish_status,generated_component_url,component_page_in_sitemap,standalone_part_page_in_sitemap,generates_product_schema,generates_parts_slug
Bobcat,220,bottom-roller,6800510,6815115; 6814878; 6533654,Bobcat 6800510 Bottom Roller,"Bobcat 220; Bobcat mini excavators 220, 320, 320D, 320J, 322, 322D, 322G, 323",,Nut mounted,"Source was Summit Rubber Tracks / Parts ASAP, not RubberTrax.",researched,staged,https://rubbertrackwholesale.com/bottom-rollers/bobcat-220,YES,NO,NO,NO
Bobcat,225,bottom-roller,6814882,6815119; 7013575; 7013581; 7019167; 6810770,Bobcat 331/335/430 Mini Excavator Bottom Roller,"Bobcat 225, 231, 325, 328, 331, 334, 335, 430, E26, E32, E37, E42, E50. Also upper/carrier roller for Bobcat 337, 442, ZX75.",Steel track machines may use alternate roller 6814886.,Bottom center roller; older nut/stud vs newer bolt style can matter. 7013575 is newer bolt style.,Shaft threading 3/4 UNC; max torque 425 Nm / 310 ft-lb noted by RubberTrax.,researched,staged,https://rubbertrackwholesale.com/bottom-rollers/bobcat-225,YES,NO,NO,NO
Bobcat,225,bottom-roller,7013575,6814882; 6815119; 7013581; 7019167,Bobcat 7013575 Bottom Roller,"Bobcat 225, 231, 325, 331, 328, 334, 335, 430, E26, E32, E37, E42, E50 mini excavators. The same part is also known to be the top carrier roller for Bobcat 337, 442.",,,,researched,staged,https://rubbertrackwholesale.com/bottom-rollers/bobcat-225,YES,NO,NO,NO
Bobcat,231,bottom-roller,6814882,6815119; 7013575; 7013581; 7019167; 6810770,Bobcat 331/335/430 Mini Excavator Bottom Roller,"Bobcat 225, 231, 325, 328, 331, 334, 335, 430, E26, E32, E37, E42, E50. Also upper/carrier roller for Bobcat 337, 442, ZX75.",Steel track machines may use alternate roller 6814886.,Bottom center roller; older nut/stud vs newer bolt style can matter. 7013575 is newer bolt style.,Shaft threading 3/4 UNC; max torque 425 Nm / 310 ft-lb noted by RubberTrax.,researched,staged,https://rubbertrackwholesale.com/bottom-rollers/bobcat-231,YES,NO,NO,NO
Bobcat,231,bottom-roller,7013575,6814882; 6815119; 7013581; 7019167,Bobcat 7013575 Bottom Roller,"Bobcat 225, 231, 325, 331, 328, 334, 335, 430, E26, E32, E37, E42, E50 mini excavators. The same part is also known to be the top carrier roller for Bobcat 337, 442.",,,,researched,staged,https://rubbertrackwholesale.com/bottom-rollers/bobcat-231,YES,NO,NO,NO
Bobcat,320,bottom-roller,6800510,6815115; 6814878; 6533654,Bobcat 6800510 Bottom Roller,"Bobcat 220; Bobcat mini excavators 220, 320, 320D, 320J, 322, 322D, 322G, 323",,Nut mounted,"Source was Summit Rubber Tracks / Parts ASAP, not RubberTrax.",researched,staged,https://rubbertrackwholesale.com/bottom-rollers/bobcat-320,YES,NO,NO,NO
Bobcat,320D,bottom-roller,6800510,6815115; 6814878; 6533654,Bobcat 6800510 Bottom Roller,"Bobcat 220; Bobcat mini excavators 220, 320, 320D, 320J, 322, 322D, 322G, 323",,Nut mounted,"Source was Summit Rubber Tracks / Parts ASAP, not RubberTrax.",researched,staged,https://rubbertrackwholesale.com/bottom-rollers/bobcat-320d,YES,NO,NO,NO
Bobcat,320D,bottom-roller,6814874,6815111; 7136983,Bobcat 320/322 Bottom Track Roller; Bobcat 335/430 Carrier Roller,"Bottom roller: Bobcat 320D, 320E, 320G, 320J, 320L, 322D, 322E, 322G, 322J, 322L. Top/carrier roller: Bobcat 335, 430.",Does not fit serial numbers 511720000-5117300000; rubber-track-original undercarriages only; verify serial.,Bottom roller for Bobcat 320/322; carrier/top roller on Bobcat 335/430; phased out/replaced by 7136983 bolt-type installation.,Shaft threading M16; max torque 250 Nm / 185 ft-lb noted by RubberTrax.,researched,staged,https://rubbertrackwholesale.com/bottom-rollers/bobcat-320d,YES,NO,NO,NO
Bobcat,320E,bottom-roller,6814874,6815111; 7136983,Bobcat 320/322 Bottom Track Roller; Bobcat 335/430 Carrier Roller,"Bottom roller: Bobcat 320D, 320E, 320G, 320J, 320L, 322D, 322E, 322G, 322J, 322L. Top/carrier roller: Bobcat 335, 430.",Does not fit serial numbers 511720000-5117300000; rubber-track-original undercarriages only; verify serial.,Bottom roller for Bobcat 320/322; carrier/top roller on Bobcat 335/430; phased out/replaced by 7136983 bolt-type installation.,Shaft threading M16; max torque 250 Nm / 185 ft-lb noted by RubberTrax.,researched,staged,https://rubbertrackwholesale.com/bottom-rollers/bobcat-320e,YES,NO,NO,NO
Bobcat,320G,bottom-roller,6814874,6815111; 7136983,Bobcat 320/322 Bottom Track Roller; Bobcat 335/430 Carrier Roller,"Bottom roller: Bobcat 320D, 320E, 320G, 320J, 320L, 322D, 322E, 322G, 322J, 322L. Top/carrier roller: Bobcat 335, 430.",Does not fit serial numbers 511720000-5117300000; rubber-track-original undercarriages only; verify serial.,Bottom roller for Bobcat 320/322; carrier/top roller on Bobcat 335/430; phased out/replaced by 7136983 bolt-type installation.,Shaft threading M16; max torque 250 Nm / 185 ft-lb noted by RubberTrax.,researched,staged,https://rubbertrackwholesale.com/bottom-rollers/bobcat-320g,YES,NO,NO,NO
Bobcat,320J,bottom-roller,6800510,6815115; 6814878; 6533654,Bobcat 6800510 Bottom Roller,"Bobcat 220; Bobcat mini excavators 220, 320, 320D, 320J, 322, 322D, 322G, 323",,Nut mounted,"Source was Summit Rubber Tracks / Parts ASAP, not RubberTrax.",researched,staged,https://rubbertrackwholesale.com/bottom-rollers/bobcat-320j,YES,NO,NO,NO
Bobcat,320J,bottom-roller,6814874,6815111; 7136983,Bobcat 320/322 Bottom Track Roller; Bobcat 335/430 Carrier Roller,"Bottom roller: Bobcat 320D, 320E, 320G, 320J, 320L, 322D, 322E, 322G, 322J, 322L. Top/carrier roller: Bobcat 335, 430.",Does not fit serial numbers 511720000-5117300000; rubber-track-original undercarriages only; verify serial.,Bottom roller for Bobcat 320/322; carrier/top roller on Bobcat 335/430; phased out/replaced by 7136983 bolt-type installation.,Shaft threading M16; max torque 250 Nm / 185 ft-lb noted by RubberTrax.,researched,staged,https://rubbertrackwholesale.com/bottom-rollers/bobcat-320j,YES,NO,NO,NO
Bobcat,320L,bottom-roller,6814874,6815111; 7136983,Bobcat 320/322 Bottom Track Roller; Bobcat 335/430 Carrier Roller,"Bottom roller: Bobcat 320D, 320E, 320G, 320J, 320L, 322D, 322E, 322G, 322J, 322L. Top/carrier roller: Bobcat 335, 430.",Does not fit serial numbers 511720000-5117300000; rubber-track-original undercarriages only; verify serial.,Bottom roller for Bobcat 320/322; carrier/top roller on Bobcat 335/430; phased out/replaced by 7136983 bolt-type installation.,Shaft threading M16; max torque 250 Nm / 185 ft-lb noted by RubberTrax.,researched,staged,https://rubbertrackwholesale.com/bottom-rollers/bobcat-320l,YES,NO,NO,NO
Bobcat,322,bottom-roller,6800510,6815115; 6814878; 6533654,Bobcat 6800510 Bottom Roller,"Bobcat 220; Bobcat mini excavators 220, 320, 320D, 320J, 322, 322D, 322G, 323",,Nut mounted,"Source was Summit Rubber Tracks / Parts ASAP, not RubberTrax.",researched,staged,https://rubbertrackwholesale.com/bottom-rollers/bobcat-322,YES,NO,NO,NO
Bobcat,322D,bottom-roller,6800510,6815115; 6814878; 6533654,Bobcat 6800510 Bottom Roller,"Bobcat 220; Bobcat mini excavators 220, 320, 320D, 320J, 322, 322D, 322G, 323",,Nut mounted,"Source was Summit Rubber Tracks / Parts ASAP, not RubberTrax.",researched,staged,https://rubbertrackwholesale.com/bottom-rollers/bobcat-322d,YES,NO,NO,NO
Bobcat,322D,bottom-roller,6814874,6815111; 7136983,Bobcat 320/322 Bottom Track Roller; Bobcat 335/430 Carrier Roller,"Bottom roller: Bobcat 320D, 320E, 320G, 320J, 320L, 322D, 322E, 322G, 322J, 322L. Top/carrier roller: Bobcat 335, 430.",Does not fit serial numbers 511720000-5117300000; rubber-track-original undercarriages only; verify serial.,Bottom roller for Bobcat 320/322; carrier/top roller on Bobcat 335/430; phased out/replaced by 7136983 bolt-type installation.,Shaft threading M16; max torque 250 Nm / 185 ft-lb noted by RubberTrax.,researched,staged,https://rubbertrackwholesale.com/bottom-rollers/bobcat-322d,YES,NO,NO,NO
Bobcat,322E,bottom-roller,6814874,6815111; 7136983,Bobcat 320/322 Bottom Track Roller; Bobcat 335/430 Carrier Roller,"Bottom roller: Bobcat 320D, 320E, 320G, 320J, 320L, 322D, 322E, 322G, 322J, 322L. Top/carrier roller: Bobcat 335, 430.",Does not fit serial numbers 511720000-5117300000; rubber-track-original undercarriages only; verify serial.,Bottom roller for Bobcat 320/322; carrier/top roller on Bobcat 335/430; phased out/replaced by 7136983 bolt-type installation.,Shaft threading M16; max torque 250 Nm / 185 ft-lb noted by RubberTrax.,researched,staged,https://rubbertrackwholesale.com/bottom-rollers/bobcat-322e,YES,NO,NO,NO
Bobcat,322G,bottom-roller,6800510,6815115; 6814878; 6533654,Bobcat 6800510 Bottom Roller,"Bobcat 220; Bobcat mini excavators 220, 320, 320D, 320J, 322, 322D, 322G, 323",,Nut mounted,"Source was Summit Rubber Tracks / Parts ASAP, not RubberTrax.",researched,staged,https://rubbertrackwholesale.com/bottom-rollers/bobcat-322g,YES,NO,NO,NO
Bobcat,322G,bottom-roller,6814874,6815111; 7136983,Bobcat 320/322 Bottom Track Roller; Bobcat 335/430 Carrier Roller,"Bottom roller: Bobcat 320D, 320E, 320G, 320J, 320L, 322D, 322E, 322G, 322J, 322L. Top/carrier roller: Bobcat 335, 430.",Does not fit serial numbers 511720000-5117300000; rubber-track-original undercarriages only; verify serial.,Bottom roller for Bobcat 320/322; carrier/top roller on Bobcat 335/430; phased out/replaced by 7136983 bolt-type installation.,Shaft threading M16; max torque 250 Nm / 185 ft-lb noted by RubberTrax.,researched,staged,https://rubbertrackwholesale.com/bottom-rollers/bobcat-322g,YES,NO,NO,NO
Bobcat,322J,bottom-roller,6814874,6815111; 7136983,Bobcat 320/322 Bottom Track Roller; Bobcat 335/430 Carrier Roller,"Bottom roller: Bobcat 320D, 320E, 320G, 320J, 320L, 322D, 322E, 322G, 322J, 322L. Top/carrier roller: Bobcat 335, 430.",Does not fit serial numbers 511720000-5117300000; rubber-track-original undercarriages only; verify serial.,Bottom roller for Bobcat 320/322; carrier/top roller on Bobcat 335/430; phased out/replaced by 7136983 bolt-type installation.,Shaft threading M16; max torque 250 Nm / 185 ft-lb noted by RubberTrax.,researched,staged,https://rubbertrackwholesale.com/bottom-rollers/bobcat-322j,YES,NO,NO,NO
Bobcat,322L,bottom-roller,6814874,6815111; 7136983,Bobcat 320/322 Bottom Track Roller; Bobcat 335/430 Carrier Roller,"Bottom roller: Bobcat 320D, 320E, 320G, 320J, 320L, 322D, 322E, 322G, 322J, 322L. Top/carrier roller: Bobcat 335, 430.",Does not fit serial numbers 511720000-5117300000; rubber-track-original undercarriages only; verify serial.,Bottom roller for Bobcat 320/322; carrier/top roller on Bobcat 335/430; phased out/replaced by 7136983 bolt-type installation.,Shaft threading M16; max torque 250 Nm / 185 ft-lb noted by RubberTrax.,researched,staged,https://rubbertrackwholesale.com/bottom-rollers/bobcat-322l,YES,NO,NO,NO
Bobcat,323,bottom-roller,6800510,6815115; 6814878; 6533654,Bobcat 6800510 Bottom Roller,"Bobcat 220; Bobcat mini excavators 220, 320, 320D, 320J, 322, 322D, 322G, 323",,Nut mounted,"Source was Summit Rubber Tracks / Parts ASAP, not RubberTrax.",researched,staged,https://rubbertrackwholesale.com/bottom-rollers/bobcat-323,YES,NO,NO,NO
Bobcat,325,bottom-roller,6814882,6815119; 7013575; 7013581; 7019167; 6810770,Bobcat 331/335/430 Mini Excavator Bottom Roller,"Bobcat 225, 231, 325, 328, 331, 334, 335, 430, E26, E32, E37, E42, E50. Also upper/carrier roller for Bobcat 337, 442, ZX75.",Steel track machines may use alternate roller 6814886.,Bottom center roller; older nut/stud vs newer bolt style can matter. 7013575 is newer bolt style.,Shaft threading 3/4 UNC; max torque 425 Nm / 310 ft-lb noted by RubberTrax.,researched,staged,https://rubbertrackwholesale.com/bottom-rollers/bobcat-325,YES,NO,NO,NO
Bobcat,325,bottom-roller,7013575,6814882; 6815119; 7013581; 7019167,Bobcat 7013575 Bottom Roller,"Bobcat 225, 231, 325, 331, 328, 334, 335, 430, E26, E32, E37, E42, E50 mini excavators. The same part is also known to be the top carrier roller for Bobcat 337, 442.",,,,researched,staged,https://rubbertrackwholesale.com/bottom-rollers/bobcat-325,YES,NO,NO,NO
Bobcat,328,bottom-roller,6814882,6815119; 7013575; 7013581; 7019167; 6810770,Bobcat 331/335/430 Mini Excavator Bottom Roller,"Bobcat 225, 231, 325, 328, 331, 334, 335, 430, E26, E32, E37, E42, E50. Also upper/carrier roller for Bobcat 337, 442, ZX75.",Steel track machines may use alternate roller 6814886.,Bottom center roller; older nut/stud vs newer bolt style can matter. 7013575 is newer bolt style.,Shaft threading 3/4 UNC; max torque 425 Nm / 310 ft-lb noted by RubberTrax.,researched,staged,https://rubbertrackwholesale.com/bottom-rollers/bobcat-328,YES,NO,NO,NO
Bobcat,328,bottom-roller,7013575,6814882; 6815119; 7013581; 7019167,Bobcat 7013575 Bottom Roller,"Bobcat 225, 231, 325, 331, 328, 334, 335, 430, E26, E32, E37, E42, E50 mini excavators. The same part is also known to be the top carrier roller for Bobcat 337, 442.",,,,researched,staged,https://rubbertrackwholesale.com/bottom-rollers/bobcat-328,YES,NO,NO,NO
Bobcat,331,bottom-roller,6814882,6815119; 7013575; 7013581; 7019167; 6810770,Bobcat 331/335/430 Mini Excavator Bottom Roller,"Bobcat 225, 231, 325, 328, 331, 334, 335, 430, E26, E32, E37, E42, E50. Also upper/carrier roller for Bobcat 337, 442, ZX75.",Steel track machines may use alternate roller 6814886.,Bottom center roller; older nut/stud vs newer bolt style can matter. 7013575 is newer bolt style.,Shaft threading 3/4 UNC; max torque 425 Nm / 310 ft-lb noted by RubberTrax.,researched,staged,https://rubbertrackwholesale.com/bottom-rollers/bobcat-331,YES,NO,NO,NO
Bobcat,331,bottom-roller,7013575,6814882; 6815119; 7013581; 7019167,Bobcat 7013575 Bottom Roller,"Bobcat 225, 231, 325, 331, 328, 334, 335, 430, E26, E32, E37, E42, E50 mini excavators. The same part is also known to be the top carrier roller for Bobcat 337, 442.",,,,researched,staged,https://rubbertrackwholesale.com/bottom-rollers/bobcat-331,YES,NO,NO,NO
Bobcat,334,bottom-roller,6814882,6815119; 7013575; 7013581; 7019167; 6810770,Bobcat 331/335/430 Mini Excavator Bottom Roller,"Bobcat 225, 231, 325, 328, 331, 334, 335, 430, E26, E32, E37, E42, E50. Also upper/carrier roller for Bobcat 337, 442, ZX75.",Steel track machines may use alternate roller 6814886.,Bottom center roller; older nut/stud vs newer bolt style can matter. 7013575 is newer bolt style.,Shaft threading 3/4 UNC; max torque 425 Nm / 310 ft-lb noted by RubberTrax.,researched,staged,https://rubbertrackwholesale.com/bottom-rollers/bobcat-334,YES,NO,NO,NO
Bobcat,334,bottom-roller,7013575,6814882; 6815119; 7013581; 7019167,Bobcat 7013575 Bottom Roller,"Bobcat 225, 231, 325, 331, 328, 334, 335, 430, E26, E32, E37, E42, E50 mini excavators. The same part is also known to be the top carrier roller for Bobcat 337, 442.",,,,researched,staged,https://rubbertrackwholesale.com/bottom-rollers/bobcat-334,YES,NO,NO,NO
Bobcat,335,bottom-roller,6814874,6815111; 7136983,Bobcat 320/322 Bottom Track Roller; Bobcat 335/430 Carrier Roller,"Bottom roller: Bobcat 320D, 320E, 320G, 320J, 320L, 322D, 322E, 322G, 322J, 322L. Top/carrier roller: Bobcat 335, 430.",Does not fit serial numbers 511720000-5117300000; rubber-track-original undercarriages only; verify serial.,Bottom roller for Bobcat 320/322; carrier/top roller on Bobcat 335/430; phased out/replaced by 7136983 bolt-type installation.,Shaft threading M16; max torque 250 Nm / 185 ft-lb noted by RubberTrax.,researched,staged,https://rubbertrackwholesale.com/bottom-rollers/bobcat-335,YES,NO,NO,NO
Bobcat,335,bottom-roller,6814882,6815119; 7013575; 7013581; 7019167; 6810770,Bobcat 331/335/430 Mini Excavator Bottom Roller,"Bobcat 225, 231, 325, 328, 331, 334, 335, 430, E26, E32, E37, E42, E50. Also upper/carrier roller for Bobcat 337, 442, ZX75.",Steel track machines may use alternate roller 6814886.,Bottom center roller; older nut/stud vs newer bolt style can matter. 7013575 is newer bolt style.,Shaft threading 3/4 UNC; max torque 425 Nm / 310 ft-lb noted by RubberTrax.,researched,staged,https://rubbertrackwholesale.com/bottom-rollers/bobcat-335,YES,NO,NO,NO
Bobcat,335,bottom-roller,7013575,6814882; 6815119; 7013581; 7019167,Bobcat 7013575 Bottom Roller,"Bobcat 225, 231, 325, 331, 328, 334, 335, 430, E26, E32, E37, E42, E50 mini excavators. The same part is also known to be the top carrier roller for Bobcat 337, 442.",,,,researched,staged,https://rubbertrackwholesale.com/bottom-rollers/bobcat-335,YES,NO,NO,NO
Bobcat,337,bottom-roller,6814882,6815119; 7013575; 7013581; 7019167; 6810770,Bobcat 331/335/430 Mini Excavator Bottom Roller,"Bobcat 225, 231, 325, 328, 331, 334, 335, 430, E26, E32, E37, E42, E50. Also upper/carrier roller for Bobcat 337, 442, ZX75.",Steel track machines may use alternate roller 6814886.,Bottom center roller; older nut/stud vs newer bolt style can matter. 7013575 is newer bolt style.,Shaft threading 3/4 UNC; max torque 425 Nm / 310 ft-lb noted by RubberTrax.,researched,staged,https://rubbertrackwholesale.com/bottom-rollers/bobcat-337,YES,NO,NO,NO
Bobcat,337,bottom-roller,6814890,6815127; 6693496; 7013577; 7279612,Bobcat 337/341/435 Bottom Roller,"Bobcat 337, 337D, X337, 341, 341G, 435, X435",,Previous generation threaded post/nut-style roller; superseded to bolt-type 7013577 / 7279612.,Five bottom rollers per side on Bobcat 337 noted by RubberTrax.,researched,staged,https://rubbertrackwholesale.com/bottom-rollers/bobcat-337,YES,NO,NO,NO
Bobcat,337,bottom-roller,7013577,7279612; 6814890; 7314059,Bobcat E45-E55 Bottom Roller 7013577 / 7279612,"Bobcat E45, E50, E55; also Bobcat 337 through 435.",E50 B4GP11001+ requires outside guide roller. Does not fit E50z or E55z. Steel-track models may have alternate rollers; 7314059 is dual flange version for newer serials not listed.,Newer bolt-style bottom roller; older stud/nut style available separately.,RubberTrax says typically five bottom rollers per side on E45 (ten per machine).,researched,staged,https://rubbertrackwholesale.com/bottom-rollers/bobcat-337,YES,NO,NO,NO
Bobcat,337D,bottom-roller,6814890,6815127; 6693496; 7013577; 7279612,Bobcat 337/341/435 Bottom Roller,"Bobcat 337, 337D, X337, 341, 341G, 435, X435",,Previous generation threaded post/nut-style roller; superseded to bolt-type 7013577 / 7279612.,Five bottom rollers per side on Bobcat 337 noted by RubberTrax.,researched,staged,https://rubbertrackwholesale.com/bottom-rollers/bobcat-337d,YES,NO,NO,NO
Bobcat,341,bottom-roller,6814890,6815127; 6693496; 7013577; 7279612,Bobcat 337/341/435 Bottom Roller,"Bobcat 337, 337D, X337, 341, 341G, 435, X435",,Previous generation threaded post/nut-style roller; superseded to bolt-type 7013577 / 7279612.,Five bottom rollers per side on Bobcat 337 noted by RubberTrax.,researched,staged,https://rubbertrackwholesale.com/bottom-rollers/bobcat-341,YES,NO,NO,NO
Bobcat,341G,bottom-roller,6814890,6815127; 6693496; 7013577; 7279612,Bobcat 337/341/435 Bottom Roller,"Bobcat 337, 337D, X337, 341, 341G, 435, X435",,Previous generation threaded post/nut-style roller; superseded to bolt-type 7013577 / 7279612.,Five bottom rollers per side on Bobcat 337 noted by RubberTrax.,researched,staged,https://rubbertrackwholesale.com/bottom-rollers/bobcat-341g,YES,NO,NO,NO
Bobcat,418,bottom-roller,7165324,7145234,Bobcat 418/E08/E10 Bottom Roller 7165324,"Bobcat 418, E08, E10, E10E, E10Z",,Bottom roller assembly; comes fully assembled with bearing but shaft typically reusable; bolts not included.,Related sprocket 7134493 mentioned by RubberTrax.,researched,staged,https://rubbertrackwholesale.com/bottom-rollers/bobcat-418,YES,NO,NO,NO
Bobcat,430,bottom-roller,6814874,6815111; 7136983,Bobcat 320/322 Bottom Track Roller; Bobcat 335/430 Carrier Roller,"Bottom roller: Bobcat 320D, 320E, 320G, 320J, 320L, 322D, 322E, 322G, 322J, 322L. Top/carrier roller: Bobcat 335, 430.",Does not fit serial numbers 511720000-5117300000; rubber-track-original undercarriages only; verify serial.,Bottom roller for Bobcat 320/322; carrier/top roller on Bobcat 335/430; phased out/replaced by 7136983 bolt-type installation.,Shaft threading M16; max torque 250 Nm / 185 ft-lb noted by RubberTrax.,researched,staged,https://rubbertrackwholesale.com/bottom-rollers/bobcat-430,YES,NO,NO,NO
Bobcat,430,bottom-roller,6814882,6815119; 7013575; 7013581; 7019167; 6810770,Bobcat 331/335/430 Mini Excavator Bottom Roller,"Bobcat 225, 231, 325, 328, 331, 334, 335, 430, E26, E32, E37, E42, E50. Also upper/carrier roller for Bobcat 337, 442, ZX75.",Steel track machines may use alternate roller 6814886.,Bottom center roller; older nut/stud vs newer bolt style can matter. 7013575 is newer bolt style.,Shaft threading 3/4 UNC; max torque 425 Nm / 310 ft-lb noted by RubberTrax.,researched,staged,https://rubbertrackwholesale.com/bottom-rollers/bobcat-430,YES,NO,NO,NO
Bobcat,430,bottom-roller,7013575,6814882; 6815119; 7013581; 7019167,Bobcat 7013575 Bottom Roller,"Bobcat 225, 231, 325, 331, 328, 334, 335, 430, E26, E32, E37, E42, E50 mini excavators. The same part is also known to be the top carrier roller for Bobcat 337, 442.",,,,researched,staged,https://rubbertrackwholesale.com/bottom-rollers/bobcat-430,YES,NO,NO,NO
Bobcat,435,bottom-roller,6814890,6815127; 6693496; 7013577; 7279612,Bobcat 337/341/435 Bottom Roller,"Bobcat 337, 337D, X337, 341, 341G, 435, X435",,Previous generation threaded post/nut-style roller; superseded to bolt-type 7013577 / 7279612.,Five bottom rollers per side on Bobcat 337 noted by RubberTrax.,researched,staged,https://rubbertrackwholesale.com/bottom-rollers/bobcat-435,YES,NO,NO,NO
Bobcat,435,bottom-roller,7013577,7279612; 6814890; 7314059,Bobcat E45-E55 Bottom Roller 7013577 / 7279612,"Bobcat E45, E50, E55; also Bobcat 337 through 435.",E50 B4GP11001+ requires outside guide roller. Does not fit E50z or E55z. Steel-track models may have alternate rollers; 7314059 is dual flange version for newer serials not listed.,Newer bolt-style bottom roller; older stud/nut style available separately.,RubberTrax says typically five bottom rollers per side on E45 (ten per machine).,researched,staged,https://rubbertrackwholesale.com/bottom-rollers/bobcat-435,YES,NO,NO,NO
Bobcat,442,bottom-roller,6814882,6815119; 7013575; 7013581; 7019167; 6810770,Bobcat 331/335/430 Mini Excavator Bottom Roller,"Bobcat 225, 231, 325, 328, 331, 334, 335, 430, E26, E32, E37, E42, E50. Also upper/carrier roller for Bobcat 337, 442, ZX75.",Steel track machines may use alternate roller 6814886.,Bottom center roller; older nut/stud vs newer bolt style can matter. 7013575 is newer bolt style.,Shaft threading 3/4 UNC; max torque 425 Nm / 310 ft-lb noted by RubberTrax.,researched,staged,https://rubbertrackwholesale.com/bottom-rollers/bobcat-442,YES,NO,NO,NO
Bobcat,864,bottom-roller,6689371,7233399; 6732901; 6686632,Bobcat T140 Bottom Roller,"Bobcat T140, T180, T190, T200, T250, T300, T320, T630, T650, T630 (S/N AJDT1101-AJDT12076 solid mount), T550 (A7UJ1101 & above, AJZV1101-AJZV13999), T590 (only for solid mount undercarriage S/N A3NR1101-A3NR15598), T650 (Only for solid mount), T750 (Only for solid mount), T770 (serial number specific & must have solid mount suspension), 864","T630 (S/N AJDT1101-AJDT12076), T550 (A7UJ1101 & above, AJZV1101-AJZV13999), T590 (S/N A3NR1101-A3NR15598, A3NS1101-A3NS11999, ALJU1101-ALJU16824, B3781101-B37811103)","Bolt-style mounting. Solid mount suspension required for T550, T590, T650, T750, T770.",6689371 NEW STYLE WITH BOLTS; supersedes 6732901 (post/nut style); 7233399 for suspension mount high serials,verified,published,https://rubbertrackwholesale.com/bottom-rollers/bobcat-864,YES,YES,YES,YES
Bobcat,864,bottom-roller,6732901,6689371; 6686632; 31C1224,Bobcat CTL Bolt Style Bottom Roller / rigid mount family,"Bobcat T140, T180, T190, T200, T250, T300, T320, T550, T590, T630, T650, T750, T770, 864","T630 AJDT11001-AJDT12076 solid mount; T550 A7UJ11001+ / AJZV11001-AJZV13999; T590 A3NR11001-A3NR15598, A3NS11001-A3NS11999, ALJU11001-ALJU16824, B37811001-B37811103; T750 ANKA11001+ / ATF611001+; T770 requires serial/type verification.",Solid mount / rigid mount CTL bottom roller; newer bolt option; prior version post/nut 6732901. Not for suspension mount.,6689371/6686632 are common dealer part numbers; bolt hardware may be 31C1224.,researched,staged,https://rubbertrackwholesale.com/bottom-rollers/bobcat-864,YES,NO,NO,NO
Bobcat,E08,bottom-roller,7165324,7145234,Bobcat 418/E08/E10 Bottom Roller 7165324,"Bobcat 418, E08, E10, E10E, E10Z",,Bottom roller assembly; comes fully assembled with bearing but shaft typically reusable; bolts not included.,Related sprocket 7134493 mentioned by RubberTrax.,researched,staged,https://rubbertrackwholesale.com/bottom-rollers/bobcat-e08,YES,NO,NO,NO
Bobcat,E10,bottom-roller,7165324,7145234,Bobcat 418/E08/E10 Bottom Roller 7165324,"Bobcat 418, E08, E10, E10E, E10Z",,Bottom roller assembly; comes fully assembled with bearing but shaft typically reusable; bolts not included.,Related sprocket 7134493 mentioned by RubberTrax.,researched,staged,https://rubbertrackwholesale.com/bottom-rollers/bobcat-e10,YES,NO,NO,NO
Bobcat,E10E,bottom-roller,7165324,7145234,Bobcat 418/E08/E10 Bottom Roller 7165324,"Bobcat 418, E08, E10, E10E, E10Z",,Bottom roller assembly; comes fully assembled with bearing but shaft typically reusable; bolts not included.,Related sprocket 7134493 mentioned by RubberTrax.,researched,staged,https://rubbertrackwholesale.com/bottom-rollers/bobcat-e10e,YES,NO,NO,NO
Bobcat,E10Z,bottom-roller,7165324,7145234,Bobcat 418/E08/E10 Bottom Roller 7165324,"Bobcat 418, E08, E10, E10E, E10Z",,Bottom roller assembly; comes fully assembled with bearing but shaft typically reusable; bolts not included.,Related sprocket 7134493 mentioned by RubberTrax.,researched,staged,https://rubbertrackwholesale.com/bottom-rollers/bobcat-e10z,YES,NO,NO,NO
Bobcat,E26,bottom-roller,6814882,6815119; 7013575; 7013581; 7019167; 6810770,Bobcat 331/335/430 Mini Excavator Bottom Roller,"Bobcat 225, 231, 325, 328, 331, 334, 335, 430, E26, E32, E37, E42, E50. Also upper/carrier roller for Bobcat 337, 442, ZX75.",Steel track machines may use alternate roller 6814886.,Bottom center roller; older nut/stud vs newer bolt style can matter. 7013575 is newer bolt style.,Shaft threading 3/4 UNC; max torque 425 Nm / 310 ft-lb noted by RubberTrax.,researched,staged,https://rubbertrackwholesale.com/bottom-rollers/bobcat-e26,YES,NO,NO,NO
Bobcat,E26,bottom-roller,7013575,6814882; 6815119; 7013581; 7019167,Bobcat 7013575 Bottom Roller,"Bobcat 225, 231, 325, 331, 328, 334, 335, 430, E26, E32, E37, E42, E50 mini excavators. The same part is also known to be the top carrier roller for Bobcat 337, 442.",,,,researched,staged,https://rubbertrackwholesale.com/bottom-rollers/bobcat-e26,YES,NO,NO,NO
Bobcat,E32,bottom-roller,6814882,6815119; 7013575; 7013581; 7019167; 6810770,Bobcat 331/335/430 Mini Excavator Bottom Roller,"Bobcat 225, 231, 325, 328, 331, 334, 335, 430, E26, E32, E37, E42, E50. Also upper/carrier roller for Bobcat 337, 442, ZX75.",Steel track machines may use alternate roller 6814886.,Bottom center roller; older nut/stud vs newer bolt style can matter. 7013575 is newer bolt style.,Shaft threading 3/4 UNC; max torque 425 Nm / 310 ft-lb noted by RubberTrax.,researched,staged,https://rubbertrackwholesale.com/bottom-rollers/bobcat-e32,YES,NO,NO,NO
Bobcat,E32,bottom-roller,7013575,6814882; 6815119; 7013581; 7019167,Bobcat 7013575 Bottom Roller,"Bobcat 225, 231, 325, 331, 328, 334, 335, 430, E26, E32, E37, E42, E50 mini excavators. The same part is also known to be the top carrier roller for Bobcat 337, 442.",,,,researched,staged,https://rubbertrackwholesale.com/bottom-rollers/bobcat-e32,YES,NO,NO,NO
Bobcat,E37,bottom-roller,6814882,6815119; 7013575; 7013581; 7019167; 6810770,Bobcat 331/335/430 Mini Excavator Bottom Roller,"Bobcat 225, 231, 325, 328, 331, 334, 335, 430, E26, E32, E37, E42, E50. Also upper/carrier roller for Bobcat 337, 442, ZX75.",Steel track machines may use alternate roller 6814886.,Bottom center roller; older nut/stud vs newer bolt style can matter. 7013575 is newer bolt style.,Shaft threading 3/4 UNC; max torque 425 Nm / 310 ft-lb noted by RubberTrax.,researched,staged,https://rubbertrackwholesale.com/bottom-rollers/bobcat-e37,YES,NO,NO,NO
Bobcat,E37,bottom-roller,7013575,6814882; 6815119; 7013581; 7019167,Bobcat 7013575 Bottom Roller,"Bobcat 225, 231, 325, 331, 328, 334, 335, 430, E26, E32, E37, E42, E50 mini excavators. The same part is also known to be the top carrier roller for Bobcat 337, 442.",,,,researched,staged,https://rubbertrackwholesale.com/bottom-rollers/bobcat-e37,YES,NO,NO,NO
Bobcat,E42,bottom-roller,6814882,6815119; 7013575; 7013581; 7019167; 6810770,Bobcat 331/335/430 Mini Excavator Bottom Roller,"Bobcat 225, 231, 325, 328, 331, 334, 335, 430, E26, E32, E37, E42, E50. Also upper/carrier roller for Bobcat 337, 442, ZX75.",Steel track machines may use alternate roller 6814886.,Bottom center roller; older nut/stud vs newer bolt style can matter. 7013575 is newer bolt style.,Shaft threading 3/4 UNC; max torque 425 Nm / 310 ft-lb noted by RubberTrax.,researched,staged,https://rubbertrackwholesale.com/bottom-rollers/bobcat-e42,YES,NO,NO,NO
Bobcat,E42,bottom-roller,7013575,6814882; 6815119; 7013581; 7019167,Bobcat 7013575 Bottom Roller,"Bobcat 225, 231, 325, 331, 328, 334, 335, 430, E26, E32, E37, E42, E50 mini excavators. The same part is also known to be the top carrier roller for Bobcat 337, 442.",,,,researched,staged,https://rubbertrackwholesale.com/bottom-rollers/bobcat-e42,YES,NO,NO,NO
Bobcat,E45,bottom-roller,7013577,7279612; 6814890; 7314059,Bobcat E45-E55 Bottom Roller 7013577 / 7279612,"Bobcat E45, E50, E55; also Bobcat 337 through 435.",E50 B4GP11001+ requires outside guide roller. Does not fit E50z or E55z. Steel-track models may have alternate rollers; 7314059 is dual flange version for newer serials not listed.,Newer bolt-style bottom roller; older stud/nut style available separately.,RubberTrax says typically five bottom rollers per side on E45 (ten per machine).,researched,staged,https://rubbertrackwholesale.com/bottom-rollers/bobcat-e45,YES,NO,NO,NO
Bobcat,E50,bottom-roller,6814882,6815119; 7013575; 7013581; 7019167; 6810770,Bobcat 331/335/430 Mini Excavator Bottom Roller,"Bobcat 225, 231, 325, 328, 331, 334, 335, 430, E26, E32, E37, E42, E50. Also upper/carrier roller for Bobcat 337, 442, ZX75.",Steel track machines may use alternate roller 6814886.,Bottom center roller; older nut/stud vs newer bolt style can matter. 7013575 is newer bolt style.,Shaft threading 3/4 UNC; max torque 425 Nm / 310 ft-lb noted by RubberTrax.,researched,staged,https://rubbertrackwholesale.com/bottom-rollers/bobcat-e50,YES,NO,NO,NO
Bobcat,E50,bottom-roller,7013575,6814882; 6815119; 7013581; 7019167,Bobcat 7013575 Bottom Roller,"Bobcat 225, 231, 325, 331, 328, 334, 335, 430, E26, E32, E37, E42, E50 mini excavators. The same part is also known to be the top carrier roller for Bobcat 337, 442.",,,,researched,staged,https://rubbertrackwholesale.com/bottom-rollers/bobcat-e50,YES,NO,NO,NO
Bobcat,E50,bottom-roller,7013577,7279612; 6814890; 7314059,Bobcat E45-E55 Bottom Roller 7013577 / 7279612,"Bobcat E45, E50, E55; also Bobcat 337 through 435.",E50 B4GP11001+ requires outside guide roller. Does not fit E50z or E55z. Steel-track models may have alternate rollers; 7314059 is dual flange version for newer serials not listed.,Newer bolt-style bottom roller; older stud/nut style available separately.,RubberTrax says typically five bottom rollers per side on E45 (ten per machine).,researched,staged,https://rubbertrackwholesale.com/bottom-rollers/bobcat-e50,YES,NO,NO,NO
Bobcat,E55,bottom-roller,7013577,7279612; 6814890; 7314059,Bobcat E45-E55 Bottom Roller 7013577 / 7279612,"Bobcat E45, E50, E55; also Bobcat 337 through 435.",E50 B4GP11001+ requires outside guide roller. Does not fit E50z or E55z. Steel-track models may have alternate rollers; 7314059 is dual flange version for newer serials not listed.,Newer bolt-style bottom roller; older stud/nut style available separately.,RubberTrax says typically five bottom rollers per side on E45 (ten per machine).,researched,staged,https://rubbertrackwholesale.com/bottom-rollers/bobcat-e55,YES,NO,NO,NO
Bobcat,E60,bottom-roller,7022649,,Bobcat 7022649 Bottom Roller,"Bobcat E60, E62, E63, Doosan D60R, D63-3, DX55","Bobcat E60 (Serials AET811348 & Above, AGSZ11348 & Above), Bobcat E62 (Serials B34P11001 - B34P11437), Bobcat E63 (Serials B34R11172 - B34R11612)",,,researched,staged,https://rubbertrackwholesale.com/bottom-rollers/bobcat-e60,YES,NO,NO,NO
Bobcat,E62,bottom-roller,7022649,,Bobcat 7022649 Bottom Roller,"Bobcat E60, E62, E63, Doosan D60R, D63-3, DX55","Bobcat E60 (Serials AET811348 & Above, AGSZ11348 & Above), Bobcat E62 (Serials B34P11001 - B34P11437), Bobcat E63 (Serials B34R11172 - B34R11612)",,,researched,staged,https://rubbertrackwholesale.com/bottom-rollers/bobcat-e62,YES,NO,NO,NO
Bobcat,E63,bottom-roller,7022649,,Bobcat 7022649 Bottom Roller,"Bobcat E60, E62, E63, Doosan D60R, D63-3, DX55","Bobcat E60 (Serials AET811348 & Above, AGSZ11348 & Above), Bobcat E62 (Serials B34P11001 - B34P11437), Bobcat E63 (Serials B34R11172 - B34R11612)",,,researched,staged,https://rubbertrackwholesale.com/bottom-rollers/bobcat-e63,YES,NO,NO,NO
Bobcat,E80,bottom-roller,7004933,,Bobcat 7004933 Bottom Roller,"Bobcat E80, E85","Fits in Bobcat E85 (B34T11001 & Above, B34S11001 & Above)",,,researched,staged,https://rubbertrackwholesale.com/bottom-rollers/bobcat-e80,YES,NO,NO,NO
Bobcat,E85,bottom-roller,7004933,,Bobcat 7004933 Bottom Roller,"Bobcat E80, E85","Fits in Bobcat E85 (B34T11001 & Above, B34S11001 & Above)",,,researched,staged,https://rubbertrackwholesale.com/bottom-rollers/bobcat-e85,YES,NO,NO,NO
Bobcat,T110,sprocket,7111447,,Bobcat T110 Drive Sprocket 7111447,Bobcat T110 mini track loader; Baumalight TRL620D noted as interchangeable,,Drive sprocket; one per side.,Outside diameter 12-1/4 in; keyway diameter 1-3/4 in. RubberTrax recommends changing sprockets with tracks when worn.,researched,staged,https://rubbertrackwholesale.com/sprockets/bobcat-t110,YES,NO,NO,NO
Bobcat,T140,bottom-roller,6689371,7233399; 6732901; 6686632,Bobcat T140 Bottom Roller,"Bobcat T140, T180, T190, T200, T250, T300, T320, T630, T650, T630 (S/N AJDT1101-AJDT12076 solid mount), T550 (A7UJ1101 & above, AJZV1101-AJZV13999), T590 (only for solid mount undercarriage S/N A3NR1101-A3NR15598), T650 (Only for solid mount), T750 (Only for solid mount), T770 (serial number specific & must have solid mount suspension), 864","T630 (S/N AJDT1101-AJDT12076), T550 (A7UJ1101 & above, AJZV1101-AJZV13999), T590 (S/N A3NR1101-A3NR15598, A3NS1101-A3NS11999, ALJU1101-ALJU16824, B3781101-B37811103)","Bolt-style mounting. Solid mount suspension required for T550, T590, T650, T750, T770.",6689371 NEW STYLE WITH BOLTS; supersedes 6732901 (post/nut style); 7233399 for suspension mount high serials,verified,published,https://rubbertrackwholesale.com/bottom-rollers/bobcat-t140,YES,YES,YES,YES
Bobcat,T140,bottom-roller,6732901,6689371; 6686632; 31C1224,Bobcat CTL Bolt Style Bottom Roller / rigid mount family,"Bobcat T140, T180, T190, T200, T250, T300, T320, T550, T590, T630, T650, T750, T770, 864","T630 AJDT11001-AJDT12076 solid mount; T550 A7UJ11001+ / AJZV11001-AJZV13999; T590 A3NR11001-A3NR15598, A3NS11001-A3NS11999, ALJU11001-ALJU16824, B37811001-B37811103; T750 ANKA11001+ / ATF611001+; T770 requires serial/type verification.",Solid mount / rigid mount CTL bottom roller; newer bolt option; prior version post/nut 6732901. Not for suspension mount.,6689371/6686632 are common dealer part numbers; bolt hardware may be 31C1224.,researched,staged,https://rubbertrackwholesale.com/bottom-rollers/bobcat-t140,YES,NO,NO,NO
Bobcat,T180,bottom-roller,6689371,7233399; 6732901; 6686632,Bobcat T140 Bottom Roller,"Bobcat T140, T180, T190, T200, T250, T300, T320, T630, T650, T630 (S/N AJDT1101-AJDT12076 solid mount), T550 (A7UJ1101 & above, AJZV1101-AJZV13999), T590 (only for solid mount undercarriage S/N A3NR1101-A3NR15598), T650 (Only for solid mount), T750 (Only for solid mount), T770 (serial number specific & must have solid mount suspension), 864","T630 (S/N AJDT1101-AJDT12076), T550 (A7UJ1101 & above, AJZV1101-AJZV13999), T590 (S/N A3NR1101-A3NR15598, A3NS1101-A3NS11999, ALJU1101-ALJU16824, B3781101-B37811103)","Bolt-style mounting. Solid mount suspension required for T550, T590, T650, T750, T770.",6689371 NEW STYLE WITH BOLTS; supersedes 6732901 (post/nut style); 7233399 for suspension mount high serials,verified,published,https://rubbertrackwholesale.com/bottom-rollers/bobcat-t180,YES,YES,YES,YES
Bobcat,T180,bottom-roller,6693239,7233399; 6732901; 6689371,Bobcat Suspension Mount Bottom Roller 6693239 - Low Serials,"Bobcat T180, T190, T250, T320, T550, T590, T630, T650, T750, T770 with suspension undercarriage / applicable serial ranges","T550: A7UJ11001+ and AJZV11001+; if AJZV14001-AJZV14999 or AJZV15001+ use 7233399. T590: A3NR11001-A3NR15598, A3NS11001-A3NS11999, ALJU11001-ALJU16824, B37811001-B37811103; higher serial ranges use 7233399. T320/T630/T650/T750/T770 have serial-specific ranges.",Suspension undercarriage / leaf-spring suspension system; newer suspension mount style; bolts sold separately. Not interchangeable with solid mount.,Previous solid mount post/nut version is 6732901; regular bolt-style solid mount roller is 6689371.,researched,staged,https://rubbertrackwholesale.com/bottom-rollers/bobcat-t180,YES,NO,NO,NO
Bobcat,T180,bottom-roller,6732901,6689371; 6686632; 31C1224,Bobcat CTL Bolt Style Bottom Roller / rigid mount family,"Bobcat T140, T180, T190, T200, T250, T300, T320, T550, T590, T630, T650, T750, T770, 864","T630 AJDT11001-AJDT12076 solid mount; T550 A7UJ11001+ / AJZV11001-AJZV13999; T590 A3NR11001-A3NR15598, A3NS11001-A3NS11999, ALJU11001-ALJU16824, B37811001-B37811103; T750 ANKA11001+ / ATF611001+; T770 requires serial/type verification.",Solid mount / rigid mount CTL bottom roller; newer bolt option; prior version post/nut 6732901. Not for suspension mount.,6689371/6686632 are common dealer part numbers; bolt hardware may be 31C1224.,researched,staged,https://rubbertrackwholesale.com/bottom-rollers/bobcat-t180,YES,NO,NO,NO
Bobcat,T190,bottom-roller,6689371,7233399; 6732901; 6686632,Bobcat T140 Bottom Roller,"Bobcat T140, T180, T190, T200, T250, T300, T320, T630, T650, T630 (S/N AJDT1101-AJDT12076 solid mount), T550 (A7UJ1101 & above, AJZV1101-AJZV13999), T590 (only for solid mount undercarriage S/N A3NR1101-A3NR15598), T650 (Only for solid mount), T750 (Only for solid mount), T770 (serial number specific & must have solid mount suspension), 864","T630 (S/N AJDT1101-AJDT12076), T550 (A7UJ1101 & above, AJZV1101-AJZV13999), T590 (S/N A3NR1101-A3NR15598, A3NS1101-A3NS11999, ALJU1101-ALJU16824, B3781101-B37811103)","Bolt-style mounting. Solid mount suspension required for T550, T590, T650, T750, T770.",6689371 NEW STYLE WITH BOLTS; supersedes 6732901 (post/nut style); 7233399 for suspension mount high serials,verified,published,https://rubbertrackwholesale.com/bottom-rollers/bobcat-t190,YES,YES,YES,YES
Bobcat,T190,bottom-roller,6693239,7233399; 6732901; 6689371,Bobcat Suspension Mount Bottom Roller 6693239 - Low Serials,"Bobcat T180, T190, T250, T320, T550, T590, T630, T650, T750, T770 with suspension undercarriage / applicable serial ranges","T550: A7UJ11001+ and AJZV11001+; if AJZV14001-AJZV14999 or AJZV15001+ use 7233399. T590: A3NR11001-A3NR15598, A3NS11001-A3NS11999, ALJU11001-ALJU16824, B37811001-B37811103; higher serial ranges use 7233399. T320/T630/T650/T750/T770 have serial-specific ranges.",Suspension undercarriage / leaf-spring suspension system; newer suspension mount style; bolts sold separately. Not interchangeable with solid mount.,Previous solid mount post/nut version is 6732901; regular bolt-style solid mount roller is 6689371.,researched,staged,https://rubbertrackwholesale.com/bottom-rollers/bobcat-t190,YES,NO,NO,NO
Bobcat,T190,bottom-roller,6732901,6689371; 6686632; 31C1224,Bobcat CTL Bolt Style Bottom Roller / rigid mount family,"Bobcat T140, T180, T190, T200, T250, T300, T320, T550, T590, T630, T650, T750, T770, 864","T630 AJDT11001-AJDT12076 solid mount; T550 A7UJ11001+ / AJZV11001-AJZV13999; T590 A3NR11001-A3NR15598, A3NS11001-A3NS11999, ALJU11001-ALJU16824, B37811001-B37811103; T750 ANKA11001+ / ATF611001+; T770 requires serial/type verification.",Solid mount / rigid mount CTL bottom roller; newer bolt option; prior version post/nut 6732901. Not for suspension mount.,6689371/6686632 are common dealer part numbers; bolt hardware may be 31C1224.,researched,staged,https://rubbertrackwholesale.com/bottom-rollers/bobcat-t190,YES,NO,NO,NO
Bobcat,T200,bottom-roller,6689371,7233399; 6732901; 6686632,Bobcat T140 Bottom Roller,"Bobcat T140, T180, T190, T200, T250, T300, T320, T630, T650, T630 (S/N AJDT1101-AJDT12076 solid mount), T550 (A7UJ1101 & above, AJZV1101-AJZV13999), T590 (only for solid mount undercarriage S/N A3NR1101-A3NR15598), T650 (Only for solid mount), T750 (Only for solid mount), T770 (serial number specific & must have solid mount suspension), 864","T630 (S/N AJDT1101-AJDT12076), T550 (A7UJ1101 & above, AJZV1101-AJZV13999), T590 (S/N A3NR1101-A3NR15598, A3NS1101-A3NS11999, ALJU1101-ALJU16824, B3781101-B37811103)","Bolt-style mounting. Solid mount suspension required for T550, T590, T650, T750, T770.",6689371 NEW STYLE WITH BOLTS; supersedes 6732901 (post/nut style); 7233399 for suspension mount high serials,verified,published,https://rubbertrackwholesale.com/bottom-rollers/bobcat-t200,YES,YES,YES,YES
Bobcat,T200,bottom-roller,6732901,6689371; 6686632; 31C1224,Bobcat CTL Bolt Style Bottom Roller / rigid mount family,"Bobcat T140, T180, T190, T200, T250, T300, T320, T550, T590, T630, T650, T750, T770, 864","T630 AJDT11001-AJDT12076 solid mount; T550 A7UJ11001+ / AJZV11001-AJZV13999; T590 A3NR11001-A3NR15598, A3NS11001-A3NS11999, ALJU11001-ALJU16824, B37811001-B37811103; T750 ANKA11001+ / ATF611001+; T770 requires serial/type verification.",Solid mount / rigid mount CTL bottom roller; newer bolt option; prior version post/nut 6732901. Not for suspension mount.,6689371/6686632 are common dealer part numbers; bolt hardware may be 31C1224.,researched,staged,https://rubbertrackwholesale.com/bottom-rollers/bobcat-t200,YES,NO,NO,NO
Bobcat,T200,sprocket,7107787,7165109; 7107786; 6715821; 7196807; 7227421,Bobcat T300 Series CTL Deep Drive Sprocket 7107787,"Bobcat T200, T250, T300, T320, T630, T650 single speed, T740, T750 single speed, T770, T870 single speed up to B47C110000","T740/T770/T870 have multiple sprocket options; verify serial, bolt holes and depth. T870 single speed up to B47C110000.","Deep/dished 6-inch depth sprocket for newer wide final-drive motor; 17 teeth, 6 bolt holes, 6-1/4 in inside mounting diameter, 18-1/2 in outside diameter.",Older 6715821 is 4-7/8 inch shallow version; 7196807 and 7227421 are other options.,researched,staged,https://rubbertrackwholesale.com/sprockets/bobcat-t200,YES,NO,NO,NO
Bobcat,T250,bottom-roller,6689371,7233399; 6732901; 6686632,Bobcat T140 Bottom Roller,"Bobcat T140, T180, T190, T200, T250, T300, T320, T630, T650, T630 (S/N AJDT1101-AJDT12076 solid mount), T550 (A7UJ1101 & above, AJZV1101-AJZV13999), T590 (only for solid mount undercarriage S/N A3NR1101-A3NR15598), T650 (Only for solid mount), T750 (Only for solid mount), T770 (serial number specific & must have solid mount suspension), 864","T630 (S/N AJDT1101-AJDT12076), T550 (A7UJ1101 & above, AJZV1101-AJZV13999), T590 (S/N A3NR1101-A3NR15598, A3NS1101-A3NS11999, ALJU1101-ALJU16824, B3781101-B37811103)","Bolt-style mounting. Solid mount suspension required for T550, T590, T650, T750, T770.",6689371 NEW STYLE WITH BOLTS; supersedes 6732901 (post/nut style); 7233399 for suspension mount high serials,verified,published,https://rubbertrackwholesale.com/bottom-rollers/bobcat-t250,YES,YES,YES,YES
Bobcat,T250,bottom-roller,6693239,7233399; 6732901; 6689371,Bobcat Suspension Mount Bottom Roller 6693239 - Low Serials,"Bobcat T180, T190, T250, T320, T550, T590, T630, T650, T750, T770 with suspension undercarriage / applicable serial ranges","T550: A7UJ11001+ and AJZV11001+; if AJZV14001-AJZV14999 or AJZV15001+ use 7233399. T590: A3NR11001-A3NR15598, A3NS11001-A3NS11999, ALJU11001-ALJU16824, B37811001-B37811103; higher serial ranges use 7233399. T320/T630/T650/T750/T770 have serial-specific ranges.",Suspension undercarriage / leaf-spring suspension system; newer suspension mount style; bolts sold separately. Not interchangeable with solid mount.,Previous solid mount post/nut version is 6732901; regular bolt-style solid mount roller is 6689371.,researched,staged,https://rubbertrackwholesale.com/bottom-rollers/bobcat-t250,YES,NO,NO,NO
Bobcat,T250,bottom-roller,6732901,6689371; 6686632; 31C1224,Bobcat CTL Bolt Style Bottom Roller / rigid mount family,"Bobcat T140, T180, T190, T200, T250, T300, T320, T550, T590, T630, T650, T750, T770, 864","T630 AJDT11001-AJDT12076 solid mount; T550 A7UJ11001+ / AJZV11001-AJZV13999; T590 A3NR11001-A3NR15598, A3NS11001-A3NS11999, ALJU11001-ALJU16824, B37811001-B37811103; T750 ANKA11001+ / ATF611001+; T770 requires serial/type verification.",Solid mount / rigid mount CTL bottom roller; newer bolt option; prior version post/nut 6732901. Not for suspension mount.,6689371/6686632 are common dealer part numbers; bolt hardware may be 31C1224.,researched,staged,https://rubbertrackwholesale.com/bottom-rollers/bobcat-t250,YES,NO,NO,NO
Bobcat,T250,sprocket,7107787,7165109; 7107786; 6715821; 7196807; 7227421,Bobcat T300 Series CTL Deep Drive Sprocket 7107787,"Bobcat T200, T250, T300, T320, T630, T650 single speed, T740, T750 single speed, T770, T870 single speed up to B47C110000","T740/T770/T870 have multiple sprocket options; verify serial, bolt holes and depth. T870 single speed up to B47C110000.","Deep/dished 6-inch depth sprocket for newer wide final-drive motor; 17 teeth, 6 bolt holes, 6-1/4 in inside mounting diameter, 18-1/2 in outside diameter.",Older 6715821 is 4-7/8 inch shallow version; 7196807 and 7227421 are other options.,researched,staged,https://rubbertrackwholesale.com/sprockets/bobcat-t250,YES,NO,NO,NO
Bobcat,T300,bottom-roller,6689371,7233399; 6732901; 6686632,Bobcat T140 Bottom Roller,"Bobcat T140, T180, T190, T200, T250, T300, T320, T630, T650, T630 (S/N AJDT1101-AJDT12076 solid mount), T550 (A7UJ1101 & above, AJZV1101-AJZV13999), T590 (only for solid mount undercarriage S/N A3NR1101-A3NR15598), T650 (Only for solid mount), T750 (Only for solid mount), T770 (serial number specific & must have solid mount suspension), 864","T630 (S/N AJDT1101-AJDT12076), T550 (A7UJ1101 & above, AJZV1101-AJZV13999), T590 (S/N A3NR1101-A3NR15598, A3NS1101-A3NS11999, ALJU1101-ALJU16824, B3781101-B37811103)","Bolt-style mounting. Solid mount suspension required for T550, T590, T650, T750, T770.",6689371 NEW STYLE WITH BOLTS; supersedes 6732901 (post/nut style); 7233399 for suspension mount high serials,verified,published,https://rubbertrackwholesale.com/bottom-rollers/bobcat-t300,YES,YES,YES,YES
Bobcat,T300,bottom-roller,6732901,6689371; 6686632; 31C1224,Bobcat CTL Bolt Style Bottom Roller / rigid mount family,"Bobcat T140, T180, T190, T200, T250, T300, T320, T550, T590, T630, T650, T750, T770, 864","T630 AJDT11001-AJDT12076 solid mount; T550 A7UJ11001+ / AJZV11001-AJZV13999; T590 A3NR11001-A3NR15598, A3NS11001-A3NS11999, ALJU11001-ALJU16824, B37811001-B37811103; T750 ANKA11001+ / ATF611001+; T770 requires serial/type verification.",Solid mount / rigid mount CTL bottom roller; newer bolt option; prior version post/nut 6732901. Not for suspension mount.,6689371/6686632 are common dealer part numbers; bolt hardware may be 31C1224.,researched,staged,https://rubbertrackwholesale.com/bottom-rollers/bobcat-t300,YES,NO,NO,NO
Bobcat,T300,sprocket,7107787,7165109; 7107786; 6715821; 7196807; 7227421,Bobcat T300 Series CTL Deep Drive Sprocket 7107787,"Bobcat T200, T250, T300, T320, T630, T650 single speed, T740, T750 single speed, T770, T870 single speed up to B47C110000","T740/T770/T870 have multiple sprocket options; verify serial, bolt holes and depth. T870 single speed up to B47C110000.","Deep/dished 6-inch depth sprocket for newer wide final-drive motor; 17 teeth, 6 bolt holes, 6-1/4 in inside mounting diameter, 18-1/2 in outside diameter.",Older 6715821 is 4-7/8 inch shallow version; 7196807 and 7227421 are other options.,researched,staged,https://rubbertrackwholesale.com/sprockets/bobcat-t300,YES,NO,NO,NO
Bobcat,T320,bottom-roller,6689371,7233399; 6732901; 6686632,Bobcat T140 Bottom Roller,"Bobcat T140, T180, T190, T200, T250, T300, T320, T630, T650, T630 (S/N AJDT1101-AJDT12076 solid mount), T550 (A7UJ1101 & above, AJZV1101-AJZV13999), T590 (only for solid mount undercarriage S/N A3NR1101-A3NR15598), T650 (Only for solid mount), T750 (Only for solid mount), T770 (serial number specific & must have solid mount suspension), 864","T630 (S/N AJDT1101-AJDT12076), T550 (A7UJ1101 & above, AJZV1101-AJZV13999), T590 (S/N A3NR1101-A3NR15598, A3NS1101-A3NS11999, ALJU1101-ALJU16824, B3781101-B37811103)","Bolt-style mounting. Solid mount suspension required for T550, T590, T650, T750, T770.",6689371 NEW STYLE WITH BOLTS; supersedes 6732901 (post/nut style); 7233399 for suspension mount high serials,verified,published,https://rubbertrackwholesale.com/bottom-rollers/bobcat-t320,YES,YES,YES,YES
Bobcat,T320,bottom-roller,6693239,7233399; 6732901; 6689371,Bobcat Suspension Mount Bottom Roller 6693239 - Low Serials,"Bobcat T180, T190, T250, T320, T550, T590, T630, T650, T750, T770 with suspension undercarriage / applicable serial ranges","T550: A7UJ11001+ and AJZV11001+; if AJZV14001-AJZV14999 or AJZV15001+ use 7233399. T590: A3NR11001-A3NR15598, A3NS11001-A3NS11999, ALJU11001-ALJU16824, B37811001-B37811103; higher serial ranges use 7233399. T320/T630/T650/T750/T770 have serial-specific ranges.",Suspension undercarriage / leaf-spring suspension system; newer suspension mount style; bolts sold separately. Not interchangeable with solid mount.,Previous solid mount post/nut version is 6732901; regular bolt-style solid mount roller is 6689371.,researched,staged,https://rubbertrackwholesale.com/bottom-rollers/bobcat-t320,YES,NO,NO,NO
Bobcat,T320,bottom-roller,6732901,6689371; 6686632; 31C1224,Bobcat CTL Bolt Style Bottom Roller / rigid mount family,"Bobcat T140, T180, T190, T200, T250, T300, T320, T550, T590, T630, T650, T750, T770, 864","T630 AJDT11001-AJDT12076 solid mount; T550 A7UJ11001+ / AJZV11001-AJZV13999; T590 A3NR11001-A3NR15598, A3NS11001-A3NS11999, ALJU11001-ALJU16824, B37811001-B37811103; T750 ANKA11001+ / ATF611001+; T770 requires serial/type verification.",Solid mount / rigid mount CTL bottom roller; newer bolt option; prior version post/nut 6732901. Not for suspension mount.,6689371/6686632 are common dealer part numbers; bolt hardware may be 31C1224.,researched,staged,https://rubbertrackwholesale.com/bottom-rollers/bobcat-t320,YES,NO,NO,NO
Bobcat,T320,sprocket,7107787,7165109; 7107786; 6715821; 7196807; 7227421,Bobcat T300 Series CTL Deep Drive Sprocket 7107787,"Bobcat T200, T250, T300, T320, T630, T650 single speed, T740, T750 single speed, T770, T870 single speed up to B47C110000","T740/T770/T870 have multiple sprocket options; verify serial, bolt holes and depth. T870 single speed up to B47C110000.","Deep/dished 6-inch depth sprocket for newer wide final-drive motor; 17 teeth, 6 bolt holes, 6-1/4 in inside mounting diameter, 18-1/2 in outside diameter.",Older 6715821 is 4-7/8 inch shallow version; 7196807 and 7227421 are other options.,researched,staged,https://rubbertrackwholesale.com/sprockets/bobcat-t320,YES,NO,NO,NO
Bobcat,T450,sprocket,7204050,,Bobcat T450 T595 T590 Sprocket,"Bobcat T450 T595 T590, GEHL RT165",,,7204050,verified,published,https://rubbertrackwholesale.com/sprockets/bobcat-t450,YES,YES,YES,YES
Bobcat,T550,bottom-roller,6689371,7233399; 6732901; 6686632,Bobcat T140 Bottom Roller,"Bobcat T140, T180, T190, T200, T250, T300, T320, T630, T650, T630 (S/N AJDT1101-AJDT12076 solid mount), T550 (A7UJ1101 & above, AJZV1101-AJZV13999), T590 (only for solid mount undercarriage S/N A3NR1101-A3NR15598), T650 (Only for solid mount), T750 (Only for solid mount), T770 (serial number specific & must have solid mount suspension), 864","T630 (S/N AJDT1101-AJDT12076), T550 (A7UJ1101 & above, AJZV1101-AJZV13999), T590 (S/N A3NR1101-A3NR15598, A3NS1101-A3NS11999, ALJU1101-ALJU16824, B3781101-B37811103)","Bolt-style mounting. Solid mount suspension required for T550, T590, T650, T750, T770.",6689371 NEW STYLE WITH BOLTS; supersedes 6732901 (post/nut style); 7233399 for suspension mount high serials,verified,published,https://rubbertrackwholesale.com/bottom-rollers/bobcat-t550,YES,YES,YES,YES
Bobcat,T550,bottom-roller,6693239,7233399; 6732901; 6689371,Bobcat Suspension Mount Bottom Roller 6693239 - Low Serials,"Bobcat T180, T190, T250, T320, T550, T590, T630, T650, T750, T770 with suspension undercarriage / applicable serial ranges","T550: A7UJ11001+ and AJZV11001+; if AJZV14001-AJZV14999 or AJZV15001+ use 7233399. T590: A3NR11001-A3NR15598, A3NS11001-A3NS11999, ALJU11001-ALJU16824, B37811001-B37811103; higher serial ranges use 7233399. T320/T630/T650/T750/T770 have serial-specific ranges.",Suspension undercarriage / leaf-spring suspension system; newer suspension mount style; bolts sold separately. Not interchangeable with solid mount.,Previous solid mount post/nut version is 6732901; regular bolt-style solid mount roller is 6689371.,researched,staged,https://rubbertrackwholesale.com/bottom-rollers/bobcat-t550,YES,NO,NO,NO
Bobcat,T550,bottom-roller,6732901,6689371; 6686632; 31C1224,Bobcat CTL Bolt Style Bottom Roller / rigid mount family,"Bobcat T140, T180, T190, T200, T250, T300, T320, T550, T590, T630, T650, T750, T770, 864","T630 AJDT11001-AJDT12076 solid mount; T550 A7UJ11001+ / AJZV11001-AJZV13999; T590 A3NR11001-A3NR15598, A3NS11001-A3NS11999, ALJU11001-ALJU16824, B37811001-B37811103; T750 ANKA11001+ / ATF611001+; T770 requires serial/type verification.",Solid mount / rigid mount CTL bottom roller; newer bolt option; prior version post/nut 6732901. Not for suspension mount.,6689371/6686632 are common dealer part numbers; bolt hardware may be 31C1224.,researched,staged,https://rubbertrackwholesale.com/bottom-rollers/bobcat-t550,YES,NO,NO,NO
Bobcat,T550,bottom-roller,7233399,6693239,Bobcat Suspension Mount Bottom Roller 7233399 - High Serials,"Bobcat T550, T590, T595, T630, T650, T750, T770 with suspension undercarriage",Fits AJZV14001-AJZV14999 or AJZV15001+; if A7UJ11001+ or AJZV11001+ use 6693239.,Suspension undercarriage; high-serial roller assembly.,Call/verify serial before ordering.,researched,staged,https://rubbertrackwholesale.com/bottom-rollers/bobcat-t550,YES,NO,NO,NO
Bobcat,T590,bottom-roller,6689371,7233399; 6732901; 6686632,Bobcat T140 Bottom Roller,"Bobcat T140, T180, T190, T200, T250, T300, T320, T630, T650, T630 (S/N AJDT1101-AJDT12076 solid mount), T550 (A7UJ1101 & above, AJZV1101-AJZV13999), T590 (only for solid mount undercarriage S/N A3NR1101-A3NR15598), T650 (Only for solid mount), T750 (Only for solid mount), T770 (serial number specific & must have solid mount suspension), 864","T630 (S/N AJDT1101-AJDT12076), T550 (A7UJ1101 & above, AJZV1101-AJZV13999), T590 (S/N A3NR1101-A3NR15598, A3NS1101-A3NS11999, ALJU1101-ALJU16824, B3781101-B37811103)","Bolt-style mounting. Solid mount suspension required for T550, T590, T650, T750, T770.",6689371 NEW STYLE WITH BOLTS; supersedes 6732901 (post/nut style); 7233399 for suspension mount high serials,verified,published,https://rubbertrackwholesale.com/bottom-rollers/bobcat-t590,YES,YES,YES,YES
Bobcat,T590,bottom-roller,6693239,7233399; 6732901; 6689371,Bobcat Suspension Mount Bottom Roller 6693239 - Low Serials,"Bobcat T180, T190, T250, T320, T550, T590, T630, T650, T750, T770 with suspension undercarriage / applicable serial ranges","T550: A7UJ11001+ and AJZV11001+; if AJZV14001-AJZV14999 or AJZV15001+ use 7233399. T590: A3NR11001-A3NR15598, A3NS11001-A3NS11999, ALJU11001-ALJU16824, B37811001-B37811103; higher serial ranges use 7233399. T320/T630/T650/T750/T770 have serial-specific ranges.",Suspension undercarriage / leaf-spring suspension system; newer suspension mount style; bolts sold separately. Not interchangeable with solid mount.,Previous solid mount post/nut version is 6732901; regular bolt-style solid mount roller is 6689371.,researched,staged,https://rubbertrackwholesale.com/bottom-rollers/bobcat-t590,YES,NO,NO,NO
Bobcat,T590,bottom-roller,6732901,6689371; 6686632; 31C1224,Bobcat CTL Bolt Style Bottom Roller / rigid mount family,"Bobcat T140, T180, T190, T200, T250, T300, T320, T550, T590, T630, T650, T750, T770, 864","T630 AJDT11001-AJDT12076 solid mount; T550 A7UJ11001+ / AJZV11001-AJZV13999; T590 A3NR11001-A3NR15598, A3NS11001-A3NS11999, ALJU11001-ALJU16824, B37811001-B37811103; T750 ANKA11001+ / ATF611001+; T770 requires serial/type verification.",Solid mount / rigid mount CTL bottom roller; newer bolt option; prior version post/nut 6732901. Not for suspension mount.,6689371/6686632 are common dealer part numbers; bolt hardware may be 31C1224.,researched,staged,https://rubbertrackwholesale.com/bottom-rollers/bobcat-t590,YES,NO,NO,NO
Bobcat,T590,sprocket,7204050,,Bobcat T450 T595 T590 Sprocket,"Bobcat T450 T595 T590, GEHL RT165",,,7204050,verified,published,https://rubbertrackwholesale.com/sprockets/bobcat-t590,YES,YES,YES,YES
Bobcat,T590,bottom-roller,7233399,6693239,Bobcat Suspension Mount Bottom Roller 7233399 - High Serials,"Bobcat T550, T590, T595, T630, T650, T750, T770 with suspension undercarriage",Fits AJZV14001-AJZV14999 or AJZV15001+; if A7UJ11001+ or AJZV11001+ use 6693239.,Suspension undercarriage; high-serial roller assembly.,Call/verify serial before ordering.,researched,staged,https://rubbertrackwholesale.com/bottom-rollers/bobcat-t590,YES,NO,NO,NO
Bobcat,T595,sprocket,7204050,,Bobcat T450 T595 T590 Sprocket,"Bobcat T450 T595 T590, GEHL RT165",,,7204050,verified,published,https://rubbertrackwholesale.com/sprockets/bobcat-t595,YES,YES,YES,YES
Bobcat,T595,bottom-roller,7233399,6693239,Bobcat Suspension Mount Bottom Roller 7233399 - High Serials,"Bobcat T550, T590, T595, T630, T650, T750, T770 with suspension undercarriage",Fits AJZV14001-AJZV14999 or AJZV15001+; if A7UJ11001+ or AJZV11001+ use 6693239.,Suspension undercarriage; high-serial roller assembly.,Call/verify serial before ordering.,researched,staged,https://rubbertrackwholesale.com/bottom-rollers/bobcat-t595,YES,NO,NO,NO
Bobcat,T630,bottom-roller,6689371,7233399; 6732901; 6686632,Bobcat T140 Bottom Roller,"Bobcat T140, T180, T190, T200, T250, T300, T320, T630, T650, T630 (S/N AJDT1101-AJDT12076 solid mount), T550 (A7UJ1101 & above, AJZV1101-AJZV13999), T590 (only for solid mount undercarriage S/N A3NR1101-A3NR15598), T650 (Only for solid mount), T750 (Only for solid mount), T770 (serial number specific & must have solid mount suspension), 864","T630 (S/N AJDT1101-AJDT12076), T550 (A7UJ1101 & above, AJZV1101-AJZV13999), T590 (S/N A3NR1101-A3NR15598, A3NS1101-A3NS11999, ALJU1101-ALJU16824, B3781101-B37811103)","Bolt-style mounting. Solid mount suspension required for T550, T590, T650, T750, T770.",6689371 NEW STYLE WITH BOLTS; supersedes 6732901 (post/nut style); 7233399 for suspension mount high serials,verified,published,https://rubbertrackwholesale.com/bottom-rollers/bobcat-t630,YES,YES,YES,YES
Bobcat,T630,bottom-roller,6693239,7233399; 6732901; 6689371,Bobcat Suspension Mount Bottom Roller 6693239 - Low Serials,"Bobcat T180, T190, T250, T320, T550, T590, T630, T650, T750, T770 with suspension undercarriage / applicable serial ranges","T550: A7UJ11001+ and AJZV11001+; if AJZV14001-AJZV14999 or AJZV15001+ use 7233399. T590: A3NR11001-A3NR15598, A3NS11001-A3NS11999, ALJU11001-ALJU16824, B37811001-B37811103; higher serial ranges use 7233399. T320/T630/T650/T750/T770 have serial-specific ranges.",Suspension undercarriage / leaf-spring suspension system; newer suspension mount style; bolts sold separately. Not interchangeable with solid mount.,Previous solid mount post/nut version is 6732901; regular bolt-style solid mount roller is 6689371.,researched,staged,https://rubbertrackwholesale.com/bottom-rollers/bobcat-t630,YES,NO,NO,NO
Bobcat,T630,bottom-roller,6732901,6689371; 6686632; 31C1224,Bobcat CTL Bolt Style Bottom Roller / rigid mount family,"Bobcat T140, T180, T190, T200, T250, T300, T320, T550, T590, T630, T650, T750, T770, 864","T630 AJDT11001-AJDT12076 solid mount; T550 A7UJ11001+ / AJZV11001-AJZV13999; T590 A3NR11001-A3NR15598, A3NS11001-A3NS11999, ALJU11001-ALJU16824, B37811001-B37811103; T750 ANKA11001+ / ATF611001+; T770 requires serial/type verification.",Solid mount / rigid mount CTL bottom roller; newer bolt option; prior version post/nut 6732901. Not for suspension mount.,6689371/6686632 are common dealer part numbers; bolt hardware may be 31C1224.,researched,staged,https://rubbertrackwholesale.com/bottom-rollers/bobcat-t630,YES,NO,NO,NO
Bobcat,T630,sprocket,7107787,7165109; 7107786; 6715821; 7196807; 7227421,Bobcat T300 Series CTL Deep Drive Sprocket 7107787,"Bobcat T200, T250, T300, T320, T630, T650 single speed, T740, T750 single speed, T770, T870 single speed up to B47C110000","T740/T770/T870 have multiple sprocket options; verify serial, bolt holes and depth. T870 single speed up to B47C110000.","Deep/dished 6-inch depth sprocket for newer wide final-drive motor; 17 teeth, 6 bolt holes, 6-1/4 in inside mounting diameter, 18-1/2 in outside diameter.",Older 6715821 is 4-7/8 inch shallow version; 7196807 and 7227421 are other options.,researched,staged,https://rubbertrackwholesale.com/sprockets/bobcat-t630,YES,NO,NO,NO
Bobcat,T630,bottom-roller,7233399,6693239,Bobcat Suspension Mount Bottom Roller 7233399 - High Serials,"Bobcat T550, T590, T595, T630, T650, T750, T770 with suspension undercarriage",Fits AJZV14001-AJZV14999 or AJZV15001+; if A7UJ11001+ or AJZV11001+ use 6693239.,Suspension undercarriage; high-serial roller assembly.,Call/verify serial before ordering.,researched,staged,https://rubbertrackwholesale.com/bottom-rollers/bobcat-t630,YES,NO,NO,NO
Bobcat,T650,bottom-roller,6689371,7233399; 6732901; 6686632,Bobcat T140 Bottom Roller,"Bobcat T140, T180, T190, T200, T250, T300, T320, T630, T650, T630 (S/N AJDT1101-AJDT12076 solid mount), T550 (A7UJ1101 & above, AJZV1101-AJZV13999), T590 (only for solid mount undercarriage S/N A3NR1101-A3NR15598), T650 (Only for solid mount), T750 (Only for solid mount), T770 (serial number specific & must have solid mount suspension), 864","T630 (S/N AJDT1101-AJDT12076), T550 (A7UJ1101 & above, AJZV1101-AJZV13999), T590 (S/N A3NR1101-A3NR15598, A3NS1101-A3NS11999, ALJU1101-ALJU16824, B3781101-B37811103)","Bolt-style mounting. Solid mount suspension required for T550, T590, T650, T750, T770.",6689371 NEW STYLE WITH BOLTS; supersedes 6732901 (post/nut style); 7233399 for suspension mount high serials,verified,published,https://rubbertrackwholesale.com/bottom-rollers/bobcat-t650,YES,YES,YES,YES
Bobcat,T650,bottom-roller,6693239,7233399; 6732901; 6689371,Bobcat Suspension Mount Bottom Roller 6693239 - Low Serials,"Bobcat T180, T190, T250, T320, T550, T590, T630, T650, T750, T770 with suspension undercarriage / applicable serial ranges","T550: A7UJ11001+ and AJZV11001+; if AJZV14001-AJZV14999 or AJZV15001+ use 7233399. T590: A3NR11001-A3NR15598, A3NS11001-A3NS11999, ALJU11001-ALJU16824, B37811001-B37811103; higher serial ranges use 7233399. T320/T630/T650/T750/T770 have serial-specific ranges.",Suspension undercarriage / leaf-spring suspension system; newer suspension mount style; bolts sold separately. Not interchangeable with solid mount.,Previous solid mount post/nut version is 6732901; regular bolt-style solid mount roller is 6689371.,researched,staged,https://rubbertrackwholesale.com/bottom-rollers/bobcat-t650,YES,NO,NO,NO
Bobcat,T650,bottom-roller,6732901,6689371; 6686632; 31C1224,Bobcat CTL Bolt Style Bottom Roller / rigid mount family,"Bobcat T140, T180, T190, T200, T250, T300, T320, T550, T590, T630, T650, T750, T770, 864","T630 AJDT11001-AJDT12076 solid mount; T550 A7UJ11001+ / AJZV11001-AJZV13999; T590 A3NR11001-A3NR15598, A3NS11001-A3NS11999, ALJU11001-ALJU16824, B37811001-B37811103; T750 ANKA11001+ / ATF611001+; T770 requires serial/type verification.",Solid mount / rigid mount CTL bottom roller; newer bolt option; prior version post/nut 6732901. Not for suspension mount.,6689371/6686632 are common dealer part numbers; bolt hardware may be 31C1224.,researched,staged,https://rubbertrackwholesale.com/bottom-rollers/bobcat-t650,YES,NO,NO,NO
Bobcat,T650,sprocket,7107787,7165109; 7107786; 6715821; 7196807; 7227421,Bobcat T300 Series CTL Deep Drive Sprocket 7107787,"Bobcat T200, T250, T300, T320, T630, T650 single speed, T740, T750 single speed, T770, T870 single speed up to B47C110000","T740/T770/T870 have multiple sprocket options; verify serial, bolt holes and depth. T870 single speed up to B47C110000.","Deep/dished 6-inch depth sprocket for newer wide final-drive motor; 17 teeth, 6 bolt holes, 6-1/4 in inside mounting diameter, 18-1/2 in outside diameter.",Older 6715821 is 4-7/8 inch shallow version; 7196807 and 7227421 are other options.,researched,staged,https://rubbertrackwholesale.com/sprockets/bobcat-t650,YES,NO,NO,NO
Bobcat,T650,bottom-roller,7233399,6693239,Bobcat Suspension Mount Bottom Roller 7233399 - High Serials,"Bobcat T550, T590, T595, T630, T650, T750, T770 with suspension undercarriage",Fits AJZV14001-AJZV14999 or AJZV15001+; if A7UJ11001+ or AJZV11001+ use 6693239.,Suspension undercarriage; high-serial roller assembly.,Call/verify serial before ordering.,researched,staged,https://rubbertrackwholesale.com/bottom-rollers/bobcat-t650,YES,NO,NO,NO
Bobcat,T740,sprocket,7107787,7165109; 7107786; 6715821; 7196807; 7227421,Bobcat T300 Series CTL Deep Drive Sprocket 7107787,"Bobcat T200, T250, T300, T320, T630, T650 single speed, T740, T750 single speed, T770, T870 single speed up to B47C110000","T740/T770/T870 have multiple sprocket options; verify serial, bolt holes and depth. T870 single speed up to B47C110000.","Deep/dished 6-inch depth sprocket for newer wide final-drive motor; 17 teeth, 6 bolt holes, 6-1/4 in inside mounting diameter, 18-1/2 in outside diameter.",Older 6715821 is 4-7/8 inch shallow version; 7196807 and 7227421 are other options.,researched,staged,https://rubbertrackwholesale.com/sprockets/bobcat-t740,YES,NO,NO,NO
Bobcat,T750,bottom-roller,6689371,7233399; 6732901; 6686632,Bobcat T140 Bottom Roller,"Bobcat T140, T180, T190, T200, T250, T300, T320, T630, T650, T630 (S/N AJDT1101-AJDT12076 solid mount), T550 (A7UJ1101 & above, AJZV1101-AJZV13999), T590 (only for solid mount undercarriage S/N A3NR1101-A3NR15598), T650 (Only for solid mount), T750 (Only for solid mount), T770 (serial number specific & must have solid mount suspension), 864","T630 (S/N AJDT1101-AJDT12076), T550 (A7UJ1101 & above, AJZV1101-AJZV13999), T590 (S/N A3NR1101-A3NR15598, A3NS1101-A3NS11999, ALJU1101-ALJU16824, B3781101-B37811103)","Bolt-style mounting. Solid mount suspension required for T550, T590, T650, T750, T770.",6689371 NEW STYLE WITH BOLTS; supersedes 6732901 (post/nut style); 7233399 for suspension mount high serials,verified,published,https://rubbertrackwholesale.com/bottom-rollers/bobcat-t750,YES,YES,YES,YES
Bobcat,T750,bottom-roller,6693239,7233399; 6732901; 6689371,Bobcat Suspension Mount Bottom Roller 6693239 - Low Serials,"Bobcat T180, T190, T250, T320, T550, T590, T630, T650, T750, T770 with suspension undercarriage / applicable serial ranges","T550: A7UJ11001+ and AJZV11001+; if AJZV14001-AJZV14999 or AJZV15001+ use 7233399. T590: A3NR11001-A3NR15598, A3NS11001-A3NS11999, ALJU11001-ALJU16824, B37811001-B37811103; higher serial ranges use 7233399. T320/T630/T650/T750/T770 have serial-specific ranges.",Suspension undercarriage / leaf-spring suspension system; newer suspension mount style; bolts sold separately. Not interchangeable with solid mount.,Previous solid mount post/nut version is 6732901; regular bolt-style solid mount roller is 6689371.,researched,staged,https://rubbertrackwholesale.com/bottom-rollers/bobcat-t750,YES,NO,NO,NO
Bobcat,T750,bottom-roller,6732901,6689371; 6686632; 31C1224,Bobcat CTL Bolt Style Bottom Roller / rigid mount family,"Bobcat T140, T180, T190, T200, T250, T300, T320, T550, T590, T630, T650, T750, T770, 864","T630 AJDT11001-AJDT12076 solid mount; T550 A7UJ11001+ / AJZV11001-AJZV13999; T590 A3NR11001-A3NR15598, A3NS11001-A3NS11999, ALJU11001-ALJU16824, B37811001-B37811103; T750 ANKA11001+ / ATF611001+; T770 requires serial/type verification.",Solid mount / rigid mount CTL bottom roller; newer bolt option; prior version post/nut 6732901. Not for suspension mount.,6689371/6686632 are common dealer part numbers; bolt hardware may be 31C1224.,researched,staged,https://rubbertrackwholesale.com/bottom-rollers/bobcat-t750,YES,NO,NO,NO
Bobcat,T750,sprocket,7107787,7165109; 7107786; 6715821; 7196807; 7227421,Bobcat T300 Series CTL Deep Drive Sprocket 7107787,"Bobcat T200, T250, T300, T320, T630, T650 single speed, T740, T750 single speed, T770, T870 single speed up to B47C110000","T740/T770/T870 have multiple sprocket options; verify serial, bolt holes and depth. T870 single speed up to B47C110000.","Deep/dished 6-inch depth sprocket for newer wide final-drive motor; 17 teeth, 6 bolt holes, 6-1/4 in inside mounting diameter, 18-1/2 in outside diameter.",Older 6715821 is 4-7/8 inch shallow version; 7196807 and 7227421 are other options.,researched,staged,https://rubbertrackwholesale.com/sprockets/bobcat-t750,YES,NO,NO,NO
Bobcat,T750,bottom-roller,7233399,6693239,Bobcat Suspension Mount Bottom Roller 7233399 - High Serials,"Bobcat T550, T590, T595, T630, T650, T750, T770 with suspension undercarriage",Fits AJZV14001-AJZV14999 or AJZV15001+; if A7UJ11001+ or AJZV11001+ use 6693239.,Suspension undercarriage; high-serial roller assembly.,Call/verify serial before ordering.,researched,staged,https://rubbertrackwholesale.com/bottom-rollers/bobcat-t750,YES,NO,NO,NO
Bobcat,T770,bottom-roller,6689371,7233399; 6732901; 6686632,Bobcat T140 Bottom Roller,"Bobcat T140, T180, T190, T200, T250, T300, T320, T630, T650, T630 (S/N AJDT1101-AJDT12076 solid mount), T550 (A7UJ1101 & above, AJZV1101-AJZV13999), T590 (only for solid mount undercarriage S/N A3NR1101-A3NR15598), T650 (Only for solid mount), T750 (Only for solid mount), T770 (serial number specific & must have solid mount suspension), 864","T630 (S/N AJDT1101-AJDT12076), T550 (A7UJ1101 & above, AJZV1101-AJZV13999), T590 (S/N A3NR1101-A3NR15598, A3NS1101-A3NS11999, ALJU1101-ALJU16824, B3781101-B37811103)","Bolt-style mounting. Solid mount suspension required for T550, T590, T650, T750, T770.",6689371 NEW STYLE WITH BOLTS; supersedes 6732901 (post/nut style); 7233399 for suspension mount high serials,verified,published,https://rubbertrackwholesale.com/bottom-rollers/bobcat-t770,YES,YES,YES,YES
Bobcat,T770,bottom-roller,6693239,7233399; 6732901; 6689371,Bobcat Suspension Mount Bottom Roller 6693239 - Low Serials,"Bobcat T180, T190, T250, T320, T550, T590, T630, T650, T750, T770 with suspension undercarriage / applicable serial ranges","T550: A7UJ11001+ and AJZV11001+; if AJZV14001-AJZV14999 or AJZV15001+ use 7233399. T590: A3NR11001-A3NR15598, A3NS11001-A3NS11999, ALJU11001-ALJU16824, B37811001-B37811103; higher serial ranges use 7233399. T320/T630/T650/T750/T770 have serial-specific ranges.",Suspension undercarriage / leaf-spring suspension system; newer suspension mount style; bolts sold separately. Not interchangeable with solid mount.,Previous solid mount post/nut version is 6732901; regular bolt-style solid mount roller is 6689371.,researched,staged,https://rubbertrackwholesale.com/bottom-rollers/bobcat-t770,YES,NO,NO,NO
Bobcat,T770,bottom-roller,6732901,6689371; 6686632; 31C1224,Bobcat CTL Bolt Style Bottom Roller / rigid mount family,"Bobcat T140, T180, T190, T200, T250, T300, T320, T550, T590, T630, T650, T750, T770, 864","T630 AJDT11001-AJDT12076 solid mount; T550 A7UJ11001+ / AJZV11001-AJZV13999; T590 A3NR11001-A3NR15598, A3NS11001-A3NS11999, ALJU11001-ALJU16824, B37811001-B37811103; T750 ANKA11001+ / ATF611001+; T770 requires serial/type verification.",Solid mount / rigid mount CTL bottom roller; newer bolt option; prior version post/nut 6732901. Not for suspension mount.,6689371/6686632 are common dealer part numbers; bolt hardware may be 31C1224.,researched,staged,https://rubbertrackwholesale.com/bottom-rollers/bobcat-t770,YES,NO,NO,NO
Bobcat,T770,sprocket,7107787,7165109; 7107786; 6715821; 7196807; 7227421,Bobcat T300 Series CTL Deep Drive Sprocket 7107787,"Bobcat T200, T250, T300, T320, T630, T650 single speed, T740, T750 single speed, T770, T870 single speed up to B47C110000","T740/T770/T870 have multiple sprocket options; verify serial, bolt holes and depth. T870 single speed up to B47C110000.","Deep/dished 6-inch depth sprocket for newer wide final-drive motor; 17 teeth, 6 bolt holes, 6-1/4 in inside mounting diameter, 18-1/2 in outside diameter.",Older 6715821 is 4-7/8 inch shallow version; 7196807 and 7227421 are other options.,researched,staged,https://rubbertrackwholesale.com/sprockets/bobcat-t770,YES,NO,NO,NO
Bobcat,T770,bottom-roller,7233399,6693239,Bobcat Suspension Mount Bottom Roller 7233399 - High Serials,"Bobcat T550, T590, T595, T630, T650, T750, T770 with suspension undercarriage",Fits AJZV14001-AJZV14999 or AJZV15001+; if A7UJ11001+ or AJZV11001+ use 6693239.,Suspension undercarriage; high-serial roller assembly.,Call/verify serial before ordering.,researched,staged,https://rubbertrackwholesale.com/bottom-rollers/bobcat-t770,YES,NO,NO,NO
Bobcat,T870,bottom-roller,6698047,7323310,Bobcat T870 Suspension Mount Bottom Roller,Bobcat T870 torsion / suspension mount track loader; lower serial ranges before B47 break,"Prior to B47 serial break used 6698047; B47C11001+, B47L11001+, B47H11001+ use 7323310.",T870 torsion/suspension mount system. Verify solid vs suspension mount.,RubberTrax says 7323310 is not interchangeable with smaller/previous Bobcat track loader rollers.,researched,staged,https://rubbertrackwholesale.com/bottom-rollers/bobcat-t870,YES,NO,NO,NO
Bobcat,T870,sprocket,7107787,7165109; 7107786; 6715821; 7196807; 7227421,Bobcat T300 Series CTL Deep Drive Sprocket 7107787,"Bobcat T200, T250, T300, T320, T630, T650 single speed, T740, T750 single speed, T770, T870 single speed up to B47C110000","T740/T770/T870 have multiple sprocket options; verify serial, bolt holes and depth. T870 single speed up to B47C110000.","Deep/dished 6-inch depth sprocket for newer wide final-drive motor; 17 teeth, 6 bolt holes, 6-1/4 in inside mounting diameter, 18-1/2 in outside diameter.",Older 6715821 is 4-7/8 inch shallow version; 7196807 and 7227421 are other options.,researched,staged,https://rubbertrackwholesale.com/sprockets/bobcat-t870,YES,NO,NO,NO
Bobcat,T870,bottom-roller,7323310,,Bobcat T870 Bottom Roller,BOBCAT T870,,,7323310,verified,published,https://rubbertrackwholesale.com/bottom-rollers/bobcat-t870,YES,YES,YES,YES
Bobcat,X337,bottom-roller,6814890,6815127; 6693496; 7013577; 7279612,Bobcat 337/341/435 Bottom Roller,"Bobcat 337, 337D, X337, 341, 341G, 435, X435",,Previous generation threaded post/nut-style roller; superseded to bolt-type 7013577 / 7279612.,Five bottom rollers per side on Bobcat 337 noted by RubberTrax.,researched,staged,https://rubbertrackwholesale.com/bottom-rollers/bobcat-x337,YES,NO,NO,NO
Bobcat,X435,bottom-roller,6814890,6815127; 6693496; 7013577; 7279612,Bobcat 337/341/435 Bottom Roller,"Bobcat 337, 337D, X337, 341, 341G, 435, X435",,Previous generation threaded post/nut-style roller; superseded to bolt-type 7013577 / 7279612.,Five bottom rollers per side on Bobcat 337 noted by RubberTrax.,researched,staged,https://rubbertrackwholesale.com/bottom-rollers/bobcat-x435,YES,NO,NO,NO
Bobcat,ZX75,bottom-roller,6814882,6815119; 7013575; 7013581; 7019167; 6810770,Bobcat 331/335/430 Mini Excavator Bottom Roller,"Bobcat 225, 231, 325, 328, 331, 334, 335, 430, E26, E32, E37, E42, E50. Also upper/carrier roller for Bobcat 337, 442, ZX75.",Steel track machines may use alternate roller 6814886.,Bottom center roller; older nut/stud vs newer bolt style can matter. 7013575 is newer bolt style.,Shaft threading 3/4 UNC; max torque 425 Nm / 310 ft-lb noted by RubberTrax.,researched,staged,https://rubbertrackwholesale.com/bottom-rollers/bobcat-zx75,YES,NO,NO,NO
CAT,226B,bottom-roller,304-1890,536-3549; 389-7624,CAT 259D Bottom Roller,"259D, 279D, 289D, 299D, 226B, 272B, 267B, 259B3, 259D3, 279, 279C2, 279D3, 289C, 289C2, 289D3, 299D3, 299C",,,304-1890,verified,published,https://rubbertrackwholesale.com/bottom-rollers/cat-226b,YES,YES,YES,YES
CAT,239D,sprocket,304-1870,,CAT 239D / DR Drive Sprocket,"Cat 239D / DR, 249D, 249D3, 255, 259B3, 259D, 259D3, 239 DLRC, 249 DLRC, 259D3, 259DLRC, 265",,,304-1870,verified,published,https://rubbertrackwholesale.com/sprockets/cat-239d,YES,YES,YES,YES
CAT,239DLRC,sprocket,304-1870,,CAT 239D / DR Drive Sprocket,"Cat 239D / DR, 249D, 249D3, 255, 259B3, 259D, 259D3, 239 DLRC, 249 DLRC, 259D3, 259DLRC, 265",,,304-1870,verified,published,https://rubbertrackwholesale.com/sprockets/cat-239dlrc,YES,YES,YES,YES
CAT,239DR,sprocket,304-1870,,CAT 239D / DR Drive Sprocket,"Cat 239D / DR, 249D, 249D3, 255, 259B3, 259D, 259D3, 239 DLRC, 249 DLRC, 259D3, 259DLRC, 265",,,304-1870,verified,published,https://rubbertrackwholesale.com/sprockets/cat-239dr,YES,YES,YES,YES
CAT,249D,sprocket,304-1870,,CAT 239D / DR Drive Sprocket,"Cat 239D / DR, 249D, 249D3, 255, 259B3, 259D, 259D3, 239 DLRC, 249 DLRC, 259D3, 259DLRC, 265",,,304-1870,verified,published,https://rubbertrackwholesale.com/sprockets/cat-249d,YES,YES,YES,YES
CAT,249D3,sprocket,304-1870,,CAT 239D / DR Drive Sprocket,"Cat 239D / DR, 249D, 249D3, 255, 259B3, 259D, 259D3, 239 DLRC, 249 DLRC, 259D3, 259DLRC, 265",,,304-1870,verified,published,https://rubbertrackwholesale.com/sprockets/cat-249d3,YES,YES,YES,YES
CAT,249DLRC,sprocket,304-1870,,CAT 239D / DR Drive Sprocket,"Cat 239D / DR, 249D, 249D3, 255, 259B3, 259D, 259D3, 239 DLRC, 249 DLRC, 259D3, 259DLRC, 265",,,304-1870,verified,published,https://rubbertrackwholesale.com/sprockets/cat-249dlrc,YES,YES,YES,YES
CAT,255,sprocket,304-1870,,CAT 239D / DR Drive Sprocket,"Cat 239D / DR, 249D, 249D3, 255, 259B3, 259D, 259D3, 239 DLRC, 249 DLRC, 259D3, 259DLRC, 265",,,304-1870,verified,published,https://rubbertrackwholesale.com/sprockets/cat-255,YES,YES,YES,YES
CAT,259B3,sprocket,304-1870,,CAT 239D / DR Drive Sprocket,"Cat 239D / DR, 249D, 249D3, 255, 259B3, 259D, 259D3, 239 DLRC, 249 DLRC, 259D3, 259DLRC, 265",,,304-1870,verified,published,https://rubbertrackwholesale.com/sprockets/cat-259b3,YES,YES,YES,YES
CAT,259B3,bottom-roller,304-1890,536-3549; 389-7624,CAT 259D Bottom Roller,"259D, 279D, 289D, 299D, 226B, 272B, 267B, 259B3, 259D3, 279, 279C2, 279D3, 289C, 289C2, 289D3, 299D3, 299C",,,304-1890,verified,published,https://rubbertrackwholesale.com/bottom-rollers/cat-259b3,YES,YES,YES,YES
CAT,259B3,idler,348-9647,536-3552,CAT Cat 259B3 Idler - Triple Flange,"Cat 259B3, 259D, 259D3, 279C, 279D, 289C, 289D, 299C, 299D",,Triple Flange design,348-9647,verified,published,https://rubbertrackwholesale.com/idlers/cat-259b3,YES,YES,YES,YES
CAT,259D,sprocket,304-1870,,CAT 239D / DR Drive Sprocket,"Cat 239D / DR, 249D, 249D3, 255, 259B3, 259D, 259D3, 239 DLRC, 249 DLRC, 259D3, 259DLRC, 265",,,304-1870,verified,published,https://rubbertrackwholesale.com/sprockets/cat-259d,YES,YES,YES,YES
CAT,259D,bottom-roller,304-1890,536-3549; 389-7624,CAT 259D Bottom Roller,"259D, 279D, 289D, 299D, 226B, 272B, 267B, 259B3, 259D3, 279, 279C2, 279D3, 289C, 289C2, 289D3, 299D3, 299C",,,304-1890,verified,published,https://rubbertrackwholesale.com/bottom-rollers/cat-259d,YES,YES,YES,YES
CAT,259D,idler,348-9647,536-3552,CAT Cat 259B3 Idler - Triple Flange,"Cat 259B3, 259D, 259D3, 279C, 279D, 289C, 289D, 299C, 299D",,Triple Flange design,348-9647,verified,published,https://rubbertrackwholesale.com/idlers/cat-259d,YES,YES,YES,YES
CAT,259D3,sprocket,304-1870,,CAT 239D / DR Drive Sprocket,"Cat 239D / DR, 249D, 249D3, 255, 259B3, 259D, 259D3, 239 DLRC, 249 DLRC, 259D3, 259DLRC, 265",,,304-1870,verified,published,https://rubbertrackwholesale.com/sprockets/cat-259d3,YES,YES,YES,YES
CAT,259D3,bottom-roller,304-1890,536-3549; 389-7624,CAT 259D Bottom Roller,"259D, 279D, 289D, 299D, 226B, 272B, 267B, 259B3, 259D3, 279, 279C2, 279D3, 289C, 289C2, 289D3, 299D3, 299C",,,304-1890,verified,published,https://rubbertrackwholesale.com/bottom-rollers/cat-259d3,YES,YES,YES,YES
CAT,259D3,idler,348-9647,536-3552,CAT Cat 259B3 Idler - Triple Flange,"Cat 259B3, 259D, 259D3, 279C, 279D, 289C, 289D, 299C, 299D",,Triple Flange design,348-9647,verified,published,https://rubbertrackwholesale.com/idlers/cat-259d3,YES,YES,YES,YES
CAT,259DLRC,sprocket,304-1870,,CAT 239D / DR Drive Sprocket,"Cat 239D / DR, 249D, 249D3, 255, 259B3, 259D, 259D3, 239 DLRC, 249 DLRC, 259D3, 259DLRC, 265",,,304-1870,verified,published,https://rubbertrackwholesale.com/sprockets/cat-259dlrc,YES,YES,YES,YES
CAT,265,sprocket,304-1870,,CAT 239D / DR Drive Sprocket,"Cat 239D / DR, 249D, 249D3, 255, 259B3, 259D, 259D3, 239 DLRC, 249 DLRC, 259D3, 259DLRC, 265",,,304-1870,verified,published,https://rubbertrackwholesale.com/sprockets/cat-265,YES,YES,YES,YES
CAT,267B,bottom-roller,304-1890,536-3549; 389-7624,CAT 259D Bottom Roller,"259D, 279D, 289D, 299D, 226B, 272B, 267B, 259B3, 259D3, 279, 279C2, 279D3, 289C, 289C2, 289D3, 299D3, 299C",,,304-1890,verified,published,https://rubbertrackwholesale.com/bottom-rollers/cat-267b,YES,YES,YES,YES
CAT,272B,bottom-roller,304-1890,536-3549; 389-7624,CAT 259D Bottom Roller,"259D, 279D, 289D, 299D, 226B, 272B, 267B, 259B3, 259D3, 279, 279C2, 279D3, 289C, 289C2, 289D3, 299D3, 299C",,,304-1890,verified,published,https://rubbertrackwholesale.com/bottom-rollers/cat-272b,YES,YES,YES,YES
CAT,279,bottom-roller,304-1890,536-3549; 389-7624,CAT 259D Bottom Roller,"259D, 279D, 289D, 299D, 226B, 272B, 267B, 259B3, 259D3, 279, 279C2, 279D3, 289C, 289C2, 289D3, 299D3, 299C",,,304-1890,verified,published,https://rubbertrackwholesale.com/bottom-rollers/cat-279,YES,YES,YES,YES
CAT,279C,sprocket,304-1916,,CAT 279C Drive Sprocket,"Cat 279C, 279C2, 279D, 279D3, 289C (specific to JMP serial break), 289C2, 289D, 289D3, 299C, 299D, 299DR, 299D3, 299D3 XE",289C specific to JMP serial break,,304-1916,verified,published,https://rubbertrackwholesale.com/sprockets/cat-279c,YES,YES,YES,YES
CAT,279C,idler,348-9647,536-3552,CAT Cat 259B3 Idler - Triple Flange,"Cat 259B3, 259D, 259D3, 279C, 279D, 289C, 289D, 299C, 299D",,Triple Flange design,348-9647,verified,published,https://rubbertrackwholesale.com/idlers/cat-279c,YES,YES,YES,YES
CAT,279C2,bottom-roller,304-1890,536-3549; 389-7624,CAT 259D Bottom Roller,"259D, 279D, 289D, 299D, 226B, 272B, 267B, 259B3, 259D3, 279, 279C2, 279D3, 289C, 289C2, 289D3, 299D3, 299C",,,304-1890,verified,published,https://rubbertrackwholesale.com/bottom-rollers/cat-279c2,YES,YES,YES,YES
CAT,279C2,sprocket,304-1916,,CAT 279C Drive Sprocket,"Cat 279C, 279C2, 279D, 279D3, 289C (specific to JMP serial break), 289C2, 289D, 289D3, 299C, 299D, 299DR, 299D3, 299D3 XE",289C specific to JMP serial break,,304-1916,verified,published,https://rubbertrackwholesale.com/sprockets/cat-279c2,YES,YES,YES,YES
CAT,279D,bottom-roller,304-1890,536-3549; 389-7624,CAT 259D Bottom Roller,"259D, 279D, 289D, 299D, 226B, 272B, 267B, 259B3, 259D3, 279, 279C2, 279D3, 289C, 289C2, 289D3, 299D3, 299C",,,304-1890,verified,published,https://rubbertrackwholesale.com/bottom-rollers/cat-279d,YES,YES,YES,YES
CAT,279D,sprocket,304-1916,,CAT 279C Drive Sprocket,"Cat 279C, 279C2, 279D, 279D3, 289C (specific to JMP serial break), 289C2, 289D, 289D3, 299C, 299D, 299DR, 299D3, 299D3 XE",289C specific to JMP serial break,,304-1916,verified,published,https://rubbertrackwholesale.com/sprockets/cat-279d,YES,YES,YES,YES
CAT,279D,idler,348-9647,536-3552,CAT Cat 259B3 Idler - Triple Flange,"Cat 259B3, 259D, 259D3, 279C, 279D, 289C, 289D, 299C, 299D",,Triple Flange design,348-9647,verified,published,https://rubbertrackwholesale.com/idlers/cat-279d,YES,YES,YES,YES
CAT,279D3,bottom-roller,304-1890,536-3549; 389-7624,CAT 259D Bottom Roller,"259D, 279D, 289D, 299D, 226B, 272B, 267B, 259B3, 259D3, 279, 279C2, 279D3, 289C, 289C2, 289D3, 299D3, 299C",,,304-1890,verified,published,https://rubbertrackwholesale.com/bottom-rollers/cat-279d3,YES,YES,YES,YES
CAT,279D3,sprocket,304-1916,,CAT 279C Drive Sprocket,"Cat 279C, 279C2, 279D, 279D3, 289C (specific to JMP serial break), 289C2, 289D, 289D3, 299C, 299D, 299DR, 299D3, 299D3 XE",289C specific to JMP serial break,,304-1916,verified,published,https://rubbertrackwholesale.com/sprockets/cat-279d3,YES,YES,YES,YES
CAT,289C,bottom-roller,304-1890,536-3549; 389-7624,CAT 259D Bottom Roller,"259D, 279D, 289D, 299D, 226B, 272B, 267B, 259B3, 259D3, 279, 279C2, 279D3, 289C, 289C2, 289D3, 299D3, 299C",,,304-1890,verified,published,https://rubbertrackwholesale.com/bottom-rollers/cat-289c,YES,YES,YES,YES
CAT,289C,sprocket,304-1916,,CAT 279C Drive Sprocket,"Cat 279C, 279C2, 279D, 279D3, 289C (specific to JMP serial break), 289C2, 289D, 289D3, 299C, 299D, 299DR, 299D3, 299D3 XE",289C specific to JMP serial break,,304-1916,verified,published,https://rubbertrackwholesale.com/sprockets/cat-289c,YES,YES,YES,YES
CAT,289C,idler,348-9647,536-3552,CAT Cat 259B3 Idler - Triple Flange,"Cat 259B3, 259D, 259D3, 279C, 279D, 289C, 289D, 299C, 299D",,Triple Flange design,348-9647,verified,published,https://rubbertrackwholesale.com/idlers/cat-289c,YES,YES,YES,YES
CAT,289C2,bottom-roller,304-1890,536-3549; 389-7624,CAT 259D Bottom Roller,"259D, 279D, 289D, 299D, 226B, 272B, 267B, 259B3, 259D3, 279, 279C2, 279D3, 289C, 289C2, 289D3, 299D3, 299C",,,304-1890,verified,published,https://rubbertrackwholesale.com/bottom-rollers/cat-289c2,YES,YES,YES,YES
CAT,289C2,sprocket,304-1916,,CAT 279C Drive Sprocket,"Cat 279C, 279C2, 279D, 279D3, 289C (specific to JMP serial break), 289C2, 289D, 289D3, 299C, 299D, 299DR, 299D3, 299D3 XE",289C specific to JMP serial break,,304-1916,verified,published,https://rubbertrackwholesale.com/sprockets/cat-289c2,YES,YES,YES,YES
CAT,289D,bottom-roller,304-1890,536-3549; 389-7624,CAT 259D Bottom Roller,"259D, 279D, 289D, 299D, 226B, 272B, 267B, 259B3, 259D3, 279, 279C2, 279D3, 289C, 289C2, 289D3, 299D3, 299C",,,304-1890,verified,published,https://rubbertrackwholesale.com/bottom-rollers/cat-289d,YES,YES,YES,YES
CAT,289D,sprocket,304-1916,,CAT 279C Drive Sprocket,"Cat 279C, 279C2, 279D, 279D3, 289C (specific to JMP serial break), 289C2, 289D, 289D3, 299C, 299D, 299DR, 299D3, 299D3 XE",289C specific to JMP serial break,,304-1916,verified,published,https://rubbertrackwholesale.com/sprockets/cat-289d,YES,YES,YES,YES
CAT,289D,idler,348-9647,536-3552,CAT Cat 259B3 Idler - Triple Flange,"Cat 259B3, 259D, 259D3, 279C, 279D, 289C, 289D, 299C, 299D",,Triple Flange design,348-9647,verified,published,https://rubbertrackwholesale.com/idlers/cat-289d,YES,YES,YES,YES
CAT,289D3,bottom-roller,304-1890,536-3549; 389-7624,CAT 259D Bottom Roller,"259D, 279D, 289D, 299D, 226B, 272B, 267B, 259B3, 259D3, 279, 279C2, 279D3, 289C, 289C2, 289D3, 299D3, 299C",,,304-1890,verified,published,https://rubbertrackwholesale.com/bottom-rollers/cat-289d3,YES,YES,YES,YES
CAT,289D3,sprocket,304-1916,,CAT 279C Drive Sprocket,"Cat 279C, 279C2, 279D, 279D3, 289C (specific to JMP serial break), 289C2, 289D, 289D3, 299C, 299D, 299DR, 299D3, 299D3 XE",289C specific to JMP serial break,,304-1916,verified,published,https://rubbertrackwholesale.com/sprockets/cat-289d3,YES,YES,YES,YES
CAT,299C,bottom-roller,304-1890,536-3549; 389-7624,CAT 259D Bottom Roller,"259D, 279D, 289D, 299D, 226B, 272B, 267B, 259B3, 259D3, 279, 279C2, 279D3, 289C, 289C2, 289D3, 299D3, 299C",,,304-1890,verified,published,https://rubbertrackwholesale.com/bottom-rollers/cat-299c,YES,YES,YES,YES
CAT,299C,sprocket,304-1916,,CAT 279C Drive Sprocket,"Cat 279C, 279C2, 279D, 279D3, 289C (specific to JMP serial break), 289C2, 289D, 289D3, 299C, 299D, 299DR, 299D3, 299D3 XE",289C specific to JMP serial break,,304-1916,verified,published,https://rubbertrackwholesale.com/sprockets/cat-299c,YES,YES,YES,YES
CAT,299C,idler,348-9647,536-3552,CAT Cat 259B3 Idler - Triple Flange,"Cat 259B3, 259D, 259D3, 279C, 279D, 289C, 289D, 299C, 299D",,Triple Flange design,348-9647,verified,published,https://rubbertrackwholesale.com/idlers/cat-299c,YES,YES,YES,YES
CAT,299D,bottom-roller,304-1890,536-3549; 389-7624,CAT 259D Bottom Roller,"259D, 279D, 289D, 299D, 226B, 272B, 267B, 259B3, 259D3, 279, 279C2, 279D3, 289C, 289C2, 289D3, 299D3, 299C",,,304-1890,verified,published,https://rubbertrackwholesale.com/bottom-rollers/cat-299d,YES,YES,YES,YES
CAT,299D,sprocket,304-1916,,CAT 279C Drive Sprocket,"Cat 279C, 279C2, 279D, 279D3, 289C (specific to JMP serial break), 289C2, 289D, 289D3, 299C, 299D, 299DR, 299D3, 299D3 XE",289C specific to JMP serial break,,304-1916,verified,published,https://rubbertrackwholesale.com/sprockets/cat-299d,YES,YES,YES,YES
CAT,299D,idler,348-9647,536-3552,CAT Cat 259B3 Idler - Triple Flange,"Cat 259B3, 259D, 259D3, 279C, 279D, 289C, 289D, 299C, 299D",,Triple Flange design,348-9647,verified,published,https://rubbertrackwholesale.com/idlers/cat-299d,YES,YES,YES,YES
CAT,299D3,bottom-roller,304-1890,536-3549; 389-7624,CAT 259D Bottom Roller,"259D, 279D, 289D, 299D, 226B, 272B, 267B, 259B3, 259D3, 279, 279C2, 279D3, 289C, 289C2, 289D3, 299D3, 299C",,,304-1890,verified,published,https://rubbertrackwholesale.com/bottom-rollers/cat-299d3,YES,YES,YES,YES
CAT,299D3,sprocket,304-1916,,CAT 279C Drive Sprocket,"Cat 279C, 279C2, 279D, 279D3, 289C (specific to JMP serial break), 289C2, 289D, 289D3, 299C, 299D, 299DR, 299D3, 299D3 XE",289C specific to JMP serial break,,304-1916,verified,published,https://rubbertrackwholesale.com/sprockets/cat-299d3,YES,YES,YES,YES
CAT,299D3XE,sprocket,304-1916,,CAT 279C Drive Sprocket,"Cat 279C, 279C2, 279D, 279D3, 289C (specific to JMP serial break), 289C2, 289D, 289D3, 299C, 299D, 299DR, 299D3, 299D3 XE",289C specific to JMP serial break,,304-1916,verified,published,https://rubbertrackwholesale.com/sprockets/cat-299d3xe,YES,YES,YES,YES
CAT,299DR,sprocket,304-1916,,CAT 279C Drive Sprocket,"Cat 279C, 279C2, 279D, 279D3, 289C (specific to JMP serial break), 289C2, 289D, 289D3, 299C, 299D, 299DR, 299D3, 299D3 XE",289C specific to JMP serial break,,304-1916,verified,published,https://rubbertrackwholesale.com/sprockets/cat-299dr,YES,YES,YES,YES
CAT,300.9D,bottom-roller,372-5926,372-5926; 372-5958; 527-3878,Caterpillar 300.9D Bottom Roller 372-5926 / 527-3878,"Cat 300.9D S/N LJ2; Cat 300.9D VPS S/N TGP, DW2",RubberTrax states fitment is for the specified 300.9D serial breaks; verify serial before ordering.,Mini excavator bottom roller; includes installation hardware per RubberTrax text.,Original part number 372-5926 superseded by 527-3878; 372-5958 also listed.,researched,staged,https://rubbertrackwholesale.com/bottom-rollers/cat-300-9d,YES,NO,NO,NO
CAT,301.4C,bottom-roller,381-3040,,CAT 381-3040 Bottom Roller,"Cat 301.4C, 301.7D, 301.7DCR, 302.2D",,,,researched,staged,https://rubbertrackwholesale.com/bottom-rollers/cat-301-4c,YES,NO,NO,NO
CAT,301.5,bottom-roller,139-6261,232-4466,Caterpillar 301.5/301.6/301.8 Bottom Track Roller 139-6261,"Cat 301.5, 301.6, 301.6C, 301.8, 301.8C; Mitsubishi MM15",Lower serial numbers; Cat 301.5 up to 3YW13759. Higher serial ranges require 232-4466.,Mini excavator bottom roller; hardware not included.,"Related parts: sprocket 139-4304, idler 226-4049, bottom roller 232-4466.",researched,staged,https://rubbertrackwholesale.com/bottom-rollers/cat-301-5,YES,NO,NO,NO
CAT,301.6,bottom-roller,139-6261,232-4466,Caterpillar 301.5/301.6/301.8 Bottom Track Roller 139-6261,"Cat 301.5, 301.6, 301.6C, 301.8, 301.8C; Mitsubishi MM15",Lower serial numbers; Cat 301.5 up to 3YW13759. Higher serial ranges require 232-4466.,Mini excavator bottom roller; hardware not included.,"Related parts: sprocket 139-4304, idler 226-4049, bottom roller 232-4466.",researched,staged,https://rubbertrackwholesale.com/bottom-rollers/cat-301-6,YES,NO,NO,NO
CAT,301.6C,bottom-roller,139-6261,232-4466,Caterpillar 301.5/301.6/301.8 Bottom Track Roller 139-6261,"Cat 301.5, 301.6, 301.6C, 301.8, 301.8C; Mitsubishi MM15",Lower serial numbers; Cat 301.5 up to 3YW13759. Higher serial ranges require 232-4466.,Mini excavator bottom roller; hardware not included.,"Related parts: sprocket 139-4304, idler 226-4049, bottom roller 232-4466.",researched,staged,https://rubbertrackwholesale.com/bottom-rollers/cat-301-6c,YES,NO,NO,NO
CAT,301.7D,bottom-roller,381-3040,,CAT 381-3040 Bottom Roller,"Cat 301.4C, 301.7D, 301.7DCR, 302.2D",,,,researched,staged,https://rubbertrackwholesale.com/bottom-rollers/cat-301-7d,YES,NO,NO,NO
CAT,301.7DCR,bottom-roller,381-3040,,CAT 381-3040 Bottom Roller,"Cat 301.4C, 301.7D, 301.7DCR, 302.2D",,,,researched,staged,https://rubbertrackwholesale.com/bottom-rollers/cat-301-7dcr,YES,NO,NO,NO
CAT,301.8,bottom-roller,139-6261,232-4466,Caterpillar 301.5/301.6/301.8 Bottom Track Roller 139-6261,"Cat 301.5, 301.6, 301.6C, 301.8, 301.8C; Mitsubishi MM15",Lower serial numbers; Cat 301.5 up to 3YW13759. Higher serial ranges require 232-4466.,Mini excavator bottom roller; hardware not included.,"Related parts: sprocket 139-4304, idler 226-4049, bottom roller 232-4466.",researched,staged,https://rubbertrackwholesale.com/bottom-rollers/cat-301-8,YES,NO,NO,NO
CAT,301.8C,bottom-roller,139-6261,232-4466,Caterpillar 301.5/301.6/301.8 Bottom Track Roller 139-6261,"Cat 301.5, 301.6, 301.6C, 301.8, 301.8C; Mitsubishi MM15",Lower serial numbers; Cat 301.5 up to 3YW13759. Higher serial ranges require 232-4466.,Mini excavator bottom roller; hardware not included.,"Related parts: sprocket 139-4304, idler 226-4049, bottom roller 232-4466.",researched,staged,https://rubbertrackwholesale.com/bottom-rollers/cat-301-8c,YES,NO,NO,NO
CAT,302.2D,bottom-roller,381-3040,,CAT 381-3040 Bottom Roller,"Cat 301.4C, 301.7D, 301.7DCR, 302.2D",,,,researched,staged,https://rubbertrackwholesale.com/bottom-rollers/cat-302-2d,YES,NO,NO,NO
CAT,302.4D,bottom-roller,386-0791,,CAT 386-0791 Bottom Roller,"Cat 302.4D, 302.7DCR",,,,researched,staged,https://rubbertrackwholesale.com/bottom-rollers/cat-302-4d,YES,NO,NO,NO
CAT,302.5,bottom-roller,185-7280,9078302,Cat 185-7280 Bottom Roller,"Cat 302.5, 303.5, 303CR, Mitsubishi MM25, MM35",,,,researched,staged,https://rubbertrackwholesale.com/bottom-rollers/cat-302-5,YES,NO,NO,NO
CAT,302.5,bottom-roller,1857280,9078302,CAT 1857280 Bottom Roller,"Cat 302.5, 303.5, 303CR, Mitsubishi MM25, MM35",,,,researched,staged,https://rubbertrackwholesale.com/bottom-rollers/cat-302-5,YES,NO,NO,NO
CAT,302.5C,bottom-roller,266-8793,266-8793; 468-7455,Caterpillar 302.5C / 303CCR Bottom Roller 266-8793,"Cat 302.5C, 303CCR, 303ECR, 303.5C, 303.5CCR, 303.5D, 303.5DCR, 303.5E, 303.5ECR, 303.5E2CR, 304DCR, 304E, 304ECR, 304E2CR, 304.5E2 CR XTC",No specific serial break extracted from page text; verify by serial before ordering.,Center flange inside-guide bottom roller; bolts not included.,RubberTrax says 266-8793 is superseded by Cat dealer part number 468-7455.,researched,staged,https://rubbertrackwholesale.com/bottom-rollers/cat-302-5c,YES,NO,NO,NO
CAT,302.7DCR,bottom-roller,386-0791,,CAT 386-0791 Bottom Roller,"Cat 302.4D, 302.7DCR",,,,researched,staged,https://rubbertrackwholesale.com/bottom-rollers/cat-302-7dcr,YES,NO,NO,NO
CAT,303.5,bottom-roller,185-7280,9078302,Cat 185-7280 Bottom Roller,"Cat 302.5, 303.5, 303CR, Mitsubishi MM25, MM35",,,,researched,staged,https://rubbertrackwholesale.com/bottom-rollers/cat-303-5,YES,NO,NO,NO
CAT,303.5,bottom-roller,1857280,9078302,CAT 1857280 Bottom Roller,"Cat 302.5, 303.5, 303CR, Mitsubishi MM25, MM35",,,,researched,staged,https://rubbertrackwholesale.com/bottom-rollers/cat-303-5,YES,NO,NO,NO
CAT,303.5C,bottom-roller,266-8793,266-8793; 468-7455,Caterpillar 302.5C / 303CCR Bottom Roller 266-8793,"Cat 302.5C, 303CCR, 303ECR, 303.5C, 303.5CCR, 303.5D, 303.5DCR, 303.5E, 303.5ECR, 303.5E2CR, 304DCR, 304E, 304ECR, 304E2CR, 304.5E2 CR XTC",No specific serial break extracted from page text; verify by serial before ordering.,Center flange inside-guide bottom roller; bolts not included.,RubberTrax says 266-8793 is superseded by Cat dealer part number 468-7455.,researched,staged,https://rubbertrackwholesale.com/bottom-rollers/cat-303-5c,YES,NO,NO,NO
CAT,303.5CCR,bottom-roller,266-8793,266-8793; 468-7455,Caterpillar 302.5C / 303CCR Bottom Roller 266-8793,"Cat 302.5C, 303CCR, 303ECR, 303.5C, 303.5CCR, 303.5D, 303.5DCR, 303.5E, 303.5ECR, 303.5E2CR, 304DCR, 304E, 304ECR, 304E2CR, 304.5E2 CR XTC",No specific serial break extracted from page text; verify by serial before ordering.,Center flange inside-guide bottom roller; bolts not included.,RubberTrax says 266-8793 is superseded by Cat dealer part number 468-7455.,researched,staged,https://rubbertrackwholesale.com/bottom-rollers/cat-303-5ccr,YES,NO,NO,NO
CAT,303.5D,bottom-roller,266-8793,266-8793; 468-7455,Caterpillar 302.5C / 303CCR Bottom Roller 266-8793,"Cat 302.5C, 303CCR, 303ECR, 303.5C, 303.5CCR, 303.5D, 303.5DCR, 303.5E, 303.5ECR, 303.5E2CR, 304DCR, 304E, 304ECR, 304E2CR, 304.5E2 CR XTC",No specific serial break extracted from page text; verify by serial before ordering.,Center flange inside-guide bottom roller; bolts not included.,RubberTrax says 266-8793 is superseded by Cat dealer part number 468-7455.,researched,staged,https://rubbertrackwholesale.com/bottom-rollers/cat-303-5d,YES,NO,NO,NO
CAT,303.5DCR,bottom-roller,266-8793,266-8793; 468-7455,Caterpillar 302.5C / 303CCR Bottom Roller 266-8793,"Cat 302.5C, 303CCR, 303ECR, 303.5C, 303.5CCR, 303.5D, 303.5DCR, 303.5E, 303.5ECR, 303.5E2CR, 304DCR, 304E, 304ECR, 304E2CR, 304.5E2 CR XTC",No specific serial break extracted from page text; verify by serial before ordering.,Center flange inside-guide bottom roller; bolts not included.,RubberTrax says 266-8793 is superseded by Cat dealer part number 468-7455.,researched,staged,https://rubbertrackwholesale.com/bottom-rollers/cat-303-5dcr,YES,NO,NO,NO
CAT,303.5E,bottom-roller,266-8793,266-8793; 468-7455,Caterpillar 302.5C / 303CCR Bottom Roller 266-8793,"Cat 302.5C, 303CCR, 303ECR, 303.5C, 303.5CCR, 303.5D, 303.5DCR, 303.5E, 303.5ECR, 303.5E2CR, 304DCR, 304E, 304ECR, 304E2CR, 304.5E2 CR XTC",No specific serial break extracted from page text; verify by serial before ordering.,Center flange inside-guide bottom roller; bolts not included.,RubberTrax says 266-8793 is superseded by Cat dealer part number 468-7455.,researched,staged,https://rubbertrackwholesale.com/bottom-rollers/cat-303-5e,YES,NO,NO,NO
CAT,303.5E2CR,bottom-roller,265-7674,422-0837,Cat 304C CR / 305C CR Bottom Roller 265-7674,"Caterpillar 304CCR, 305CCR, 305DCR, 305ECR, 305E2, 305E2CR, 305.5D, 305.5DCR, 305.5E, 305.5E2, 305.5ECR, 303.5E2CR, 305.5E2FB, 306E2FB",305E2CR S/N DJX/H5M; 305.5D S/N FLZ; 305.5E2 S/N EJX/CR5; 305.5E2FB S/N WE2; 306E2FB S/N E2W noted by RubberTrax.,Single flange center guide bottom roller; bolts to track frame with two bolts.,Superseded to 422-0837.,researched,staged,https://rubbertrackwholesale.com/bottom-rollers/cat-303-5e2cr,YES,NO,NO,NO
CAT,303.5E2CR,bottom-roller,266-8793,266-8793; 468-7455,Caterpillar 302.5C / 303CCR Bottom Roller 266-8793,"Cat 302.5C, 303CCR, 303ECR, 303.5C, 303.5CCR, 303.5D, 303.5DCR, 303.5E, 303.5ECR, 303.5E2CR, 304DCR, 304E, 304ECR, 304E2CR, 304.5E2 CR XTC",No specific serial break extracted from page text; verify by serial before ordering.,Center flange inside-guide bottom roller; bolts not included.,RubberTrax says 266-8793 is superseded by Cat dealer part number 468-7455.,researched,staged,https://rubbertrackwholesale.com/bottom-rollers/cat-303-5e2cr,YES,NO,NO,NO
CAT,303.5ECR,bottom-roller,266-8793,266-8793; 468-7455,Caterpillar 302.5C / 303CCR Bottom Roller 266-8793,"Cat 302.5C, 303CCR, 303ECR, 303.5C, 303.5CCR, 303.5D, 303.5DCR, 303.5E, 303.5ECR, 303.5E2CR, 304DCR, 304E, 304ECR, 304E2CR, 304.5E2 CR XTC",No specific serial break extracted from page text; verify by serial before ordering.,Center flange inside-guide bottom roller; bolts not included.,RubberTrax says 266-8793 is superseded by Cat dealer part number 468-7455.,researched,staged,https://rubbertrackwholesale.com/bottom-rollers/cat-303-5ecr,YES,NO,NO,NO
CAT,303CCR,bottom-roller,266-8793,266-8793; 468-7455,Caterpillar 302.5C / 303CCR Bottom Roller 266-8793,"Cat 302.5C, 303CCR, 303ECR, 303.5C, 303.5CCR, 303.5D, 303.5DCR, 303.5E, 303.5ECR, 303.5E2CR, 304DCR, 304E, 304ECR, 304E2CR, 304.5E2 CR XTC",No specific serial break extracted from page text; verify by serial before ordering.,Center flange inside-guide bottom roller; bolts not included.,RubberTrax says 266-8793 is superseded by Cat dealer part number 468-7455.,researched,staged,https://rubbertrackwholesale.com/bottom-rollers/cat-303ccr,YES,NO,NO,NO
CAT,303CR,bottom-roller,185-7280,9078302,Cat 185-7280 Bottom Roller,"Cat 302.5, 303.5, 303CR, Mitsubishi MM25, MM35",,,,researched,staged,https://rubbertrackwholesale.com/bottom-rollers/cat-303cr,YES,NO,NO,NO
CAT,303CR,bottom-roller,1857280,9078302,CAT 1857280 Bottom Roller,"Cat 302.5, 303.5, 303CR, Mitsubishi MM25, MM35",,,,researched,staged,https://rubbertrackwholesale.com/bottom-rollers/cat-303cr,YES,NO,NO,NO
CAT,303ECR,bottom-roller,266-8793,266-8793; 468-7455,Caterpillar 302.5C / 303CCR Bottom Roller 266-8793,"Cat 302.5C, 303CCR, 303ECR, 303.5C, 303.5CCR, 303.5D, 303.5DCR, 303.5E, 303.5ECR, 303.5E2CR, 304DCR, 304E, 304ECR, 304E2CR, 304.5E2 CR XTC",No specific serial break extracted from page text; verify by serial before ordering.,Center flange inside-guide bottom roller; bolts not included.,RubberTrax says 266-8793 is superseded by Cat dealer part number 468-7455.,researched,staged,https://rubbertrackwholesale.com/bottom-rollers/cat-303ecr,YES,NO,NO,NO
CAT,304.5,bottom-roller,158-4765,340-8957; 333-5606,CAT 158-4765 Bottom Roller,"Cat 304.5, 305.5 Bottom Roller",,,,researched,staged,https://rubbertrackwholesale.com/bottom-rollers/cat-304-5,YES,NO,NO,NO
CAT,304CCR,bottom-roller,265-7674,422-0837,Cat 304C CR / 305C CR Bottom Roller 265-7674,"Caterpillar 304CCR, 305CCR, 305DCR, 305ECR, 305E2, 305E2CR, 305.5D, 305.5DCR, 305.5E, 305.5E2, 305.5ECR, 303.5E2CR, 305.5E2FB, 306E2FB",305E2CR S/N DJX/H5M; 305.5D S/N FLZ; 305.5E2 S/N EJX/CR5; 305.5E2FB S/N WE2; 306E2FB S/N E2W noted by RubberTrax.,Single flange center guide bottom roller; bolts to track frame with two bolts.,Superseded to 422-0837.,researched,staged,https://rubbertrackwholesale.com/bottom-rollers/cat-304ccr,YES,NO,NO,NO
CAT,304CCR,bottom-roller,422-0837,265-7674,Cat 304C CR / 305C CR Bottom Roller 422-0837,Same page as 265-7674: Cat 304/305/305.5/306E2 family listed,See 265-7674 serial notes.,Single flange center guide bottom roller.,422-0837 is supersession from 265-7674.,researched,staged,https://rubbertrackwholesale.com/bottom-rollers/cat-304ccr,YES,NO,NO,NO
CAT,304DCR,bottom-roller,266-8793,266-8793; 468-7455,Caterpillar 302.5C / 303CCR Bottom Roller 266-8793,"Cat 302.5C, 303CCR, 303ECR, 303.5C, 303.5CCR, 303.5D, 303.5DCR, 303.5E, 303.5ECR, 303.5E2CR, 304DCR, 304E, 304ECR, 304E2CR, 304.5E2 CR XTC",No specific serial break extracted from page text; verify by serial before ordering.,Center flange inside-guide bottom roller; bolts not included.,RubberTrax says 266-8793 is superseded by Cat dealer part number 468-7455.,researched,staged,https://rubbertrackwholesale.com/bottom-rollers/cat-304dcr,YES,NO,NO,NO
CAT,304E,bottom-roller,266-8793,266-8793; 468-7455,Caterpillar 302.5C / 303CCR Bottom Roller 266-8793,"Cat 302.5C, 303CCR, 303ECR, 303.5C, 303.5CCR, 303.5D, 303.5DCR, 303.5E, 303.5ECR, 303.5E2CR, 304DCR, 304E, 304ECR, 304E2CR, 304.5E2 CR XTC",No specific serial break extracted from page text; verify by serial before ordering.,Center flange inside-guide bottom roller; bolts not included.,RubberTrax says 266-8793 is superseded by Cat dealer part number 468-7455.,researched,staged,https://rubbertrackwholesale.com/bottom-rollers/cat-304e,YES,NO,NO,NO
CAT,304E2CR,bottom-roller,266-8793,266-8793; 468-7455,Caterpillar 302.5C / 303CCR Bottom Roller 266-8793,"Cat 302.5C, 303CCR, 303ECR, 303.5C, 303.5CCR, 303.5D, 303.5DCR, 303.5E, 303.5ECR, 303.5E2CR, 304DCR, 304E, 304ECR, 304E2CR, 304.5E2 CR XTC",No specific serial break extracted from page text; verify by serial before ordering.,Center flange inside-guide bottom roller; bolts not included.,RubberTrax says 266-8793 is superseded by Cat dealer part number 468-7455.,researched,staged,https://rubbertrackwholesale.com/bottom-rollers/cat-304e2cr,YES,NO,NO,NO
CAT,304ECR,bottom-roller,266-8793,266-8793; 468-7455,Caterpillar 302.5C / 303CCR Bottom Roller 266-8793,"Cat 302.5C, 303CCR, 303ECR, 303.5C, 303.5CCR, 303.5D, 303.5DCR, 303.5E, 303.5ECR, 303.5E2CR, 304DCR, 304E, 304ECR, 304E2CR, 304.5E2 CR XTC",No specific serial break extracted from page text; verify by serial before ordering.,Center flange inside-guide bottom roller; bolts not included.,RubberTrax says 266-8793 is superseded by Cat dealer part number 468-7455.,researched,staged,https://rubbertrackwholesale.com/bottom-rollers/cat-304ecr,YES,NO,NO,NO
CAT,305.5,bottom-roller,158-4765,340-8957; 333-5606,CAT 158-4765 Bottom Roller,"Cat 304.5, 305.5 Bottom Roller",,,,researched,staged,https://rubbertrackwholesale.com/bottom-rollers/cat-305-5,YES,NO,NO,NO
CAT,305.5D,bottom-roller,265-7674,422-0837,Cat 304C CR / 305C CR Bottom Roller 265-7674,"Caterpillar 304CCR, 305CCR, 305DCR, 305ECR, 305E2, 305E2CR, 305.5D, 305.5DCR, 305.5E, 305.5E2, 305.5ECR, 303.5E2CR, 305.5E2FB, 306E2FB",305E2CR S/N DJX/H5M; 305.5D S/N FLZ; 305.5E2 S/N EJX/CR5; 305.5E2FB S/N WE2; 306E2FB S/N E2W noted by RubberTrax.,Single flange center guide bottom roller; bolts to track frame with two bolts.,Superseded to 422-0837.,researched,staged,https://rubbertrackwholesale.com/bottom-rollers/cat-305-5d,YES,NO,NO,NO
CAT,305.5DCR,bottom-roller,265-7674,422-0837,Cat 304C CR / 305C CR Bottom Roller 265-7674,"Caterpillar 304CCR, 305CCR, 305DCR, 305ECR, 305E2, 305E2CR, 305.5D, 305.5DCR, 305.5E, 305.5E2, 305.5ECR, 303.5E2CR, 305.5E2FB, 306E2FB",305E2CR S/N DJX/H5M; 305.5D S/N FLZ; 305.5E2 S/N EJX/CR5; 305.5E2FB S/N WE2; 306E2FB S/N E2W noted by RubberTrax.,Single flange center guide bottom roller; bolts to track frame with two bolts.,Superseded to 422-0837.,researched,staged,https://rubbertrackwholesale.com/bottom-rollers/cat-305-5dcr,YES,NO,NO,NO
CAT,305.5E,bottom-roller,265-7674,422-0837,Cat 304C CR / 305C CR Bottom Roller 265-7674,"Caterpillar 304CCR, 305CCR, 305DCR, 305ECR, 305E2, 305E2CR, 305.5D, 305.5DCR, 305.5E, 305.5E2, 305.5ECR, 303.5E2CR, 305.5E2FB, 306E2FB",305E2CR S/N DJX/H5M; 305.5D S/N FLZ; 305.5E2 S/N EJX/CR5; 305.5E2FB S/N WE2; 306E2FB S/N E2W noted by RubberTrax.,Single flange center guide bottom roller; bolts to track frame with two bolts.,Superseded to 422-0837.,researched,staged,https://rubbertrackwholesale.com/bottom-rollers/cat-305-5e,YES,NO,NO,NO
CAT,305.5E2,bottom-roller,265-7674,422-0837,Cat 304C CR / 305C CR Bottom Roller 265-7674,"Caterpillar 304CCR, 305CCR, 305DCR, 305ECR, 305E2, 305E2CR, 305.5D, 305.5DCR, 305.5E, 305.5E2, 305.5ECR, 303.5E2CR, 305.5E2FB, 306E2FB",305E2CR S/N DJX/H5M; 305.5D S/N FLZ; 305.5E2 S/N EJX/CR5; 305.5E2FB S/N WE2; 306E2FB S/N E2W noted by RubberTrax.,Single flange center guide bottom roller; bolts to track frame with two bolts.,Superseded to 422-0837.,researched,staged,https://rubbertrackwholesale.com/bottom-rollers/cat-305-5e2,YES,NO,NO,NO
CAT,305.5E2FB,bottom-roller,265-7674,422-0837,Cat 304C CR / 305C CR Bottom Roller 265-7674,"Caterpillar 304CCR, 305CCR, 305DCR, 305ECR, 305E2, 305E2CR, 305.5D, 305.5DCR, 305.5E, 305.5E2, 305.5ECR, 303.5E2CR, 305.5E2FB, 306E2FB",305E2CR S/N DJX/H5M; 305.5D S/N FLZ; 305.5E2 S/N EJX/CR5; 305.5E2FB S/N WE2; 306E2FB S/N E2W noted by RubberTrax.,Single flange center guide bottom roller; bolts to track frame with two bolts.,Superseded to 422-0837.,researched,staged,https://rubbertrackwholesale.com/bottom-rollers/cat-305-5e2fb,YES,NO,NO,NO
CAT,305.5ECR,bottom-roller,265-7674,422-0837,Cat 304C CR / 305C CR Bottom Roller 265-7674,"Caterpillar 304CCR, 305CCR, 305DCR, 305ECR, 305E2, 305E2CR, 305.5D, 305.5DCR, 305.5E, 305.5E2, 305.5ECR, 303.5E2CR, 305.5E2FB, 306E2FB",305E2CR S/N DJX/H5M; 305.5D S/N FLZ; 305.5E2 S/N EJX/CR5; 305.5E2FB S/N WE2; 306E2FB S/N E2W noted by RubberTrax.,Single flange center guide bottom roller; bolts to track frame with two bolts.,Superseded to 422-0837.,researched,staged,https://rubbertrackwholesale.com/bottom-rollers/cat-305-5ecr,YES,NO,NO,NO
CAT,305CCR,bottom-roller,265-7674,422-0837,Cat 304C CR / 305C CR Bottom Roller 265-7674,"Caterpillar 304CCR, 305CCR, 305DCR, 305ECR, 305E2, 305E2CR, 305.5D, 305.5DCR, 305.5E, 305.5E2, 305.5ECR, 303.5E2CR, 305.5E2FB, 306E2FB",305E2CR S/N DJX/H5M; 305.5D S/N FLZ; 305.5E2 S/N EJX/CR5; 305.5E2FB S/N WE2; 306E2FB S/N E2W noted by RubberTrax.,Single flange center guide bottom roller; bolts to track frame with two bolts.,Superseded to 422-0837.,researched,staged,https://rubbertrackwholesale.com/bottom-rollers/cat-305ccr,YES,NO,NO,NO
CAT,305CCR,bottom-roller,422-0837,265-7674,Cat 304C CR / 305C CR Bottom Roller 422-0837,Same page as 265-7674: Cat 304/305/305.5/306E2 family listed,See 265-7674 serial notes.,Single flange center guide bottom roller.,422-0837 is supersession from 265-7674.,researched,staged,https://rubbertrackwholesale.com/bottom-rollers/cat-305ccr,YES,NO,NO,NO
CAT,305DCR,bottom-roller,265-7674,422-0837,Cat 304C CR / 305C CR Bottom Roller 265-7674,"Caterpillar 304CCR, 305CCR, 305DCR, 305ECR, 305E2, 305E2CR, 305.5D, 305.5DCR, 305.5E, 305.5E2, 305.5ECR, 303.5E2CR, 305.5E2FB, 306E2FB",305E2CR S/N DJX/H5M; 305.5D S/N FLZ; 305.5E2 S/N EJX/CR5; 305.5E2FB S/N WE2; 306E2FB S/N E2W noted by RubberTrax.,Single flange center guide bottom roller; bolts to track frame with two bolts.,Superseded to 422-0837.,researched,staged,https://rubbertrackwholesale.com/bottom-rollers/cat-305dcr,YES,NO,NO,NO
CAT,305DCR,bottom-roller,422-0837,265-7674,Cat 304C CR / 305C CR Bottom Roller 422-0837,Same page as 265-7674: Cat 304/305/305.5/306E2 family listed,See 265-7674 serial notes.,Single flange center guide bottom roller.,422-0837 is supersession from 265-7674.,researched,staged,https://rubbertrackwholesale.com/bottom-rollers/cat-305dcr,YES,NO,NO,NO
CAT,305E2,bottom-roller,265-7674,422-0837,Cat 304C CR / 305C CR Bottom Roller 265-7674,"Caterpillar 304CCR, 305CCR, 305DCR, 305ECR, 305E2, 305E2CR, 305.5D, 305.5DCR, 305.5E, 305.5E2, 305.5ECR, 303.5E2CR, 305.5E2FB, 306E2FB",305E2CR S/N DJX/H5M; 305.5D S/N FLZ; 305.5E2 S/N EJX/CR5; 305.5E2FB S/N WE2; 306E2FB S/N E2W noted by RubberTrax.,Single flange center guide bottom roller; bolts to track frame with two bolts.,Superseded to 422-0837.,researched,staged,https://rubbertrackwholesale.com/bottom-rollers/cat-305e2,YES,NO,NO,NO
CAT,305E2,bottom-roller,422-0837,265-7674,Cat 304C CR / 305C CR Bottom Roller 422-0837,Same page as 265-7674: Cat 304/305/305.5/306E2 family listed,See 265-7674 serial notes.,Single flange center guide bottom roller.,422-0837 is supersession from 265-7674.,researched,staged,https://rubbertrackwholesale.com/bottom-rollers/cat-305e2,YES,NO,NO,NO
CAT,305E2CR,bottom-roller,265-7674,422-0837,Cat 304C CR / 305C CR Bottom Roller 265-7674,"Caterpillar 304CCR, 305CCR, 305DCR, 305ECR, 305E2, 305E2CR, 305.5D, 305.5DCR, 305.5E, 305.5E2, 305.5ECR, 303.5E2CR, 305.5E2FB, 306E2FB",305E2CR S/N DJX/H5M; 305.5D S/N FLZ; 305.5E2 S/N EJX/CR5; 305.5E2FB S/N WE2; 306E2FB S/N E2W noted by RubberTrax.,Single flange center guide bottom roller; bolts to track frame with two bolts.,Superseded to 422-0837.,researched,staged,https://rubbertrackwholesale.com/bottom-rollers/cat-305e2cr,YES,NO,NO,NO
CAT,305E2CR,bottom-roller,422-0837,265-7674,Cat 304C CR / 305C CR Bottom Roller 422-0837,Same page as 265-7674: Cat 304/305/305.5/306E2 family listed,See 265-7674 serial notes.,Single flange center guide bottom roller.,422-0837 is supersession from 265-7674.,researched,staged,https://rubbertrackwholesale.com/bottom-rollers/cat-305e2cr,YES,NO,NO,NO
CAT,305ECR,bottom-roller,265-7674,422-0837,Cat 304C CR / 305C CR Bottom Roller 265-7674,"Caterpillar 304CCR, 305CCR, 305DCR, 305ECR, 305E2, 305E2CR, 305.5D, 305.5DCR, 305.5E, 305.5E2, 305.5ECR, 303.5E2CR, 305.5E2FB, 306E2FB",305E2CR S/N DJX/H5M; 305.5D S/N FLZ; 305.5E2 S/N EJX/CR5; 305.5E2FB S/N WE2; 306E2FB S/N E2W noted by RubberTrax.,Single flange center guide bottom roller; bolts to track frame with two bolts.,Superseded to 422-0837.,researched,staged,https://rubbertrackwholesale.com/bottom-rollers/cat-305ecr,YES,NO,NO,NO
CAT,305ECR,bottom-roller,422-0837,265-7674,Cat 304C CR / 305C CR Bottom Roller 422-0837,Same page as 265-7674: Cat 304/305/305.5/306E2 family listed,See 265-7674 serial notes.,Single flange center guide bottom roller.,422-0837 is supersession from 265-7674.,researched,staged,https://rubbertrackwholesale.com/bottom-rollers/cat-305ecr,YES,NO,NO,NO
CAT,306E2FB,bottom-roller,265-7674,422-0837,Cat 304C CR / 305C CR Bottom Roller 265-7674,"Caterpillar 304CCR, 305CCR, 305DCR, 305ECR, 305E2, 305E2CR, 305.5D, 305.5DCR, 305.5E, 305.5E2, 305.5ECR, 303.5E2CR, 305.5E2FB, 306E2FB",305E2CR S/N DJX/H5M; 305.5D S/N FLZ; 305.5E2 S/N EJX/CR5; 305.5E2FB S/N WE2; 306E2FB S/N E2W noted by RubberTrax.,Single flange center guide bottom roller; bolts to track frame with two bolts.,Superseded to 422-0837.,researched,staged,https://rubbertrackwholesale.com/bottom-rollers/cat-306e2fb,YES,NO,NO,NO
John Deere,17D,bottom-roller,4640798,4340393,John Deere 4640798 Bottom Roller,"John Deere 17D, 17G, 17ZTS, 17P, Hitachi EX5, EX8, EX12, EX17, ZAXIS ZX 17U-2, ZX17U-5N",,,,researched,staged,https://rubbertrackwholesale.com/bottom-rollers/john deere-17d,YES,NO,NO,NO
John Deere,17G,bottom-roller,4640798,4340393,John Deere 4640798 Bottom Roller,"John Deere 17D, 17G, 17ZTS, 17P, Hitachi EX5, EX8, EX12, EX17, ZAXIS ZX 17U-2, ZX17U-5N",,,,researched,staged,https://rubbertrackwholesale.com/bottom-rollers/john deere-17g,YES,NO,NO,NO
John Deere,17P,bottom-roller,4640798,4340393,John Deere 4640798 Bottom Roller,"John Deere 17D, 17G, 17ZTS, 17P, Hitachi EX5, EX8, EX12, EX17, ZAXIS ZX 17U-2, ZX17U-5N",,,,researched,staged,https://rubbertrackwholesale.com/bottom-rollers/john deere-17p,YES,NO,NO,NO
John Deere,17ZTS,bottom-roller,4640798,4340393,John Deere 4640798 Bottom Roller,"John Deere 17D, 17G, 17ZTS, 17P, Hitachi EX5, EX8, EX12, EX17, ZAXIS ZX 17U-2, ZX17U-5N",,,,researched,staged,https://rubbertrackwholesale.com/bottom-rollers/john deere-17zts,YES,NO,NO,NO
John Deere,26G,bottom-roller,4340535,9237937,John Deere 4340535 Bottom Roller,"John Deere 27ZTS, 35ZTS, 26G, 27C, 27D, 35C, 35D, 35G, Airman AX35",,,,researched,staged,https://rubbertrackwholesale.com/bottom-rollers/john deere-26g,YES,NO,NO,NO
John Deere,26G,bottom-roller,9237937,4340535,John Deere 9237937 Bottom Roller,"John Deere 26G, 26P, 27D, 30G, 30P, 35D, 35G, 35P",John Deere 35G up to serial number 274466,,,researched,staged,https://rubbertrackwholesale.com/bottom-rollers/john deere-26g,YES,NO,NO,NO
John Deere,26P,bottom-roller,9237937,4340535,John Deere 9237937 Bottom Roller,"John Deere 26G, 26P, 27D, 30G, 30P, 35D, 35G, 35P",John Deere 35G up to serial number 274466,,,researched,staged,https://rubbertrackwholesale.com/bottom-rollers/john deere-26p,YES,NO,NO,NO
John Deere,27C,bottom-roller,4340535,9237937,John Deere 4340535 Bottom Roller,"John Deere 27ZTS, 35ZTS, 26G, 27C, 27D, 35C, 35D, 35G, Airman AX35",,,,researched,staged,https://rubbertrackwholesale.com/bottom-rollers/john deere-27c,YES,NO,NO,NO
John Deere,27D,bottom-roller,4340535,9237937,John Deere 4340535 Bottom Roller,"John Deere 27ZTS, 35ZTS, 26G, 27C, 27D, 35C, 35D, 35G, Airman AX35",,,,researched,staged,https://rubbertrackwholesale.com/bottom-rollers/john deere-27d,YES,NO,NO,NO
John Deere,27D,bottom-roller,9237937,4340535,John Deere 9237937 Bottom Roller,"John Deere 26G, 26P, 27D, 30G, 30P, 35D, 35G, 35P",John Deere 35G up to serial number 274466,,,researched,staged,https://rubbertrackwholesale.com/bottom-rollers/john deere-27d,YES,NO,NO,NO
John Deere,27ZTS,bottom-roller,4340535,9237937,John Deere 4340535 Bottom Roller,"John Deere 27ZTS, 35ZTS, 26G, 27C, 27D, 35C, 35D, 35G, Airman AX35",,,,researched,staged,https://rubbertrackwholesale.com/bottom-rollers/john deere-27zts,YES,NO,NO,NO
John Deere,30G,bottom-roller,9237937,4340535,John Deere 9237937 Bottom Roller,"John Deere 26G, 26P, 27D, 30G, 30P, 35D, 35G, 35P",John Deere 35G up to serial number 274466,,,researched,staged,https://rubbertrackwholesale.com/bottom-rollers/john deere-30g,YES,NO,NO,NO
John Deere,30P,bottom-roller,9237937,4340535,John Deere 9237937 Bottom Roller,"John Deere 26G, 26P, 27D, 30G, 30P, 35D, 35G, 35P",John Deere 35G up to serial number 274466,,,researched,staged,https://rubbertrackwholesale.com/bottom-rollers/john deere-30p,YES,NO,NO,NO
John Deere,317G,bottom-roller,AT336091,AT493206; AT322746; AT366460; ID2802,John Deere AT336091 Bottom Roller,"John Deere CT315, 317G, 319D, 319E, CT322, CT323D, CT323E, CT325G, CT329D, CT329E, CT331G, CT332, CT333D, CT333E, CT333G","Fits John Deere 317G (J288093-up), 319E (G254929-up, J249321-up), CT 323E (G254917-up, J249322-up), CT 329-E (E236704-up), CT 333E (E236690-up)",,,researched,staged,https://rubbertrackwholesale.com/bottom-rollers/john deere-317g,YES,NO,NO,NO
John Deere,319D,bottom-roller,AT336091,AT493206; AT322746; AT366460; ID2802,John Deere AT336091 Bottom Roller,"John Deere CT315, 317G, 319D, 319E, CT322, CT323D, CT323E, CT325G, CT329D, CT329E, CT331G, CT332, CT333D, CT333E, CT333G","Fits John Deere 317G (J288093-up), 319E (G254929-up, J249321-up), CT 323E (G254917-up, J249322-up), CT 329-E (E236704-up), CT 333E (E236690-up)",,,researched,staged,https://rubbertrackwholesale.com/bottom-rollers/john deere-319d,YES,NO,NO,NO
John Deere,319E,bottom-roller,AT336091,AT493206; AT322746; AT366460; ID2802,John Deere AT336091 Bottom Roller,"John Deere CT315, 317G, 319D, 319E, CT322, CT323D, CT323E, CT325G, CT329D, CT329E, CT331G, CT332, CT333D, CT333E, CT333G","Fits John Deere 317G (J288093-up), 319E (G254929-up, J249321-up), CT 323E (G254917-up, J249322-up), CT 329-E (E236704-up), CT 333E (E236690-up)",,,researched,staged,https://rubbertrackwholesale.com/bottom-rollers/john deere-319e,YES,NO,NO,NO
John Deere,35C,bottom-roller,4340535,9237937,John Deere 4340535 Bottom Roller,"John Deere 27ZTS, 35ZTS, 26G, 27C, 27D, 35C, 35D, 35G, Airman AX35",,,,researched,staged,https://rubbertrackwholesale.com/bottom-rollers/john deere-35c,YES,NO,NO,NO
John Deere,35D,bottom-roller,4340535,9237937,John Deere 4340535 Bottom Roller,"John Deere 27ZTS, 35ZTS, 26G, 27C, 27D, 35C, 35D, 35G, Airman AX35",,,,researched,staged,https://rubbertrackwholesale.com/bottom-rollers/john deere-35d,YES,NO,NO,NO
John Deere,35D,bottom-roller,9237937,4340535,John Deere 9237937 Bottom Roller,"John Deere 26G, 26P, 27D, 30G, 30P, 35D, 35G, 35P",John Deere 35G up to serial number 274466,,,researched,staged,https://rubbertrackwholesale.com/bottom-rollers/john deere-35d,YES,NO,NO,NO
John Deere,35G,bottom-roller,4340535,9237937,John Deere 4340535 Bottom Roller,"John Deere 27ZTS, 35ZTS, 26G, 27C, 27D, 35C, 35D, 35G, Airman AX35",,,,researched,staged,https://rubbertrackwholesale.com/bottom-rollers/john deere-35g,YES,NO,NO,NO
John Deere,35G,bottom-roller,9237937,4340535,John Deere 9237937 Bottom Roller,"John Deere 26G, 26P, 27D, 30G, 30P, 35D, 35G, 35P",John Deere 35G up to serial number 274466,,,researched,staged,https://rubbertrackwholesale.com/bottom-rollers/john deere-35g,YES,NO,NO,NO
John Deere,35P,bottom-roller,9237937,4340535,John Deere 9237937 Bottom Roller,"John Deere 26G, 26P, 27D, 30G, 30P, 35D, 35G, 35P",John Deere 35G up to serial number 274466,,,researched,staged,https://rubbertrackwholesale.com/bottom-rollers/john deere-35p,YES,NO,NO,NO
John Deere,35ZTS,bottom-roller,4340535,9237937,John Deere 4340535 Bottom Roller,"John Deere 27ZTS, 35ZTS, 26G, 27C, 27D, 35C, 35D, 35G, Airman AX35",,,,researched,staged,https://rubbertrackwholesale.com/bottom-rollers/john deere-35zts,YES,NO,NO,NO
John Deere,50C,bottom-roller,4357785,AT251282,John Deere 4357785 Bottom Roller,"John Deere 50C, 50ZTS, Hitachi EX40, EX45, EX50, EX50U, EX55U, EX55UR, EX55UR-3, EX58MU, ZX50U",,,,researched,staged,https://rubbertrackwholesale.com/bottom-rollers/john deere-50c,YES,NO,NO,NO
John Deere,50D,bottom-roller,9239528,,John Deere 9239528 Bottom Roller,"John Deere 50D, 50G, 50P, Hitachi ZX50U-2, ZX50U-3",,,,researched,staged,https://rubbertrackwholesale.com/bottom-rollers/john deere-50d,YES,NO,NO,NO
John Deere,50G,bottom-roller,9239528,,John Deere 9239528 Bottom Roller,"John Deere 50D, 50G, 50P, Hitachi ZX50U-2, ZX50U-3",,,,researched,staged,https://rubbertrackwholesale.com/bottom-rollers/john deere-50g,YES,NO,NO,NO
John Deere,50P,bottom-roller,9239528,,John Deere 9239528 Bottom Roller,"John Deere 50D, 50G, 50P, Hitachi ZX50U-2, ZX50U-3",,,,researched,staged,https://rubbertrackwholesale.com/bottom-rollers/john deere-50p,YES,NO,NO,NO
John Deere,50ZTS,bottom-roller,4357785,AT251282,John Deere 4357785 Bottom Roller,"John Deere 50C, 50ZTS, Hitachi EX40, EX45, EX50, EX50U, EX55U, EX55UR, EX55UR-3, EX58MU, ZX50U",,,,researched,staged,https://rubbertrackwholesale.com/bottom-rollers/john deere-50zts,YES,NO,NO,NO
John Deere,CT315,bottom-roller,AT336091,AT493206; AT322746; AT366460; ID2802,John Deere AT336091 Bottom Roller,"John Deere CT315, 317G, 319D, 319E, CT322, CT323D, CT323E, CT325G, CT329D, CT329E, CT331G, CT332, CT333D, CT333E, CT333G","Fits John Deere 317G (J288093-up), 319E (G254929-up, J249321-up), CT 323E (G254917-up, J249322-up), CT 329-E (E236704-up), CT 333E (E236690-up)",,,researched,staged,https://rubbertrackwholesale.com/bottom-rollers/john deere-ct315,YES,NO,NO,NO
John Deere,CT322,bottom-roller,AT336091,AT493206; AT322746; AT366460; ID2802,John Deere AT336091 Bottom Roller,"John Deere CT315, 317G, 319D, 319E, CT322, CT323D, CT323E, CT325G, CT329D, CT329E, CT331G, CT332, CT333D, CT333E, CT333G","Fits John Deere 317G (J288093-up), 319E (G254929-up, J249321-up), CT 323E (G254917-up, J249322-up), CT 329-E (E236704-up), CT 333E (E236690-up)",,,researched,staged,https://rubbertrackwholesale.com/bottom-rollers/john deere-ct322,YES,NO,NO,NO
John Deere,CT323D,bottom-roller,AT336091,AT493206; AT322746; AT366460; ID2802,John Deere AT336091 Bottom Roller,"John Deere CT315, 317G, 319D, 319E, CT322, CT323D, CT323E, CT325G, CT329D, CT329E, CT331G, CT332, CT333D, CT333E, CT333G","Fits John Deere 317G (J288093-up), 319E (G254929-up, J249321-up), CT 323E (G254917-up, J249322-up), CT 329-E (E236704-up), CT 333E (E236690-up)",,,researched,staged,https://rubbertrackwholesale.com/bottom-rollers/john deere-ct323d,YES,NO,NO,NO
John Deere,CT323E,bottom-roller,AT336091,AT493206; AT322746; AT366460; ID2802,John Deere AT336091 Bottom Roller,"John Deere CT315, 317G, 319D, 319E, CT322, CT323D, CT323E, CT325G, CT329D, CT329E, CT331G, CT332, CT333D, CT333E, CT333G","Fits John Deere 317G (J288093-up), 319E (G254929-up, J249321-up), CT 323E (G254917-up, J249322-up), CT 329-E (E236704-up), CT 333E (E236690-up)",,,researched,staged,https://rubbertrackwholesale.com/bottom-rollers/john deere-ct323e,YES,NO,NO,NO
John Deere,CT325G,bottom-roller,AT336091,AT493206; AT322746; AT366460; ID2802,John Deere AT336091 Bottom Roller,"John Deere CT315, 317G, 319D, 319E, CT322, CT323D, CT323E, CT325G, CT329D, CT329E, CT331G, CT332, CT333D, CT333E, CT333G","Fits John Deere 317G (J288093-up), 319E (G254929-up, J249321-up), CT 323E (G254917-up, J249322-up), CT 329-E (E236704-up), CT 333E (E236690-up)",,,researched,staged,https://rubbertrackwholesale.com/bottom-rollers/john deere-ct325g,YES,NO,NO,NO
John Deere,CT329D,bottom-roller,AT336091,AT493206; AT322746; AT366460; ID2802,John Deere AT336091 Bottom Roller,"John Deere CT315, 317G, 319D, 319E, CT322, CT323D, CT323E, CT325G, CT329D, CT329E, CT331G, CT332, CT333D, CT333E, CT333G","Fits John Deere 317G (J288093-up), 319E (G254929-up, J249321-up), CT 323E (G254917-up, J249322-up), CT 329-E (E236704-up), CT 333E (E236690-up)",,,researched,staged,https://rubbertrackwholesale.com/bottom-rollers/john deere-ct329d,YES,NO,NO,NO
John Deere,CT329E,bottom-roller,AT336091,AT493206; AT322746; AT366460; ID2802,John Deere AT336091 Bottom Roller,"John Deere CT315, 317G, 319D, 319E, CT322, CT323D, CT323E, CT325G, CT329D, CT329E, CT331G, CT332, CT333D, CT333E, CT333G","Fits John Deere 317G (J288093-up), 319E (G254929-up, J249321-up), CT 323E (G254917-up, J249322-up), CT 329-E (E236704-up), CT 333E (E236690-up)",,,researched,staged,https://rubbertrackwholesale.com/bottom-rollers/john deere-ct329e,YES,NO,NO,NO
John Deere,CT331G,bottom-roller,AT336091,AT493206; AT322746; AT366460; ID2802,John Deere AT336091 Bottom Roller,"John Deere CT315, 317G, 319D, 319E, CT322, CT323D, CT323E, CT325G, CT329D, CT329E, CT331G, CT332, CT333D, CT333E, CT333G","Fits John Deere 317G (J288093-up), 319E (G254929-up, J249321-up), CT 323E (G254917-up, J249322-up), CT 329-E (E236704-up), CT 333E (E236690-up)",,,researched,staged,https://rubbertrackwholesale.com/bottom-rollers/john deere-ct331g,YES,NO,NO,NO
John Deere,CT332,bottom-roller,AT336091,AT493206; AT322746; AT366460; ID2802,John Deere AT336091 Bottom Roller,"John Deere CT315, 317G, 319D, 319E, CT322, CT323D, CT323E, CT325G, CT329D, CT329E, CT331G, CT332, CT333D, CT333E, CT333G","Fits John Deere 317G (J288093-up), 319E (G254929-up, J249321-up), CT 323E (G254917-up, J249322-up), CT 329-E (E236704-up), CT 333E (E236690-up)",,,researched,staged,https://rubbertrackwholesale.com/bottom-rollers/john deere-ct332,YES,NO,NO,NO
John Deere,CT333D,bottom-roller,AT336091,AT493206; AT322746; AT366460; ID2802,John Deere AT336091 Bottom Roller,"John Deere CT315, 317G, 319D, 319E, CT322, CT323D, CT323E, CT325G, CT329D, CT329E, CT331G, CT332, CT333D, CT333E, CT333G","Fits John Deere 317G (J288093-up), 319E (G254929-up, J249321-up), CT 323E (G254917-up, J249322-up), CT 329-E (E236704-up), CT 333E (E236690-up)",,,researched,staged,https://rubbertrackwholesale.com/bottom-rollers/john deere-ct333d,YES,NO,NO,NO
John Deere,CT333E,bottom-roller,AT336091,AT493206; AT322746; AT366460; ID2802,John Deere AT336091 Bottom Roller,"John Deere CT315, 317G, 319D, 319E, CT322, CT323D, CT323E, CT325G, CT329D, CT329E, CT331G, CT332, CT333D, CT333E, CT333G","Fits John Deere 317G (J288093-up), 319E (G254929-up, J249321-up), CT 323E (G254917-up, J249322-up), CT 329-E (E236704-up), CT 333E (E236690-up)",,,researched,staged,https://rubbertrackwholesale.com/bottom-rollers/john deere-ct333e,YES,NO,NO,NO
John Deere,CT333G,bottom-roller,AT336091,AT493206; AT322746; AT366460; ID2802,John Deere AT336091 Bottom Roller,"John Deere CT315, 317G, 319D, 319E, CT322, CT323D, CT323E, CT325G, CT329D, CT329E, CT331G, CT332, CT333D, CT333E, CT333G","Fits John Deere 317G (J288093-up), 319E (G254929-up, J249321-up), CT 323E (G254917-up, J249322-up), CT 329-E (E236704-up), CT 333E (E236690-up)",,,researched,staged,https://rubbertrackwholesale.com/bottom-rollers/john deere-ct333g,YES,NO,NO,NO
Kubota,KX015-4,bottom-roller,RG158-21700,RA231-21700,Kubota RG158-21700 Bottom Roller,"Kubota KX018-4, KX019-4, KX41-3, KX015-4, KX016-4",Kubota KX41-3 (S/N 40001 & UP),,,researched,staged,https://rubbertrackwholesale.com/bottom-rollers/kubota-kx015-4,YES,NO,NO,NO
Kubota,KX016-4,bottom-roller,RG158-21700,RA231-21700,Kubota RG158-21700 Bottom Roller,"Kubota KX018-4, KX019-4, KX41-3, KX015-4, KX016-4",Kubota KX41-3 (S/N 40001 & UP),,,researched,staged,https://rubbertrackwholesale.com/bottom-rollers/kubota-kx016-4,YES,NO,NO,NO
Kubota,KX018-4,bottom-roller,RG158-21700,RA231-21700,Kubota RG158-21700 Bottom Roller,"Kubota KX018-4, KX019-4, KX41-3, KX015-4, KX016-4",Kubota KX41-3 (S/N 40001 & UP),,,researched,staged,https://rubbertrackwholesale.com/bottom-rollers/kubota-kx018-4,YES,NO,NO,NO
Kubota,KX019-4,bottom-roller,RG158-21700,RA231-21700,Kubota RG158-21700 Bottom Roller,"Kubota KX018-4, KX019-4, KX41-3, KX015-4, KX016-4",Kubota KX41-3 (S/N 40001 & UP),,,researched,staged,https://rubbertrackwholesale.com/bottom-rollers/kubota-kx019-4,YES,NO,NO,NO
Kubota,KX040-4,bottom-roller,RD118-21700,RD118-21700,Kubota KX121-3 / KX040-4 Bottom Roller RD118-21700,"Kubota KX121-3, KX121-3SS, KX121-3ST, KX040-4",No serial break extracted from RubberTrax snippet; verify if steel-track version is required.,Mini excavator bottom center roller; RubberTrax notes steel-track version is stocked separately/needs selection.,RubberTrax lists Kubota dealer part number RD118-21700.,researched,staged,https://rubbertrackwholesale.com/bottom-rollers/kubota-kx040-4,YES,NO,NO,NO
Kubota,KX057-4,bottom-roller,RD411-21700,RD411-21702; RD411-21703; RD441-21702; RD579-21700; RD461-21900,Kubota KX161-3 / U45-3 Bottom Roller RD411-21700,"Kubota KX161-3, U45-3, U40-3, KX057-4, U55-4",No specific serial break extracted; verify model/configuration before ordering.,Mini excavator bottom roller with sealed ball-bearing design and stainless steel shaft noted by RubberTrax.,"RubberTrax lists RD411-21702, RD411-21703, RD441-21702, RD579-21700, RD461-21900.",researched,staged,https://rubbertrackwholesale.com/bottom-rollers/kubota-kx057-4,YES,NO,NO,NO
Kubota,KX057-4,bottom-roller,RD411-21703,RD411-21702; RD411-21703; RD441-21702; RD579-21700; RD461-21900,Kubota KX161-3 / U45-3 Bottom Roller RD411-21703,"Kubota KX161-3, U45-3, U40-3, KX057-4, U55-4",No specific serial break extracted; verify model/configuration before ordering.,Same RubberTrax page/family as RD411-21700; mini excavator bottom roller.,Cross-reference family includes RD411-21700/RD411-21702/RD411-21703 and related alternates.,researched,staged,https://rubbertrackwholesale.com/bottom-rollers/kubota-kx057-4,YES,NO,NO,NO
Kubota,KX080-3,sprocket,RD809-14433,RD809-14440; RD809-14430; EV60129,Kubota RD809-14433 Drive Sprocket,"Kubota KX080-3, KX080-4, KX080-4S2, KX080-5. 19 teeth, 12 bolt holes, Inside Diameter: 10 3/8 Inches, Outside Diameter: 19 Inches",,,,researched,staged,https://rubbertrackwholesale.com/sprockets/kubota-kx080-3,YES,NO,NO,NO
Kubota,KX080-3,bottom-roller,RD809-21703,RD819-21702,Kubota RD809-21703 Bottom Roller,"Kubota KX080-3, KX080-4",,,,researched,staged,https://rubbertrackwholesale.com/bottom-rollers/kubota-kx080-3,YES,NO,NO,NO
Kubota,KX080-4,sprocket,RD809-14433,RD809-14440; RD809-14430; EV60129,Kubota RD809-14433 Drive Sprocket,"Kubota KX080-3, KX080-4, KX080-4S2, KX080-5. 19 teeth, 12 bolt holes, Inside Diameter: 10 3/8 Inches, Outside Diameter: 19 Inches",,,,researched,staged,https://rubbertrackwholesale.com/sprockets/kubota-kx080-4,YES,NO,NO,NO
Kubota,KX080-4,bottom-roller,RD809-21703,RD819-21702,Kubota RD809-21703 Bottom Roller,"Kubota KX080-3, KX080-4",,,,researched,staged,https://rubbertrackwholesale.com/bottom-rollers/kubota-kx080-4,YES,NO,NO,NO
Kubota,KX080-4S2,sprocket,RD809-14433,RD809-14440; RD809-14430; EV60129,Kubota RD809-14433 Drive Sprocket,"Kubota KX080-3, KX080-4, KX080-4S2, KX080-5. 19 teeth, 12 bolt holes, Inside Diameter: 10 3/8 Inches, Outside Diameter: 19 Inches",,,,researched,staged,https://rubbertrackwholesale.com/sprockets/kubota-kx080-4s2,YES,NO,NO,NO
Kubota,KX080-5,sprocket,RD809-14433,RD809-14440; RD809-14430; EV60129,Kubota RD809-14433 Drive Sprocket,"Kubota KX080-3, KX080-4, KX080-4S2, KX080-5. 19 teeth, 12 bolt holes, Inside Diameter: 10 3/8 Inches, Outside Diameter: 19 Inches",,,,researched,staged,https://rubbertrackwholesale.com/sprockets/kubota-kx080-5,YES,NO,NO,NO
Kubota,KX101,sprocket,68621-14430,,Kubota 68621-14430 Drive Sprocket,"Kubota KX91-2, KX91-2SS, KX121-2, KX101. 23 Teeth, 9 Bolt Holes, Inside Diameter: 8 Inches, Outside Diameter: 15 1/2 Inches",,,,researched,staged,https://rubbertrackwholesale.com/sprockets/kubota-kx101,YES,NO,NO,NO
Kubota,KX121-2,sprocket,68621-14430,,Kubota 68621-14430 Drive Sprocket,"Kubota KX91-2, KX91-2SS, KX121-2, KX101. 23 Teeth, 9 Bolt Holes, Inside Diameter: 8 Inches, Outside Diameter: 15 1/2 Inches",,,,researched,staged,https://rubbertrackwholesale.com/sprockets/kubota-kx121-2,YES,NO,NO,NO
Kubota,KX121-2,bottom-roller,RC101-21803,RD101-99900; RD301-99900; RC101-21800; RD101-21902; RC301-21902,Kubota RC101-21803 Bottom Roller,"Kubota KX121-2, KX121-2SS, KX61-2, KX61-2SS, KX71-2, KX91-2, RX302",,,,researched,staged,https://rubbertrackwholesale.com/bottom-rollers/kubota-kx121-2,YES,NO,NO,NO
Kubota,KX121-2,bottom-roller,RD101-99900,RD301-99900; RC101-21803; RC101-21800; RD101-21902; RC301-21902,Kubota RD101-99900 Bottom Roller,"Kubota KX121-2, KX121-2SS, KX61-2, KX61-2SS, KX71-2, KX91-2, RX302",,,,researched,staged,https://rubbertrackwholesale.com/bottom-rollers/kubota-kx121-2,YES,NO,NO,NO
Kubota,KX121-2SS,bottom-roller,RC101-21803,RD101-99900; RD301-99900; RC101-21800; RD101-21902; RC301-21902,Kubota RC101-21803 Bottom Roller,"Kubota KX121-2, KX121-2SS, KX61-2, KX61-2SS, KX71-2, KX91-2, RX302",,,,researched,staged,https://rubbertrackwholesale.com/bottom-rollers/kubota-kx121-2ss,YES,NO,NO,NO
Kubota,KX121-2SS,bottom-roller,RD101-99900,RD301-99900; RC101-21803; RC101-21800; RD101-21902; RC301-21902,Kubota RD101-99900 Bottom Roller,"Kubota KX121-2, KX121-2SS, KX61-2, KX61-2SS, KX71-2, KX91-2, RX302",,,,researched,staged,https://rubbertrackwholesale.com/bottom-rollers/kubota-kx121-2ss,YES,NO,NO,NO
Kubota,KX121-3,bottom-roller,RD118-21700,RD118-21700,Kubota KX121-3 / KX040-4 Bottom Roller RD118-21700,"Kubota KX121-3, KX121-3SS, KX121-3ST, KX040-4",No serial break extracted from RubberTrax snippet; verify if steel-track version is required.,Mini excavator bottom center roller; RubberTrax notes steel-track version is stocked separately/needs selection.,RubberTrax lists Kubota dealer part number RD118-21700.,researched,staged,https://rubbertrackwholesale.com/bottom-rollers/kubota-kx121-3,YES,NO,NO,NO
Kubota,KX121-3SS,bottom-roller,RD118-21700,RD118-21700,Kubota KX121-3 / KX040-4 Bottom Roller RD118-21700,"Kubota KX121-3, KX121-3SS, KX121-3ST, KX040-4",No serial break extracted from RubberTrax snippet; verify if steel-track version is required.,Mini excavator bottom center roller; RubberTrax notes steel-track version is stocked separately/needs selection.,RubberTrax lists Kubota dealer part number RD118-21700.,researched,staged,https://rubbertrackwholesale.com/bottom-rollers/kubota-kx121-3ss,YES,NO,NO,NO
Kubota,KX121-3ST,bottom-roller,RD118-21700,RD118-21700,Kubota KX121-3 / KX040-4 Bottom Roller RD118-21700,"Kubota KX121-3, KX121-3SS, KX121-3ST, KX040-4",No serial break extracted from RubberTrax snippet; verify if steel-track version is required.,Mini excavator bottom center roller; RubberTrax notes steel-track version is stocked separately/needs selection.,RubberTrax lists Kubota dealer part number RD118-21700.,researched,staged,https://rubbertrackwholesale.com/bottom-rollers/kubota-kx121-3st,YES,NO,NO,NO
Kubota,KX161-2,bottom-roller,RD201-21700,,Kubota RD201-21700 Bottom Roller,"Kubota KX161-2, U45",,,,researched,staged,https://rubbertrackwholesale.com/bottom-rollers/kubota-kx161-2,YES,NO,NO,NO
Kubota,KX161-3,bottom-roller,RD411-21700,RD411-21702; RD411-21703; RD441-21702; RD579-21700; RD461-21900,Kubota KX161-3 / U45-3 Bottom Roller RD411-21700,"Kubota KX161-3, U45-3, U40-3, KX057-4, U55-4",No specific serial break extracted; verify model/configuration before ordering.,Mini excavator bottom roller with sealed ball-bearing design and stainless steel shaft noted by RubberTrax.,"RubberTrax lists RD411-21702, RD411-21703, RD441-21702, RD579-21700, RD461-21900.",researched,staged,https://rubbertrackwholesale.com/bottom-rollers/kubota-kx161-3,YES,NO,NO,NO
Kubota,KX161-3,bottom-roller,RD411-21703,RD411-21702; RD411-21703; RD441-21702; RD579-21700; RD461-21900,Kubota KX161-3 / U45-3 Bottom Roller RD411-21703,"Kubota KX161-3, U45-3, U40-3, KX057-4, U55-4",No specific serial break extracted; verify model/configuration before ordering.,Same RubberTrax page/family as RD411-21700; mini excavator bottom roller.,Cross-reference family includes RD411-21700/RD411-21702/RD411-21703 and related alternates.,researched,staged,https://rubbertrackwholesale.com/bottom-rollers/kubota-kx161-3,YES,NO,NO,NO
Kubota,KX41-3,bottom-roller,RG158-21700,RA231-21700,Kubota RG158-21700 Bottom Roller,"Kubota KX018-4, KX019-4, KX41-3, KX015-4, KX016-4",Kubota KX41-3 (S/N 40001 & UP),,,researched,staged,https://rubbertrackwholesale.com/bottom-rollers/kubota-kx41-3,YES,NO,NO,NO
Kubota,KX61-2,bottom-roller,RC101-21803,RD101-99900; RD301-99900; RC101-21800; RD101-21902; RC301-21902,Kubota RC101-21803 Bottom Roller,"Kubota KX121-2, KX121-2SS, KX61-2, KX61-2SS, KX71-2, KX91-2, RX302",,,,researched,staged,https://rubbertrackwholesale.com/bottom-rollers/kubota-kx61-2,YES,NO,NO,NO
Kubota,KX61-2,bottom-roller,RD101-99900,RD301-99900; RC101-21803; RC101-21800; RD101-21902; RC301-21902,Kubota RD101-99900 Bottom Roller,"Kubota KX121-2, KX121-2SS, KX61-2, KX61-2SS, KX71-2, KX91-2, RX302",,,,researched,staged,https://rubbertrackwholesale.com/bottom-rollers/kubota-kx61-2,YES,NO,NO,NO
Kubota,KX61-2SS,bottom-roller,RC101-21803,RD101-99900; RD301-99900; RC101-21800; RD101-21902; RC301-21902,Kubota RC101-21803 Bottom Roller,"Kubota KX121-2, KX121-2SS, KX61-2, KX61-2SS, KX71-2, KX91-2, RX302",,,,researched,staged,https://rubbertrackwholesale.com/bottom-rollers/kubota-kx61-2ss,YES,NO,NO,NO
Kubota,KX61-2SS,bottom-roller,RD101-99900,RD301-99900; RC101-21803; RC101-21800; RD101-21902; RC301-21902,Kubota RD101-99900 Bottom Roller,"Kubota KX121-2, KX121-2SS, KX61-2, KX61-2SS, KX71-2, KX91-2, RX302",,,,researched,staged,https://rubbertrackwholesale.com/bottom-rollers/kubota-kx61-2ss,YES,NO,NO,NO
Kubota,KX71-2,bottom-roller,RC101-21803,RD101-99900; RD301-99900; RC101-21800; RD101-21902; RC301-21902,Kubota RC101-21803 Bottom Roller,"Kubota KX121-2, KX121-2SS, KX61-2, KX61-2SS, KX71-2, KX91-2, RX302",,,,researched,staged,https://rubbertrackwholesale.com/bottom-rollers/kubota-kx71-2,YES,NO,NO,NO
Kubota,KX71-2,bottom-roller,RD101-99900,RD301-99900; RC101-21803; RC101-21800; RD101-21902; RC301-21902,Kubota RD101-99900 Bottom Roller,"Kubota KX121-2, KX121-2SS, KX61-2, KX61-2SS, KX71-2, KX91-2, RX302",,,,researched,staged,https://rubbertrackwholesale.com/bottom-rollers/kubota-kx71-2,YES,NO,NO,NO
Kubota,KX71-3,bottom-roller,RB511-21702,,Kubota RB511-21702 Bottom Roller,"Kubota KX91-3, KX71-3, U25, U35, U35-3, U27-4, U30-3",,,,researched,staged,https://rubbertrackwholesale.com/bottom-rollers/kubota-kx71-3,YES,NO,NO,NO
Kubota,KX71-3,sprocket,RC788-14430,RC417-14430,Kubota RC788-14430 Drive Sprocket,"Kubota U35, U35-S2, U35-4, KX71-3, KX91-3, U25. 21 teeth, 9 bolt holes, Inside Diameter: 7 3/8 Inches, Outside Diameter: 14 1/8 Inches",Kubota U-25 Serial Numbers: 20001 to 25293 (newer serial numbers require part number RB511-14432),,,researched,staged,https://rubbertrackwholesale.com/sprockets/kubota-kx71-3,YES,NO,NO,NO
Kubota,KX91-2,sprocket,68621-14430,,Kubota 68621-14430 Drive Sprocket,"Kubota KX91-2, KX91-2SS, KX121-2, KX101. 23 Teeth, 9 Bolt Holes, Inside Diameter: 8 Inches, Outside Diameter: 15 1/2 Inches",,,,researched,staged,https://rubbertrackwholesale.com/sprockets/kubota-kx91-2,YES,NO,NO,NO
Kubota,KX91-2,bottom-roller,RC101-21803,RD101-99900; RD301-99900; RC101-21800; RD101-21902; RC301-21902,Kubota RC101-21803 Bottom Roller,"Kubota KX121-2, KX121-2SS, KX61-2, KX61-2SS, KX71-2, KX91-2, RX302",,,,researched,staged,https://rubbertrackwholesale.com/bottom-rollers/kubota-kx91-2,YES,NO,NO,NO
Kubota,KX91-2,bottom-roller,RD101-99900,RD301-99900; RC101-21803; RC101-21800; RD101-21902; RC301-21902,Kubota RD101-99900 Bottom Roller,"Kubota KX121-2, KX121-2SS, KX61-2, KX61-2SS, KX71-2, KX91-2, RX302",,,,researched,staged,https://rubbertrackwholesale.com/bottom-rollers/kubota-kx91-2,YES,NO,NO,NO
Kubota,KX91-2SS,sprocket,68621-14430,,Kubota 68621-14430 Drive Sprocket,"Kubota KX91-2, KX91-2SS, KX121-2, KX101. 23 Teeth, 9 Bolt Holes, Inside Diameter: 8 Inches, Outside Diameter: 15 1/2 Inches",,,,researched,staged,https://rubbertrackwholesale.com/sprockets/kubota-kx91-2ss,YES,NO,NO,NO
Kubota,KX91-3,bottom-roller,RB511-21702,,Kubota RB511-21702 Bottom Roller,"Kubota KX91-3, KX71-3, U25, U35, U35-3, U27-4, U30-3",,,,researched,staged,https://rubbertrackwholesale.com/bottom-rollers/kubota-kx91-3,YES,NO,NO,NO
Kubota,KX91-3,sprocket,RC788-14430,RC417-14430,Kubota RC788-14430 Drive Sprocket,"Kubota U35, U35-S2, U35-4, KX71-3, KX91-3, U25. 21 teeth, 9 bolt holes, Inside Diameter: 7 3/8 Inches, Outside Diameter: 14 1/8 Inches",Kubota U-25 Serial Numbers: 20001 to 25293 (newer serial numbers require part number RB511-14432),,,researched,staged,https://rubbertrackwholesale.com/sprockets/kubota-kx91-3,YES,NO,NO,NO
Kubota,RX302,bottom-roller,RC101-21803,RD101-99900; RD301-99900; RC101-21800; RD101-21902; RC301-21902,Kubota RC101-21803 Bottom Roller,"Kubota KX121-2, KX121-2SS, KX61-2, KX61-2SS, KX71-2, KX91-2, RX302",,,,researched,staged,https://rubbertrackwholesale.com/bottom-rollers/kubota-rx302,YES,NO,NO,NO
Kubota,RX302,bottom-roller,RD101-99900,RD301-99900; RC101-21803; RC101-21800; RD101-21902; RC301-21902,Kubota RD101-99900 Bottom Roller,"Kubota KX121-2, KX121-2SS, KX61-2, KX61-2SS, KX71-2, KX91-2, RX302",,,,researched,staged,https://rubbertrackwholesale.com/bottom-rollers/kubota-rx302,YES,NO,NO,NO
Kubota,SVL65-2,sprocket,V0511-21110,,"Kubota SVL65-2, SVL65-2C, SVL75, SVL75-2, SVL75C, SVL75-2C drive sprocket","Kubota SVL65-2, SVL65-2C, SVL75, SVL75-2, SVL75C, SVL75-2C",,,V0511-21110,verified,published,https://rubbertrackwholesale.com/sprockets/kubota-svl65-2,YES,YES,YES,YES
Kubota,SVL65-2,bottom-roller,V0511-25104,V0511-25100,Kubota SVL75 and SVL90 compact track loaders bottom rollers,"Kubota SVL65-2, Kubota SVL65-2C, Kubota SVL75, SVL90, SVL90C, SVL90-2, SVL90-2C, SVL95-2S, SVL95-2SC, SVL97-2, SVL97-2C",,,V0511-25104,verified,published,https://rubbertrackwholesale.com/bottom-rollers/kubota-svl65-2,YES,YES,YES,YES
Kubota,SVL65-2C,sprocket,V0511-21110,,"Kubota SVL65-2, SVL65-2C, SVL75, SVL75-2, SVL75C, SVL75-2C drive sprocket","Kubota SVL65-2, SVL65-2C, SVL75, SVL75-2, SVL75C, SVL75-2C",,,V0511-21110,verified,published,https://rubbertrackwholesale.com/sprockets/kubota-svl65-2c,YES,YES,YES,YES
Kubota,SVL65-2C,bottom-roller,V0511-25104,V0511-25100,Kubota SVL75 and SVL90 compact track loaders bottom rollers,"Kubota SVL65-2, Kubota SVL65-2C, Kubota SVL75, SVL90, SVL90C, SVL90-2, SVL90-2C, SVL95-2S, SVL95-2SC, SVL97-2, SVL97-2C",,,V0511-25104,verified,published,https://rubbertrackwholesale.com/bottom-rollers/kubota-svl65-2c,YES,YES,YES,YES
Kubota,SVL75,sprocket,V0511-21110,,"Kubota SVL65-2, SVL65-2C, SVL75, SVL75-2, SVL75C, SVL75-2C drive sprocket","Kubota SVL65-2, SVL65-2C, SVL75, SVL75-2, SVL75C, SVL75-2C",,,V0511-21110,verified,published,https://rubbertrackwholesale.com/sprockets/kubota-svl75,YES,YES,YES,YES
Kubota,SVL75,bottom-roller,V0511-25104,V0511-25100,Kubota SVL75 and SVL90 compact track loaders bottom rollers,"Kubota SVL65-2, Kubota SVL65-2C, Kubota SVL75, SVL90, SVL90C, SVL90-2, SVL90-2C, SVL95-2S, SVL95-2SC, SVL97-2, SVL97-2C",,,V0511-25104,verified,published,https://rubbertrackwholesale.com/bottom-rollers/kubota-svl75,YES,YES,YES,YES
Kubota,SVL75-2,sprocket,V0511-21110,,"Kubota SVL65-2, SVL65-2C, SVL75, SVL75-2, SVL75C, SVL75-2C drive sprocket","Kubota SVL65-2, SVL65-2C, SVL75, SVL75-2, SVL75C, SVL75-2C",,,V0511-21110,verified,published,https://rubbertrackwholesale.com/sprockets/kubota-svl75-2,YES,YES,YES,YES
Kubota,SVL75-2C,sprocket,V0511-21110,,"Kubota SVL65-2, SVL65-2C, SVL75, SVL75-2, SVL75C, SVL75-2C drive sprocket","Kubota SVL65-2, SVL65-2C, SVL75, SVL75-2, SVL75C, SVL75-2C",,,V0511-21110,verified,published,https://rubbertrackwholesale.com/sprockets/kubota-svl75-2c,YES,YES,YES,YES
Kubota,SVL75C,sprocket,V0511-21110,,"Kubota SVL65-2, SVL65-2C, SVL75, SVL75-2, SVL75C, SVL75-2C drive sprocket","Kubota SVL65-2, SVL65-2C, SVL75, SVL75-2, SVL75C, SVL75-2C",,,V0511-21110,verified,published,https://rubbertrackwholesale.com/sprockets/kubota-svl75c,YES,YES,YES,YES
Kubota,SVL90,bottom-roller,V0511-25104,V0511-25100,Kubota SVL75 and SVL90 compact track loaders bottom rollers,"Kubota SVL65-2, Kubota SVL65-2C, Kubota SVL75, SVL90, SVL90C, SVL90-2, SVL90-2C, SVL95-2S, SVL95-2SC, SVL97-2, SVL97-2C",,,V0511-25104,verified,published,https://rubbertrackwholesale.com/bottom-rollers/kubota-svl90,YES,YES,YES,YES
Kubota,SVL90,sprocket,V0611-21112,,Kubota SVL90 Drive Sprocket,"Kubota SVL90, SVL90C, SVL90-2, SVL90-2C, SVL90C, SVL95-2S, SVL95-2SC, SVL97-2, SVL97-2C",,,V0611-21112,verified,published,https://rubbertrackwholesale.com/sprockets/kubota-svl90,YES,YES,YES,YES
Kubota,SVL90-2,bottom-roller,V0511-25104,V0511-25100,Kubota SVL75 and SVL90 compact track loaders bottom rollers,"Kubota SVL65-2, Kubota SVL65-2C, Kubota SVL75, SVL90, SVL90C, SVL90-2, SVL90-2C, SVL95-2S, SVL95-2SC, SVL97-2, SVL97-2C",,,V0511-25104,verified,published,https://rubbertrackwholesale.com/bottom-rollers/kubota-svl90-2,YES,YES,YES,YES
Kubota,SVL90-2,sprocket,V0611-21112,,Kubota SVL90 Drive Sprocket,"Kubota SVL90, SVL90C, SVL90-2, SVL90-2C, SVL90C, SVL95-2S, SVL95-2SC, SVL97-2, SVL97-2C",,,V0611-21112,verified,published,https://rubbertrackwholesale.com/sprockets/kubota-svl90-2,YES,YES,YES,YES
Kubota,SVL90-2C,bottom-roller,V0511-25104,V0511-25100,Kubota SVL75 and SVL90 compact track loaders bottom rollers,"Kubota SVL65-2, Kubota SVL65-2C, Kubota SVL75, SVL90, SVL90C, SVL90-2, SVL90-2C, SVL95-2S, SVL95-2SC, SVL97-2, SVL97-2C",,,V0511-25104,verified,published,https://rubbertrackwholesale.com/bottom-rollers/kubota-svl90-2c,YES,YES,YES,YES
Kubota,SVL90-2C,sprocket,V0611-21112,,Kubota SVL90 Drive Sprocket,"Kubota SVL90, SVL90C, SVL90-2, SVL90-2C, SVL90C, SVL95-2S, SVL95-2SC, SVL97-2, SVL97-2C",,,V0611-21112,verified,published,https://rubbertrackwholesale.com/sprockets/kubota-svl90-2c,YES,YES,YES,YES
Kubota,SVL90C,bottom-roller,V0511-25104,V0511-25100,Kubota SVL75 and SVL90 compact track loaders bottom rollers,"Kubota SVL65-2, Kubota SVL65-2C, Kubota SVL75, SVL90, SVL90C, SVL90-2, SVL90-2C, SVL95-2S, SVL95-2SC, SVL97-2, SVL97-2C",,,V0511-25104,verified,published,https://rubbertrackwholesale.com/bottom-rollers/kubota-svl90c,YES,YES,YES,YES
Kubota,SVL90C,sprocket,V0611-21112,,Kubota SVL90 Drive Sprocket,"Kubota SVL90, SVL90C, SVL90-2, SVL90-2C, SVL90C, SVL95-2S, SVL95-2SC, SVL97-2, SVL97-2C",,,V0611-21112,verified,published,https://rubbertrackwholesale.com/sprockets/kubota-svl90c,YES,YES,YES,YES
Kubota,SVL95-2S,bottom-roller,V0511-25104,V0511-25100,Kubota SVL75 and SVL90 compact track loaders bottom rollers,"Kubota SVL65-2, Kubota SVL65-2C, Kubota SVL75, SVL90, SVL90C, SVL90-2, SVL90-2C, SVL95-2S, SVL95-2SC, SVL97-2, SVL97-2C",,,V0511-25104,verified,published,https://rubbertrackwholesale.com/bottom-rollers/kubota-svl95-2s,YES,YES,YES,YES
Kubota,SVL95-2S,sprocket,V0611-21112,,Kubota SVL90 Drive Sprocket,"Kubota SVL90, SVL90C, SVL90-2, SVL90-2C, SVL90C, SVL95-2S, SVL95-2SC, SVL97-2, SVL97-2C",,,V0611-21112,verified,published,https://rubbertrackwholesale.com/sprockets/kubota-svl95-2s,YES,YES,YES,YES
Kubota,SVL95-2SC,bottom-roller,V0511-25104,V0511-25100,Kubota SVL75 and SVL90 compact track loaders bottom rollers,"Kubota SVL65-2, Kubota SVL65-2C, Kubota SVL75, SVL90, SVL90C, SVL90-2, SVL90-2C, SVL95-2S, SVL95-2SC, SVL97-2, SVL97-2C",,,V0511-25104,verified,published,https://rubbertrackwholesale.com/bottom-rollers/kubota-svl95-2sc,YES,YES,YES,YES
Kubota,SVL95-2SC,sprocket,V0611-21112,,Kubota SVL90 Drive Sprocket,"Kubota SVL90, SVL90C, SVL90-2, SVL90-2C, SVL90C, SVL95-2S, SVL95-2SC, SVL97-2, SVL97-2C",,,V0611-21112,verified,published,https://rubbertrackwholesale.com/sprockets/kubota-svl95-2sc,YES,YES,YES,YES
Kubota,SVL97-2,bottom-roller,V0511-25104,V0511-25100,Kubota SVL75 and SVL90 compact track loaders bottom rollers,"Kubota SVL65-2, Kubota SVL65-2C, Kubota SVL75, SVL90, SVL90C, SVL90-2, SVL90-2C, SVL95-2S, SVL95-2SC, SVL97-2, SVL97-2C",,,V0511-25104,verified,published,https://rubbertrackwholesale.com/bottom-rollers/kubota-svl97-2,YES,YES,YES,YES
Kubota,SVL97-2,sprocket,V0611-21112,,Kubota SVL90 Drive Sprocket,"Kubota SVL90, SVL90C, SVL90-2, SVL90-2C, SVL90C, SVL95-2S, SVL95-2SC, SVL97-2, SVL97-2C",,,V0611-21112,verified,published,https://rubbertrackwholesale.com/sprockets/kubota-svl97-2,YES,YES,YES,YES
Kubota,SVL97-2C,bottom-roller,V0511-25104,V0511-25100,Kubota SVL75 and SVL90 compact track loaders bottom rollers,"Kubota SVL65-2, Kubota SVL65-2C, Kubota SVL75, SVL90, SVL90C, SVL90-2, SVL90-2C, SVL95-2S, SVL95-2SC, SVL97-2, SVL97-2C",,,V0511-25104,verified,published,https://rubbertrackwholesale.com/bottom-rollers/kubota-svl97-2c,YES,YES,YES,YES
Kubota,SVL97-2C,sprocket,V0611-21112,,Kubota SVL90 Drive Sprocket,"Kubota SVL90, SVL90C, SVL90-2, SVL90-2C, SVL90C, SVL95-2S, SVL95-2SC, SVL97-2, SVL97-2C",,,V0611-21112,verified,published,https://rubbertrackwholesale.com/sprockets/kubota-svl97-2c,YES,YES,YES,YES
Kubota,U25,bottom-roller,RB511-21702,,Kubota RB511-21702 Bottom Roller,"Kubota KX91-3, KX71-3, U25, U35, U35-3, U27-4, U30-3",,,,researched,staged,https://rubbertrackwholesale.com/bottom-rollers/kubota-u25,YES,NO,NO,NO
Kubota,U25,sprocket,RC788-14430,RC417-14430,Kubota RC788-14430 Drive Sprocket,"Kubota U35, U35-S2, U35-4, KX71-3, KX91-3, U25. 21 teeth, 9 bolt holes, Inside Diameter: 7 3/8 Inches, Outside Diameter: 14 1/8 Inches",Kubota U-25 Serial Numbers: 20001 to 25293 (newer serial numbers require part number RB511-14432),,,researched,staged,https://rubbertrackwholesale.com/sprockets/kubota-u25,YES,NO,NO,NO
Kubota,U27-4,bottom-roller,RB511-21702,,Kubota RB511-21702 Bottom Roller,"Kubota KX91-3, KX71-3, U25, U35, U35-3, U27-4, U30-3",,,,researched,staged,https://rubbertrackwholesale.com/bottom-rollers/kubota-u27-4,YES,NO,NO,NO
Kubota,U30-3,bottom-roller,RB511-21702,,Kubota RB511-21702 Bottom Roller,"Kubota KX91-3, KX71-3, U25, U35, U35-3, U27-4, U30-3",,,,researched,staged,https://rubbertrackwholesale.com/bottom-rollers/kubota-u30-3,YES,NO,NO,NO
Kubota,U35,bottom-roller,RB511-21702,,Kubota RB511-21702 Bottom Roller,"Kubota KX91-3, KX71-3, U25, U35, U35-3, U27-4, U30-3",,,,researched,staged,https://rubbertrackwholesale.com/bottom-rollers/kubota-u35,YES,NO,NO,NO
Kubota,U35,sprocket,RC788-14430,RC417-14430,Kubota RC788-14430 Drive Sprocket,"Kubota U35, U35-S2, U35-4, KX71-3, KX91-3, U25. 21 teeth, 9 bolt holes, Inside Diameter: 7 3/8 Inches, Outside Diameter: 14 1/8 Inches",Kubota U-25 Serial Numbers: 20001 to 25293 (newer serial numbers require part number RB511-14432),,,researched,staged,https://rubbertrackwholesale.com/sprockets/kubota-u35,YES,NO,NO,NO
Kubota,U35-3,bottom-roller,RB511-21702,,Kubota RB511-21702 Bottom Roller,"Kubota KX91-3, KX71-3, U25, U35, U35-3, U27-4, U30-3",,,,researched,staged,https://rubbertrackwholesale.com/bottom-rollers/kubota-u35-3,YES,NO,NO,NO
Kubota,U35-4,sprocket,RC788-14430,RC417-14430,Kubota RC788-14430 Drive Sprocket,"Kubota U35, U35-S2, U35-4, KX71-3, KX91-3, U25. 21 teeth, 9 bolt holes, Inside Diameter: 7 3/8 Inches, Outside Diameter: 14 1/8 Inches",Kubota U-25 Serial Numbers: 20001 to 25293 (newer serial numbers require part number RB511-14432),,,researched,staged,https://rubbertrackwholesale.com/sprockets/kubota-u35-4,YES,NO,NO,NO
Kubota,U35-S2,sprocket,RC788-14430,RC417-14430,Kubota RC788-14430 Drive Sprocket,"Kubota U35, U35-S2, U35-4, KX71-3, KX91-3, U25. 21 teeth, 9 bolt holes, Inside Diameter: 7 3/8 Inches, Outside Diameter: 14 1/8 Inches",Kubota U-25 Serial Numbers: 20001 to 25293 (newer serial numbers require part number RB511-14432),,,researched,staged,https://rubbertrackwholesale.com/sprockets/kubota-u35-s2,YES,NO,NO,NO
Kubota,U40-3,bottom-roller,RD411-21700,RD411-21702; RD411-21703; RD441-21702; RD579-21700; RD461-21900,Kubota KX161-3 / U45-3 Bottom Roller RD411-21700,"Kubota KX161-3, U45-3, U40-3, KX057-4, U55-4",No specific serial break extracted; verify model/configuration before ordering.,Mini excavator bottom roller with sealed ball-bearing design and stainless steel shaft noted by RubberTrax.,"RubberTrax lists RD411-21702, RD411-21703, RD441-21702, RD579-21700, RD461-21900.",researched,staged,https://rubbertrackwholesale.com/bottom-rollers/kubota-u40-3,YES,NO,NO,NO
Kubota,U40-3,bottom-roller,RD411-21703,RD411-21702; RD411-21703; RD441-21702; RD579-21700; RD461-21900,Kubota KX161-3 / U45-3 Bottom Roller RD411-21703,"Kubota KX161-3, U45-3, U40-3, KX057-4, U55-4",No specific serial break extracted; verify model/configuration before ordering.,Same RubberTrax page/family as RD411-21700; mini excavator bottom roller.,Cross-reference family includes RD411-21700/RD411-21702/RD411-21703 and related alternates.,researched,staged,https://rubbertrackwholesale.com/bottom-rollers/kubota-u40-3,YES,NO,NO,NO
Kubota,U45,bottom-roller,RD201-21700,,Kubota RD201-21700 Bottom Roller,"Kubota KX161-2, U45",,,,researched,staged,https://rubbertrackwholesale.com/bottom-rollers/kubota-u45,YES,NO,NO,NO
Kubota,U45-3,bottom-roller,RD411-21700,RD411-21702; RD411-21703; RD441-21702; RD579-21700; RD461-21900,Kubota KX161-3 / U45-3 Bottom Roller RD411-21700,"Kubota KX161-3, U45-3, U40-3, KX057-4, U55-4",No specific serial break extracted; verify model/configuration before ordering.,Mini excavator bottom roller with sealed ball-bearing design and stainless steel shaft noted by RubberTrax.,"RubberTrax lists RD411-21702, RD411-21703, RD441-21702, RD579-21700, RD461-21900.",researched,staged,https://rubbertrackwholesale.com/bottom-rollers/kubota-u45-3,YES,NO,NO,NO
Kubota,U45-3,bottom-roller,RD411-21703,RD411-21702; RD411-21703; RD441-21702; RD579-21700; RD461-21900,Kubota KX161-3 / U45-3 Bottom Roller RD411-21703,"Kubota KX161-3, U45-3, U40-3, KX057-4, U55-4",No specific serial break extracted; verify model/configuration before ordering.,Same RubberTrax page/family as RD411-21700; mini excavator bottom roller.,Cross-reference family includes RD411-21700/RD411-21702/RD411-21703 and related alternates.,researched,staged,https://rubbertrackwholesale.com/bottom-rollers/kubota-u45-3,YES,NO,NO,NO
Kubota,U55-4,bottom-roller,RD411-21700,RD411-21702; RD411-21703; RD441-21702; RD579-21700; RD461-21900,Kubota KX161-3 / U45-3 Bottom Roller RD411-21700,"Kubota KX161-3, U45-3, U40-3, KX057-4, U55-4",No specific serial break extracted; verify model/configuration before ordering.,Mini excavator bottom roller with sealed ball-bearing design and stainless steel shaft noted by RubberTrax.,"RubberTrax lists RD411-21702, RD411-21703, RD441-21702, RD579-21700, RD461-21900.",researched,staged,https://rubbertrackwholesale.com/bottom-rollers/kubota-u55-4,YES,NO,NO,NO
Kubota,U55-4,bottom-roller,RD411-21703,RD411-21702; RD411-21703; RD441-21702; RD579-21700; RD461-21900,Kubota KX161-3 / U45-3 Bottom Roller RD411-21703,"Kubota KX161-3, U45-3, U40-3, KX057-4, U55-4",No specific serial break extracted; verify model/configuration before ordering.,Same RubberTrax page/family as RD411-21700; mini excavator bottom roller.,Cross-reference family includes RD411-21700/RD411-21702/RD411-21703 and related alternates.,researched,staged,https://rubbertrackwholesale.com/bottom-rollers/kubota-u55-4,YES,NO,NO,NO
Takeuchi,TB014,bottom-roller,03313-06100,,Takeuchi 03313-06100 Bottom Roller,"Takeuchi TB014, TB015, TB016",,,,researched,staged,https://rubbertrackwholesale.com/bottom-rollers/takeuchi-tb014,YES,NO,NO,NO
Takeuchi,TB015,bottom-roller,03313-06100,,Takeuchi 03313-06100 Bottom Roller,"Takeuchi TB014, TB015, TB016",,,,researched,staged,https://rubbertrackwholesale.com/bottom-rollers/takeuchi-tb015,YES,NO,NO,NO
Takeuchi,TB016,bottom-roller,03313-06100,,Takeuchi 03313-06100 Bottom Roller,"Takeuchi TB014, TB015, TB016",,,,researched,staged,https://rubbertrackwholesale.com/bottom-rollers/takeuchi-tb016,YES,NO,NO,NO
Takeuchi,TB025,bottom-roller,04313-00500,04313-11100,Takeuchi 04313-00500 Bottom Roller,"Takeuchi TB025, TB035",,,,researched,staged,https://rubbertrackwholesale.com/bottom-rollers/takeuchi-tb025,YES,NO,NO,NO
Takeuchi,TB035,bottom-roller,04313-00500,04313-11100,Takeuchi 04313-00500 Bottom Roller,"Takeuchi TB025, TB035",,,,researched,staged,https://rubbertrackwholesale.com/bottom-rollers/takeuchi-tb035,YES,NO,NO,NO
Takeuchi,TB045,bottom-roller,03913-02100,,Takeuchi 03913-02100 Bottom Roller,"Takeuchi TB145, TB250, TB53, TB53FR, TB153FR, TB045",Takeuchi TB 53FR Serials 15810005-15811324,,,researched,staged,https://rubbertrackwholesale.com/bottom-rollers/takeuchi-tb045,YES,NO,NO,NO
Takeuchi,TB068FR,bottom-roller,05613-07100,05613-04100; 05613-01100,Takeuchi 05613-07100 Bottom Roller,"Takeuchi TB068FR, TB070, TB75FR, TB80FR, TB175, TB180, TB180FR",,,,researched,staged,https://rubbertrackwholesale.com/bottom-rollers/takeuchi-tb068fr,YES,NO,NO,NO
Takeuchi,TB070,bottom-roller,05613-07100,05613-04100; 05613-01100,Takeuchi 05613-07100 Bottom Roller,"Takeuchi TB068FR, TB070, TB75FR, TB80FR, TB175, TB180, TB180FR",,,,researched,staged,https://rubbertrackwholesale.com/bottom-rollers/takeuchi-tb070,YES,NO,NO,NO
Takeuchi,TB125,bottom-roller,04313-11000,06813-00038,Takeuchi 04313-11000 Bottom Roller,"Takeuchi TB125, TB235",,,,researched,staged,https://rubbertrackwholesale.com/bottom-rollers/takeuchi-tb125,YES,NO,NO,NO
Takeuchi,TB145,bottom-roller,03913-02100,,Takeuchi 03913-02100 Bottom Roller,"Takeuchi TB145, TB250, TB53, TB53FR, TB153FR, TB045",Takeuchi TB 53FR Serials 15810005-15811324,,,researched,staged,https://rubbertrackwholesale.com/bottom-rollers/takeuchi-tb145,YES,NO,NO,NO
Takeuchi,TB153FR,bottom-roller,03913-02100,,Takeuchi 03913-02100 Bottom Roller,"Takeuchi TB145, TB250, TB53, TB53FR, TB153FR, TB045",Takeuchi TB 53FR Serials 15810005-15811324,,,researched,staged,https://rubbertrackwholesale.com/bottom-rollers/takeuchi-tb153fr,YES,NO,NO,NO
Takeuchi,TB175,bottom-roller,05613-07100,05613-04100; 05613-01100,Takeuchi 05613-07100 Bottom Roller,"Takeuchi TB068FR, TB070, TB75FR, TB80FR, TB175, TB180, TB180FR",,,,researched,staged,https://rubbertrackwholesale.com/bottom-rollers/takeuchi-tb175,YES,NO,NO,NO
Takeuchi,TB180,bottom-roller,05613-07100,05613-04100; 05613-01100,Takeuchi 05613-07100 Bottom Roller,"Takeuchi TB068FR, TB070, TB75FR, TB80FR, TB175, TB180, TB180FR",,,,researched,staged,https://rubbertrackwholesale.com/bottom-rollers/takeuchi-tb180,YES,NO,NO,NO
Takeuchi,TB180FR,bottom-roller,05613-07100,05613-04100; 05613-01100,Takeuchi 05613-07100 Bottom Roller,"Takeuchi TB068FR, TB070, TB75FR, TB80FR, TB175, TB180, TB180FR",,,,researched,staged,https://rubbertrackwholesale.com/bottom-rollers/takeuchi-tb180fr,YES,NO,NO,NO
Takeuchi,TB228,sprocket,03516-08210,,Takeuchi 03516-08210 Drive Sprocket,"Takeuchi TB228, TB230, TB240",,,,researched,staged,https://rubbertrackwholesale.com/sprockets/takeuchi-tb228,YES,NO,NO,NO
Takeuchi,TB230,sprocket,03516-08210,,Takeuchi 03516-08210 Drive Sprocket,"Takeuchi TB228, TB230, TB240",,,,researched,staged,https://rubbertrackwholesale.com/sprockets/takeuchi-tb230,YES,NO,NO,NO
Takeuchi,TB235,bottom-roller,04313-11000,06813-00038,Takeuchi 04313-11000 Bottom Roller,"Takeuchi TB125, TB235",,,,researched,staged,https://rubbertrackwholesale.com/bottom-rollers/takeuchi-tb235,YES,NO,NO,NO
Takeuchi,TB240,sprocket,03516-08210,,Takeuchi 03516-08210 Drive Sprocket,"Takeuchi TB228, TB230, TB240",,,,researched,staged,https://rubbertrackwholesale.com/sprockets/takeuchi-tb240,YES,NO,NO,NO
Takeuchi,TB250,bottom-roller,03913-02100,,Takeuchi 03913-02100 Bottom Roller,"Takeuchi TB145, TB250, TB53, TB53FR, TB153FR, TB045",Takeuchi TB 53FR Serials 15810005-15811324,,,researched,staged,https://rubbertrackwholesale.com/bottom-rollers/takeuchi-tb250,YES,NO,NO,NO
Takeuchi,TB250-2,sprocket,05516-00120,,Takeuchi 05516-00120 Drive Sprocket,"Takeuchi TB250-2, TB257FR, TB260, TB370",,,,researched,staged,https://rubbertrackwholesale.com/sprockets/takeuchi-tb250-2,YES,NO,NO,NO
Takeuchi,TB257FR,sprocket,05516-00120,,Takeuchi 05516-00120 Drive Sprocket,"Takeuchi TB250-2, TB257FR, TB260, TB370",,,,researched,staged,https://rubbertrackwholesale.com/sprockets/takeuchi-tb257fr,YES,NO,NO,NO
Takeuchi,TB260,sprocket,05516-00120,,Takeuchi 05516-00120 Drive Sprocket,"Takeuchi TB250-2, TB257FR, TB260, TB370",,,,researched,staged,https://rubbertrackwholesale.com/sprockets/takeuchi-tb260,YES,NO,NO,NO
Takeuchi,TB280FR,bottom-roller,05613-11100,,Takeuchi 05613-11100 Bottom Roller,"Takeuchi TB280FR, TB285, TB290",,,,researched,staged,https://rubbertrackwholesale.com/bottom-rollers/takeuchi-tb280fr,YES,NO,NO,NO
Takeuchi,TB285,bottom-roller,05613-11100,,Takeuchi 05613-11100 Bottom Roller,"Takeuchi TB280FR, TB285, TB290",,,,researched,staged,https://rubbertrackwholesale.com/bottom-rollers/takeuchi-tb285,YES,NO,NO,NO
Takeuchi,TB290,bottom-roller,05613-11100,,Takeuchi 05613-11100 Bottom Roller,"Takeuchi TB280FR, TB285, TB290",,,,researched,staged,https://rubbertrackwholesale.com/bottom-rollers/takeuchi-tb290,YES,NO,NO,NO
Takeuchi,TB370,sprocket,05516-00120,,Takeuchi 05516-00120 Drive Sprocket,"Takeuchi TB250-2, TB257FR, TB260, TB370",,,,researched,staged,https://rubbertrackwholesale.com/sprockets/takeuchi-tb370,YES,NO,NO,NO
Takeuchi,TB53,bottom-roller,03913-02100,,Takeuchi 03913-02100 Bottom Roller,"Takeuchi TB145, TB250, TB53, TB53FR, TB153FR, TB045",Takeuchi TB 53FR Serials 15810005-15811324,,,researched,staged,https://rubbertrackwholesale.com/bottom-rollers/takeuchi-tb53,YES,NO,NO,NO
Takeuchi,TB53FR,bottom-roller,03913-02100,,Takeuchi 03913-02100 Bottom Roller,"Takeuchi TB145, TB250, TB53, TB53FR, TB153FR, TB045",Takeuchi TB 53FR Serials 15810005-15811324,,,researched,staged,https://rubbertrackwholesale.com/bottom-rollers/takeuchi-tb53fr,YES,NO,NO,NO
Takeuchi,TB75FR,bottom-roller,05613-07100,05613-04100; 05613-01100,Takeuchi 05613-07100 Bottom Roller,"Takeuchi TB068FR, TB070, TB75FR, TB80FR, TB175, TB180, TB180FR",,,,researched,staged,https://rubbertrackwholesale.com/bottom-rollers/takeuchi-tb75fr,YES,NO,NO,NO
Takeuchi,TB80FR,bottom-roller,05613-07100,05613-04100; 05613-01100,Takeuchi 05613-07100 Bottom Roller,"Takeuchi TB068FR, TB070, TB75FR, TB80FR, TB175, TB180, TB180FR",,,,researched,staged,https://rubbertrackwholesale.com/bottom-rollers/takeuchi-tb80fr,YES,NO,NO,NO
Takeuchi,TL10,bottom-roller,881130500,881130500,Takeuchi TL10 / TL12 / TL240 / TL250 Bottom Roller 881130500,"Takeuchi TL140, TL150, TL10, TL12, TL240, TL250",No specific serial break extracted; verify by model and serial before ordering.,Bottom track roller down the center of Takeuchi TL undercarriage; front roller and idler are separate parts.,"RubberTrax machine-family pages reference related drive sprockets 881160110 / 08821-60010, idler 08811-40300, front roller 08811-31300.",researched,staged,https://rubbertrackwholesale.com/bottom-rollers/takeuchi-tl10,YES,NO,NO,NO
Takeuchi,TL10V2,bottom-roller,06813-00038,,Takeuchi 06813-00038 Bottom Roller,"Takeuchi TL10V2, TL6, TL8R2 Triple flange rollers",,,,researched,staged,https://rubbertrackwholesale.com/bottom-rollers/takeuchi-tl10v2,YES,NO,NO,NO
Takeuchi,TL12,bottom-roller,881130500,881130500,Takeuchi TL10 / TL12 / TL240 / TL250 Bottom Roller 881130500,"Takeuchi TL140, TL150, TL10, TL12, TL240, TL250",No specific serial break extracted; verify by model and serial before ordering.,Bottom track roller down the center of Takeuchi TL undercarriage; front roller and idler are separate parts.,"RubberTrax machine-family pages reference related drive sprockets 881160110 / 08821-60010, idler 08811-40300, front roller 08811-31300.",researched,staged,https://rubbertrackwholesale.com/bottom-rollers/takeuchi-tl12,YES,NO,NO,NO
Takeuchi,TL126,bottom-roller,880130000,,Takeuchi 880130000 Bottom Roller,"Takeuchi TL130, TL230, TL8, TL126, TL26-2",,,,researched,staged,https://rubbertrackwholesale.com/bottom-rollers/takeuchi-tl126,YES,NO,NO,NO
Takeuchi,TL130,bottom-roller,880130000,,Takeuchi 880130000 Bottom Roller,"Takeuchi TL130, TL230, TL8, TL126, TL26-2",,,,researched,staged,https://rubbertrackwholesale.com/bottom-rollers/takeuchi-tl130,YES,NO,NO,NO
Takeuchi,TL140,bottom-roller,881130500,881130500,Takeuchi TL10 / TL12 / TL240 / TL250 Bottom Roller 881130500,"Takeuchi TL140, TL150, TL10, TL12, TL240, TL250",No specific serial break extracted; verify by model and serial before ordering.,Bottom track roller down the center of Takeuchi TL undercarriage; front roller and idler are separate parts.,"RubberTrax machine-family pages reference related drive sprockets 881160110 / 08821-60010, idler 08811-40300, front roller 08811-31300.",researched,staged,https://rubbertrackwholesale.com/bottom-rollers/takeuchi-tl140,YES,NO,NO,NO
Takeuchi,TL150,bottom-roller,881130500,881130500,Takeuchi TL10 / TL12 / TL240 / TL250 Bottom Roller 881130500,"Takeuchi TL140, TL150, TL10, TL12, TL240, TL250",No specific serial break extracted; verify by model and serial before ordering.,Bottom track roller down the center of Takeuchi TL undercarriage; front roller and idler are separate parts.,"RubberTrax machine-family pages reference related drive sprockets 881160110 / 08821-60010, idler 08811-40300, front roller 08811-31300.",researched,staged,https://rubbertrackwholesale.com/bottom-rollers/takeuchi-tl150,YES,NO,NO,NO
Takeuchi,TL230,bottom-roller,880130000,,Takeuchi 880130000 Bottom Roller,"Takeuchi TL130, TL230, TL8, TL126, TL26-2",,,,researched,staged,https://rubbertrackwholesale.com/bottom-rollers/takeuchi-tl230,YES,NO,NO,NO
Takeuchi,TL240,bottom-roller,881130500,881130500,Takeuchi TL10 / TL12 / TL240 / TL250 Bottom Roller 881130500,"Takeuchi TL140, TL150, TL10, TL12, TL240, TL250",No specific serial break extracted; verify by model and serial before ordering.,Bottom track roller down the center of Takeuchi TL undercarriage; front roller and idler are separate parts.,"RubberTrax machine-family pages reference related drive sprockets 881160110 / 08821-60010, idler 08811-40300, front roller 08811-31300.",researched,staged,https://rubbertrackwholesale.com/bottom-rollers/takeuchi-tl240,YES,NO,NO,NO
Takeuchi,TL250,bottom-roller,881130500,881130500,Takeuchi TL10 / TL12 / TL240 / TL250 Bottom Roller 881130500,"Takeuchi TL140, TL150, TL10, TL12, TL240, TL250",No specific serial break extracted; verify by model and serial before ordering.,Bottom track roller down the center of Takeuchi TL undercarriage; front roller and idler are separate parts.,"RubberTrax machine-family pages reference related drive sprockets 881160110 / 08821-60010, idler 08811-40300, front roller 08811-31300.",researched,staged,https://rubbertrackwholesale.com/bottom-rollers/takeuchi-tl250,YES,NO,NO,NO
Takeuchi,TL26-2,bottom-roller,880130000,,Takeuchi 880130000 Bottom Roller,"Takeuchi TL130, TL230, TL8, TL126, TL26-2",,,,researched,staged,https://rubbertrackwholesale.com/bottom-rollers/takeuchi-tl26-2,YES,NO,NO,NO
Takeuchi,TL6,bottom-roller,06813-00038,,Takeuchi 06813-00038 Bottom Roller,"Takeuchi TL10V2, TL6, TL8R2 Triple flange rollers",,,,researched,staged,https://rubbertrackwholesale.com/bottom-rollers/takeuchi-tl6,YES,NO,NO,NO
Takeuchi,TL8,bottom-roller,880130000,,Takeuchi 880130000 Bottom Roller,"Takeuchi TL130, TL230, TL8, TL126, TL26-2",,,,researched,staged,https://rubbertrackwholesale.com/bottom-rollers/takeuchi-tl8,YES,NO,NO,NO
Takeuchi,TL8R2,bottom-roller,06813-00038,,Takeuchi 06813-00038 Bottom Roller,"Takeuchi TL10V2, TL6, TL8R2 Triple flange rollers",,,,researched,staged,https://rubbertrackwholesale.com/bottom-rollers/takeuchi-tl8r2,YES,NO,NO,NO