record_id,launch_priority,should_publish,confidence,brand,part_type,part_subtype,primary_part_number,alt_part_numbers,oem_equivalent,product_name,compatible_models_text,track_sizes,chassis_mount_notes,serial_notes,position_notes,suggested_price_usd,source_tier,source_files,source_urls,verification_notes,seo_title,seo_h1,meta_description,slug,page_template
UP-0002,1,YES,Verified-Imported/Sold,CAT,roller,bottom,304-1890,536-3549|389-7624,304-1890,CAT 259D Bottom Roller,"259D, 279D, 289D, 299D, 226B, 272B, 267B, 259B3, 259D3, 279, 279C2, 279D3, 289C, 289C2, 289D3, 299D3, 299C",,,,,330,Tier 1 - Imported and sold by user,Undercarriage part numbers-imported and sold.xlsx,https://store.rubbertrax.com/CAT-259B3-279C-289C-299C-Bottom-Roller-p418.htm?srsltid=AfmBOopvrOwDLv2Gtpd9Qp62AwpyIoq9Wh63T9H-Zj20lF_kEkQ52v0L | https://store.rubbertrax.com/CAT-259B3-279C-289C-299C-Bottom-Roller-p418.htm | https://www.flundercarriage.com/products/caterpillar-cat-259b3-279c-289c-299c-bottom-track-roller-fit-caterpillar-cat-259b3-259d-loader,User-confirmed: imported and sold with no known issue. Use as highest-confidence launch data. | Web spot-check: Rubbertrax and FL Undercarriage confirm 304-1890 / 536-3549 / 389-7624 bottom roller cluster for CAT 259B3/259D/279C/279D/289C/289D/299C/299D/299D3 family.,CAT Bottom Roller 304-1890 for CAT 259D,CAT Bottom Roller 304-1890 for CAT 259D,"In-stock CAT Bottom Roller 304-1890 for CAT 259D. Wholesale undercarriage parts from Houston with nationwide shipping. Verify fitment by part number, machi",cat-304-1890-bottom-roller,Undercarriage part detail + machine fitment
UP-0003,1,YES,Verified-Imported/Sold,Bobcat,roller,bottom,6689371 NEW STYLE WITH BOLTS,,6689371 NEW STYLE WITH BOLTS,Bobcat Bobcat T140 Bottom Roller,"Bobcat T140, T180, T190, T200, T250, T300, T320, T630, T650, T630 ( S/N AJDT1101-AJDT12076 solid mount) T550 ( A7UJ1101 & above, AJZV1101-AJZV13999) T590 (only for solid mount undercarriage S/N A3NR1101-A3NR15598, A3NS1101-A3NS11999, ALJU1101-ALJU16824, B3781101-B37811103), T650 ( Only for solid mount undercarrige), T750 (Only for solid mount undercarriage), T770 ( serial number specific & must have sold mount suspension), 864 ( Older Bobcat T190 models have 3 bottom rollers each side and newer have 4",,,,,380,Tier 1 - Imported and sold by user,Undercarriage part numbers-imported and sold.xlsx,https://store.rubbertrax.com/Bobcat-CTL-Bolt-Style-Bottom-Rollers-6689371-p407.htm?srsltid=AfmBOopw_8Ek_tQtK34Dn_Kt5qn4xTSkTp1-gawep0X6by-JL1NN8uEY,User-confirmed: imported and sold with no known issue. Use as highest-confidence launch data.,Bobcat Bottom Roller 6689371 NEW STYLE WITH BOLTS for Bobcat T140,Bobcat Bottom Roller 6689371 NEW STYLE WITH BOLTS for Bobcat T140,In-stock Bobcat Bottom Roller 6689371 NEW STYLE WITH BOLTS for Bobcat T140. Wholesale undercarriage parts from Houston with nationwide shipping. Verify fit,bobcat-6689371-new-style-with-bolts-bottom-roller,Undercarriage part detail + machine fitment
UP-0004,1,YES,Verified-Imported/Sold,Bobcat,roller,bottom,7323310,,7323310,Bobcat BOBCAT T870 Bottom Roller,BOBCAT T870,,,,,340,Tier 1 - Imported and sold by user,Undercarriage part numbers-imported and sold.xlsx,https://store.rubbertrax.com/Bobcat-T870-SUSPENSION-MOUNT-Bottom-Roller-p3150.htm?srsltid=AfmBOor_dykQIObpVnpgDFGMK-tLsF86eqseBOiGHIAVIhH78Z6u-IJE,User-confirmed: imported and sold with no known issue. Use as highest-confidence launch data.,Bobcat Bottom Roller 7323310 for Bobcat BOBCAT T870,Bobcat Bottom Roller 7323310 for Bobcat BOBCAT T870,In-stock Bobcat Bottom Roller 7323310 for Bobcat BOBCAT T870. Wholesale undercarriage parts from Houston with nationwide shipping. Verify fitment by part n,bobcat-7323310-bottom-roller,Undercarriage part detail + machine fitment
UP-0010,1,YES,Verified-Imported/Sold,Bobcat,sprocket,drive,7204050,,7204050,Bobcat Bobcat T450 T595 T590 Sprocket,"Bobcat T450 T595 T590, GEHL RT165",,,,,160,Tier 1 - Imported and sold by user,Undercarriage part numbers-imported and sold.xlsx,160,User-confirmed: imported and sold with no known issue. Use as highest-confidence launch data.,Bobcat Drive Sprocket 7204050 for Bobcat T450 T595 T590,Bobcat Drive Sprocket 7204050 for Bobcat T450 T595 T590,In-stock Bobcat Drive Sprocket 7204050 for Bobcat T450 T595 T590. Wholesale undercarriage parts from Houston with nationwide shipping. Verify fitment by pa,bobcat-7204050-drive-sprocket,Undercarriage part detail + machine fitment
UP-0009,1,YES,Verified-Imported/Sold,CAT,idler,,348-9647,536-3552,348-9647,CAT Cat 259B3 Idler - Triple Flange,"Cat 259B3, 259D, 259D3, 279C, 279D, 289C, 289D, 299C, 299D",,,,,840,Tier 1 - Imported and sold by user,Undercarriage part numbers-imported and sold.xlsx,840,User-confirmed: imported and sold with no known issue. Use as highest-confidence launch data.,CAT Idler 348-9647 for CAT Cat 259B3,CAT Idler 348-9647 for CAT Cat 259B3,"In-stock CAT Idler 348-9647 for CAT Cat 259B3. Wholesale undercarriage parts from Houston with nationwide shipping. Verify fitment by part number, machine ",cat-348-9647-idler,Undercarriage part detail + machine fitment
UP-0008,1,YES,Verified-Imported/Sold,CAT,sprocket,drive,304-1870,,304-1870,CAT Cat 239D / DR Drive Sprocket,"Cat 239D / DR, 249D, 249D3, 255, 259B3, 259D, 259D3, 239 DLRC, 249 DLRC, 259D3, 259DLRC, 265",,,,,285,Tier 1 - Imported and sold by user,Undercarriage part numbers-imported and sold.xlsx,285,User-confirmed: imported and sold with no known issue. Use as highest-confidence launch data.,CAT Drive Sprocket 304-1870 for CAT Cat 239D / DR,CAT Drive Sprocket 304-1870 for CAT Cat 239D / DR,In-stock CAT Drive Sprocket 304-1870 for CAT Cat 239D / DR. Wholesale undercarriage parts from Houston with nationwide shipping. Verify fitment by part num,cat-304-1870-drive-sprocket,Undercarriage part detail + machine fitment
UP-0007,1,YES,Verified-Imported/Sold,CAT,sprocket,drive,304-1916,,304-1916,CAT Cat 279C Drive Sprocket,"Cat 279C, 279C2, 279D, 279D3, 289C ( specific to JMP serial break), 289C2, 289D, 289D3, 299C, 299D, 299DR, 299D3, 299D3 XE",,,,,350,Tier 1 - Imported and sold by user,Undercarriage part numbers-imported and sold.xlsx,350,User-confirmed: imported and sold with no known issue. Use as highest-confidence launch data.,CAT Drive Sprocket 304-1916 for CAT Cat 279C,CAT Drive Sprocket 304-1916 for CAT Cat 279C,"In-stock CAT Drive Sprocket 304-1916 for CAT Cat 279C. Wholesale undercarriage parts from Houston with nationwide shipping. Verify fitment by part number, ",cat-304-1916-drive-sprocket,Undercarriage part detail + machine fitment
UP-0001,1,YES,Verified-Imported/Sold,Kubota,roller,bottom,V0511-25104,V0511-25100,V0511-25104,Kubota SVL75 and SVL90 compact track loaders bottom rollers,"Kubota SVL 65-2, Kubota SVL 65-2C, Kubota SVL75, SVL90, SVL90C, SVL90-2, SVL90-2C, SVL95-2S, SVL95-2SC, SVL97-2, SVL97-2C",,,,,380,Tier 1 - Imported and sold by user,Undercarriage part numbers-imported and sold.xlsx | undercarriage_bottom_rollers_sprockets_master_v3.xlsx,https://store.rubbertrax.com/Kubota-SVL75-SVL95-SV97-Bottom-Roller-p704.htm?srsltid=AfmBOoorFdEHmYEG6-iClaRuNO8ZdV5xW2_4LYxL7Lvpj-chSm9c_vr_ | https://www.rubbertrax.com/rollers | https://store.rubbertrax.com/Kubota-SVL75-SVL95-SV97-Bottom-Roller-p704.htm | https://www.summitrubbertracks.com/Bottom-Roller-BR489,"User-confirmed: imported and sold with no known issue. Use as highest-confidence launch data. | Sales-team researched. Verify fine details such as serial split, chassis mount, flange style before using hard fitment claims. | Web spot-check: Rubbertrax confirms SKU V0511-25104 for Kubota SVL65/SVL75/SVL90/SVL95/SVL97 family; Summit also lists V0511-25104 and V0511-25100.",Kubota Bottom Roller V0511-25104 for Kubota SVL 65-2,Kubota Bottom Roller V0511-25104 for Kubota SVL 65-2,In-stock Kubota Bottom Roller V0511-25104 for Kubota SVL 65-2. Wholesale undercarriage parts from Houston with nationwide shipping. Verify fitment by part ,kubota-v0511-25104-bottom-roller,Undercarriage part detail + machine fitment
UP-0005,1,YES,Verified-Imported/Sold,Kubota,sprocket,drive,V0511-21110,,V0511-21110,"Kubota SVL65-2, SVL65-2C, SVL75, SVL75-2, SVL75C, SVL75-2C drive sprocket","Kubota SVL65-2, SVL65-2C, SVL75, SVL75-2, SVL75C, SVL75-2C",,,,,300,Tier 1 - Imported and sold by user,Undercarriage part numbers-imported and sold.xlsx | undercarriage_bottom_rollers_sprockets_master_v3.xlsx,https://store.rubbertrax.com/Kubota-SVL-75-2-Drive-Sprocket-p692.htm?srsltid=AfmBOorncUNCihwkSgXwxAyfIkZhQr3OopLuI6GqfqSvSxHgjt7NTC6K,"User-confirmed: imported and sold with no known issue. Use as highest-confidence launch data. | Sales-team researched. Verify fine details such as serial split, chassis mount, flange style before using hard fitment claims.",Kubota Drive Sprocket V0511-21110 for Kubota SVL65-2,Kubota Drive Sprocket V0511-21110 for Kubota SVL65-2,In-stock Kubota Drive Sprocket V0511-21110 for Kubota SVL65-2. Wholesale undercarriage parts from Houston with nationwide shipping. Verify fitment by part ,kubota-v0511-21110-drive-sprocket,Undercarriage part detail + machine fitment
UP-0006,1,YES,Verified-Imported/Sold,Kubota,sprocket,drive,V0611-21112,,V0611-21112,Kubota Kubota SVL90 Drive Sprocket,"Kubota SVL90, SVL90C, SVL90-2, SVL90-2C, SVL90C, SVL95-2S, SVL95-2SC, SVL97-2, SVL97-2C",,,,,350,Tier 1 - Imported and sold by user,Undercarriage part numbers-imported and sold.xlsx,https://store.rubbertrax.com/Kubota-SVL90-SVL95-SVL97-Drive-Sprockets-p698.htm?srsltid=AfmBOoqfXUiL24RQrnP5ZLWk_IWSRNRVK3JCF2aKBgoqmF6udFfTB8R3,User-confirmed: imported and sold with no known issue. Use as highest-confidence launch data.,Kubota Drive Sprocket V0611-21112 for Kubota SVL90,Kubota Drive Sprocket V0611-21112 for Kubota SVL90,In-stock Kubota Drive Sprocket V0611-21112 for Kubota SVL90. Wholesale undercarriage parts from Houston with nationwide shipping. Verify fitment by part nu,kubota-v0611-21112-drive-sprocket,Undercarriage part detail + machine fitment
UP-0013,2,YES,High,Bobcat,roller,bottom,6693239,7233399,6693239,"Bobcat T550, T590, T650 suspension mount bottom roller ","Bobcat T550, T590, T650 suspension mount bottom roller ",,,,,,Tier 2 - Sales-team researched master,undercarriage_bottom_rollers_sprockets_master_v3.xlsx,https://store.rubbertrax.com/Bobcat-sup-sup-Suspension-Rollers-6693239-16p3071.htm,Later units often use 7233399,Bobcat Bottom Roller 6693239 for Bobcat T550,Bobcat Bottom Roller 6693239 for Bobcat T550,"In-stock Bobcat Bottom Roller 6693239 for Bobcat T550. Wholesale undercarriage parts from Houston with nationwide shipping. Verify fitment by part number, ",bobcat-6693239-bottom-roller,Undercarriage part detail + machine fitment
UP-0015,2,YES,High,Bobcat,roller,bottom,6698047,,6698047,Bobcat T870 bottom roller,T870,,,,,,Tier 2 - Sales-team researched master,undercarriage_bottom_rollers_sprockets_master_v3.xlsx,https://www.rubbertrax.com/rollers,"Sales-team researched. Verify fine details such as serial split, chassis mount, flange style before using hard fitment claims.",Bobcat Bottom Roller 6698047 for Bobcat T870,Bobcat Bottom Roller 6698047 for Bobcat T870,"In-stock Bobcat Bottom Roller 6698047 for Bobcat T870. Wholesale undercarriage parts from Houston with nationwide shipping. Verify fitment by part number, ",bobcat-6698047-bottom-roller,Undercarriage part detail + machine fitment
UP-0012,2,YES,High,Bobcat,roller,bottom,6732901,6689371|6686632,6732901,"Bobcat T140, T180, T190, T200, T250, T300, T320, 864 bottom rollers","T140, T180, T190, T200, T250, T300, T320, 864",,,,,,Tier 2 - Sales-team researched master,undercarriage_bottom_rollers_sprockets_master_v3.xlsx,https://www.rubbertrax.com/rollers,Primary bottom roller PN; others as alternates,Bobcat Bottom Roller 6732901 for Bobcat T140,Bobcat Bottom Roller 6732901 for Bobcat T140,"In-stock Bobcat Bottom Roller 6732901 for Bobcat T140. Wholesale undercarriage parts from Houston with nationwide shipping. Verify fitment by part number, ",bobcat-6732901-bottom-roller,Undercarriage part detail + machine fitment
UP-0016,2,YES,High,Bobcat,roller,bottom,6800510,6533654,6800510,Bobcat 220 / 320 bottom roller,"220, 320",,,,,,Tier 2 - Sales-team researched master,undercarriage_bottom_rollers_sprockets_master_v3.xlsx,https://www.rubbertrax.com/rollers,Alternate OEM 6533654,Bobcat Bottom Roller 6800510 for Bobcat 220,Bobcat Bottom Roller 6800510 for Bobcat 220,"In-stock Bobcat Bottom Roller 6800510 for Bobcat 220. Wholesale undercarriage parts from Houston with nationwide shipping. Verify fitment by part number, m",bobcat-6800510-bottom-roller,Undercarriage part detail + machine fitment
UP-0017,2,YES,High,Bobcat,roller,bottom,6814874,,6814874,Bobcat 320 / 322 mini excavator bottom roller,"320, 322",,,,,,Tier 2 - Sales-team researched master,undercarriage_bottom_rollers_sprockets_master_v3.xlsx,https://www.rubbertrax.com/rollers,"Sales-team researched. Verify fine details such as serial split, chassis mount, flange style before using hard fitment claims.",Bobcat Bottom Roller 6814874 for Bobcat 320,Bobcat Bottom Roller 6814874 for Bobcat 320,"In-stock Bobcat Bottom Roller 6814874 for Bobcat 320. Wholesale undercarriage parts from Houston with nationwide shipping. Verify fitment by part number, m",bobcat-6814874-bottom-roller,Undercarriage part detail + machine fitment
UP-0018,2,YES,High,Bobcat,roller,bottom,6814882,,6814882,"Bobcat 225, 325, 328, 331, 331E, 334, 430 bottom rollers","225, 325, 328, 331, 331E, 334, 430",,,,,,Tier 2 - Sales-team researched master,undercarriage_bottom_rollers_sprockets_master_v3.xlsx,https://www.rubbertrax.com/rollers,Common Bobcat mini excavator roller,Bobcat Bottom Roller 6814882 for Bobcat 225,Bobcat Bottom Roller 6814882 for Bobcat 225,"In-stock Bobcat Bottom Roller 6814882 for Bobcat 225. Wholesale undercarriage parts from Houston with nationwide shipping. Verify fitment by part number, m",bobcat-6814882-bottom-roller,Undercarriage part detail + machine fitment
UP-0023,2,YES,High,Bobcat,roller,bottom,6814890,,6814890,"Bobcat 337, 341, 435 bottom rollers","337, 341, 435",,,,,,Tier 2 - Sales-team researched master,undercarriage_bottom_rollers_sprockets_master_v3.xlsx,https://store.rubbertrax.com/Bobcat-sup-sup-models-337-341-435-Bottom-Roller-p264.htm,"Sales-team researched. Verify fine details such as serial split, chassis mount, flange style before using hard fitment claims.",Bobcat Bottom Roller 6814890 for Bobcat 337,Bobcat Bottom Roller 6814890 for Bobcat 337,"In-stock Bobcat Bottom Roller 6814890 for Bobcat 337. Wholesale undercarriage parts from Houston with nationwide shipping. Verify fitment by part number, m",bobcat-6814890-bottom-roller,Undercarriage part detail + machine fitment
UP-0022,2,YES,High,Bobcat,roller,bottom,7004933,,7004933,"Bobcat E80, E85 bottom rollers","E80, E85",,,,,,Tier 2 - Sales-team researched master,undercarriage_bottom_rollers_sprockets_master_v3.xlsx,https://www.rubbertrax.com/rollers,"Sales-team researched. Verify fine details such as serial split, chassis mount, flange style before using hard fitment claims.",Bobcat Bottom Roller 7004933 for Bobcat E80,Bobcat Bottom Roller 7004933 for Bobcat E80,"In-stock Bobcat Bottom Roller 7004933 for Bobcat E80. Wholesale undercarriage parts from Houston with nationwide shipping. Verify fitment by part number, m",bobcat-7004933-bottom-roller,Undercarriage part detail + machine fitment
UP-0020,2,YES,High,Bobcat,roller,bottom,7013575,,7013575,"Bobcat E26, E32, E37, E42 bottom rollers","E26, E32, E37, E42",,,,,,Tier 2 - Sales-team researched master,undercarriage_bottom_rollers_sprockets_master_v3.xlsx,https://store.rubbertrax.com/Bobcat-sup-sup-7013575-E26-E32-E42-Bottom-Rollers-p686.htm,Premium aftermarket roller,Bobcat Bottom Roller 7013575 for Bobcat E26,Bobcat Bottom Roller 7013575 for Bobcat E26,"In-stock Bobcat Bottom Roller 7013575 for Bobcat E26. Wholesale undercarriage parts from Houston with nationwide shipping. Verify fitment by part number, m",bobcat-7013575-bottom-roller,Undercarriage part detail + machine fitment
UP-0021,2,YES,High,Bobcat,roller,bottom,7022649,,7022649,"Bobcat E60, E63 bottom rollers","E60, E63",,,,,,Tier 2 - Sales-team researched master,undercarriage_bottom_rollers_sprockets_master_v3.xlsx,https://www.rubbertrax.com/rollers,"Sales-team researched. Verify fine details such as serial split, chassis mount, flange style before using hard fitment claims.",Bobcat Bottom Roller 7022649 for Bobcat E60,Bobcat Bottom Roller 7022649 for Bobcat E60,"In-stock Bobcat Bottom Roller 7022649 for Bobcat E60. Wholesale undercarriage parts from Houston with nationwide shipping. Verify fitment by part number, m",bobcat-7022649-bottom-roller,Undercarriage part detail + machine fitment
UP-0011,2,YES,High,Bobcat,roller,bottom,7111447,,7111447,Bobcat T110 compact track loader bottom roller,T110,,,,,,Tier 2 - Sales-team researched master,undercarriage_bottom_rollers_sprockets_master_v3.xlsx,https://www.rubbertrax.com/rollers,From Rubbertrax rollers table,Bobcat Bottom Roller 7111447 for Bobcat T110,Bobcat Bottom Roller 7111447 for Bobcat T110,"In-stock Bobcat Bottom Roller 7111447 for Bobcat T110. Wholesale undercarriage parts from Houston with nationwide shipping. Verify fitment by part number, ",bobcat-7111447-bottom-roller,Undercarriage part detail + machine fitment
UP-0019,2,YES,High,Bobcat,roller,bottom,7165324,,7165324,"Bobcat E08, E10, 418 bottom rollers","E08, E10, 418",,,,,,Tier 2 - Sales-team researched master,undercarriage_bottom_rollers_sprockets_master_v3.xlsx,https://www.rubbertrax.com/rollers,"Sales-team researched. Verify fine details such as serial split, chassis mount, flange style before using hard fitment claims.",Bobcat Bottom Roller 7165324 for Bobcat E08,Bobcat Bottom Roller 7165324 for Bobcat E08,"In-stock Bobcat Bottom Roller 7165324 for Bobcat E08. Wholesale undercarriage parts from Houston with nationwide shipping. Verify fitment by part number, m",bobcat-7165324-bottom-roller,Undercarriage part detail + machine fitment
UP-0014,2,YES,High,Bobcat,roller,bottom,7233399,,7233399,Bobcat T550 / T590 bottom rollers,"T550, T590",,,,,,Tier 2 - Sales-team researched master,undercarriage_bottom_rollers_sprockets_master_v3.xlsx,https://www.rubbertrax.com/rollers,"Sales-team researched. Verify fine details such as serial split, chassis mount, flange style before using hard fitment claims.",Bobcat Bottom Roller 7233399 for Bobcat T550,Bobcat Bottom Roller 7233399 for Bobcat T550,"In-stock Bobcat Bottom Roller 7233399 for Bobcat T550. Wholesale undercarriage parts from Houston with nationwide shipping. Verify fitment by part number, ",bobcat-7233399-bottom-roller,Undercarriage part detail + machine fitment
UP-0089,2,YES,High,Bobcat,sprocket,drive,7107787,7165109,7107787,Bobcat T630 drive sprocket (also replaces 7165109),T630,,,,,,Tier 2 - Sales-team researched master,undercarriage_bottom_rollers_sprockets_master_v3.xlsx,https://unitedskidtracks.com/bobcat/bobcat-t630-sprocket/,"Sales-team researched. Verify fine details such as serial split, chassis mount, flange style before using hard fitment claims.",Bobcat Drive Sprocket 7107787 for Bobcat T630,Bobcat Drive Sprocket 7107787 for Bobcat T630,"In-stock Bobcat Drive Sprocket 7107787 for Bobcat T630. Wholesale undercarriage parts from Houston with nationwide shipping. Verify fitment by part number,",bobcat-7107787-drive-sprocket,Undercarriage part detail + machine fitment
UP-0033,2,YES,High,CAT,roller,bottom,139-6261,,139-6261,"Caterpillar 301.6, 301.8, 301.5 bottom rollers","301.6, 301.8, 301.5",,,,,,Tier 2 - Sales-team researched master,undercarriage_bottom_rollers_sprockets_master_v3.xlsx,https://www.rubbertrax.com/rollers,"Sales-team researched. Verify fine details such as serial split, chassis mount, flange style before using hard fitment claims.",CAT Bottom Roller 139-6261 for CAT 301.6,CAT Bottom Roller 139-6261 for CAT 301.6,"In-stock CAT Bottom Roller 139-6261 for CAT 301.6. Wholesale undercarriage parts from Houston with nationwide shipping. Verify fitment by part number, mach",cat-139-6261-bottom-roller,Undercarriage part detail + machine fitment
UP-0037,2,YES,High,CAT,roller,bottom,158-4765,340-8957|333-5606,158-4765,"Caterpillar 304.5, 305.5, 304CR, 305CR bottom rollers","304.5, 305.5, 304CR, 305CR",,,,,,Tier 2 - Sales-team researched master,undercarriage_bottom_rollers_sprockets_master_v3.xlsx,https://store.rubbertrax.com/Caterpillar-304-5-305-5-Bottom-Roller-158-4765-p404.htm,"Sales-team researched. Verify fine details such as serial split, chassis mount, flange style before using hard fitment claims.",CAT Bottom Roller 158-4765 for CAT 304.5,CAT Bottom Roller 158-4765 for CAT 304.5,"In-stock CAT Bottom Roller 158-4765 for CAT 304.5. Wholesale undercarriage parts from Houston with nationwide shipping. Verify fitment by part number, mach",cat-158-4765-bottom-roller,Undercarriage part detail + machine fitment
UP-0034,2,YES,High,CAT,roller,bottom,185-7280,,185-7280,"Caterpillar 303.5, 302.5, 303CR bottom rollers","303.5, 302.5, 303CR",,,,,,Tier 2 - Sales-team researched master,undercarriage_bottom_rollers_sprockets_master_v3.xlsx,https://www.rubbertrax.com/rollers,"Sales-team researched. Verify fine details such as serial split, chassis mount, flange style before using hard fitment claims.",CAT Bottom Roller 185-7280 for CAT 303.5,CAT Bottom Roller 185-7280 for CAT 303.5,"In-stock CAT Bottom Roller 185-7280 for CAT 303.5. Wholesale undercarriage parts from Houston with nationwide shipping. Verify fitment by part number, mach",cat-185-7280-bottom-roller,Undercarriage part detail + machine fitment
UP-0090,2,YES,High,CAT,roller,bottom,1857280,9078302,1857280,Caterpillar 303.5 / 302.5 / 303CR bottom roller (alternative Trek number 1857280 / 09078302),"303.5, 302.5, 303CR",,,,,,Tier 2 - Sales-team researched master,undercarriage_bottom_rollers_sprockets_master_v3.xlsx,https://www.tracksnteeth.com/1857280-bottom-roller,"Sales-team researched. Verify fine details such as serial split, chassis mount, flange style before using hard fitment claims.",CAT Bottom Roller 1857280 for CAT 303.5,CAT Bottom Roller 1857280 for CAT 303.5,"In-stock CAT Bottom Roller 1857280 for CAT 303.5. Wholesale undercarriage parts from Houston with nationwide shipping. Verify fitment by part number, machi",cat-1857280-bottom-roller,Undercarriage part detail + machine fitment
UP-0038,2,YES,High,CAT,roller,bottom,265-7674,,265-7674,"Caterpillar 304CCR, 305CCR bottom rollers","304CCR, 305CCR",,,,,,Tier 2 - Sales-team researched master,undercarriage_bottom_rollers_sprockets_master_v3.xlsx,https://www.rubbertrax.com/rollers,"Sales-team researched. Verify fine details such as serial split, chassis mount, flange style before using hard fitment claims.",CAT Bottom Roller 265-7674 for CAT 304CCR,CAT Bottom Roller 265-7674 for CAT 304CCR,"In-stock CAT Bottom Roller 265-7674 for CAT 304CCR. Wholesale undercarriage parts from Houston with nationwide shipping. Verify fitment by part number, mac",cat-265-7674-bottom-roller,Undercarriage part detail + machine fitment
UP-0035,2,YES,High,CAT,roller,bottom,266-8793,,266-8793,"Caterpillar 303.5ECR, 303ECR, 303.5E2CR, 302.5C, 304ECR, 304DCR, 303.5DCR, 303.5CCR, 304E2CR, 303CCR bottom rollers","303.5ECR, 303ECR, 303.5E2CR, 302.5C, 304ECR, 304DCR, 303.5DCR, 303.5CCR, 304E2CR, 303CCR",,,,,,Tier 2 - Sales-team researched master,undercarriage_bottom_rollers_sprockets_master_v3.xlsx,https://www.rubbertrax.com/rollers,"Sales-team researched. Verify fine details such as serial split, chassis mount, flange style before using hard fitment claims.",CAT Bottom Roller 266-8793 for CAT 303.5ECR,CAT Bottom Roller 266-8793 for CAT 303.5ECR,"In-stock CAT Bottom Roller 266-8793 for CAT 303.5ECR. Wholesale undercarriage parts from Houston with nationwide shipping. Verify fitment by part number, m",cat-266-8793-bottom-roller,Undercarriage part detail + machine fitment
UP-0040,2,YES,High,CAT,roller,bottom,372-5926,527-3878,372-5926,Caterpillar 300.9D bottom roller (superseded by 527-3878),300.9D,,,,,,Tier 2 - Sales-team researched master,undercarriage_bottom_rollers_sprockets_master_v3.xlsx,https://store.rubbertrax.com/Caterpillar-300-9D-Bottom-Roller-527-3878-p3246.htm,Dealer PN 372-5926 superseded by 527-3878,CAT Bottom Roller 372-5926 for CAT 300.9D,CAT Bottom Roller 372-5926 for CAT 300.9D,"In-stock CAT Bottom Roller 372-5926 for CAT 300.9D. Wholesale undercarriage parts from Houston with nationwide shipping. Verify fitment by part number, mac",cat-372-5926-bottom-roller,Undercarriage part detail + machine fitment
UP-0032,2,YES,High,CAT,roller,bottom,381-3040,,381-3040,Caterpillar 301.4C bottom roller,301.4C,,,,,,Tier 2 - Sales-team researched master,undercarriage_bottom_rollers_sprockets_master_v3.xlsx,https://www.rubbertrax.com/rollers,"Sales-team researched. Verify fine details such as serial split, chassis mount, flange style before using hard fitment claims.",CAT Bottom Roller 381-3040 for CAT 301.4C,CAT Bottom Roller 381-3040 for CAT 301.4C,"In-stock CAT Bottom Roller 381-3040 for CAT 301.4C. Wholesale undercarriage parts from Houston with nationwide shipping. Verify fitment by part number, mac",cat-381-3040-bottom-roller,Undercarriage part detail + machine fitment
UP-0036,2,YES,High,CAT,roller,bottom,386-0791,,386-0791,Caterpillar 302.7DCR bottom roller,302.7DCR,,,,,,Tier 2 - Sales-team researched master,undercarriage_bottom_rollers_sprockets_master_v3.xlsx,https://www.rubbertrax.com/rollers,"Sales-team researched. Verify fine details such as serial split, chassis mount, flange style before using hard fitment claims.",CAT Bottom Roller 386-0791 for CAT 302.7DCR,CAT Bottom Roller 386-0791 for CAT 302.7DCR,"In-stock CAT Bottom Roller 386-0791 for CAT 302.7DCR. Wholesale undercarriage parts from Houston with nationwide shipping. Verify fitment by part number, m",cat-386-0791-bottom-roller,Undercarriage part detail + machine fitment
UP-0039,2,YES,High,CAT,roller,bottom,422-0837,,422-0837,Caterpillar 305E2 bottom roller,3.05E+04,,,,,,Tier 2 - Sales-team researched master,undercarriage_bottom_rollers_sprockets_master_v3.xlsx,https://www.rubbertrax.com/rollers,"Sales-team researched. Verify fine details such as serial split, chassis mount, flange style before using hard fitment claims.",CAT Bottom Roller 422-0837 for CAT 305E2,CAT Bottom Roller 422-0837 for CAT 305E2,"In-stock CAT Bottom Roller 422-0837 for CAT 305E2. Wholesale undercarriage parts from Houston with nationwide shipping. Verify fitment by part number, mach",cat-422-0837-bottom-roller,Undercarriage part detail + machine fitment
UP-0052,2,YES,High,John Deere,roller,bottom,4340535,,4340535,"John Deere 27ZTS, 35ZTS bottom rollers","27ZTS, 35ZTS",,,,,,Tier 2 - Sales-team researched master,undercarriage_bottom_rollers_sprockets_master_v3.xlsx,https://www.rubbertrax.com/rollers,"Sales-team researched. Verify fine details such as serial split, chassis mount, flange style before using hard fitment claims.",John Deere Bottom Roller 4340535 for John Deere 27ZTS,John Deere Bottom Roller 4340535 for John Deere 27ZTS,In-stock John Deere Bottom Roller 4340535 for John Deere 27ZTS. Wholesale undercarriage parts from Houston with nationwide shipping. Verify fitment by part,john-deere-4340535-bottom-roller,Undercarriage part detail + machine fitment
UP-0054,2,YES,High,John Deere,roller,bottom,4357785,,4357785,John Deere 50C bottom rollers,50C,,,,,,Tier 2 - Sales-team researched master,undercarriage_bottom_rollers_sprockets_master_v3.xlsx,https://www.rubbertrax.com/rollers,"Sales-team researched. Verify fine details such as serial split, chassis mount, flange style before using hard fitment claims.",John Deere Bottom Roller 4357785 for John Deere 50C,John Deere Bottom Roller 4357785 for John Deere 50C,In-stock John Deere Bottom Roller 4357785 for John Deere 50C. Wholesale undercarriage parts from Houston with nationwide shipping. Verify fitment by part n,john-deere-4357785-bottom-roller,Undercarriage part detail + machine fitment
UP-0051,2,YES,High,John Deere,roller,bottom,4640798,,4640798,John Deere 17D bottom rollers,17D,,,,,,Tier 2 - Sales-team researched master,undercarriage_bottom_rollers_sprockets_master_v3.xlsx,https://www.rubbertrax.com/rollers,"Sales-team researched. Verify fine details such as serial split, chassis mount, flange style before using hard fitment claims.",John Deere Bottom Roller 4640798 for John Deere 17D,John Deere Bottom Roller 4640798 for John Deere 17D,In-stock John Deere Bottom Roller 4640798 for John Deere 17D. Wholesale undercarriage parts from Houston with nationwide shipping. Verify fitment by part n,john-deere-4640798-bottom-roller,Undercarriage part detail + machine fitment
UP-0053,2,YES,High,John Deere,roller,bottom,9237937,,9237937,"John Deere 27D, 35D bottom rollers","27D, 35D",,,,,,Tier 2 - Sales-team researched master,undercarriage_bottom_rollers_sprockets_master_v3.xlsx,https://www.rubbertrax.com/rollers,"Sales-team researched. Verify fine details such as serial split, chassis mount, flange style before using hard fitment claims.",John Deere Bottom Roller 9237937 for John Deere 27D,John Deere Bottom Roller 9237937 for John Deere 27D,In-stock John Deere Bottom Roller 9237937 for John Deere 27D. Wholesale undercarriage parts from Houston with nationwide shipping. Verify fitment by part n,john-deere-9237937-bottom-roller,Undercarriage part detail + machine fitment
UP-0055,2,YES,High,John Deere,roller,bottom,9239528,,9239528,John Deere 50D bottom rollers,50D,,,,,,Tier 2 - Sales-team researched master,undercarriage_bottom_rollers_sprockets_master_v3.xlsx,https://www.rubbertrax.com/rollers,"Sales-team researched. Verify fine details such as serial split, chassis mount, flange style before using hard fitment claims.",John Deere Bottom Roller 9239528 for John Deere 50D,John Deere Bottom Roller 9239528 for John Deere 50D,In-stock John Deere Bottom Roller 9239528 for John Deere 50D. Wholesale undercarriage parts from Houston with nationwide shipping. Verify fitment by part n,john-deere-9239528-bottom-roller,Undercarriage part detail + machine fitment
UP-0050,2,YES,High,John Deere,roller,bottom,AT336091,,AT336091,"John Deere CT322, CT332, 323, 333 bottom rollers","CT322, CT332, 323, 333",,,,,,Tier 2 - Sales-team researched master,undercarriage_bottom_rollers_sprockets_master_v3.xlsx,https://www.rubbertrax.com/rollers,"Sales-team researched. Verify fine details such as serial split, chassis mount, flange style before using hard fitment claims.",John Deere Bottom Roller AT336091 for John Deere CT322,John Deere Bottom Roller AT336091 for John Deere CT322,In-stock John Deere Bottom Roller AT336091 for John Deere CT322. Wholesale undercarriage parts from Houston with nationwide shipping. Verify fitment by par,john-deere-at336091-bottom-roller,Undercarriage part detail + machine fitment
UP-0064,2,YES,High,Kubota,roller,bottom,RB238-21700,,RB238-21700,Kubota KX018-4 bottom roller (alternate supplier),KX018-4,,,,,,Tier 2 - Sales-team researched master,undercarriage_bottom_rollers_sprockets_master_v3.xlsx,https://rubbertrack.com/undercarriage-parts/mini-excavators/kubota/kx018-4/kubota-kx018-4-bottom-roller-pn-rb238-21700/,"Sales-team researched. Verify fine details such as serial split, chassis mount, flange style before using hard fitment claims.",Kubota Bottom Roller RB238-21700 for Kubota KX018-4,Kubota Bottom Roller RB238-21700 for Kubota KX018-4,In-stock Kubota Bottom Roller RB238-21700 for Kubota KX018-4. Wholesale undercarriage parts from Houston with nationwide shipping. Verify fitment by part n,kubota-rb238-21700-bottom-roller,Undercarriage part detail + machine fitment
UP-0057,2,YES,High,Kubota,roller,bottom,RB511-21702,,RB511-21702,Kubota KX71-3 and KX91-3 bottom rollers,"KX71-3, KX91-3 | KX91-3, KX71-3, U35-3",,,,,,Tier 2 - Sales-team researched master,undercarriage_bottom_rollers_sprockets_master_v3.xlsx | part_numbers_on emergent.csv,https://www.rubbertrax.com/rollers,"Sales-team researched. Verify fine details such as serial split, chassis mount, flange style before using hard fitment claims. | Emergent scrape. Use only after checking against source/manufacturer or after matching with Tier 1/Tier 2 records.",Kubota Bottom Roller RB511-21702 for Kubota KX71-3,Kubota Bottom Roller RB511-21702 for Kubota KX71-3,In-stock Kubota Bottom Roller RB511-21702 for Kubota KX71-3. Wholesale undercarriage parts from Houston with nationwide shipping. Verify fitment by part nu,kubota-rb511-21702-bottom-roller,Undercarriage part detail + machine fitment
UP-0056,2,YES,High,Kubota,roller,bottom,RC101-21803,,RC101-21803,Kubota KX 121-2 Bottom Track Roller,KX61-2 | KX 121-2,,,,,,Tier 2 - Sales-team researched master,undercarriage_bottom_rollers_sprockets_master_v3.xlsx | part_numbers_on emergent.csv,https://www.rubbertrax.com/rollers,"Sales-team researched. Verify fine details such as serial split, chassis mount, flange style before using hard fitment claims. | Emergent scrape. Use only after checking against source/manufacturer or after matching with Tier 1/Tier 2 records.",Kubota Bottom Roller RC101-21803 for Kubota KX61-2 | KX 121-2,Kubota Bottom Roller RC101-21803 for Kubota KX61-2 | KX 121-2,In-stock Kubota Bottom Roller RC101-21803 for Kubota KX61-2 | KX 121-2. Wholesale undercarriage parts from Houston with nationwide shipping. Verify fitment,kubota-rc101-21803-bottom-roller,Undercarriage part detail + machine fitment
UP-0058,2,YES,High,Kubota,roller,bottom,RD101-99900,,RD101-99900,Kubota KX121-2 bottom rollers,KX121-2,,,,,,Tier 2 - Sales-team researched master,undercarriage_bottom_rollers_sprockets_master_v3.xlsx,https://www.rubbertrax.com/rollers,"Sales-team researched. Verify fine details such as serial split, chassis mount, flange style before using hard fitment claims.",Kubota Bottom Roller RD101-99900 for Kubota KX121-2,Kubota Bottom Roller RD101-99900 for Kubota KX121-2,In-stock Kubota Bottom Roller RD101-99900 for Kubota KX121-2. Wholesale undercarriage parts from Houston with nationwide shipping. Verify fitment by part n,kubota-rd101-99900-bottom-roller,Undercarriage part detail + machine fitment
UP-0059,2,YES,High,Kubota,roller,bottom,RD118-21700,,RD118-21700,Kubota KX121-3 KX040-4 Lower Track Roller,"KX121-3 | KX121-3, KX040-4",,,,,,Tier 2 - Sales-team researched master,undercarriage_bottom_rollers_sprockets_master_v3.xlsx | part_numbers_on emergent.csv,https://www.rubbertrax.com/rollers,"Sales-team researched. Verify fine details such as serial split, chassis mount, flange style before using hard fitment claims. | Emergent scrape. Use only after checking against source/manufacturer or after matching with Tier 1/Tier 2 records.",Kubota Bottom Roller RD118-21700 for Kubota KX121-3 | KX121-3,Kubota Bottom Roller RD118-21700 for Kubota KX121-3 | KX121-3,In-stock Kubota Bottom Roller RD118-21700 for Kubota KX121-3 | KX121-3. Wholesale undercarriage parts from Houston with nationwide shipping. Verify fitment,kubota-rd118-21700-bottom-roller,Undercarriage part detail + machine fitment
UP-0060,2,YES,High,Kubota,roller,bottom,RD201-21700,,RD201-21700,Kubota KX161-2 bottom rollers,KX161-2,,,,,,Tier 2 - Sales-team researched master,undercarriage_bottom_rollers_sprockets_master_v3.xlsx,https://www.rubbertrax.com/rollers,"Sales-team researched. Verify fine details such as serial split, chassis mount, flange style before using hard fitment claims.",Kubota Bottom Roller RD201-21700 for Kubota KX161-2,Kubota Bottom Roller RD201-21700 for Kubota KX161-2,In-stock Kubota Bottom Roller RD201-21700 for Kubota KX161-2. Wholesale undercarriage parts from Houston with nationwide shipping. Verify fitment by part n,kubota-rd201-21700-bottom-roller,Undercarriage part detail + machine fitment
UP-0061,2,YES,High,Kubota,roller,bottom,RD411-21700,,RD411-21700,Kubota KX 161-3 U-45-3 Lower Roller,"KX161-3 | KX 161-3, U-45-3",,,,,,Tier 2 - Sales-team researched master,undercarriage_bottom_rollers_sprockets_master_v3.xlsx | part_numbers_on emergent.csv,https://www.rubbertrax.com/rollers,"Sales-team researched. Verify fine details such as serial split, chassis mount, flange style before using hard fitment claims. | Emergent scrape. Use only after checking against source/manufacturer or after matching with Tier 1/Tier 2 records.",Kubota Bottom Roller RD411-21700 for Kubota KX161-3 | KX 161-3,Kubota Bottom Roller RD411-21700 for Kubota KX161-3 | KX 161-3,In-stock Kubota Bottom Roller RD411-21700 for Kubota KX161-3 | KX 161-3. Wholesale undercarriage parts from Houston with nationwide shipping. Verify fitmen,kubota-rd411-21700-bottom-roller,Undercarriage part detail + machine fitment
UP-0065,2,YES,High,Kubota,roller,bottom,RD411-21703,,RD411-21703,Kubota KX057-4 and U35-4 bottom rollers,"KX057-4, U35-4",,,,,,Tier 2 - Sales-team researched master,undercarriage_bottom_rollers_sprockets_master_v3.xlsx,https://rubbertrack.com/undercarriage-parts/mini-excavators/kubota/kx057-4/kubota-kx057-4-bottom-roller-pn-rd411-21703/,"Sales-team researched. Verify fine details such as serial split, chassis mount, flange style before using hard fitment claims.",Kubota Bottom Roller RD411-21703 for Kubota KX057-4,Kubota Bottom Roller RD411-21703 for Kubota KX057-4,In-stock Kubota Bottom Roller RD411-21703 for Kubota KX057-4. Wholesale undercarriage parts from Houston with nationwide shipping. Verify fitment by part n,kubota-rd411-21703-bottom-roller,Undercarriage part detail + machine fitment
UP-0062,2,YES,High,Kubota,roller,bottom,RD809-21703,,RD809-21703,"Kubota KX080-3, KX080-3T, KX080-4, KX080-5 bottom rollers","KX080-3, KX080-3T, KX080-4, KX080-5",,,,,,Tier 2 - Sales-team researched master,undercarriage_bottom_rollers_sprockets_master_v3.xlsx,https://store.rubbertrax.com/Kubota-KX-080-3-080-4-Bottom-Track-Roller-p737.htm,"Sales-team researched. Verify fine details such as serial split, chassis mount, flange style before using hard fitment claims.",Kubota Bottom Roller RD809-21703 for Kubota KX080-3,Kubota Bottom Roller RD809-21703 for Kubota KX080-3,In-stock Kubota Bottom Roller RD809-21703 for Kubota KX080-3. Wholesale undercarriage parts from Houston with nationwide shipping. Verify fitment by part n,kubota-rd809-21703-bottom-roller,Undercarriage part detail + machine fitment
UP-0063,2,YES,High,Kubota,roller,bottom,RG158-21700,,RG158-21700,"Kubota KX018-4, KX019-4 bottom rollers","KX018-4, KX019-4",,,,,,Tier 2 - Sales-team researched master,undercarriage_bottom_rollers_sprockets_master_v3.xlsx | part_numbers_on emergent.csv,https://store.rubbertrax.com/Kubota-KX018-4-KX019-4-Bottom-Rollers-p245.htm,"Sales-team researched. Verify fine details such as serial split, chassis mount, flange style before using hard fitment claims. | Emergent scrape. Use only after checking against source/manufacturer or after matching with Tier 1/Tier 2 records.",Kubota Bottom Roller RG158-21700 for Kubota KX018-4,Kubota Bottom Roller RG158-21700 for Kubota KX018-4,In-stock Kubota Bottom Roller RG158-21700 for Kubota KX018-4. Wholesale undercarriage parts from Houston with nationwide shipping. Verify fitment by part n,kubota-rg158-21700-bottom-roller,Undercarriage part detail + machine fitment
UP-0086,2,YES,High,Kubota,sprocket,drive,68621-14430,,68621-14430,"Kubota KX91-2, KX91-2SS drive sprocket","KX91-2, KX91-2SS | KX 91-2",,,,,,Tier 2 - Sales-team researched master,undercarriage_bottom_rollers_sprockets_master_v3.xlsx | part_numbers_on emergent.csv,https://store.rubbertrax.com/Kubota-KX-91-2-Sprocket-68621-14430-p58.htm,"Sales-team researched. Verify fine details such as serial split, chassis mount, flange style before using hard fitment claims. | Emergent scrape. Use only after checking against source/manufacturer or after matching with Tier 1/Tier 2 records.",Kubota Drive Sprocket 68621-14430 for Kubota KX91-2,Kubota Drive Sprocket 68621-14430 for Kubota KX91-2,In-stock Kubota Drive Sprocket 68621-14430 for Kubota KX91-2. Wholesale undercarriage parts from Houston with nationwide shipping. Verify fitment by part n,kubota-68621-14430-drive-sprocket,Undercarriage part detail + machine fitment
UP-0085,2,YES,High,Kubota,sprocket,drive,RC788-14430,RC417-14430|RB511-14432,RC788-14430,"Kubota U35, U35S2, U35-4, KX71-3, KX91-3, U25 drive sprocket","U35, U35S2, U35-4, KX71-3, KX91-3, U25 | U-35-4",,,,,,Tier 2 - Sales-team researched master,undercarriage_bottom_rollers_sprockets_master_v3.xlsx | part_numbers_on emergent.csv,https://store.rubbertrax.com/Kubota-U-35-4-Sprockets-RC788-14430-p226.htm,"Sales-team researched. Verify fine details such as serial split, chassis mount, flange style before using hard fitment claims. | Emergent scrape. Use only after checking against source/manufacturer or after matching with Tier 1/Tier 2 records.",Kubota Drive Sprocket RC788-14430 for Kubota U35,Kubota Drive Sprocket RC788-14430 for Kubota U35,In-stock Kubota Drive Sprocket RC788-14430 for Kubota U35. Wholesale undercarriage parts from Houston with nationwide shipping. Verify fitment by part numb,kubota-rc788-14430-drive-sprocket,Undercarriage part detail + machine fitment
UP-0084,2,YES,High,Kubota,sprocket,drive,RD809-14433,RD809-14440,RD809-14433,"Kubota KX080-3, KX080-4 mini excavator drive sprocket","KX080-3, KX080-4",,,,,,Tier 2 - Sales-team researched master,undercarriage_bottom_rollers_sprockets_master_v3.xlsx,https://store.rubbertrax.com/Kubota-KX-080-3-KX-080-4-Drive-Sprocket-p760.htm,"Sales-team researched. Verify fine details such as serial split, chassis mount, flange style before using hard fitment claims.",Kubota Drive Sprocket RD809-14433 for Kubota KX080-3,Kubota Drive Sprocket RD809-14433 for Kubota KX080-3,In-stock Kubota Drive Sprocket RD809-14433 for Kubota KX080-3. Wholesale undercarriage parts from Houston with nationwide shipping. Verify fitment by part ,kubota-rd809-14433-drive-sprocket,Undercarriage part detail + machine fitment
UP-0069,2,YES,High,Takeuchi,roller,bottom,03313-06100,03313-07100,03313-06100,"Takeuchi TB014, TB015, TB016 bottom rollers (rubber track)","TB014, TB015, TB016",,,,,,Tier 2 - Sales-team researched master,undercarriage_bottom_rollers_sprockets_master_v3.xlsx,https://store.rubbertrax.com/Takeuchi-TB015-Mini-Excavator-c406.htm,"Sales-team researched. Verify fine details such as serial split, chassis mount, flange style before using hard fitment claims.",Takeuchi Bottom Roller 03313-06100 for Takeuchi TB014,Takeuchi Bottom Roller 03313-06100 for Takeuchi TB014,In-stock Takeuchi Bottom Roller 03313-06100 for Takeuchi TB014. Wholesale undercarriage parts from Houston with nationwide shipping. Verify fitment by part,takeuchi-03313-06100-bottom-roller,Undercarriage part detail + machine fitment
UP-0071,2,YES,High,Takeuchi,roller,bottom,03913-02100,,03913-02100,"Takeuchi TB145, TB153 bottom rollers","TB145, TB153",,,,,,Tier 2 - Sales-team researched master,undercarriage_bottom_rollers_sprockets_master_v3.xlsx,https://www.rubbertrax.com/rollers,"Sales-team researched. Verify fine details such as serial split, chassis mount, flange style before using hard fitment claims.",Takeuchi Bottom Roller 03913-02100 for Takeuchi TB145,Takeuchi Bottom Roller 03913-02100 for Takeuchi TB145,In-stock Takeuchi Bottom Roller 03913-02100 for Takeuchi TB145. Wholesale undercarriage parts from Houston with nationwide shipping. Verify fitment by part,takeuchi-03913-02100-bottom-roller,Undercarriage part detail + machine fitment
UP-0070,2,YES,High,Takeuchi,roller,bottom,04313-00500,,04313-00500,"Takeuchi TB025, TB035 bottom rollers","TB025, TB035",,,,,,Tier 2 - Sales-team researched master,undercarriage_bottom_rollers_sprockets_master_v3.xlsx,https://www.rubbertrax.com/rollers,"Sales-team researched. Verify fine details such as serial split, chassis mount, flange style before using hard fitment claims.",Takeuchi Bottom Roller 04313-00500 for Takeuchi TB025,Takeuchi Bottom Roller 04313-00500 for Takeuchi TB025,In-stock Takeuchi Bottom Roller 04313-00500 for Takeuchi TB025. Wholesale undercarriage parts from Houston with nationwide shipping. Verify fitment by part,takeuchi-04313-00500-bottom-roller,Undercarriage part detail + machine fitment
UP-0072,2,YES,High,Takeuchi,roller,bottom,04313-11000,,04313-11000,"Takeuchi TB135, TB228 bottom rollers","TB135, TB228",,,,,,Tier 2 - Sales-team researched master,undercarriage_bottom_rollers_sprockets_master_v3.xlsx,https://www.rubbertrax.com/rollers,"Sales-team researched. Verify fine details such as serial split, chassis mount, flange style before using hard fitment claims.",Takeuchi Bottom Roller 04313-11000 for Takeuchi TB135,Takeuchi Bottom Roller 04313-11000 for Takeuchi TB135,In-stock Takeuchi Bottom Roller 04313-11000 for Takeuchi TB135. Wholesale undercarriage parts from Houston with nationwide shipping. Verify fitment by part,takeuchi-04313-11000-bottom-roller,Undercarriage part detail + machine fitment
UP-0074,2,YES,High,Takeuchi,roller,bottom,05613-07100,,05613-07100,Takeuchi TB175 bottom rollers,TB175,,,,,,Tier 2 - Sales-team researched master,undercarriage_bottom_rollers_sprockets_master_v3.xlsx,https://www.rubbertrax.com/rollers,"Sales-team researched. Verify fine details such as serial split, chassis mount, flange style before using hard fitment claims.",Takeuchi Bottom Roller 05613-07100 for Takeuchi TB175,Takeuchi Bottom Roller 05613-07100 for Takeuchi TB175,In-stock Takeuchi Bottom Roller 05613-07100 for Takeuchi TB175. Wholesale undercarriage parts from Houston with nationwide shipping. Verify fitment by part,takeuchi-05613-07100-bottom-roller,Undercarriage part detail + machine fitment
UP-0073,2,YES,High,Takeuchi,roller,bottom,05613-11100,,05613-11100,"Takeuchi TB280FR, TB285, TB290 bottom rollers","TB280FR, TB285, TB290",,,,,,Tier 2 - Sales-team researched master,undercarriage_bottom_rollers_sprockets_master_v3.xlsx,https://store.rubbertrax.com/Takeuchi-TB290-Bottom-Rollers-p4762.htm,"Sales-team researched. Verify fine details such as serial split, chassis mount, flange style before using hard fitment claims.",Takeuchi Bottom Roller 05613-11100 for Takeuchi TB280FR,Takeuchi Bottom Roller 05613-11100 for Takeuchi TB280FR,In-stock Takeuchi Bottom Roller 05613-11100 for Takeuchi TB280FR. Wholesale undercarriage parts from Houston with nationwide shipping. Verify fitment by pa,takeuchi-05613-11100-bottom-roller,Undercarriage part detail + machine fitment
UP-0068,2,YES,High,Takeuchi,roller,bottom,06813-00038,,06813-00038,Takeuchi TL10-V2 bottom roller,TL10-V2,,,,,,Tier 2 - Sales-team researched master,undercarriage_bottom_rollers_sprockets_master_v3.xlsx,https://www.rubbertrax.com/rollers,"Sales-team researched. Verify fine details such as serial split, chassis mount, flange style before using hard fitment claims.",Takeuchi Bottom Roller 06813-00038 for Takeuchi TL10-V2,Takeuchi Bottom Roller 06813-00038 for Takeuchi TL10-V2,In-stock Takeuchi Bottom Roller 06813-00038 for Takeuchi TL10-V2. Wholesale undercarriage parts from Houston with nationwide shipping. Verify fitment by pa,takeuchi-06813-00038-bottom-roller,Undercarriage part detail + machine fitment
UP-0066,2,YES,High,Takeuchi,roller,bottom,880130000,,880130000,"Takeuchi TL130, TL8 bottom rollers","TL130, TL8",,,,,,Tier 2 - Sales-team researched master,undercarriage_bottom_rollers_sprockets_master_v3.xlsx,https://www.rubbertrax.com/rollers,"Sales-team researched. Verify fine details such as serial split, chassis mount, flange style before using hard fitment claims.",Takeuchi Bottom Roller 880130000 for Takeuchi TL130,Takeuchi Bottom Roller 880130000 for Takeuchi TL130,In-stock Takeuchi Bottom Roller 880130000 for Takeuchi TL130. Wholesale undercarriage parts from Houston with nationwide shipping. Verify fitment by part n,takeuchi-880130000-bottom-roller,Undercarriage part detail + machine fitment
UP-0067,2,YES,High,Takeuchi,roller,bottom,881130500,,881130500,"Takeuchi TL140, TL240, TL10, TL150, TL250, TL12 bottom rollers","TL140, TL240, TL10, TL150, TL250, TL12",,,,,,Tier 2 - Sales-team researched master,undercarriage_bottom_rollers_sprockets_master_v3.xlsx,https://www.rubbertrax.com/rollers,"Sales-team researched. Verify fine details such as serial split, chassis mount, flange style before using hard fitment claims.",Takeuchi Bottom Roller 881130500 for Takeuchi TL140,Takeuchi Bottom Roller 881130500 for Takeuchi TL140,In-stock Takeuchi Bottom Roller 881130500 for Takeuchi TL140. Wholesale undercarriage parts from Houston with nationwide shipping. Verify fitment by part n,takeuchi-881130500-bottom-roller,Undercarriage part detail + machine fitment
UP-0087,2,YES,High,Takeuchi,sprocket,drive,03516-08210,,03516-08210,"Takeuchi TB228, TB240 drive sprocket","TB228, TB240",,,,,,Tier 2 - Sales-team researched master,undercarriage_bottom_rollers_sprockets_master_v3.xlsx,https://store.rubbertrax.com/Takeuchi-TB228-TB240-Sprocket-p755.htm,"Sales-team researched. Verify fine details such as serial split, chassis mount, flange style before using hard fitment claims.",Takeuchi Drive Sprocket 03516-08210 for Takeuchi TB228,Takeuchi Drive Sprocket 03516-08210 for Takeuchi TB228,In-stock Takeuchi Drive Sprocket 03516-08210 for Takeuchi TB228. Wholesale undercarriage parts from Houston with nationwide shipping. Verify fitment by par,takeuchi-03516-08210-drive-sprocket,Undercarriage part detail + machine fitment
UP-0088,2,YES,High,Takeuchi,sprocket,drive,05516-00120,,05516-00120,"Takeuchi TB370, TB250-2, TB260 drive sprocket","TB370, TB250-2, TB260",,,,,,Tier 2 - Sales-team researched master,undercarriage_bottom_rollers_sprockets_master_v3.xlsx,https://store.rubbertrax.com/Takeuchi-TB250-2-TB260-Sprocket-05516-00120-50p4746.htm,"Sales-team researched. Verify fine details such as serial split, chassis mount, flange style before using hard fitment claims.",Takeuchi Drive Sprocket 05516-00120 for Takeuchi TB370,Takeuchi Drive Sprocket 05516-00120 for Takeuchi TB370,In-stock Takeuchi Drive Sprocket 05516-00120 for Takeuchi TB370. Wholesale undercarriage parts from Houston with nationwide shipping. Verify fitment by par,takeuchi-05516-00120-drive-sprocket,Undercarriage part detail + machine fitment
UP-0093,2,YES,Medium,CAT,idler,front,127-3809,,127-3809,Fits: Caterpillar E70 E70B Front Idler,"E70, E70B",,,,,,Tier 2 - Sales-team researched master,undercarriage_bottom_rollers_sprockets_master_v3.xlsx | part_numbers_on emergent.csv,,Imported from existing Emergent admin list | Emergent scrape. Use only after checking against source/manufacturer or after matching with Tier 1/Tier 2 records.,CAT Front Idler 127-3809 for CAT E70,CAT Front Idler 127-3809 for CAT E70,"In-stock CAT Front Idler 127-3809 for CAT E70. Wholesale undercarriage parts from Houston with nationwide shipping. Verify fitment by part number, machine ",cat-127-3809-front-idler,Undercarriage part detail + machine fitment
UP-0096,2,YES,Medium,CAT,idler,front,158-4970,,158-4970,Fits: Caterpillar 301.5 301.6 301.8 Tension Idler,"301.5, 301.6, 301.8",,,,,,Tier 2 - Sales-team researched master,undercarriage_bottom_rollers_sprockets_master_v3.xlsx | part_numbers_on emergent.csv,,Imported from existing Emergent admin list | Emergent scrape. Use only after checking against source/manufacturer or after matching with Tier 1/Tier 2 records.,CAT Front Idler 158-4970 for CAT 301.5,CAT Front Idler 158-4970 for CAT 301.5,"In-stock CAT Front Idler 158-4970 for CAT 301.5. Wholesale undercarriage parts from Houston with nationwide shipping. Verify fitment by part number, machin",cat-158-4970-front-idler,Undercarriage part detail + machine fitment
UP-0099,2,YES,Medium,CAT,idler,front,233-7150,,233-7150,Fits: Caterpillar 302.5 Front Idler,302.5,,,,,,Tier 2 - Sales-team researched master,undercarriage_bottom_rollers_sprockets_master_v3.xlsx | part_numbers_on emergent.csv,,Imported from existing Emergent admin list | Emergent scrape. Use only after checking against source/manufacturer or after matching with Tier 1/Tier 2 records.,CAT Front Idler 233-7150 for CAT 302.5,CAT Front Idler 233-7150 for CAT 302.5,"In-stock CAT Front Idler 233-7150 for CAT 302.5. Wholesale undercarriage parts from Houston with nationwide shipping. Verify fitment by part number, machin",cat-233-7150-front-idler,Undercarriage part detail + machine fitment
UP-0102,2,YES,Medium,CAT,idler,front,267-1391,,267-1391,Fits: Caterpillar 303.5 303CR Idler Assembly,"303.5, 303CR",,,,,,Tier 2 - Sales-team researched master,undercarriage_bottom_rollers_sprockets_master_v3.xlsx | part_numbers_on emergent.csv,,Imported from existing Emergent admin list | Emergent scrape. Use only after checking against source/manufacturer or after matching with Tier 1/Tier 2 records.,CAT Front Idler 267-1391 for CAT 303.5,CAT Front Idler 267-1391 for CAT 303.5,"In-stock CAT Front Idler 267-1391 for CAT 303.5. Wholesale undercarriage parts from Houston with nationwide shipping. Verify fitment by part number, machin",cat-267-1391-front-idler,Undercarriage part detail + machine fitment
UP-0107,2,YES,Medium,CAT,idler,front,285-2069,,285-2069,Fits: Caterpillar 304CR 305CR Front Idler,"304CR, 305CR",,,,,,Tier 2 - Sales-team researched master,undercarriage_bottom_rollers_sprockets_master_v3.xlsx | part_numbers_on emergent.csv,,Imported from existing Emergent admin list | Emergent scrape. Use only after checking against source/manufacturer or after matching with Tier 1/Tier 2 records.,CAT Front Idler 285-2069 for CAT 304CR,CAT Front Idler 285-2069 for CAT 304CR,"In-stock CAT Front Idler 285-2069 for CAT 304CR. Wholesale undercarriage parts from Houston with nationwide shipping. Verify fitment by part number, machin",cat-285-2069-front-idler,Undercarriage part detail + machine fitment
UP-0110,2,YES,Medium,CAT,idler,front,293-8674,,293-8674,Fits: Caterpillar 303CCR 303ECR Tension Idler,"303CCR, 303ECR",,,,,,Tier 2 - Sales-team researched master,undercarriage_bottom_rollers_sprockets_master_v3.xlsx | part_numbers_on emergent.csv,,Imported from existing Emergent admin list | Emergent scrape. Use only after checking against source/manufacturer or after matching with Tier 1/Tier 2 records.,CAT Front Idler 293-8674 for CAT 303CCR,CAT Front Idler 293-8674 for CAT 303CCR,"In-stock CAT Front Idler 293-8674 for CAT 303CCR. Wholesale undercarriage parts from Houston with nationwide shipping. Verify fitment by part number, machi",cat-293-8674-front-idler,Undercarriage part detail + machine fitment
UP-0113,2,YES,Medium,CAT,idler,front,296-5831,,296-5831,Fits: Caterpillar 302.5C Front Idler,302.5C,,,,,,Tier 2 - Sales-team researched master,undercarriage_bottom_rollers_sprockets_master_v3.xlsx | part_numbers_on emergent.csv,,Imported from existing Emergent admin list | Emergent scrape. Use only after checking against source/manufacturer or after matching with Tier 1/Tier 2 records.,CAT Front Idler 296-5831 for CAT 302.5C,CAT Front Idler 296-5831 for CAT 302.5C,"In-stock CAT Front Idler 296-5831 for CAT 302.5C. Wholesale undercarriage parts from Houston with nationwide shipping. Verify fitment by part number, machi",cat-296-5831-front-idler,Undercarriage part detail + machine fitment
UP-0117,2,YES,Medium,CAT,idler,front,305-2880,,305-2880,Fits: Caterpillar 304DCR 305DCR Idler,"304DCR, 305DCR",,,,,,Tier 2 - Sales-team researched master,undercarriage_bottom_rollers_sprockets_master_v3.xlsx | part_numbers_on emergent.csv,,Imported from existing Emergent admin list | Emergent scrape. Use only after checking against source/manufacturer or after matching with Tier 1/Tier 2 records.,CAT Front Idler 305-2880 for CAT 304DCR,CAT Front Idler 305-2880 for CAT 304DCR,"In-stock CAT Front Idler 305-2880 for CAT 304DCR. Wholesale undercarriage parts from Houston with nationwide shipping. Verify fitment by part number, machi",cat-305-2880-front-idler,Undercarriage part detail + machine fitment
UP-0120,2,YES,Medium,CAT,idler,front,311-7742,,311-7742,Fits: Caterpillar 305.5 305.5D Tension Idler,"305.5, 305.5D",,,,,,Tier 2 - Sales-team researched master,undercarriage_bottom_rollers_sprockets_master_v3.xlsx | part_numbers_on emergent.csv,,Imported from existing Emergent admin list | Emergent scrape. Use only after checking against source/manufacturer or after matching with Tier 1/Tier 2 records.,CAT Front Idler 311-7742 for CAT 305.5,CAT Front Idler 311-7742 for CAT 305.5,"In-stock CAT Front Idler 311-7742 for CAT 305.5. Wholesale undercarriage parts from Houston with nationwide shipping. Verify fitment by part number, machin",cat-311-7742-front-idler,Undercarriage part detail + machine fitment
UP-0124,2,YES,Medium,CAT,idler,front,315-5463,,315-5463,Fits: Caterpillar 304E 305E Front Idler Assembly,"304E, 305E",,,,,,Tier 2 - Sales-team researched master,undercarriage_bottom_rollers_sprockets_master_v3.xlsx | part_numbers_on emergent.csv,,Imported from existing Emergent admin list | Emergent scrape. Use only after checking against source/manufacturer or after matching with Tier 1/Tier 2 records.,CAT Front Idler 315-5463 for CAT 304E,CAT Front Idler 315-5463 for CAT 304E,"In-stock CAT Front Idler 315-5463 for CAT 304E. Wholesale undercarriage parts from Houston with nationwide shipping. Verify fitment by part number, machine",cat-315-5463-front-idler,Undercarriage part detail + machine fitment
UP-0128,2,YES,Medium,CAT,idler,front,352-2962,,352-2962,Fits: Caterpillar 307D 308D Idler,"307D, 308D",,,,,,Tier 2 - Sales-team researched master,undercarriage_bottom_rollers_sprockets_master_v3.xlsx | part_numbers_on emergent.csv,,Imported from existing Emergent admin list | Emergent scrape. Use only after checking against source/manufacturer or after matching with Tier 1/Tier 2 records.,CAT Front Idler 352-2962 for CAT 307D,CAT Front Idler 352-2962 for CAT 307D,"In-stock CAT Front Idler 352-2962 for CAT 307D. Wholesale undercarriage parts from Houston with nationwide shipping. Verify fitment by part number, machine",cat-352-2962-front-idler,Undercarriage part detail + machine fitment
UP-0132,2,YES,Medium,CAT,idler,front,374-2918,,374-2918,Fits: Caterpillar 307E2 308E2 Tension Idler,"307E2, 308E2",,,,,,Tier 2 - Sales-team researched master,undercarriage_bottom_rollers_sprockets_master_v3.xlsx | part_numbers_on emergent.csv,,Imported from existing Emergent admin list | Emergent scrape. Use only after checking against source/manufacturer or after matching with Tier 1/Tier 2 records.,CAT Front Idler 374-2918 for CAT 307E2,CAT Front Idler 374-2918 for CAT 307E2,"In-stock CAT Front Idler 374-2918 for CAT 307E2. Wholesale undercarriage parts from Houston with nationwide shipping. Verify fitment by part number, machin",cat-374-2918-front-idler,Undercarriage part detail + machine fitment
UP-0091,2,YES,Medium,CAT,roller,bottom,127-3807,,127-3807,Fits: Caterpillar E70 E70B Bottom Roller,"E70, E70B",,,,,,Tier 2 - Sales-team researched master,undercarriage_bottom_rollers_sprockets_master_v3.xlsx | part_numbers_on emergent.csv,,Imported from existing Emergent admin list | Emergent scrape. Use only after checking against source/manufacturer or after matching with Tier 1/Tier 2 records.,CAT Bottom Roller 127-3807 for CAT E70,CAT Bottom Roller 127-3807 for CAT E70,"In-stock CAT Bottom Roller 127-3807 for CAT E70. Wholesale undercarriage parts from Houston with nationwide shipping. Verify fitment by part number, machin",cat-127-3807-bottom-roller,Undercarriage part detail + machine fitment
UP-0094,2,YES,Medium,CAT,roller,bottom,158-4968,,158-4968,Fits: Caterpillar 301.5 301.6 301.8 Lower Roller,"301.5, 301.6, 301.8",,,,,,Tier 2 - Sales-team researched master,undercarriage_bottom_rollers_sprockets_master_v3.xlsx | part_numbers_on emergent.csv,,Imported from existing Emergent admin list | Emergent scrape. Use only after checking against source/manufacturer or after matching with Tier 1/Tier 2 records.,CAT Bottom Roller 158-4968 for CAT 301.5,CAT Bottom Roller 158-4968 for CAT 301.5,"In-stock CAT Bottom Roller 158-4968 for CAT 301.5. Wholesale undercarriage parts from Houston with nationwide shipping. Verify fitment by part number, mach",cat-158-4968-bottom-roller,Undercarriage part detail + machine fitment
UP-0097,2,YES,Medium,CAT,roller,bottom,233-7148,,233-7148,Fits: Caterpillar 302.5 Bottom Track Roller,302.5,,,,,,Tier 2 - Sales-team researched master,undercarriage_bottom_rollers_sprockets_master_v3.xlsx | part_numbers_on emergent.csv,,Imported from existing Emergent admin list | Emergent scrape. Use only after checking against source/manufacturer or after matching with Tier 1/Tier 2 records.,CAT Bottom Roller 233-7148 for CAT 302.5,CAT Bottom Roller 233-7148 for CAT 302.5,"In-stock CAT Bottom Roller 233-7148 for CAT 302.5. Wholesale undercarriage parts from Houston with nationwide shipping. Verify fitment by part number, mach",cat-233-7148-bottom-roller,Undercarriage part detail + machine fitment
UP-0100,2,YES,Medium,CAT,roller,bottom,267-1389,,267-1389,Fits: Caterpillar 303.5 303CR Lower Roller,"303.5, 303CR",,,,,,Tier 2 - Sales-team researched master,undercarriage_bottom_rollers_sprockets_master_v3.xlsx | part_numbers_on emergent.csv,,Imported from existing Emergent admin list | Emergent scrape. Use only after checking against source/manufacturer or after matching with Tier 1/Tier 2 records.,CAT Bottom Roller 267-1389 for CAT 303.5,CAT Bottom Roller 267-1389 for CAT 303.5,"In-stock CAT Bottom Roller 267-1389 for CAT 303.5. Wholesale undercarriage parts from Houston with nationwide shipping. Verify fitment by part number, mach",cat-267-1389-bottom-roller,Undercarriage part detail + machine fitment
UP-0103,2,YES,Medium,CAT,roller,top,267-6691,,267-6691,Fits: Caterpillar 303.5 303CR Upper Carrier Roller,"303.5, 303CR",,,,,,Tier 2 - Sales-team researched master,undercarriage_bottom_rollers_sprockets_master_v3.xlsx | part_numbers_on emergent.csv,,Imported from existing Emergent admin list | Emergent scrape. Use only after checking against source/manufacturer or after matching with Tier 1/Tier 2 records.,CAT Top Roller 267-6691 for CAT 303.5,CAT Top Roller 267-6691 for CAT 303.5,"In-stock CAT Top Roller 267-6691 for CAT 303.5. Wholesale undercarriage parts from Houston with nationwide shipping. Verify fitment by part number, machine",cat-267-6691-top-roller,Undercarriage part detail + machine fitment
UP-0104,2,YES,Medium,CAT,roller,bottom,285-2066,,285-2066,Fits: Caterpillar 304CR 305CR Bottom Roller,"304CR, 305CR",,,,,,Tier 2 - Sales-team researched master,undercarriage_bottom_rollers_sprockets_master_v3.xlsx | part_numbers_on emergent.csv,,Imported from existing Emergent admin list | Emergent scrape. Use only after checking against source/manufacturer or after matching with Tier 1/Tier 2 records.,CAT Bottom Roller 285-2066 for CAT 304CR,CAT Bottom Roller 285-2066 for CAT 304CR,"In-stock CAT Bottom Roller 285-2066 for CAT 304CR. Wholesale undercarriage parts from Houston with nationwide shipping. Verify fitment by part number, mach",cat-285-2066-bottom-roller,Undercarriage part detail + machine fitment
UP-0105,2,YES,Medium,CAT,roller,top,285-2067,,285-2067,Fits: Caterpillar 304CR 305CR Top Roller,"304CR, 305CR",,,,,,Tier 2 - Sales-team researched master,undercarriage_bottom_rollers_sprockets_master_v3.xlsx | part_numbers_on emergent.csv,,Imported from existing Emergent admin list | Emergent scrape. Use only after checking against source/manufacturer or after matching with Tier 1/Tier 2 records.,CAT Top Roller 285-2067 for CAT 304CR,CAT Top Roller 285-2067 for CAT 304CR,"In-stock CAT Top Roller 285-2067 for CAT 304CR. Wholesale undercarriage parts from Houston with nationwide shipping. Verify fitment by part number, machine",cat-285-2067-top-roller,Undercarriage part detail + machine fitment
UP-0108,2,YES,Medium,CAT,roller,bottom,293-8672,,293-8672,Fits: Caterpillar 303CCR 303ECR Lower Roller,"303CCR, 303ECR",,,,,,Tier 2 - Sales-team researched master,undercarriage_bottom_rollers_sprockets_master_v3.xlsx | part_numbers_on emergent.csv,,Imported from existing Emergent admin list | Emergent scrape. Use only after checking against source/manufacturer or after matching with Tier 1/Tier 2 records.,CAT Bottom Roller 293-8672 for CAT 303CCR,CAT Bottom Roller 293-8672 for CAT 303CCR,"In-stock CAT Bottom Roller 293-8672 for CAT 303CCR. Wholesale undercarriage parts from Houston with nationwide shipping. Verify fitment by part number, mac",cat-293-8672-bottom-roller,Undercarriage part detail + machine fitment
UP-0111,2,YES,Medium,CAT,roller,bottom,296-5829,,296-5829,Fits: Caterpillar 302.5C Bottom Roller,302.5C,,,,,,Tier 2 - Sales-team researched master,undercarriage_bottom_rollers_sprockets_master_v3.xlsx | part_numbers_on emergent.csv,,Imported from existing Emergent admin list | Emergent scrape. Use only after checking against source/manufacturer or after matching with Tier 1/Tier 2 records.,CAT Bottom Roller 296-5829 for CAT 302.5C,CAT Bottom Roller 296-5829 for CAT 302.5C,"In-stock CAT Bottom Roller 296-5829 for CAT 302.5C. Wholesale undercarriage parts from Houston with nationwide shipping. Verify fitment by part number, mac",cat-296-5829-bottom-roller,Undercarriage part detail + machine fitment
UP-0114,2,YES,Medium,CAT,roller,bottom,305-2877,,305-2877,Fits: Caterpillar 304DCR 305DCR Lower Roller,"304DCR, 305DCR",,,,,,Tier 2 - Sales-team researched master,undercarriage_bottom_rollers_sprockets_master_v3.xlsx | part_numbers_on emergent.csv,,Imported from existing Emergent admin list | Emergent scrape. Use only after checking against source/manufacturer or after matching with Tier 1/Tier 2 records.,CAT Bottom Roller 305-2877 for CAT 304DCR,CAT Bottom Roller 305-2877 for CAT 304DCR,"In-stock CAT Bottom Roller 305-2877 for CAT 304DCR. Wholesale undercarriage parts from Houston with nationwide shipping. Verify fitment by part number, mac",cat-305-2877-bottom-roller,Undercarriage part detail + machine fitment
UP-0115,2,YES,Medium,CAT,roller,top,305-2878,,305-2878,Fits: Caterpillar 304DCR 305DCR Upper Roller,"304DCR, 305DCR",,,,,,Tier 2 - Sales-team researched master,undercarriage_bottom_rollers_sprockets_master_v3.xlsx | part_numbers_on emergent.csv,,Imported from existing Emergent admin list | Emergent scrape. Use only after checking against source/manufacturer or after matching with Tier 1/Tier 2 records.,CAT Top Roller 305-2878 for CAT 304DCR,CAT Top Roller 305-2878 for CAT 304DCR,"In-stock CAT Top Roller 305-2878 for CAT 304DCR. Wholesale undercarriage parts from Houston with nationwide shipping. Verify fitment by part number, machin",cat-305-2878-top-roller,Undercarriage part detail + machine fitment
UP-0118,2,YES,Medium,CAT,roller,bottom,311-7740,,311-7740,Fits: Caterpillar 305.5 305.5D Bottom Roller,"305.5, 305.5D",,,,,,Tier 2 - Sales-team researched master,undercarriage_bottom_rollers_sprockets_master_v3.xlsx | part_numbers_on emergent.csv,,Imported from existing Emergent admin list | Emergent scrape. Use only after checking against source/manufacturer or after matching with Tier 1/Tier 2 records.,CAT Bottom Roller 311-7740 for CAT 305.5,CAT Bottom Roller 311-7740 for CAT 305.5,"In-stock CAT Bottom Roller 311-7740 for CAT 305.5. Wholesale undercarriage parts from Houston with nationwide shipping. Verify fitment by part number, mach",cat-311-7740-bottom-roller,Undercarriage part detail + machine fitment
UP-0121,2,YES,Medium,CAT,roller,bottom,315-5460,,315-5460,Fits: Caterpillar 304E 305E Lower Roller,"304E, 305E",,,,,,Tier 2 - Sales-team researched master,undercarriage_bottom_rollers_sprockets_master_v3.xlsx | part_numbers_on emergent.csv,,Imported from existing Emergent admin list | Emergent scrape. Use only after checking against source/manufacturer or after matching with Tier 1/Tier 2 records.,CAT Bottom Roller 315-5460 for CAT 304E,CAT Bottom Roller 315-5460 for CAT 304E,"In-stock CAT Bottom Roller 315-5460 for CAT 304E. Wholesale undercarriage parts from Houston with nationwide shipping. Verify fitment by part number, machi",cat-315-5460-bottom-roller,Undercarriage part detail + machine fitment
UP-0122,2,YES,Medium,CAT,roller,top,315-5461,,315-5461,Fits: Caterpillar 304E 305E Upper Carrier Roller,"304E, 305E",,,,,,Tier 2 - Sales-team researched master,undercarriage_bottom_rollers_sprockets_master_v3.xlsx | part_numbers_on emergent.csv,,Imported from existing Emergent admin list | Emergent scrape. Use only after checking against source/manufacturer or after matching with Tier 1/Tier 2 records.,CAT Top Roller 315-5461 for CAT 304E,CAT Top Roller 315-5461 for CAT 304E,"In-stock CAT Top Roller 315-5461 for CAT 304E. Wholesale undercarriage parts from Houston with nationwide shipping. Verify fitment by part number, machine ",cat-315-5461-top-roller,Undercarriage part detail + machine fitment
UP-0125,2,YES,Medium,CAT,roller,bottom,352-2959,,352-2959,Fits: Caterpillar 307D 308D Bottom Roller,"307D, 308D",,,,,,Tier 2 - Sales-team researched master,undercarriage_bottom_rollers_sprockets_master_v3.xlsx | part_numbers_on emergent.csv,,Imported from existing Emergent admin list | Emergent scrape. Use only after checking against source/manufacturer or after matching with Tier 1/Tier 2 records.,CAT Bottom Roller 352-2959 for CAT 307D,CAT Bottom Roller 352-2959 for CAT 307D,"In-stock CAT Bottom Roller 352-2959 for CAT 307D. Wholesale undercarriage parts from Houston with nationwide shipping. Verify fitment by part number, machi",cat-352-2959-bottom-roller,Undercarriage part detail + machine fitment
UP-0126,2,YES,Medium,CAT,roller,top,352-2960,,352-2960,Fits: Caterpillar 307D 308D Top Carrier Roller,"307D, 308D",,,,,,Tier 2 - Sales-team researched master,undercarriage_bottom_rollers_sprockets_master_v3.xlsx | part_numbers_on emergent.csv,,Imported from existing Emergent admin list | Emergent scrape. Use only after checking against source/manufacturer or after matching with Tier 1/Tier 2 records.,CAT Top Roller 352-2960 for CAT 307D,CAT Top Roller 352-2960 for CAT 307D,"In-stock CAT Top Roller 352-2960 for CAT 307D. Wholesale undercarriage parts from Houston with nationwide shipping. Verify fitment by part number, machine ",cat-352-2960-top-roller,Undercarriage part detail + machine fitment
UP-0129,2,YES,Medium,CAT,roller,bottom,374-2915,,374-2915,Fits: Caterpillar 307E2 308E2 Lower Roller,"307E2, 308E2",,,,,,Tier 2 - Sales-team researched master,undercarriage_bottom_rollers_sprockets_master_v3.xlsx | part_numbers_on emergent.csv,,Imported from existing Emergent admin list | Emergent scrape. Use only after checking against source/manufacturer or after matching with Tier 1/Tier 2 records.,CAT Bottom Roller 374-2915 for CAT 307E2,CAT Bottom Roller 374-2915 for CAT 307E2,"In-stock CAT Bottom Roller 374-2915 for CAT 307E2. Wholesale undercarriage parts from Houston with nationwide shipping. Verify fitment by part number, mach",cat-374-2915-bottom-roller,Undercarriage part detail + machine fitment
UP-0130,2,YES,Medium,CAT,roller,top,374-2916,,374-2916,Fits: Caterpillar 307E2 308E2 Upper Roller,"307E2, 308E2",,,,,,Tier 2 - Sales-team researched master,undercarriage_bottom_rollers_sprockets_master_v3.xlsx | part_numbers_on emergent.csv,,Imported from existing Emergent admin list | Emergent scrape. Use only after checking against source/manufacturer or after matching with Tier 1/Tier 2 records.,CAT Top Roller 374-2916 for CAT 307E2,CAT Top Roller 374-2916 for CAT 307E2,"In-stock CAT Top Roller 374-2916 for CAT 307E2. Wholesale undercarriage parts from Houston with nationwide shipping. Verify fitment by part number, machine",cat-374-2916-top-roller,Undercarriage part detail + machine fitment
UP-0092,2,YES,Medium,CAT,sprocket,drive,127-3808,,127-3808,Fits: Caterpillar E70 E70B Drive Sprocket,"E70, E70B",,,,,,Tier 2 - Sales-team researched master,undercarriage_bottom_rollers_sprockets_master_v3.xlsx | part_numbers_on emergent.csv,,Imported from existing Emergent admin list | Emergent scrape. Use only after checking against source/manufacturer or after matching with Tier 1/Tier 2 records.,CAT Drive Sprocket 127-3808 for CAT E70,CAT Drive Sprocket 127-3808 for CAT E70,"In-stock CAT Drive Sprocket 127-3808 for CAT E70. Wholesale undercarriage parts from Houston with nationwide shipping. Verify fitment by part number, machi",cat-127-3808-drive-sprocket,Undercarriage part detail + machine fitment
UP-0095,2,YES,Medium,CAT,sprocket,drive,158-4969,,158-4969,Fits: Caterpillar 301.5 301.6 301.8 Sprocket,"301.5, 301.6, 301.8",,,,,,Tier 2 - Sales-team researched master,undercarriage_bottom_rollers_sprockets_master_v3.xlsx | part_numbers_on emergent.csv,,Imported from existing Emergent admin list | Emergent scrape. Use only after checking against source/manufacturer or after matching with Tier 1/Tier 2 records.,CAT Drive Sprocket 158-4969 for CAT 301.5,CAT Drive Sprocket 158-4969 for CAT 301.5,"In-stock CAT Drive Sprocket 158-4969 for CAT 301.5. Wholesale undercarriage parts from Houston with nationwide shipping. Verify fitment by part number, mac",cat-158-4969-drive-sprocket,Undercarriage part detail + machine fitment
UP-0098,2,YES,Medium,CAT,sprocket,drive,233-7149,,233-7149,Fits: Caterpillar 302.5 Drive Sprocket,302.5,,,,,,Tier 2 - Sales-team researched master,undercarriage_bottom_rollers_sprockets_master_v3.xlsx | part_numbers_on emergent.csv,,Imported from existing Emergent admin list | Emergent scrape. Use only after checking against source/manufacturer or after matching with Tier 1/Tier 2 records.,CAT Drive Sprocket 233-7149 for CAT 302.5,CAT Drive Sprocket 233-7149 for CAT 302.5,"In-stock CAT Drive Sprocket 233-7149 for CAT 302.5. Wholesale undercarriage parts from Houston with nationwide shipping. Verify fitment by part number, mac",cat-233-7149-drive-sprocket,Undercarriage part detail + machine fitment
UP-0101,2,YES,Medium,CAT,sprocket,drive,267-1390,,267-1390,Fits: Caterpillar 303.5 303CR Sprocket,"303.5, 303CR",,,,,,Tier 2 - Sales-team researched master,undercarriage_bottom_rollers_sprockets_master_v3.xlsx | part_numbers_on emergent.csv,,Imported from existing Emergent admin list | Emergent scrape. Use only after checking against source/manufacturer or after matching with Tier 1/Tier 2 records.,CAT Drive Sprocket 267-1390 for CAT 303.5,CAT Drive Sprocket 267-1390 for CAT 303.5,"In-stock CAT Drive Sprocket 267-1390 for CAT 303.5. Wholesale undercarriage parts from Houston with nationwide shipping. Verify fitment by part number, mac",cat-267-1390-drive-sprocket,Undercarriage part detail + machine fitment
UP-0106,2,YES,Medium,CAT,sprocket,drive,285-2068,,285-2068,Fits: Caterpillar 304CR 305CR Drive Sprocket,"304CR, 305CR",,,,,,Tier 2 - Sales-team researched master,undercarriage_bottom_rollers_sprockets_master_v3.xlsx | part_numbers_on emergent.csv,,Imported from existing Emergent admin list | Emergent scrape. Use only after checking against source/manufacturer or after matching with Tier 1/Tier 2 records.,CAT Drive Sprocket 285-2068 for CAT 304CR,CAT Drive Sprocket 285-2068 for CAT 304CR,"In-stock CAT Drive Sprocket 285-2068 for CAT 304CR. Wholesale undercarriage parts from Houston with nationwide shipping. Verify fitment by part number, mac",cat-285-2068-drive-sprocket,Undercarriage part detail + machine fitment
UP-0109,2,YES,Medium,CAT,sprocket,drive,293-8673,,293-8673,Fits: Caterpillar 303CCR 303ECR Sprocket,"303CCR, 303ECR",,,,,,Tier 2 - Sales-team researched master,undercarriage_bottom_rollers_sprockets_master_v3.xlsx | part_numbers_on emergent.csv,,Imported from existing Emergent admin list | Emergent scrape. Use only after checking against source/manufacturer or after matching with Tier 1/Tier 2 records.,CAT Drive Sprocket 293-8673 for CAT 303CCR,CAT Drive Sprocket 293-8673 for CAT 303CCR,"In-stock CAT Drive Sprocket 293-8673 for CAT 303CCR. Wholesale undercarriage parts from Houston with nationwide shipping. Verify fitment by part number, ma",cat-293-8673-drive-sprocket,Undercarriage part detail + machine fitment
UP-0112,2,YES,Medium,CAT,sprocket,drive,296-5830,,296-5830,Fits: Caterpillar 302.5C Drive Sprocket,302.5C,,,,,,Tier 2 - Sales-team researched master,undercarriage_bottom_rollers_sprockets_master_v3.xlsx | part_numbers_on emergent.csv,,Imported from existing Emergent admin list | Emergent scrape. Use only after checking against source/manufacturer or after matching with Tier 1/Tier 2 records.,CAT Drive Sprocket 296-5830 for CAT 302.5C,CAT Drive Sprocket 296-5830 for CAT 302.5C,"In-stock CAT Drive Sprocket 296-5830 for CAT 302.5C. Wholesale undercarriage parts from Houston with nationwide shipping. Verify fitment by part number, ma",cat-296-5830-drive-sprocket,Undercarriage part detail + machine fitment
UP-0116,2,YES,Medium,CAT,sprocket,drive,305-2879,,305-2879,Fits: Caterpillar 304DCR 305DCR Sprocket,"304DCR, 305DCR",,,,,,Tier 2 - Sales-team researched master,undercarriage_bottom_rollers_sprockets_master_v3.xlsx | part_numbers_on emergent.csv,,Imported from existing Emergent admin list | Emergent scrape. Use only after checking against source/manufacturer or after matching with Tier 1/Tier 2 records.,CAT Drive Sprocket 305-2879 for CAT 304DCR,CAT Drive Sprocket 305-2879 for CAT 304DCR,"In-stock CAT Drive Sprocket 305-2879 for CAT 304DCR. Wholesale undercarriage parts from Houston with nationwide shipping. Verify fitment by part number, ma",cat-305-2879-drive-sprocket,Undercarriage part detail + machine fitment
UP-0119,2,YES,Medium,CAT,sprocket,drive,311-7741,,311-7741,Fits: Caterpillar 305.5 305.5D Sprocket,"305.5, 305.5D",,,,,,Tier 2 - Sales-team researched master,undercarriage_bottom_rollers_sprockets_master_v3.xlsx | part_numbers_on emergent.csv,,Imported from existing Emergent admin list | Emergent scrape. Use only after checking against source/manufacturer or after matching with Tier 1/Tier 2 records.,CAT Drive Sprocket 311-7741 for CAT 305.5,CAT Drive Sprocket 311-7741 for CAT 305.5,"In-stock CAT Drive Sprocket 311-7741 for CAT 305.5. Wholesale undercarriage parts from Houston with nationwide shipping. Verify fitment by part number, mac",cat-311-7741-drive-sprocket,Undercarriage part detail + machine fitment
UP-0123,2,YES,Medium,CAT,sprocket,drive,315-5462,,315-5462,Fits: Caterpillar 304E 305E Drive Sprocket,"304E, 305E",,,,,,Tier 2 - Sales-team researched master,undercarriage_bottom_rollers_sprockets_master_v3.xlsx | part_numbers_on emergent.csv,,Imported from existing Emergent admin list | Emergent scrape. Use only after checking against source/manufacturer or after matching with Tier 1/Tier 2 records.,CAT Drive Sprocket 315-5462 for CAT 304E,CAT Drive Sprocket 315-5462 for CAT 304E,"In-stock CAT Drive Sprocket 315-5462 for CAT 304E. Wholesale undercarriage parts from Houston with nationwide shipping. Verify fitment by part number, mach",cat-315-5462-drive-sprocket,Undercarriage part detail + machine fitment
UP-0127,2,YES,Medium,CAT,sprocket,drive,352-2961,,352-2961,Fits: Caterpillar 307D 308D Sprocket,"307D, 308D",,,,,,Tier 2 - Sales-team researched master,undercarriage_bottom_rollers_sprockets_master_v3.xlsx | part_numbers_on emergent.csv,,Imported from existing Emergent admin list | Emergent scrape. Use only after checking against source/manufacturer or after matching with Tier 1/Tier 2 records.,CAT Drive Sprocket 352-2961 for CAT 307D,CAT Drive Sprocket 352-2961 for CAT 307D,"In-stock CAT Drive Sprocket 352-2961 for CAT 307D. Wholesale undercarriage parts from Houston with nationwide shipping. Verify fitment by part number, mach",cat-352-2961-drive-sprocket,Undercarriage part detail + machine fitment
UP-0131,2,YES,Medium,CAT,sprocket,drive,374-2917,,374-2917,Fits: Caterpillar 307E2 308E2 Drive Sprocket,"307E2, 308E2",,,,,,Tier 2 - Sales-team researched master,undercarriage_bottom_rollers_sprockets_master_v3.xlsx | part_numbers_on emergent.csv,,Imported from existing Emergent admin list | Emergent scrape. Use only after checking against source/manufacturer or after matching with Tier 1/Tier 2 records.,CAT Drive Sprocket 374-2917 for CAT 307E2,CAT Drive Sprocket 374-2917 for CAT 307E2,"In-stock CAT Drive Sprocket 374-2917 for CAT 307E2. Wholesale undercarriage parts from Houston with nationwide shipping. Verify fitment by part number, mac",cat-374-2917-drive-sprocket,Undercarriage part detail + machine fitment
UP-0136,2,YES,Medium,Kubota,idler,front,68678-94300,,68678-94300,Kubota KX 161 151 Case CK 50 Idler,"KX 161, KX 151, Case CK 50",,,,,,Tier 2 - Sales-team researched master,undercarriage_bottom_rollers_sprockets_master_v3.xlsx | part_numbers_on emergent.csv,,Imported from existing Emergent admin list | Emergent scrape. Use only after checking against source/manufacturer or after matching with Tier 1/Tier 2 records.,Kubota Front Idler 68678-94300 for Kubota KX 161,Kubota Front Idler 68678-94300 for Kubota KX 161,In-stock Kubota Front Idler 68678-94300 for Kubota KX 161. Wholesale undercarriage parts from Houston with nationwide shipping. Verify fitment by part numb,kubota-68678-94300-front-idler,Undercarriage part detail + machine fitment
UP-0137,2,YES,Medium,Kubota,idler,front,69191-21300,,69191-21300,Kubota K008-3 U10-3 Tension Idler,"K008-3, U10-3",,,,,,Tier 2 - Sales-team researched master,undercarriage_bottom_rollers_sprockets_master_v3.xlsx | part_numbers_on emergent.csv,,Imported from existing Emergent admin list | Emergent scrape. Use only after checking against source/manufacturer or after matching with Tier 1/Tier 2 records.,Kubota Front Idler 69191-21300 for Kubota K008-3,Kubota Front Idler 69191-21300 for Kubota K008-3,In-stock Kubota Front Idler 69191-21300 for Kubota K008-3. Wholesale undercarriage parts from Houston with nationwide shipping. Verify fitment by part numb,kubota-69191-21300-front-idler,Undercarriage part detail + machine fitment
UP-0144,2,YES,Medium,Kubota,idler,front,RC348-21302,,RC348-21302,Kubota KX 71-3 and U25 Aftermarket Idler,"KX 71-3, U25",,,,,,Tier 2 - Sales-team researched master,undercarriage_bottom_rollers_sprockets_master_v3.xlsx | part_numbers_on emergent.csv,,Imported from existing Emergent admin list | Emergent scrape. Use only after checking against source/manufacturer or after matching with Tier 1/Tier 2 records.,Kubota Front Idler RC348-21302 for Kubota KX 71-3,Kubota Front Idler RC348-21302 for Kubota KX 71-3,In-stock Kubota Front Idler RC348-21302 for Kubota KX 71-3. Wholesale undercarriage parts from Houston with nationwide shipping. Verify fitment by part num,kubota-rc348-21302-front-idler,Undercarriage part detail + machine fitment
UP-0145,2,YES,Medium,Kubota,idler,front,RC411-21306,,RC411-21306,Kubota KX 91-3 and U 35-3 Idler Assembly,"KX 91-3, U 35-3",,,,,,Tier 2 - Sales-team researched master,undercarriage_bottom_rollers_sprockets_master_v3.xlsx | part_numbers_on emergent.csv,,Imported from existing Emergent admin list | Emergent scrape. Use only after checking against source/manufacturer or after matching with Tier 1/Tier 2 records.,Kubota Front Idler RC411-21306 for Kubota KX 91-3,Kubota Front Idler RC411-21306 for Kubota KX 91-3,In-stock Kubota Front Idler RC411-21306 for Kubota KX 91-3. Wholesale undercarriage parts from Houston with nationwide shipping. Verify fitment by part num,kubota-rc411-21306-front-idler,Undercarriage part detail + machine fitment
UP-0148,2,YES,Medium,Kubota,idler,front,RD101-21300,,RD101-21300,Kubota KX 121-2 121-2SS Tension Idler,"KX 121-2, KX 121-2SS",,,,,,Tier 2 - Sales-team researched master,undercarriage_bottom_rollers_sprockets_master_v3.xlsx | part_numbers_on emergent.csv,,Imported from existing Emergent admin list | Emergent scrape. Use only after checking against source/manufacturer or after matching with Tier 1/Tier 2 records.,Kubota Front Idler RD101-21300 for Kubota KX 121-2,Kubota Front Idler RD101-21300 for Kubota KX 121-2,In-stock Kubota Front Idler RD101-21300 for Kubota KX 121-2. Wholesale undercarriage parts from Houston with nationwide shipping. Verify fitment by part nu,kubota-rd101-21300-front-idler,Undercarriage part detail + machine fitment
UP-0150,2,YES,Medium,Kubota,idler,front,RD118-21300,,RD118-21300,Kubota 121-3 Replacement Tension Idler,KX 121-3,,,,,,Tier 2 - Sales-team researched master,undercarriage_bottom_rollers_sprockets_master_v3.xlsx | part_numbers_on emergent.csv,,Imported from existing Emergent admin list | Emergent scrape. Use only after checking against source/manufacturer or after matching with Tier 1/Tier 2 records.,Kubota Front Idler RD118-21300 for Kubota KX 121-3,Kubota Front Idler RD118-21300 for Kubota KX 121-3,In-stock Kubota Front Idler RD118-21300 for Kubota KX 121-3. Wholesale undercarriage parts from Houston with nationwide shipping. Verify fitment by part nu,kubota-rd118-21300-front-idler,Undercarriage part detail + machine fitment
UP-0151,2,YES,Medium,Kubota,idler,front,RD208-21300,,RD208-21300,Kubota 161-2 Front Idler - Low Serials,KX 161-2,,,,,,Tier 2 - Sales-team researched master,undercarriage_bottom_rollers_sprockets_master_v3.xlsx | part_numbers_on emergent.csv,,Imported from existing Emergent admin list | Emergent scrape. Use only after checking against source/manufacturer or after matching with Tier 1/Tier 2 records.,Kubota Front Idler RD208-21300 for Kubota KX 161-2,Kubota Front Idler RD208-21300 for Kubota KX 161-2,In-stock Kubota Front Idler RD208-21300 for Kubota KX 161-2. Wholesale undercarriage parts from Houston with nationwide shipping. Verify fitment by part nu,kubota-rd208-21300-front-idler,Undercarriage part detail + machine fitment
UP-0154,2,YES,Medium,Kubota,idler,front,RD411-22303,,RD411-22303,Kubota KX 161-3 Tension Idler Assembly,KX 161-3,,,,,,Tier 2 - Sales-team researched master,undercarriage_bottom_rollers_sprockets_master_v3.xlsx | part_numbers_on emergent.csv,,Imported from existing Emergent admin list | Emergent scrape. Use only after checking against source/manufacturer or after matching with Tier 1/Tier 2 records.,Kubota Front Idler RD411-22303 for Kubota KX 161-3,Kubota Front Idler RD411-22303 for Kubota KX 161-3,In-stock Kubota Front Idler RD411-22303 for Kubota KX 161-3. Wholesale undercarriage parts from Houston with nationwide shipping. Verify fitment by part nu,kubota-rd411-22303-front-idler,Undercarriage part detail + machine fitment
UP-0156,2,YES,Medium,Kubota,idler,front,RD809-21300,,RD809-21300,Kubota U55-4 Tension Idler Assembly,U55-4,,,,,,Tier 2 - Sales-team researched master,undercarriage_bottom_rollers_sprockets_master_v3.xlsx | part_numbers_on emergent.csv,,Imported from existing Emergent admin list | Emergent scrape. Use only after checking against source/manufacturer or after matching with Tier 1/Tier 2 records.,Kubota Front Idler RD809-21300 for Kubota U55-4,Kubota Front Idler RD809-21300 for Kubota U55-4,In-stock Kubota Front Idler RD809-21300 for Kubota U55-4. Wholesale undercarriage parts from Houston with nationwide shipping. Verify fitment by part numbe,kubota-rd809-21300-front-idler,Undercarriage part detail + machine fitment
UP-0134,2,YES,Medium,Kubota,roller,bottom,68658-21750,,68658-21750,Kubota KH 90 KX101 Bottom Roller,"KH 90, KX101",,,,,,Tier 2 - Sales-team researched master,undercarriage_bottom_rollers_sprockets_master_v3.xlsx | part_numbers_on emergent.csv,,Imported from existing Emergent admin list | Emergent scrape. Use only after checking against source/manufacturer or after matching with Tier 1/Tier 2 records.,Kubota Bottom Roller 68658-21750 for Kubota KH 90,Kubota Bottom Roller 68658-21750 for Kubota KH 90,In-stock Kubota Bottom Roller 68658-21750 for Kubota KH 90. Wholesale undercarriage parts from Houston with nationwide shipping. Verify fitment by part num,kubota-68658-21750-bottom-roller,Undercarriage part detail + machine fitment
UP-0138,2,YES,Medium,Kubota,roller,bottom,69371-21800,,69371-21800,Kubota RG30 Roller,RG30,,,,,,Tier 2 - Sales-team researched master,undercarriage_bottom_rollers_sprockets_master_v3.xlsx | part_numbers_on emergent.csv,,Imported from existing Emergent admin list | Emergent scrape. Use only after checking against source/manufacturer or after matching with Tier 1/Tier 2 records.,Kubota Bottom Roller 69371-21800 for Kubota RG30,Kubota Bottom Roller 69371-21800 for Kubota RG30,In-stock Kubota Bottom Roller 69371-21800 for Kubota RG30. Wholesale undercarriage parts from Houston with nationwide shipping. Verify fitment by part numb,kubota-69371-21800-bottom-roller,Undercarriage part detail + machine fitment
UP-0141,2,YES,Medium,Kubota,roller,bottom,RA221-21700,,RA221-21700,Kubota KX 41-3 U15 Bottom Track Roller,"KX 41-3, U15",,,,,,Tier 2 - Sales-team researched master,undercarriage_bottom_rollers_sprockets_master_v3.xlsx | part_numbers_on emergent.csv,,Imported from existing Emergent admin list | Emergent scrape. Use only after checking against source/manufacturer or after matching with Tier 1/Tier 2 records.,Kubota Bottom Roller RA221-21700 for Kubota KX 41-3,Kubota Bottom Roller RA221-21700 for Kubota KX 41-3,In-stock Kubota Bottom Roller RA221-21700 for Kubota KX 41-3. Wholesale undercarriage parts from Houston with nationwide shipping. Verify fitment by part n,kubota-ra221-21700-bottom-roller,Undercarriage part detail + machine fitment
UP-0143,2,YES,Medium,Kubota,roller,top,RC208-21904,,RC208-21904,Kubota KX91-2 KX121-2 KX 101 Upper Roller,"KX91-2, KX121-2, KX 101",,,,,,Tier 2 - Sales-team researched master,undercarriage_bottom_rollers_sprockets_master_v3.xlsx | part_numbers_on emergent.csv,,Imported from existing Emergent admin list | Emergent scrape. Use only after checking against source/manufacturer or after matching with Tier 1/Tier 2 records.,Kubota Top Roller RC208-21904 for Kubota KX91-2,Kubota Top Roller RC208-21904 for Kubota KX91-2,In-stock Kubota Top Roller RC208-21904 for Kubota KX91-2. Wholesale undercarriage parts from Houston with nationwide shipping. Verify fitment by part numbe,kubota-rc208-21904-top-roller,Undercarriage part detail + machine fitment
UP-0146,2,YES,Medium,Kubota,roller,top,RC767-21900,,RC767-21900,Kubota U25 U35 Top Roller,"U25, U35",,,,,,Tier 2 - Sales-team researched master,undercarriage_bottom_rollers_sprockets_master_v3.xlsx | part_numbers_on emergent.csv,,Imported from existing Emergent admin list | Emergent scrape. Use only after checking against source/manufacturer or after matching with Tier 1/Tier 2 records.,Kubota Top Roller RC767-21900 for Kubota U25,Kubota Top Roller RC767-21900 for Kubota U25,"In-stock Kubota Top Roller RC767-21900 for Kubota U25. Wholesale undercarriage parts from Houston with nationwide shipping. Verify fitment by part number, ",kubota-rc767-21900-top-roller,Undercarriage part detail + machine fitment
UP-0147,2,YES,Medium,Kubota,roller,bottom,RC788-21700,,RC788-21700,Kubota U35-4 Bottom Track Roller,U35-4,,,,,,Tier 2 - Sales-team researched master,undercarriage_bottom_rollers_sprockets_master_v3.xlsx | part_numbers_on emergent.csv,,Imported from existing Emergent admin list | Emergent scrape. Use only after checking against source/manufacturer or after matching with Tier 1/Tier 2 records.,Kubota Bottom Roller RC788-21700 for Kubota U35-4,Kubota Bottom Roller RC788-21700 for Kubota U35-4,In-stock Kubota Bottom Roller RC788-21700 for Kubota U35-4. Wholesale undercarriage parts from Houston with nationwide shipping. Verify fitment by part num,kubota-rc788-21700-bottom-roller,Undercarriage part detail + machine fitment
UP-0152,2,YES,Medium,Kubota,roller,top,RD208-21904,,RD208-21904,Kubota KX 161-2 Upper Carrier Roller,KX 161-2,,,,,,Tier 2 - Sales-team researched master,undercarriage_bottom_rollers_sprockets_master_v3.xlsx | part_numbers_on emergent.csv,,Imported from existing Emergent admin list | Emergent scrape. Use only after checking against source/manufacturer or after matching with Tier 1/Tier 2 records.,Kubota Top Roller RD208-21904 for Kubota KX 161-2,Kubota Top Roller RD208-21904 for Kubota KX 161-2,In-stock Kubota Top Roller RD208-21904 for Kubota KX 161-2. Wholesale undercarriage parts from Houston with nationwide shipping. Verify fitment by part num,kubota-rd208-21904-top-roller,Undercarriage part detail + machine fitment
UP-0155,2,YES,Medium,Kubota,roller,top,RD547-22900,,RD547-22900,Kubota U45-3 U55-4 Upper Roller,"U45-3, U55-4",,,,,,Tier 2 - Sales-team researched master,undercarriage_bottom_rollers_sprockets_master_v3.xlsx | part_numbers_on emergent.csv,,Imported from existing Emergent admin list | Emergent scrape. Use only after checking against source/manufacturer or after matching with Tier 1/Tier 2 records.,Kubota Top Roller RD547-22900 for Kubota U45-3,Kubota Top Roller RD547-22900 for Kubota U45-3,In-stock Kubota Top Roller RD547-22900 for Kubota U45-3. Wholesale undercarriage parts from Houston with nationwide shipping. Verify fitment by part number,kubota-rd547-22900-top-roller,Undercarriage part detail + machine fitment
UP-0157,2,YES,Medium,Kubota,roller,top,RD809-21900,,RD809-21900,Kubota KX 080-3 Carrier Top Roller,KX 080-3,,,,,,Tier 2 - Sales-team researched master,undercarriage_bottom_rollers_sprockets_master_v3.xlsx | part_numbers_on emergent.csv,,Imported from existing Emergent admin list | Emergent scrape. Use only after checking against source/manufacturer or after matching with Tier 1/Tier 2 records.,Kubota Top Roller RD809-21900 for Kubota KX 080-3,Kubota Top Roller RD809-21900 for Kubota KX 080-3,In-stock Kubota Top Roller RD809-21900 for Kubota KX 080-3. Wholesale undercarriage parts from Houston with nationwide shipping. Verify fitment by part num,kubota-rd809-21900-top-roller,Undercarriage part detail + machine fitment
UP-0158,2,YES,Medium,Kubota,roller,top,RD829-21900,,RD829-21900,Kubota KX 080-4 Top Carrier Roller,KX 080-4,,,,,,Tier 2 - Sales-team researched master,undercarriage_bottom_rollers_sprockets_master_v3.xlsx | part_numbers_on emergent.csv,,Imported from existing Emergent admin list | Emergent scrape. Use only after checking against source/manufacturer or after matching with Tier 1/Tier 2 records.,Kubota Top Roller RD829-21900 for Kubota KX 080-4,Kubota Top Roller RD829-21900 for Kubota KX 080-4,In-stock Kubota Top Roller RD829-21900 for Kubota KX 080-4. Wholesale undercarriage parts from Houston with nationwide shipping. Verify fitment by part num,kubota-rd829-21900-top-roller,Undercarriage part detail + machine fitment
UP-0133,2,YES,Medium,Kubota,sprocket,drive,68658-14430,,68658-14430,Kubota KX 121-2 and KX-101 Sprocket,"KX 121-2, KX-101",,,,,,Tier 2 - Sales-team researched master,undercarriage_bottom_rollers_sprockets_master_v3.xlsx | part_numbers_on emergent.csv,,Imported from existing Emergent admin list | Emergent scrape. Use only after checking against source/manufacturer or after matching with Tier 1/Tier 2 records.,Kubota Drive Sprocket 68658-14430 for Kubota KX 121-2,Kubota Drive Sprocket 68658-14430 for Kubota KX 121-2,In-stock Kubota Drive Sprocket 68658-14430 for Kubota KX 121-2. Wholesale undercarriage parts from Houston with nationwide shipping. Verify fitment by part,kubota-68658-14430-drive-sprocket,Undercarriage part detail + machine fitment
UP-0135,2,YES,Medium,Kubota,sprocket,drive,68678-14430,,68678-14430,Kubota KX 161-2 KX151 Sprocket,"KX 161-2, KX151",,,,,,Tier 2 - Sales-team researched master,undercarriage_bottom_rollers_sprockets_master_v3.xlsx | part_numbers_on emergent.csv,,Imported from existing Emergent admin list | Emergent scrape. Use only after checking against source/manufacturer or after matching with Tier 1/Tier 2 records.,Kubota Drive Sprocket 68678-14430 for Kubota KX 161-2,Kubota Drive Sprocket 68678-14430 for Kubota KX 161-2,In-stock Kubota Drive Sprocket 68678-14430 for Kubota KX 161-2. Wholesale undercarriage parts from Houston with nationwide shipping. Verify fitment by part,kubota-68678-14430-drive-sprocket,Undercarriage part detail + machine fitment
UP-0140,2,YES,Medium,Kubota,sprocket,drive,RA111-14430,,RA111-14430,Kubota K008-3 U10-5 Sprocket,"K008-3, U10-5",,,,,,Tier 2 - Sales-team researched master,undercarriage_bottom_rollers_sprockets_master_v3.xlsx | part_numbers_on emergent.csv,,Imported from existing Emergent admin list | Emergent scrape. Use only after checking against source/manufacturer or after matching with Tier 1/Tier 2 records.,Kubota Drive Sprocket RA111-14430 for Kubota K008-3,Kubota Drive Sprocket RA111-14430 for Kubota K008-3,In-stock Kubota Drive Sprocket RA111-14430 for Kubota K008-3. Wholesale undercarriage parts from Houston with nationwide shipping. Verify fitment by part n,kubota-ra111-14430-drive-sprocket,Undercarriage part detail + machine fitment
UP-0142,2,YES,Medium,Kubota,sprocket,drive,RB511-14432,,RB511-14432,Kubota U25 Sprockets,U25,,,,,,Tier 2 - Sales-team researched master,undercarriage_bottom_rollers_sprockets_master_v3.xlsx | part_numbers_on emergent.csv,,Imported from existing Emergent admin list | Emergent scrape. Use only after checking against source/manufacturer or after matching with Tier 1/Tier 2 records.,Kubota Drive Sprocket RB511-14432 for Kubota U25,Kubota Drive Sprocket RB511-14432 for Kubota U25,In-stock Kubota Drive Sprocket RB511-14432 for Kubota U25. Wholesale undercarriage parts from Houston with nationwide shipping. Verify fitment by part numb,kubota-rb511-14432-drive-sprocket,Undercarriage part detail + machine fitment
UP-0149,2,YES,Medium,Kubota,sprocket,drive,RD118-14433,,RD118-14433,Kubota KX 121-3 Drive Sprocket,KX 121-3,,,,,,Tier 2 - Sales-team researched master,undercarriage_bottom_rollers_sprockets_master_v3.xlsx | part_numbers_on emergent.csv,,Imported from existing Emergent admin list | Emergent scrape. Use only after checking against source/manufacturer or after matching with Tier 1/Tier 2 records.,Kubota Drive Sprocket RD118-14433 for Kubota KX 121-3,Kubota Drive Sprocket RD118-14433 for Kubota KX 121-3,In-stock Kubota Drive Sprocket RD118-14433 for Kubota KX 121-3. Wholesale undercarriage parts from Houston with nationwide shipping. Verify fitment by part,kubota-rd118-14433-drive-sprocket,Undercarriage part detail + machine fitment
UP-0153,2,YES,Medium,Kubota,sprocket,drive,RD411-14432,,RD411-14432,Kubota U45-3 U55-4 Sprocket,"U45-3, U55-4",,,,,,Tier 2 - Sales-team researched master,undercarriage_bottom_rollers_sprockets_master_v3.xlsx | part_numbers_on emergent.csv,,Imported from existing Emergent admin list | Emergent scrape. Use only after checking against source/manufacturer or after matching with Tier 1/Tier 2 records.,Kubota Drive Sprocket RD411-14432 for Kubota U45-3,Kubota Drive Sprocket RD411-14432 for Kubota U45-3,In-stock Kubota Drive Sprocket RD411-14432 for Kubota U45-3. Wholesale undercarriage parts from Houston with nationwide shipping. Verify fitment by part nu,kubota-rd411-14432-drive-sprocket,Undercarriage part detail + machine fitment
UP-0030,3,YES,High,CASE,roller,bottom,68493-21700,,68493-21700,Case CK50 bottom roller,CK50,,,,,,Tier 2 - Sales-team researched master,undercarriage_bottom_rollers_sprockets_master_v3.xlsx,https://www.rubbertrax.com/rollers,"Sales-team researched. Verify fine details such as serial split, chassis mount, flange style before using hard fitment claims.",CASE Bottom Roller 68493-21700 for CASE CK50,CASE Bottom Roller 68493-21700 for CASE CK50,"In-stock CASE Bottom Roller 68493-21700 for CASE CK50. Wholesale undercarriage parts from Houston with nationwide shipping. Verify fitment by part number, ",case-68493-21700-bottom-roller,Undercarriage part detail + machine fitment
UP-0029,3,YES,High,CASE,roller,bottom,68541-21700,,68541-21700,Case CK25 bottom roller,CK25,,,,,,Tier 2 - Sales-team researched master,undercarriage_bottom_rollers_sprockets_master_v3.xlsx,https://www.rubbertrax.com/rollers,"Sales-team researched. Verify fine details such as serial split, chassis mount, flange style before using hard fitment claims.",CASE Bottom Roller 68541-21700 for CASE CK25,CASE Bottom Roller 68541-21700 for CASE CK25,"In-stock CASE Bottom Roller 68541-21700 for CASE CK25. Wholesale undercarriage parts from Houston with nationwide shipping. Verify fitment by part number, ",case-68541-21700-bottom-roller,Undercarriage part detail + machine fitment
UP-0024,3,YES,High,CASE,roller,bottom,87535297,87447228|87447230,87535297,"Case TR270, TR310, TR320, TR340, TR380, LT185, LT190, C175, C185, C190 bottom rollers","TR270, TR310, TR320, TR340, TR380, LT185, LT190, C175, C185, C190",,,,,,Tier 2 - Sales-team researched master,undercarriage_bottom_rollers_sprockets_master_v3.xlsx,https://www.rubbertrax.com/rollers,Shared with several New Holland models,CASE Bottom Roller 87535297 for CASE TR270,CASE Bottom Roller 87535297 for CASE TR270,"In-stock CASE Bottom Roller 87535297 for CASE TR270. Wholesale undercarriage parts from Houston with nationwide shipping. Verify fitment by part number, ma",case-87535297-bottom-roller,Undercarriage part detail + machine fitment
UP-0031,3,YES,High,CASE,roller,bottom,KAA1160,,KAA1160,Case CX75 bottom roller,CX75,,,,,,Tier 2 - Sales-team researched master,undercarriage_bottom_rollers_sprockets_master_v3.xlsx,https://www.rubbertrax.com/rollers,"Sales-team researched. Verify fine details such as serial split, chassis mount, flange style before using hard fitment claims.",CASE Bottom Roller KAA1160 for CASE CX75,CASE Bottom Roller KAA1160 for CASE CX75,"In-stock CASE Bottom Roller KAA1160 for CASE CX75. Wholesale undercarriage parts from Houston with nationwide shipping. Verify fitment by part number, mach",case-kaa1160-bottom-roller,Undercarriage part detail + machine fitment
UP-0028,3,YES,High,CASE,roller,bottom,PH64D00010F1,,PH64D00010F1,Case CX47 bottom roller,CX47,,,,,,Tier 2 - Sales-team researched master,undercarriage_bottom_rollers_sprockets_master_v3.xlsx,https://www.rubbertrax.com/rollers,"Sales-team researched. Verify fine details such as serial split, chassis mount, flange style before using hard fitment claims.",CASE Bottom Roller PH64D00010F1 for CASE CX47,CASE Bottom Roller PH64D00010F1 for CASE CX47,"In-stock CASE Bottom Roller PH64D00010F1 for CASE CX47. Wholesale undercarriage parts from Houston with nationwide shipping. Verify fitment by part number,",case-ph64d00010f1-bottom-roller,Undercarriage part detail + machine fitment
UP-0025,3,YES,High,CASE,roller,bottom,PM64D00009F2,,PM64D00009F2,Case CX25 bottom roller,CX25,,,,,,Tier 2 - Sales-team researched master,undercarriage_bottom_rollers_sprockets_master_v3.xlsx,https://www.rubbertrax.com/rollers,"Sales-team researched. Verify fine details such as serial split, chassis mount, flange style before using hard fitment claims.",CASE Bottom Roller PM64D00009F2 for CASE CX25,CASE Bottom Roller PM64D00009F2 for CASE CX25,"In-stock CASE Bottom Roller PM64D00009F2 for CASE CX25. Wholesale undercarriage parts from Houston with nationwide shipping. Verify fitment by part number,",case-pm64d00009f2-bottom-roller,Undercarriage part detail + machine fitment
UP-0026,3,YES,High,CASE,roller,bottom,PW64D00010F2,,PW64D00010F2,Case CX31B bottom roller,CX31B,,,,,,Tier 2 - Sales-team researched master,undercarriage_bottom_rollers_sprockets_master_v3.xlsx,https://www.rubbertrax.com/rollers,"Sales-team researched. Verify fine details such as serial split, chassis mount, flange style before using hard fitment claims.",CASE Bottom Roller PW64D00010F2 for CASE CX31B,CASE Bottom Roller PW64D00010F2 for CASE CX31B,In-stock CASE Bottom Roller PW64D00010F2 for CASE CX31B. Wholesale undercarriage parts from Houston with nationwide shipping. Verify fitment by part number,case-pw64d00010f2-bottom-roller,Undercarriage part detail + machine fitment
UP-0027,3,YES,High,CASE,roller,bottom,PX64D00009F1,,PX64D00009F1,Case CX36B bottom roller,CX36B,,,,,,Tier 2 - Sales-team researched master,undercarriage_bottom_rollers_sprockets_master_v3.xlsx,https://www.rubbertrax.com/rollers,"Sales-team researched. Verify fine details such as serial split, chassis mount, flange style before using hard fitment claims.",CASE Bottom Roller PX64D00009F1 for CASE CX36B,CASE Bottom Roller PX64D00009F1 for CASE CX36B,In-stock CASE Bottom Roller PX64D00009F1 for CASE CX36B. Wholesale undercarriage parts from Houston with nationwide shipping. Verify fitment by part number,case-px64d00009f1-bottom-roller,Undercarriage part detail + machine fitment
UP-0041,3,REVIEW,High,Gehl,roller,bottom,180775,,180775,"Gehl CTL60, CTL65 compact track loader bottom rollers","CTL60, CTL65",,,,,,Tier 2 - Sales-team researched master,undercarriage_bottom_rollers_sprockets_master_v3.xlsx,https://www.rubbertrax.com/rollers,"Sales-team researched. Verify fine details such as serial split, chassis mount, flange style before using hard fitment claims.",Gehl Bottom Roller 180775 for Gehl CTL60,Gehl Bottom Roller 180775 for Gehl CTL60,"In-stock Gehl Bottom Roller 180775 for Gehl CTL60. Wholesale undercarriage parts from Houston with nationwide shipping. Verify fitment by part number, mach",gehl-180775-bottom-roller,Undercarriage part detail + machine fitment
UP-0042,3,REVIEW,High,Gehl,roller,bottom,181120,,181120,"Gehl CTL70, CTL75, CTL80, CTL85 bottom rollers","CTL70, CTL75, CTL80, CTL85",,,,,,Tier 2 - Sales-team researched master,undercarriage_bottom_rollers_sprockets_master_v3.xlsx,https://www.rubbertrax.com/rollers,"Sales-team researched. Verify fine details such as serial split, chassis mount, flange style before using hard fitment claims.",Gehl Bottom Roller 181120 for Gehl CTL70,Gehl Bottom Roller 181120 for Gehl CTL70,"In-stock Gehl Bottom Roller 181120 for Gehl CTL70. Wholesale undercarriage parts from Houston with nationwide shipping. Verify fitment by part number, mach",gehl-181120-bottom-roller,Undercarriage part detail + machine fitment
UP-0043,3,REVIEW,High,Gehl,roller,bottom,271020,,271020,"Gehl RT175, RT210, RT250 bottom rollers","RT175, RT210, RT250",,,,,,Tier 2 - Sales-team researched master,undercarriage_bottom_rollers_sprockets_master_v3.xlsx,https://www.rubbertrax.com/rollers,"Sales-team researched. Verify fine details such as serial split, chassis mount, flange style before using hard fitment claims.",Gehl Bottom Roller 271020 for Gehl RT175,Gehl Bottom Roller 271020 for Gehl RT175,"In-stock Gehl Bottom Roller 271020 for Gehl RT175. Wholesale undercarriage parts from Houston with nationwide shipping. Verify fitment by part number, mach",gehl-271020-bottom-roller,Undercarriage part detail + machine fitment
UP-0044,3,REVIEW,High,Gehl,roller,bottom,AT366460,,AT366460,"Gehl RT165, RT175, RT250, VT320 bottom rollers (Prowler)","RT165, RT175, RT250, VT320",,,,,,Tier 2 - Sales-team researched master,undercarriage_bottom_rollers_sprockets_master_v3.xlsx,https://rubbertrack.com/undercarriage-parts/compact-track-loaders/gehl/rt165/gehl-rt165-bottom-roller-pn-at366460/,"Sales-team researched. Verify fine details such as serial split, chassis mount, flange style before using hard fitment claims.",Gehl Bottom Roller AT366460 for Gehl RT165,Gehl Bottom Roller AT366460 for Gehl RT165,"In-stock Gehl Bottom Roller AT366460 for Gehl RT165. Wholesale undercarriage parts from Houston with nationwide shipping. Verify fitment by part number, ma",gehl-at366460-bottom-roller,Undercarriage part detail + machine fitment
UP-0046,3,REVIEW,High,JCB,roller,bottom,322/P5845,,322/P5845,"JCB 200T, 225T, 260T, 280T, 300T, 320T, 330T bottom rollers","200T, 225T, 260T, 280T, 300T, 320T, 330T",,,,,,Tier 2 - Sales-team researched master,undercarriage_bottom_rollers_sprockets_master_v3.xlsx,https://www.rubbertrax.com/rollers,"Sales-team researched. Verify fine details such as serial split, chassis mount, flange style before using hard fitment claims.",JCB Bottom Roller 322/P5845 for JCB 200T,JCB Bottom Roller 322/P5845 for JCB 200T,"In-stock JCB Bottom Roller 322/P5845 for JCB 200T. Wholesale undercarriage parts from Houston with nationwide shipping. Verify fitment by part number, mach",jcb-322-p5845-bottom-roller,Undercarriage part detail + machine fitment
UP-0045,3,REVIEW,High,JCB,roller,bottom,331/20159,,331/20159,"JCB 180T, 190T, 1110T bottom rollers","180T, 190T, 1110T",,,,,,Tier 2 - Sales-team researched master,undercarriage_bottom_rollers_sprockets_master_v3.xlsx,https://www.rubbertrax.com/rollers,"Sales-team researched. Verify fine details such as serial split, chassis mount, flange style before using hard fitment claims.",JCB Bottom Roller 331/20159 for JCB 180T,JCB Bottom Roller 331/20159 for JCB 180T,"In-stock JCB Bottom Roller 331/20159 for JCB 180T. Wholesale undercarriage parts from Houston with nationwide shipping. Verify fitment by part number, mach",jcb-331-20159-bottom-roller,Undercarriage part detail + machine fitment
UP-0049,3,REVIEW,High,JCB,roller,bottom,331/56572,,331/56572,JCB 8035ZTS bottom rollers,8035ZTS,,,,,,Tier 2 - Sales-team researched master,undercarriage_bottom_rollers_sprockets_master_v3.xlsx,https://www.rubbertrax.com/rollers,"Sales-team researched. Verify fine details such as serial split, chassis mount, flange style before using hard fitment claims.",JCB Bottom Roller 331/56572 for JCB 8035ZTS,JCB Bottom Roller 331/56572 for JCB 8035ZTS,"In-stock JCB Bottom Roller 331/56572 for JCB 8035ZTS. Wholesale undercarriage parts from Houston with nationwide shipping. Verify fitment by part number, m",jcb-331-56572-bottom-roller,Undercarriage part detail + machine fitment
UP-0047,3,REVIEW,High,JCB,roller,bottom,332/P5844,,332/P5844,"JCB 150T, 150TR, 205T bottom rollers","150T, 150TR, 205T",,,,,,Tier 2 - Sales-team researched master,undercarriage_bottom_rollers_sprockets_master_v3.xlsx,https://www.rubbertrax.com/rollers,"Sales-team researched. Verify fine details such as serial split, chassis mount, flange style before using hard fitment claims.",JCB Bottom Roller 332/P5844 for JCB 150T,JCB Bottom Roller 332/P5844 for JCB 150T,"In-stock JCB Bottom Roller 332/P5844 for JCB 150T. Wholesale undercarriage parts from Houston with nationwide shipping. Verify fitment by part number, mach",jcb-332-p5844-bottom-roller,Undercarriage part detail + machine fitment
UP-0048,3,REVIEW,High,JCB,roller,bottom,332/W3498,,332/W3498,"JCB 8025, 8035 bottom rollers","8025, 8035",,,,,,Tier 2 - Sales-team researched master,undercarriage_bottom_rollers_sprockets_master_v3.xlsx,https://www.rubbertrax.com/rollers,"Sales-team researched. Verify fine details such as serial split, chassis mount, flange style before using hard fitment claims.",JCB Bottom Roller 332/W3498 for JCB 8025,JCB Bottom Roller 332/W3498 for JCB 8025,"In-stock JCB Bottom Roller 332/W3498 for JCB 8025. Wholesale undercarriage parts from Houston with nationwide shipping. Verify fitment by part number, mach",jcb-332-w3498-bottom-roller,Undercarriage part detail + machine fitment
UP-0075,3,REVIEW,High,Volvo,roller,bottom,1180-9095,,1180-9095,"Volvo EC25, EC35 bottom rollers","EC25, EC35",,,,,,Tier 2 - Sales-team researched master,undercarriage_bottom_rollers_sprockets_master_v3.xlsx,https://www.rubbertrax.com/rollers,"Sales-team researched. Verify fine details such as serial split, chassis mount, flange style before using hard fitment claims.",Volvo Bottom Roller 1180-9095 for Volvo EC25,Volvo Bottom Roller 1180-9095 for Volvo EC25,"In-stock Volvo Bottom Roller 1180-9095 for Volvo EC25. Wholesale undercarriage parts from Houston with nationwide shipping. Verify fitment by part number, ",volvo-1180-9095-bottom-roller,Undercarriage part detail + machine fitment
UP-0076,3,REVIEW,High,Volvo,roller,bottom,1181-00440,,1181-00440,"Volvo ECR55, ECR58 bottom rollers","ECR55, ECR58",,,,,,Tier 2 - Sales-team researched master,undercarriage_bottom_rollers_sprockets_master_v3.xlsx,https://www.rubbertrax.com/rollers,"Sales-team researched. Verify fine details such as serial split, chassis mount, flange style before using hard fitment claims.",Volvo Bottom Roller 1181-00440 for Volvo ECR55,Volvo Bottom Roller 1181-00440 for Volvo ECR55,In-stock Volvo Bottom Roller 1181-00440 for Volvo ECR55. Wholesale undercarriage parts from Houston with nationwide shipping. Verify fitment by part number,volvo-1181-00440-bottom-roller,Undercarriage part detail + machine fitment
UP-0077,3,REVIEW,High,Volvo,roller,bottom,1452-0839,,1452-0839,Volvo ECR88 bottom rollers,ECR88,,,,,,Tier 2 - Sales-team researched master,undercarriage_bottom_rollers_sprockets_master_v3.xlsx,https://www.rubbertrax.com/rollers,"Sales-team researched. Verify fine details such as serial split, chassis mount, flange style before using hard fitment claims.",Volvo Bottom Roller 1452-0839 for Volvo ECR88,Volvo Bottom Roller 1452-0839 for Volvo ECR88,"In-stock Volvo Bottom Roller 1452-0839 for Volvo ECR88. Wholesale undercarriage parts from Houston with nationwide shipping. Verify fitment by part number,",volvo-1452-0839-bottom-roller,Undercarriage part detail + machine fitment
UP-0078,3,REVIEW,High,Volvo,roller,bottom,1621-3288,,1621-3288,"Volvo MCT110C, MCT125C, MCT135C, MCT145C compact track loader bottom rollers","MCT110C, MCT125C, MCT135C, MCT145C",,,,,,Tier 2 - Sales-team researched master,undercarriage_bottom_rollers_sprockets_master_v3.xlsx,https://www.rubbertrax.com/rollers,"Sales-team researched. Verify fine details such as serial split, chassis mount, flange style before using hard fitment claims.",Volvo Bottom Roller 1621-3288 for Volvo MCT110C,Volvo Bottom Roller 1621-3288 for Volvo MCT110C,In-stock Volvo Bottom Roller 1621-3288 for Volvo MCT110C. Wholesale undercarriage parts from Houston with nationwide shipping. Verify fitment by part numbe,volvo-1621-3288-bottom-roller,Undercarriage part detail + machine fitment
UP-0083,3,REVIEW,High,Yanmar,roller,bottom,172187-37302,,172187-37302,Yanmar ViO70 bottom rollers,ViO70,,,,,,Tier 2 - Sales-team researched master,undercarriage_bottom_rollers_sprockets_master_v3.xlsx,https://www.rubbertrax.com/rollers,"Sales-team researched. Verify fine details such as serial split, chassis mount, flange style before using hard fitment claims.",Yanmar Bottom Roller 172187-37302 for Yanmar ViO70,Yanmar Bottom Roller 172187-37302 for Yanmar ViO70,In-stock Yanmar Bottom Roller 172187-37302 for Yanmar ViO70. Wholesale undercarriage parts from Houston with nationwide shipping. Verify fitment by part nu,yanmar-172187-37302-bottom-roller,Undercarriage part detail + machine fitment
UP-0082,3,REVIEW,High,Yanmar,roller,bottom,772147-37300,772423-37320|172460-37290,772147-37300,"Yanmar ViO45-5, ViO50-5, B50V bottom rollers","ViO45-5, ViO50-5, B50V",,,,,,Tier 2 - Sales-team researched master,undercarriage_bottom_rollers_sprockets_master_v3.xlsx,https://store.rubbertrax.com/Yanmar-Bottom-Roller-B50v-VIO45-5-VIO50-5-p157.htm,"Sales-team researched. Verify fine details such as serial split, chassis mount, flange style before using hard fitment claims.",Yanmar Bottom Roller 772147-37300 for Yanmar ViO45-5,Yanmar Bottom Roller 772147-37300 for Yanmar ViO45-5,In-stock Yanmar Bottom Roller 772147-37300 for Yanmar ViO45-5. Wholesale undercarriage parts from Houston with nationwide shipping. Verify fitment by part ,yanmar-772147-37300-bottom-roller,Undercarriage part detail + machine fitment
UP-0081,3,REVIEW,High,Yanmar,roller,bottom,772441-37300-2,,772441-37300-2,Yanmar ViO35 bottom rollers,ViO35,,,,,,Tier 2 - Sales-team researched master,undercarriage_bottom_rollers_sprockets_master_v3.xlsx,https://www.rubbertrax.com/rollers,"Sales-team researched. Verify fine details such as serial split, chassis mount, flange style before using hard fitment claims.",Yanmar Bottom Roller 772441-37300-2 for Yanmar ViO35,Yanmar Bottom Roller 772441-37300-2 for Yanmar ViO35,In-stock Yanmar Bottom Roller 772441-37300-2 for Yanmar ViO35. Wholesale undercarriage parts from Houston with nationwide shipping. Verify fitment by part ,yanmar-772441-37300-2-bottom-roller,Undercarriage part detail + machine fitment
UP-0080,3,REVIEW,High,Yanmar,roller,bottom,772450-37300,,772450-37300,"Yanmar ViO27-2, ViO27-3, ViO25, B30V, B37V bottom rollers","ViO27-2, ViO27-3, ViO25, B30V, B37V",,,,,,Tier 2 - Sales-team researched master,undercarriage_bottom_rollers_sprockets_master_v3.xlsx,https://www.rubbertrax.com/rollers,"Sales-team researched. Verify fine details such as serial split, chassis mount, flange style before using hard fitment claims.",Yanmar Bottom Roller 772450-37300 for Yanmar ViO27-2,Yanmar Bottom Roller 772450-37300 for Yanmar ViO27-2,In-stock Yanmar Bottom Roller 772450-37300 for Yanmar ViO27-2. Wholesale undercarriage parts from Houston with nationwide shipping. Verify fitment by part ,yanmar-772450-37300-bottom-roller,Undercarriage part detail + machine fitment
UP-0079,3,REVIEW,High,Yanmar,roller,bottom,Z172448-3030,,Z172448-3030,Yanmar ViO15 bottom rollers,ViO15,,,,,,Tier 2 - Sales-team researched master,undercarriage_bottom_rollers_sprockets_master_v3.xlsx,https://www.rubbertrax.com/rollers,"Sales-team researched. Verify fine details such as serial split, chassis mount, flange style before using hard fitment claims.",Yanmar Bottom Roller Z172448-3030 for Yanmar ViO15,Yanmar Bottom Roller Z172448-3030 for Yanmar ViO15,In-stock Yanmar Bottom Roller Z172448-3030 for Yanmar ViO15. Wholesale undercarriage parts from Houston with nationwide shipping. Verify fitment by part nu,yanmar-z172448-3030-bottom-roller,Undercarriage part detail + machine fitment
UP-0139,3,YES,Medium,CASE,roller,bottom,8LM8-11010CG,,8LM8-11010CG,Case CX60c CX57c Bottom Roller (Compatible with Kubota),"CX60c, CX57c",,,,,,Tier 2 - Sales-team researched master,undercarriage_bottom_rollers_sprockets_master_v3.xlsx,,Imported from existing Emergent admin list,CASE Bottom Roller 8LM8-11010CG for CASE CX60c,CASE Bottom Roller 8LM8-11010CG for CASE CX60c,In-stock CASE Bottom Roller 8LM8-11010CG for CASE CX60c. Wholesale undercarriage parts from Houston with nationwide shipping. Verify fitment by part number,case-8lm8-11010cg-bottom-roller,Undercarriage part detail + machine fitment
UP-0159,3,REVIEW,Medium,Kubota,roller,bottom,68493-21700,,68493-21700,Kubota KH151 KH191 KX151 Roller,"KH151, KH191, KX151",,,,,,Tier 3 - Emergent scraped part_numbers,part_numbers_on emergent.csv,,Emergent scrape. Use only after checking against source/manufacturer or after matching with Tier 1/Tier 2 records.,Kubota Bottom Roller 68493-21700 for Kubota KH151,Kubota Bottom Roller 68493-21700 for Kubota KH151,In-stock Kubota Bottom Roller 68493-21700 for Kubota KH151. Wholesale undercarriage parts from Houston with nationwide shipping. Verify fitment by part num,kubota-68493-21700-bottom-roller,Undercarriage part detail + machine fitment
UP-0160,3,REVIEW,Medium,Kubota,roller,bottom,8LM8-11010CG,,8LM8-11010CG,Case CX60c CX57c Bottom Roller (Compatible with Kubota),"CX60c, CX57c",,,,,,Tier 3 - Emergent scraped part_numbers,part_numbers_on emergent.csv,,Emergent scrape. Use only after checking against source/manufacturer or after matching with Tier 1/Tier 2 records.,Kubota Bottom Roller 8LM8-11010CG for Kubota CX60c,Kubota Bottom Roller 8LM8-11010CG for Kubota CX60c,In-stock Kubota Bottom Roller 8LM8-11010CG for Kubota CX60c. Wholesale undercarriage parts from Houston with nationwide shipping. Verify fitment by part nu,kubota-8lm8-11010cg-bottom-roller,Undercarriage part detail + machine fitment
